qw,qx,qy,qz,yaw,pitch,roll
0.999888,-0.000368,-0.014518,-0.001859,179.787537,-1.663744,-0.039069
0.999562,-0.001893,-0.029065,-0.004369,179.505081,-3.331917,-0.202627
0.999114,-0.003295,-0.041189,-0.007443,179.160553,-4.723865,-0.343303
0.9987,-0.004713,-0.048441,-0.014893,178.313614,-5.560437,-0.458869
0.998513,-0.004878,-0.048633,-0.023978,177.269638,-5.586869,-0.426576
0.998273,-0.007987,-0.047374,-0.033683,176.170029,-5.458363,-0.734194
0.997803,-0.005904,-0.048482,-0.044677,174.893463,-5.58253,-0.428852
0.997419,-0.007246,-0.046751,-0.053925,173.836258,-5.396153,-0.541658
0.996748,-0.004961,-0.047901,-0.064536,172.601288,-5.516376,-0.213368
0.996293,-0.006634,-0.046513,-0.071999,171.750885,-5.372898,-0.375313
0.995658,-0.001523,-0.047088,-0.080237,170.773193,-5.394417,0.260295
0.994811,-0.001613,-0.0468,-0.090279,169.615158,-5.359532,0.301616
0.994051,-0.004744,-0.046302,-0.098428,168.691284,-5.33544,-0.018265
0.993208,-0.000124,-0.046076,-0.106804,167.699432,-5.25297,0.552082
0.991877,-0.000636,-0.047789,-0.117845,166.421646,-5.44859,0.575617
0.990686,-0.004728,-0.044606,-0.128535,165.209824,-5.140425,0.120764
0.988334,-0.003509,-0.048219,-0.144395,163.356628,-5.527707,0.402292
0.986153,-0.003181,-0.051541,-0.157563,161.81514,-5.892241,0.574142
0.985435,-0.00595,-0.05854,-0.159522,161.586075,-6.734779,0.401014
0.984352,-0.004625,-0.055004,-0.167321,160.676712,-6.3057,0.536221
0.982827,-0.003901,-0.052912,-0.176715,159.580521,-6.049413,0.635728
0.980957,-0.005793,-0.051381,-0.187193,158.369415,-5.910393,0.453428
0.97938,-0.008741,-0.047659,-0.196107,157.349976,-5.55379,0.09047
0.977695,-0.047411,-0.040121,-0.200615,157.024643,-5.593788,-4.414812
0.975563,-0.068037,-0.035498,-0.205861,156.501724,-5.582199,-6.816898
0.973725,-0.064828,-0.032087,-0.215914,155.289368,-5.191413,-6.480031
0.971229,-0.062153,-0.035568,-0.227109,153.971924,-5.584931,-6.031388
0.968776,-0.051009,-0.039206,-0.23943,152.468048,-5.761586,-4.615241
0.958083,-0.030161,-0.046601,-0.281046,147.400009,-6.099161,-1.821152
0.924803,0.02679,-0.129256,-0.356798,136.873962,-12.706412,8.357392
0.888907,0.077549,-0.214052,-0.397497,128.681381,-18.595991,18.965961
0.827084,0.154115,-0.311043,-0.442069,116.680748,-22.225872,34.922916
0.725246,0.23528,-0.409513,-0.500951,100.035866,-20.993818,53.610638
0.59737,0.33344,-0.456903,-0.568505,86.283173,-9.599188,68.578232
0.460969,0.440165,-0.473934,-0.60757,79.139671,5.619678,80.556641
0.358836,0.512887,-0.474505,-0.618887,76.915993,17.115534,88.58596
0.277299,0.561164,-0.46787,-0.623931,76.050385,26.153364,94.320045
0.207773,0.595206,-0.445448,-0.635711,75.523697,34.865627,97.379829
0.101261,0.654477,-0.462089,-0.589806,80.377769,42.722321,112.719589
-0.019725,0.696233,-0.4459,-0.56217,87.15786,53.167709,127.766693
-0.036744,0.713579,-0.368032,-0.594978,92.51004,61.184166,126.88501
-0.037995,0.719224,-0.284926,-0.63252,95.912941,68.669716,122.781998
-0.062087,0.729984,-0.248476,-0.633657,104.501823,72.934906,130.159012
-0.088582,0.735942,-0.224611,-0.632522,114.35585,76.11808,140.134781
-0.107471,0.740099,-0.221686,-0.62574,121.488373,76.87291,148.584381
-0.114863,0.74556,-0.220299,-0.61839,126.533806,76.581993,154.142731
-0.118866,0.753939,-0.224256,-0.605927,130.387817,75.234535,158.708298
-0.133709,0.765402,-0.226225,-0.587448,137.633179,73.691734,167.429138
-0.144345,0.768799,-0.229314,-0.579241,140.364258,73.105232,171.348297
-0.152229,0.769982,-0.235066,-0.573315,141.076935,72.640617,173.242081
-0.156287,0.771412,-0.234249,-0.570628,142.555435,72.4776,175.004471
-0.155763,0.775336,-0.223525,-0.569754,146.010727,72.389687,177.504547
-0.159742,0.777777,-0.222176,-0.56584,147.718979,72.022331,179.453354
-0.166552,0.777837,-0.22733,-0.561731,147.90741,71.731163,-179.322815
-0.171783,0.778109,-0.228373,-0.559352,148.840302,71.610565,-177.847092
-0.175771,0.778855,-0.230413,-0.55623,149.288834,71.341881,-176.868317
-0.1807,0.779504,-0.23317,-0.55258,149.721802,71.039749,-175.759445
-0.185626,0.779893,-0.234374,-0.549883,150.506317,70.85836,-174.437561
-0.188515,0.780226,-0.236649,-0.547447,150.561081,70.645996,-173.925949
-0.190412,0.78136,-0.236924,-0.545049,151.008133,70.387703,-173.277145
-0.193687,0.781899,-0.237208,-0.542995,151.660263,70.223946,-172.308075
-0.196183,0.781611,-0.239045,-0.541707,151.665222,70.152657,-171.924072
-0.198236,0.780924,-0.240995,-0.541085,151.513245,70.159409,-171.729584
-0.202544,0.779802,-0.243097,-0.540167,151.740219,70.207008,-170.94928
-0.20509,0.779326,-0.243629,-0.539653,152.077347,70.230896,-170.346313
-0.207576,0.778039,-0.246926,-0.539061,151.612,70.276558,-170.311615
-0.209233,0.776326,-0.249132,-0.539875,151.222046,70.474182,-170.377213
-0.210056,0.775025,-0.250036,-0.541006,151.035904,70.670143,-170.424652
-0.211111,0.774387,-0.252465,-0.540379,150.556595,70.651711,-170.599365
-0.214252,0.772942,-0.255503,-0.539784,150.27803,70.722023,-170.343277
-0.215923,0.771209,-0.25814,-0.540342,149.76535,70.89325,-170.490128
-0.217293,0.770181,-0.261131,-0.539821,149.163391,70.909683,-170.711884
-0.220168,0.76924,-0.264044,-0.53858,148.913803,70.884911,-170.453171
-0.224938,0.767124,-0.270781,-0.536277,147.945511,70.838928,-170.408661
-0.228737,0.763669,-0.277785,-0.536018,146.550079,71.04274,-170.866211
-0.234543,0.757521,-0.287608,-0.537051,144.501617,71.544319,-171.566742
-0.240491,0.751327,-0.301897,-0.535277,141.276138,71.721512,-173.007385
-0.246884,0.74548,-0.320852,-0.529484,137.093964,71.417549,-174.900543
-0.268363,0.732002,-0.364634,-0.509105,129.61853,70.227074,-176.33696
-0.271975,0.729175,-0.368069,-0.508773,129.104294,70.421021,-176.216919
-0.275399,0.724877,-0.369422,-0.512082,128.630356,71.061928,-176.305023
-0.272313,0.720689,-0.367186,-0.521171,127.32309,72.023529,-178.185455
-0.272902,0.7141,-0.361226,-0.533941,126.949677,73.685295,-179.181519
-0.291657,0.693077,-0.35948,-0.552582,126.635796,77.330864,-178.171509
-0.310454,0.659966,-0.362667,-0.58011,118.331322,82.259727,175.314758
-0.334539,0.615003,-0.390551,-0.59776,76.24102,85.244164,137.980667
-0.358288,0.550653,-0.434888,-0.615853,15.383273,81.839035,83.80722
-0.370104,0.479807,-0.469024,-0.642508,354.514313,74.522377,68.082001
-0.378545,0.408827,-0.490857,-0.669788,344.415588,66.820625,62.154919
-0.376783,0.348524,-0.512254,-0.688588,341.116608,59.996655,62.323959
-0.367849,0.29131,-0.530627,-0.705869,339.417908,53.286537,63.456318
-0.359898,0.229084,-0.530454,-0.732533,335.918518,45.843643,61.510773
-0.337217,0.154402,-0.525098,-0.765969,333.942657,36.205181,60.211815
-0.320615,0.104626,-0.478748,-0.810587,331.490875,28.46389,53.759781
-0.327846,0.08206,-0.429241,-0.837572,328.180695,24.765863,47.106365
-0.329762,0.056065,-0.410036,-0.848514,326.506439,21.442778,45.061504
-0.33115,0.046142,-0.364362,-0.869162,325.080414,18.755331,39.540657
-0.33517,0.05094,-0.340431,-0.87702,324.308105,18.515179,36.421005
-0.347461,0.055507,-0.322372,-0.878781,322.615692,18.758547,33.892651
-0.35514,0.055456,-0.313718,-0.878847,321.521332,18.681231,32.71833
-0.365491,0.05808,-0.307811,-0.87652,320.198761,19.075953,31.738039
-0.372378,0.059586,-0.310181,-0.872676,319.415466,19.573017,31.835218
-0.377599,0.053683,-0.31826,-0.867894,318.775818,19.483273,32.886898
-0.384694,0.051299,-0.324968,-0.862419,317.952728,19.786077,33.624008
-0.391299,0.046474,-0.331814,-0.857097,317.132996,19.836842,34.472481
-0.396276,0.04343,-0.335517,-0.853521,316.500427,19.879997,34.920284
-0.402053,0.041566,-0.345285,-0.846992,315.901855,20.368595,36.034115
-0.409421,0.040955,-0.351409,-0.840952,315.067444,20.893454,36.636806
-0.419112,0.03954,-0.356031,-0.834275,313.885803,21.371115,37.036972
-0.426164,0.035089,-0.357824,-0.830124,312.906281,21.299282,37.26709
-0.435937,0.029781,-0.357004,-0.825598,311.504517,21.127048,37.166004
-0.443042,0.022892,-0.365682,-0.818204,310.568054,21.191471,38.319843
-0.449465,0.018845,-0.36824,-0.813644,309.677856,21.203918,38.651291
-0.455971,0.012017,-0.369862,-0.809407,308.6828,20.900497,38.989548
-0.465415,0.008023,-0.369669,-0.804152,307.345154,20.916256,38.93877
-0.476162,0.009373,-0.355711,-0.804142,305.742523,20.72154,37.021114
-0.486512,0.012092,-0.341907,-0.803898,304.216827,20.617346,35.083015
-0.496577,0.01201,-0.337947,-0.799406,302.804779,20.783394,34.413643
-0.505319,0.005592,-0.338312,-0.793825,301.495453,20.535555,34.578518
-0.513798,-0.003511,-0.336789,-0.789027,300.131897,19.909933,34.687256
-0.520209,-0.011347,-0.341192,-0.782837,299.145172,19.707365,35.448669
-0.52799,-0.016412,-0.34279,-0.776817,297.986725,19.662569,35.728947
-0.534579,-0.024371,-0.346953,-0.770225,296.947906,19.47559,36.479698
-0.543444,-0.026848,-0.343856,-0.765312,295.627258,19.429012,36.088837
-0.552429,-0.028737,-0.341779,-0.75972,294.306091,19.508886,35.776711
-0.56028,-0.032738,-0.343306,-0.753092,293.12677,19.595978,36.002052
-0.567948,-0.035673,-0.344585,-0.746603,291.985138,19.763857,36.142868
-0.574875,-0.038983,-0.343235,-0.741742,290.905945,19.682272,36.042282
-0.582173,-0.044767,-0.342963,-0.735825,289.720978,19.47809,36.203159
-0.585545,-0.052197,-0.347459,-0.730532,289.099945,19.307758,37.062572
-0.592509,-0.055145,-0.343902,-0.726371,287.986389,19.11215,36.720169
-0.600086,-0.060623,-0.344186,-0.719548,286.747559,19.016459,36.932137
-0.60427,-0.066609,-0.347363,-0.713969,286.007904,18.946737,37.556118
-0.604451,-0.074292,-0.35339,-0.71009,285.826508,18.766102,38.675583
-0.582208,-0.088537,-0.367097,-0.720019,288.73349,17.454931,41.469566
-0.530777,-0.111075,-0.373529,-0.752599,295.033081,13.257751,44.328644
-0.462804,-0.13674,-0.383876,-0.787239,302.652008,8.049265,47.582264
-0.396508,-0.156984,-0.391239,-0.815513,309.583618,3.107747,49.79472
-0.313523,-0.184294,-0.428819,-0.826949,317.387238,-2.05816,55.620941
-0.219518,-0.209156,-0.444537,-0.842878,325.733917,-9.057068,58.411587
-0.138426,-0.233289,-0.454279,-0.84855,332.345154,-15.673027,60.205502
-0.074901,-0.24847,-0.467038,-0.845293,337.482971,-20.493193,61.964016
0.001697,-0.276431,-0.487791,-0.828031,342.514435,-27.351095,65.290001
0.080356,-0.295062,-0.511215,-0.803201,348.01355,-33.78978,68.603363
0.14684,-0.312527,-0.5198,-0.781386,352.857483,-39.871201,69.858887
0.21736,-0.331302,-0.537121,-0.744638,357.313354,-46.626938,72.764565
0.283088,-0.336165,-0.549809,-0.710321,3.032611,-52.079025,73.999161
0.351411,-0.333663,-0.559479,-0.672425,10.59878,-57.345558,73.714539
0.395208,-0.352806,-0.556334,-0.640174,14.500266,-63.055992,73.057442
0.431861,-0.377081,-0.549909,-0.60737,17.782158,-68.91114,72.060699
0.457076,-0.400183,-0.550736,-0.572377,17.477573,-74.063972,74.560913
0.483387,-0.422211,-0.543654,-0.54084,19.9105,-79.199852,73.771309
0.522354,-0.42298,-0.539557,-0.507055,37.225616,-83.038261,60.348766
0.520815,-0.426938,-0.55523,-0.488044,20.238432,-84.310425,79.008217
0.513055,-0.421174,-0.581443,-0.470428,356.594971,-83.163048,105.066879
0.504465,-0.409936,-0.598843,-0.467811,353.013275,-81.017113,109.974808
0.525885,-0.393268,-0.596779,-0.46112,6.472321,-82.038765,98.979836
0.528221,-0.418374,-0.573111,-0.466348,8.127631,-84.669357,94.316864
0.525208,-0.435659,-0.561861,-0.467612,1.356414,-86.052208,99.188881
0.522701,-0.441876,-0.55662,-0.470846,0.280509,-86.377548,99.273476
0.520347,-0.445751,-0.554534,-0.47226,357.290497,-86.486427,101.703003
0.51866,-0.446691,-0.554642,-0.4731,355.680511,-86.375557,103.120422
0.51406,-0.45718,-0.54729,-0.476649,349.021088,-86.870369,108.283257
0.522479,-0.457084,-0.545258,-0.469868,348.337036,-87.870911,109.723145
0.530816,-0.456245,-0.543823,-0.462951,346.728363,-88.791473,112.16095
0.533398,-0.460473,-0.540174,-0.460061,315.878357,-89.403572,142.83638
0.521448,-0.470515,-0.536375,-0.467977,308.754669,-88.751648,148.058304
0.501751,-0.481344,-0.539507,-0.474846,307.666901,-86.886742,147.199127
0.499065,-0.481931,-0.540448,-0.476008,309.187073,-86.604195,145.479568
0.494347,-0.48833,-0.538748,-0.476338,301.841614,-86.26561,152.072601
0.502155,-0.491307,-0.531299,-0.473466,285.484833,-87.221313,168.441086
0.512525,-0.489581,-0.525336,-0.470789,261.491608,-88.142586,-167.061157
0.519536,-0.490688,-0.519533,-0.468385,227.275787,-88.177589,-132.690521
0.516004,-0.485646,-0.525874,-0.470463,260.468506,-88.514175,-165.566086
0.510777,-0.493105,-0.529619,-0.464165,260.441193,-87.192024,-165.682693
0.504899,-0.505384,-0.52441,-0.463303,251.606598,-86.233604,-158.134979
0.494958,-0.517587,-0.519272,-0.466337,251.244034,-85.396576,-159.509659
0.513709,-0.508784,-0.519517,-0.455342,233.17865,-85.637039,-139.216751
0.518749,-0.5005,-0.528758,-0.448114,238.647186,-85.671249,-142.976181
0.510873,-0.506413,-0.526641,-0.452984,243.677216,-85.47905,-149.199112
0.48561,-0.528828,-0.516353,-0.466792,251.539093,-84.382843,-161.178268
0.445109,-0.535433,-0.534253,-0.479328,281.794769,-81.454239,166.167435
0.363707,-0.570264,-0.522943,-0.518689,291.204559,-76.403564,147.09906
0.33653,-0.591385,-0.507419,-0.528704,286.852325,-75.208153,147.138443
0.326668,-0.602648,-0.495559,-0.533401,283.599609,-75.166122,148.188736
0.333037,-0.608879,-0.480921,-0.53578,279.111267,-76.600693,151.718552
0.360704,-0.608086,-0.470463,-0.527996,270.069244,-78.970932,162.306503
0.374222,-0.602562,-0.470905,-0.524517,267.949738,-79.91629,165.774765
0.367088,-0.611596,-0.452912,-0.534845,263.76593,-80.657356,167.379623
0.370122,-0.611513,-0.450449,-0.534929,261.956848,-80.994904,169.226334
0.368805,-0.620867,-0.428969,-0.542664,252.005539,-81.995186,176.864029
0.346846,-0.625849,-0.397491,-0.574459,256.38147,-84.146568,167.221008
0.29336,-0.625052,-0.330954,-0.643204,321.976624,-86.608986,90.429283
0.229952,-0.577803,-0.244096,-0.744093,14.867143,-76.443573,24.589453
0.166753,-0.499428,-0.154458,-0.836002,15.616879,-62.443928,11.432123
0.134584,-0.392082,-0.11803,-0.902341,12.901087,-47.676392,9.184555
0.104995,-0.302126,-0.075824,-0.944425,10.853956,-35.915657,5.653079
0.075762,-0.21497,-0.028317,-0.973262,8.586101,-25.007309,1.425661
0.047813,-0.140925,-0.007952,-0.988829,5.517488,-16.228128,0.134306
0.029855,-0.076112,-0.003143,-0.996643,3.424076,-8.737089,0.099681
0.009981,-0.032774,-0.001227,-0.999408,1.141017,-3.757446,0.103293
-0.005458,0.000828,0.003671,-0.999974,359.374237,0.092595,-0.421137
-0.019902,0.009785,-0.001549,-0.999749,357.720612,1.124628,0.155167
-0.021501,0.005587,-0.004394,-0.999739,357.538696,0.650923,0.489604
-0.024234,0.00292,-0.007164,-0.999672,357.225159,0.354376,0.812597
-0.028615,0.004201,-0.00633,-0.999557,356.72348,0.501899,0.711325
-0.033733,0.002775,-0.009473,-0.999378,356.13678,0.354372,1.074235
-0.038536,0.002357,-0.011417,-0.999185,355.586243,0.320271,1.296909
-0.041248,0.001508,-0.007497,-0.999115,355.273376,0.20804,0.851269
-0.047942,0.000699,-0.008693,-0.998808,354.505035,0.127769,0.991192
-0.056084,0.000794,-0.006046,-0.998403,353.570496,0.12968,0.686668
-0.062113,0.003093,-0.008653,-0.998023,352.88089,0.415331,0.967626
-0.066025,0.003559,-0.012463,-0.997729,352.43396,0.501254,1.398161
-0.072227,0.007296,-0.011623,-0.99729,351.725616,0.93007,1.268214
-0.08118,0.00846,-0.014839,-0.996549,350.701294,1.104167,1.616339
-0.091052,0.007937,-0.011365,-0.995745,349.561523,1.02424,1.214221
-0.098371,0.009818,-0.007925,-0.995066,348.716644,1.208899,0.793176
-0.105964,0.010682,-0.007932,-0.994277,347.842285,1.313436,0.774234
-0.112514,0.009253,-0.010631,-0.993546,347.089355,1.190574,1.091335
-0.116943,0.007657,-0.013017,-0.99302,346.579498,1.045778,1.378955
-0.121286,0.009678,-0.01191,-0.992495,346.07901,1.266354,1.220444
-0.125741,0.00881,-0.012997,-0.991935,345.564941,1.188741,1.350793
-0.133419,0.010606,-0.009883,-0.99095,344.675201,1.355539,0.960471
-0.139947,0.010928,-0.012867,-0.990011,343.924164,1.446294,1.285012
-0.14401,0.009561,-0.013825,-0.989429,343.453644,1.312281,1.410206
-0.147256,0.011025,-0.015465,-0.988912,343.081451,1.510547,1.567172
-0.154233,0.014236,-0.013814,-0.987831,342.272919,1.855936,1.312934
-0.160928,0.012558,-0.011173,-0.986819,341.490265,1.626283,1.032399
-0.166461,0.01242,-0.012655,-0.985884,340.84964,1.644806,1.193331
-0.172817,0.011469,-0.013469,-0.984791,340.110931,1.561171,1.293457
-0.179541,0.010848,-0.014614,-0.983578,339.329193,1.523543,1.424624
-0.186268,0.009501,-0.014402,-0.982343,338.543457,1.377021,1.418949
-0.191496,0.011368,-0.013337,-0.981333,337.933228,1.571253,1.250876
-0.195776,0.010982,-0.016291,-0.980447,337.437256,1.599539,1.58472
-0.200779,0.010096,-0.019354,-0.979389,336.855835,1.578591,1.940912
-0.204417,0.008377,-0.019618,-0.978647,336.427979,1.399119,2.004825
-0.208242,0.008259,-0.021752,-0.977796,335.982727,1.444603,2.241512
-0.212648,0.008459,-0.017818,-0.976925,335.461212,1.38125,1.789323
-0.217384,0.005836,-0.019029,-0.975879,334.90329,1.126752,1.983308
-0.222365,0.005109,-0.020555,-0.974729,334.318573,1.094482,2.166634
-0.22689,0.004448,-0.020994,-0.97368,333.785675,1.042155,2.227679
-0.231764,0.002657,-0.022786,-0.972497,333.210022,0.901308,2.469787
-0.236359,0.00205,-0.02238,-0.971402,332.666901,0.834359,2.436689
-0.238228,0.000129,-0.026868,-0.970833,332.445099,0.747814,2.987165
-0.234538,-0.006571,-0.027984,-0.971677,332.859985,0.020448,3.294286
-0.225725,-0.008205,-0.03144,-0.973645,333.891266,-0.102247,3.722638
-0.193729,-0.014065,-0.028957,-0.980523,337.617828,-0.937577,3.568652
-0.122841,-0.037596,-0.060618,-0.989855,345.629456,-3.413172,7.439157
0.021268,-0.060478,-0.097364,-0.993178,1.759668,-7.138705,11.088078
0.164048,-0.058255,-0.087976,-0.980789,18.348122,-8.229347,8.919938
0.304837,-0.03826,-0.045461,-0.950545,35.378857,-5.765162,3.636169
0.38419,-0.042647,-0.029156,-0.921803,45.190098,-5.798284,1.208529
0.42891,-0.05474,-0.035482,-0.900984,50.84996,-7.416232,0.981117
0.476367,-0.036745,-0.080558,-0.874773,56.706558,-8.10784,6.142457
0.52623,-0.034801,-0.106303,-0.842949,63.235195,-9.819823,8.320414
0.548948,-0.032154,-0.127362,-0.825465,66.246719,-11.122911,10.271595
0.54462,-0.02497,-0.12805,-0.828469,65.649475,-10.419336,10.840446
0.546741,-0.029866,-0.125537,-0.827294,65.950981,-10.759516,10.264151
0.548133,-0.026431,-0.099982,-0.829968,66.268013,-8.828672,7.968672
0.550385,-0.022189,-0.092504,-0.829469,66.609825,-7.968913,7.486493
0.549443,-0.016828,-0.08708,-0.830806,66.50267,-7.102906,7.306499
0.544807,-0.013763,-0.079503,-0.834666,65.893097,-6.29238,6.801748
0.544888,-0.011172,-0.070826,-0.835432,65.932671,-5.500346,6.122671
0.542301,-0.008091,-0.071539,-0.837089,65.581612,-5.228968,6.399335
0.539066,-0.006245,-0.068537,-0.839442,65.151253,-4.840187,6.241491
0.53717,-0.00519,-0.063894,-0.84103,64.906036,-4.437658,5.866059
0.534187,-0.003736,-0.063917,-0.842933,64.504013,-4.277396,5.97264
0.53175,-0.000533,-0.06818,-0.844148,64.173431,-4.209804,6.595001
0.532889,0.00416,-0.0663,-0.843569,64.348831,-3.648891,6.691716
0.531877,0.003749,-0.066595,-0.844186,64.209579,-3.698766,6.699909
0.530086,0.004936,-0.065985,-0.845353,63.973282,-3.532234,6.719913
0.526165,0.00888,-0.068305,-0.847584,63.457916,-3.257658,7.200125
0.522538,0.006966,-0.067084,-0.849939,62.962631,-3.340376,6.97991
0.519544,0.006622,-0.063921,-0.852019,62.564457,-3.160598,6.66019
0.513422,0.01014,-0.061604,-0.855857,61.765736,-2.630884,6.660344
0.509489,0.009766,-0.057492,-0.858494,61.24522,-2.396562,6.243821
0.505623,0.007051,-0.053382,-0.861068,60.724541,-2.397966,5.690161
0.501899,0.006228,-0.049194,-0.863499,60.232712,-2.21364,5.237074
0.497493,0.002781,-0.048281,-0.866114,59.638844,-2.477189,4.961161
0.49474,0.002763,-0.048917,-0.867654,59.274548,-2.499314,5.031541
0.492948,0.002032,-0.047834,-0.868736,59.037483,-2.500546,4.887156
0.489692,-0.002505,-0.043828,-0.870785,58.603073,-2.710403,4.241374
0.487079,-0.006464,-0.027673,-0.872891,58.277939,-2.191696,2.409704
0.484755,-0.013173,-0.015576,-0.874407,57.99091,-2.1857,0.829632
0.483075,-0.016532,-0.007828,-0.875383,57.786495,-2.092102,-0.130007
0.480152,-0.015296,-0.006197,-0.877025,57.403458,-1.878557,-0.218953
0.474473,-0.012261,-0.013408,-0.880078,56.649105,-1.965861,0.685976
0.472241,-0.010058,-0.01149,-0.881333,56.358658,-1.637821,0.616349
0.470891,-0.008798,-0.01169,-0.882065,56.182152,-1.520216,0.707079
0.467736,-0.006988,-0.011131,-0.883766,55.772175,-1.304474,0.752945
0.464913,-0.006268,-0.013604,-0.885225,55.404152,-1.360727,1.046396
0.464024,-0.005163,-0.013915,-0.885694,55.288792,-1.264009,1.138132
0.463001,-0.005198,-0.014444,-0.88622,55.156025,-1.294356,1.191422
0.463016,-0.006367,-0.016184,-0.886175,55.156269,-1.505408,1.306224
0.461947,-0.00642,-0.018196,-0.886693,55.016117,-1.615698,1.509802
0.454935,-0.014501,-0.02907,-0.889927,54.095146,-2.995593,2.212163
0.419366,-0.036444,-0.056143,-0.905342,49.475891,-6.492818,4.103004
0.343973,-0.064775,-0.112197,-0.929994,39.631428,-11.400533,9.638289
0.23789,-0.082706,-0.224763,-0.941298,25.189896,-15.226776,23.437763
0.128268,-0.10313,-0.370787,-0.914013,9.483848,-16.477869,42.785126
0.026914,-0.107142,-0.475045,-0.872995,356.78479,-12.277046,57.451637
-0.070502,-0.097064,-0.551416,-0.825555,347.04303,-4.732948,68.017868
-0.196706,-0.063498,-0.609894,-0.765046,337.520264,8.208858,75.489189
-0.325416,-0.017428,-0.668632,-0.668374,329.804443,24.322367,83.367081
-0.397394,0.025801,-0.68894,-0.605613,326.86087,35.36702,86.527382
-0.447133,0.063792,-0.699453,-0.55386,325.552826,44.119713,88.930954
-0.492406,0.111489,-0.689662,-0.519099,323.901642,52.649162,87.744896
-0.525108,0.143014,-0.694906,-0.470006,324.119202,59.795692,90.762581
-0.557643,0.167871,-0.696234,-0.419647,323.936005,66.547905,93.723595
-0.577217,0.185637,-0.700766,-0.375871,326.720337,71.538818,99.281166
-0.585314,0.215937,-0.696661,-0.354167,332.82605,75.577675,104.874939
-0.578311,0.292333,-0.665769,-0.36992,346.449738,80.513161,110.392944
-0.594833,0.317711,-0.658073,-0.334911,12.300795,84.68264,137.267456
-0.613885,0.316121,-0.665066,-0.284414,56.935699,85.114647,-173.37323
-0.615319,0.315711,-0.672495,-0.263536,66.603821,83.720711,-161.834412
-0.616234,0.3119,-0.675212,-0.258949,65.767952,83.570198,-161.927612
-0.621445,0.322766,-0.664262,-0.261488,79.499016,83.935539,-149.379303
-0.62563,0.325049,-0.658121,-0.264197,86.560387,84.403465,-142.752014
-0.626674,0.323018,-0.656637,-0.267877,86.209366,84.907997,-143.239777
-0.629867,0.320628,-0.655238,-0.266684,89.377945,85.162682,-139.74617
-0.630673,0.317573,-0.654849,-0.269374,87.909309,85.623459,-141.17421
-0.630247,0.316159,-0.655254,-0.271045,85.556602,85.813057,-143.546829
-0.630653,0.315336,-0.655941,-0.269394,85.617935,85.743385,-143.266174
-0.630755,0.313727,-0.656669,-0.269259,84.136749,85.822281,-144.591019
-0.630208,0.313216,-0.656877,-0.270627,82.352066,85.92086,-146.450516
-0.630023,0.312758,-0.657263,-0.27065,81.486908,85.928978,-147.27681
-0.630526,0.311332,-0.657554,-0.270414,80.866379,86.019012,-147.748169
-0.631174,0.309579,-0.657962,-0.269924,80.172585,86.114761,-148.241089
-0.631221,0.308892,-0.658152,-0.270136,79.395386,86.16835,-148.975342
-0.631561,0.307391,-0.658519,-0.270161,78.217018,86.267708,-150.021332
-0.632192,0.305747,-0.65901,-0.269352,77.630424,86.328857,-150.389313
-0.631231,0.305894,-0.659564,-0.27008,75.705078,86.291809,-152.39296
-0.630228,0.306147,-0.659351,-0.272644,73.179535,86.395164,-155.167618
-0.630981,0.304255,-0.659478,-0.272713,72.000534,86.547302,-156.182831
-0.631514,0.303272,-0.659672,-0.272104,71.931206,86.588264,-156.110245
-0.63235,0.301245,-0.660469,-0.270477,71.439629,86.614296,-156.277451
-0.633691,0.298711,-0.661598,-0.267371,71.931206,86.591248,-155.286728
-0.634324,0.296302,-0.66196,-0.267654,69.549232,86.7659,-157.47879
-0.634343,0.29466,-0.662557,-0.267945,66.895958,86.842659,-160.012131
-0.635576,0.2924,-0.663046,-0.266284,66.837837,86.919739,-159.723053
-0.637064,0.290133,-0.662526,-0.266502,66.059738,87.175339,-160.318192
-0.638601,0.289135,-0.662176,-0.264773,69.016487,87.24324,-157.12001
-0.638851,0.289322,-0.661549,-0.265533,69.461273,87.325333,-156.758163
-0.640323,0.288099,-0.66105,-0.264557,71.658218,87.447792,-154.366333
-0.641616,0.286686,-0.66074,-0.263731,73.122215,87.568039,-152.704147
-0.642403,0.2859,-0.660024,-0.264463,73.498154,87.739471,-152.322433
-0.642725,0.285193,-0.659513,-0.265715,72.184525,87.90361,-153.683334
-0.642597,0.284205,-0.659838,-0.266274,69.04924,87.97097,-156.780991
-0.642828,0.284278,-0.660027,-0.265169,70.888977,87.903702,-154.850662
-0.64362,0.283201,-0.660117,-0.264175,71.860222,87.946243,-153.696991
-0.644687,0.280773,-0.661183,-0.261486,72.022362,87.930672,-153.085083
-0.644578,0.279082,-0.662512,-0.260196,68.911995,87.876892,-155.93457
-0.645218,0.275569,-0.663926,-0.258746,64.177788,87.948242,-160.234344
-0.649809,0.270514,-0.66333,-0.254078,72.349083,88.260208,-151.211014
-0.658923,0.255706,-0.660835,-0.252436,80.817825,89.615387,-141.330322
-0.682673,0.219364,-0.648789,-0.254759,245.843399,86.022118,26.645695
-0.709249,0.176885,-0.634478,-0.25121,242.497238,81.446289,27.156092
-0.735747,0.140878,-0.614861,-0.246509,237.149597,76.961952,25.142181
-0.758652,0.104646,-0.593644,-0.247132,235.390991,72.262405,26.228815
-0.774179,0.073318,-0.578838,-0.245377,234.626938,68.785095,28.119226
-0.787399,0.047118,-0.565478,-0.24085,233.135574,65.952927,29.103098
-0.802757,0.021847,-0.545748,-0.239278,231.189789,62.456726,29.271746
-0.820203,-0.004493,-0.519289,-0.239951,229.057236,58.177959,29.118076
-0.836195,-0.040055,-0.493127,-0.236623,227.296402,53.682316,30.473787
-0.84883,-0.069013,-0.469109,-0.233779,225.69458,49.828766,31.442595
-0.863033,-0.089762,-0.436845,-0.237223,223.96814,45.351868,31.02409
-0.872441,-0.105556,-0.40017,-0.259924,224.651291,40.044025,30.818916
-0.881619,-0.112618,-0.357621,-0.286644,225.298996,34.472313,29.311672
-0.896308,-0.114376,-0.309308,-0.296429,223.572464,29.12138,26.398472
-0.910805,-0.111969,-0.261348,-0.299311,221.425018,24.144926,23.26388
-0.915673,-0.126936,-0.229881,-0.304264,220.959137,20.105415,23.360592
-0.917693,-0.141036,-0.2049,-0.309768,220.85881,16.779768,23.763079
-0.922686,-0.144349,-0.17552,-0.311446,220.035675,13.531842,22.732853
-0.924233,-0.15131,-0.149931,-0.316877,219.921616,10.442545,22.397017
-0.928581,-0.143392,-0.121877,-0.319865,219.403137,7.736269,20.330351
-0.930063,-0.138604,-0.11302,-0.32092,219.268463,6.965391,19.43989
-0.931284,-0.135191,-0.1184,-0.31687,218.898422,7.750072,19.259687
-0.934763,-0.126579,-0.123419,-0.308149,217.918991,8.784823,18.446404
-0.938,-0.11723,-0.12175,-0.302625,217.142685,9.058857,17.296774
-0.940193,-0.111042,-0.125446,-0.296582,216.455688,9.788999,16.702158
-0.940843,-0.109805,-0.1297,-0.293134,216.133377,10.351043,16.698368
-0.943431,-0.097248,-0.128231,-0.289879,215.592239,10.694546,15.212223
-0.945136,-0.088831,-0.12713,-0.2875,215.201645,10.907977,14.208333
-0.947468,-0.080681,-0.125192,-0.283044,214.544968,11.043716,13.177999
-0.949053,-0.074192,-0.124522,-0.279786,214.07515,11.23533,12.393017
-0.950596,-0.069265,-0.122833,-0.276537,213.601639,11.257575,11.743893
-0.950927,-0.074595,-0.12523,-0.272915,213.266068,11.388075,12.38304
-0.952061,-0.074711,-0.124219,-0.269369,212.820999,11.319449,12.317633
-0.95269,-0.078404,-0.125838,-0.265314,212.403976,11.429717,12.740557
-0.954228,-0.069069,-0.125316,-0.262616,211.972656,11.705618,11.644128
-0.9559,-0.056044,-0.123662,-0.26041,211.538345,11.960026,10.099428
-0.956787,-0.057464,-0.123248,-0.257018,211.138794,11.905937,10.202415
-0.957506,-0.058584,-0.120327,-0.255467,210.9142,11.56594,10.210707
-0.959008,-0.058248,-0.118452,-0.250743,210.312775,11.419038,10.054111
-0.960441,-0.064944,-0.117862,-0.243795,209.541199,11.229128,10.706336
-0.960893,-0.068518,-0.118196,-0.240854,209.232819,11.194639,11.085324
-0.960692,-0.073803,-0.119148,-0.239623,209.157364,11.160566,11.69724
-0.960685,-0.076239,-0.121058,-0.237925,209.015091,11.321817,12.013367
-0.960699,-0.079075,-0.123751,-0.235548,208.812271,11.567498,12.39159
-0.960246,-0.083988,-0.12722,-0.233839,208.729156,11.832177,13.037555
-0.960728,-0.083689,-0.127167,-0.231985,208.50415,11.859734,12.979474
-0.961507,-0.081343,-0.126033,-0.230206,208.244507,11.824315,12.656222
-0.961485,-0.086413,-0.126709,-0.22807,208.059402,11.78511,13.225801
-0.962361,-0.082438,-0.12667,-0.225859,207.751923,11.92113,12.747092
-0.963168,-0.081927,-0.12839,-0.22159,207.271835,12.181828,12.689394
-0.963905,-0.08262,-0.127874,-0.218405,206.891357,12.14738,12.712491
-0.963701,-0.087323,-0.12842,-0.217155,206.807175,12.098399,13.248211
-0.963419,-0.089334,-0.129804,-0.216761,206.810974,12.203432,13.514161
-0.963598,-0.090574,-0.129975,-0.215344,206.660583,12.209023,13.642713
-0.963275,-0.094632,-0.131306,-0.214235,206.603012,12.264232,14.131365
-0.963148,-0.096076,-0.13145,-0.214073,206.603455,12.244098,14.298244
-0.963588,-0.093089,-0.130817,-0.213804,206.524063,12.25728,13.93531
-0.96378,-0.093337,-0.130936,-0.212752,206.404739,12.278974,13.953964
-0.963822,-0.09388,-0.13062,-0.212519,206.376892,12.232921,14.003391
-0.963351,-0.097918,-0.13289,-0.21142,206.340775,12.394196,14.518493
-0.96354,-0.098987,-0.13325,-0.20983,206.172653,12.429737,14.631153
-0.963068,-0.101417,-0.134527,-0.210022,206.251343,12.504567,14.949649
-0.963068,-0.100461,-0.133363,-0.211219,206.356766,12.382485,14.820312
-0.962663,-0.102524,-0.132389,-0.212682,206.53302,12.197502,15.04426
-0.962005,-0.104867,-0.131756,-0.214896,206.808029,12.030288,15.319206
-0.96011,-0.112848,-0.133133,-0.21845,207.348877,11.908081,16.314177
-0.958118,-0.116632,-0.13276,-0.225328,208.195053,11.644443,16.814737
-0.951945,-0.13172,-0.125936,-0.246136,210.640533,10.074345,18.522232
-0.934001,-0.171294,-0.1058,-0.295126,216.178253,5.539216,22.595327
-0.908218,-0.207319,-0.08315,-0.353887,222.632904,0.246454,25.813206
-0.867828,-0.26162,-0.066468,-0.417136,229.714844,-5.905973,30.814177
-0.798279,-0.338549,-0.031761,-0.497111,238.285522,-16.611658,36.655903
-0.725602,-0.380115,0.019134,-0.573271,247.295929,-27.61871,36.713005
-0.649834,-0.432618,0.044763,-0.623334,254.157486,-36.691696,39.168396
-0.570008,-0.470888,0.03892,-0.672185,262.712677,-42.642097,41.196697
-0.488087,-0.508923,0.018421,-0.708817,270.46994,-47.68441,44.360054
-0.402438,-0.55751,0.005632,-0.726076,275.379028,-54.500671,49.347187
-0.302525,-0.603462,-0.014279,-0.737632,280.821991,-61.839031,54.915737
-0.202914,-0.634131,-0.035472,-0.745277,288.074615,-68.561508,58.080925
-0.128367,-0.653778,-0.045271,-0.744338,294.141022,-74.078964,59.053242
-0.072175,-0.656896,-0.049508,-0.748878,306.160736,-77.613914,51.988247
-0.032205,-0.651369,-0.049787,-0.756435,322.746338,-79.182571,38.681591
0.004147,-0.64796,-0.052479,-0.759847,338.939148,-80.109222,25.66538
0.039706,-0.645443,-0.051563,-0.761026,357.855377,-80.571869,9.569751
0.053549,-0.648385,-0.057284,-0.757258,2.543733,-81.161133,6.472743
0.04976,-0.652242,-0.061576,-0.75386,357.894562,-81.700005,11.159249
0.047342,-0.657042,-0.061045,-0.74988,356.008881,-82.386864,12.800671
0.046655,-0.659845,-0.062715,-0.74732,354.040161,-82.785202,14.847109
0.04867,-0.661035,-0.067937,-0.745681,351.914917,-82.957535,17.560617
0.050437,-0.662259,-0.071814,-0.744113,350.331055,-83.136986,19.60309
0.051691,-0.661326,-0.073852,-0.744657,350.209198,-83.004898,19.993887
0.053857,-0.662396,-0.076991,-0.743233,349.346832,-83.179039,21.287523
0.056701,-0.661822,-0.079919,-0.743224,349.633301,-83.133072,21.471962
0.060133,-0.662226,-0.0808,-0.742498,351.290619,-83.275826,20.165848
0.061227,-0.66311,-0.083407,-0.741331,350.047974,-83.404419,21.709427
0.063513,-0.663393,-0.082038,-0.741038,352.496674,-83.524467,19.335104
0.06198,-0.663952,-0.085132,-0.740318,349.113861,-83.526405,22.844692
0.063194,-0.664366,-0.086259,-0.739713,349.054688,-83.607544,23.094456
0.064299,-0.664329,-0.087706,-0.739481,348.878601,-83.614601,23.478773
0.064723,-0.665141,-0.088238,-0.73865,348.478424,-83.738976,23.956127
0.067095,-0.666074,-0.089226,-0.737478,349.134308,-83.935341,23.57336
0.068973,-0.666053,-0.091926,-0.736993,348.611664,-83.951164,24.46961
0.06979,-0.666984,-0.094052,-0.735804,347.241394,-84.080231,26.07935
0.068127,-0.667195,-0.096369,-0.735468,344.214844,-84.006126,29.15926
0.067688,-0.667217,-0.09842,-0.735218,342.433472,-83.946182,31.072533
0.067506,-0.66654,-0.09892,-0.735781,342.363281,-83.831718,31.169462
0.069722,-0.666664,-0.098562,-0.73551,344.112823,-83.944504,29.571157
0.070497,-0.666967,-0.099519,-0.735033,343.820129,-83.99707,30.005041
0.070866,-0.666821,-0.100563,-0.734988,343.430298,-83.967949,30.510475
0.07138,-0.666043,-0.099003,-0.735854,345.341095,-83.909409,28.514935
0.070597,-0.665527,-0.098499,-0.736465,345.405212,-83.81617,28.346254
0.070284,-0.664088,-0.098555,-0.737785,345.878876,-83.596573,27.853176
0.068778,-0.66438,-0.096605,-0.737922,345.999451,-83.621208,27.449997
0.06768,-0.66335,-0.0947,-0.739195,346.994751,-83.468468,26.210531
0.067338,-0.663411,-0.095819,-0.739028,345.995941,-83.445038,27.272892
0.067114,-0.663387,-0.09766,-0.738829,344.658203,-83.397224,28.742939
0.06835,-0.661605,-0.098127,-0.74025,346.033478,-83.178207,27.508673
0.069577,-0.661065,-0.097278,-0.74073,347.613678,-83.157715,25.959631
0.069671,-0.659622,-0.096001,-0.742173,349.049591,-82.970856,24.428659
0.068334,-0.659684,-0.097636,-0.742029,347.164032,-82.909554,26.338818
0.07103,-0.659989,-0.09912,-0.741307,347.865631,-83.02079,25.978184
0.072216,-0.659944,-0.100083,-0.741103,348.059509,-83.038719,25.959929
0.073198,-0.661296,-0.100955,-0.739682,347.586243,-83.254074,26.583023
0.075199,-0.659193,-0.100247,-0.741452,350.203949,-83.024422,24.073288
0.076389,-0.658873,-0.095142,-0.742287,354.308075,-83.06427,19.649149
0.076594,-0.65966,-0.095884,-0.741471,353.750153,-83.181282,20.283638
0.073441,-0.661739,-0.10515,-0.738677,344.868774,-83.249245,29.66328
0.073103,-0.660893,-0.100463,-0.740119,348.009583,-83.200523,26.112215
0.074074,-0.661386,-0.097655,-0.739958,350.280182,-83.345161,23.690546
0.071311,-0.660735,-0.096121,-0.74101,349.636078,-83.183907,23.984426
0.073615,-0.660386,-0.095344,-0.741197,351.822998,-83.211502,21.92251
0.075612,-0.659711,-0.091356,-0.742098,355.973541,-83.195511,17.609875
0.076696,-0.658988,-0.089328,-0.742876,358.190765,-83.118034,15.316342
0.078654,-0.658758,-0.088684,-0.742952,0.014609,-83.121628,13.600158
0.079792,-0.658904,-0.087241,-0.742872,1.725708,-83.161613,11.864112
0.080744,-0.658177,-0.086514,-0.743499,2.93636,-83.062592,10.672656
0.081168,-0.657539,-0.088309,-0.743806,2.164097,-82.977814,11.626919
0.081681,-0.658426,-0.090347,-0.74272,1.129501,-83.125824,12.868836
0.082568,-0.657964,-0.090528,-0.743009,1.696571,-83.070831,12.389625
0.082789,-0.658249,-0.091916,-0.742561,0.930593,-83.120407,13.286681
0.083394,-0.658215,-0.092226,-0.742485,1.16357,-83.126305,13.128476
0.082976,-0.658135,-0.093175,-0.742485,0.274061,-83.107468,14.061586
0.083079,-0.658305,-0.094193,-0.742194,359.666748,-83.135155,14.760221
0.084882,-0.658907,-0.092305,-0.741693,2.08637,-83.257271,12.333063
0.085485,-0.660384,-0.091016,-0.740468,3.230795,-83.487862,11.13096
0.084067,-0.659176,-0.089649,-0.741872,3.206152,-83.276176,10.929358
0.073458,-0.659971,-0.076074,-0.743805,4.293108,-83.195824,7.867216
0.074647,-0.658938,-0.073611,-0.744851,6.720025,-83.029961,5.337749
0.076454,-0.658659,-0.076167,-0.744657,6.398555,-83.023491,6.015285
0.079768,-0.657176,-0.07774,-0.745457,7.723352,-82.836456,5.091105
0.081077,-0.656695,-0.078983,-0.745608,7.861746,-82.785126,5.161633
0.081705,-0.655898,-0.080919,-0.746033,7.116722,-82.687553,6.116802
0.081382,-0.655624,-0.08117,-0.746282,6.747947,-82.64534,6.479981
0.079778,-0.655878,-0.080064,-0.746352,6.322084,-82.660294,6.684157
0.045595,-0.648257,-0.07123,-0.756705,351.453308,-80.958015,18.051908
-0.072728,-0.617024,-0.052753,-0.781793,321.88974,-73.156113,36.472065
-0.163716,-0.545,-0.05838,-0.820216,316.684082,-61.035603,34.490612
-0.253822,-0.449283,-0.05524,-0.854786,314.027496,-47.734718,28.65481
-0.349631,-0.341176,-0.058448,-0.870593,308.862488,-33.585506,24.11327
-0.425873,-0.227425,-0.087155,-0.871382,304.323517,-18.79084,21.411081
-0.472493,-0.138461,-0.11208,-0.863139,301.317017,-7.649249,19.101126
-0.494612,-0.097039,-0.128046,-0.85413,299.488678,-2.240943,18.35906
-0.500325,-0.080126,-0.127997,-0.852563,299.111877,-0.489643,17.363926
-0.501452,-0.076632,-0.116421,-0.85388,299.037628,-0.808529,16.003801
-0.502469,-0.074132,-0.108751,-0.854514,298.954926,-0.997252,15.093573
-0.502424,-0.068449,-0.107383,-0.855187,299.063538,-0.525362,14.622947
-0.506886,-0.056407,-0.0939,-0.85502,298.669769,-0.072477,12.577243
-0.513733,-0.054175,-0.080499,-0.85244,297.794189,-0.553002,11.122796
-0.516012,-0.052587,-0.075832,-0.851591,297.513062,-0.647716,10.570068
-0.517096,-0.047304,-0.065729,-0.852083,297.437012,-0.724092,9.261942
-0.517986,-0.037244,-0.051818,-0.853001,297.427032,-0.564753,7.295845
-0.517259,-0.034353,-0.052379,-0.853529,297.549805,-0.255242,7.178088
-0.516446,-0.035888,-0.053192,-0.853907,297.644836,-0.363732,7.349011
-0.515995,-0.037438,-0.05281,-0.854137,297.691101,-0.541768,7.403441
-0.516724,-0.036141,-0.054166,-0.853667,297.605225,-0.328187,7.459842
-0.518857,-0.033419,-0.054069,-0.85249,297.343933,-0.049886,7.288523
-0.520275,-0.02977,-0.050713,-0.851967,297.183716,0.117035,6.741481
-0.519628,-0.025905,-0.040828,-0.853019,297.298187,-0.101103,5.542093
-0.520194,-0.027977,-0.046797,-0.852301,297.207855,0.05711,6.250594
-0.519019,-0.027486,-0.047035,-0.85302,297.368866,0.110647,6.244733
-0.521471,-0.027474,-0.044751,-0.851647,297.040131,-0.007092,6.020084
-0.521975,-0.031329,-0.047618,-0.851049,296.943634,-0.207032,6.531945
-0.520656,-0.030952,-0.048399,-0.851826,297.123383,-0.133647,6.585546
-0.52,-0.029375,-0.047299,-0.852345,297.223541,-0.050677,6.38333
-0.520349,-0.030605,-0.052353,-0.851793,297.167389,0.134445,6.95208
-0.519451,-0.033707,-0.053153,-0.852174,297.261963,-0.127664,7.216011
-0.518042,-0.034679,-0.053653,-0.852961,297.442108,-0.204612,7.322827
-0.517912,-0.032516,-0.057394,-0.852882,297.478241,0.228324,7.561065
-0.517796,-0.033659,-0.058964,-0.852801,297.484039,0.20935,7.783375
-0.517165,-0.034895,-0.062895,-0.852853,297.557678,0.316986,8.243203
-0.516927,-0.032387,-0.059463,-0.853343,297.611481,0.355306,7.756953
-0.518604,-0.034003,-0.064569,-0.851889,297.37381,0.517873,8.353859
-0.517795,-0.035429,-0.061974,-0.852517,297.468384,0.216069,8.184373
-0.517282,-0.035682,-0.061304,-0.852866,297.534515,0.146668,8.133729
-0.517134,-0.035148,-0.063804,-0.852794,297.559631,0.346221,8.347603
-0.516998,-0.036331,-0.06232,-0.852937,297.566498,0.141097,8.272205
-0.516837,-0.037758,-0.066333,-0.852669,297.574371,0.239331,8.751613
-0.516887,-0.03587,-0.066315,-0.852722,297.586304,0.422865,8.63754
-0.515993,-0.036869,-0.069175,-0.852994,297.696564,0.486429,8.978615
-0.515853,-0.036414,-0.068525,-0.853151,297.719666,0.490681,8.887771
-0.515827,-0.037129,-0.07389,-0.852688,297.717773,0.73971,9.458194
-0.513608,-0.038537,-0.072381,-0.854093,297.998596,0.488322,9.394579
-0.512695,-0.037604,-0.07568,-0.854397,298.131104,0.764646,9.665467
-0.510313,-0.036809,-0.070723,-0.85628,298.454498,0.523926,9.131023
-0.510382,-0.036516,-0.069117,-0.856383,298.447845,0.458858,8.955122
-0.511491,-0.037791,-0.070399,-0.855561,298.287689,0.421238,9.156163
-0.511665,-0.036978,-0.076668,-0.854953,298.275177,0.87252,9.727033
-0.509669,-0.036052,-0.076642,-0.856187,298.550232,0.939051,9.672246
-0.508997,-0.033968,-0.074379,-0.856871,298.659241,1.00304,9.327051
-0.506766,-0.037133,-0.080653,-0.857494,298.926422,1.034947,10.135863
-0.499955,-0.045131,-0.077929,-0.861352,299.736023,0.010029,10.333333
-0.495057,-0.049716,-0.078867,-0.86384,300.324707,-0.447213,10.689568
-0.495377,-0.041966,-0.078427,-0.864107,300.376282,0.296495,10.202021
-0.495632,-0.038236,-0.082498,-0.863755,300.386261,0.90093,10.395388
-0.48648,-0.045895,-0.086643,-0.868168,301.497253,0.264215,11.250359
-0.450809,-0.07165,-0.108613,-0.883081,305.697418,-1.639885,14.864505
-0.386041,-0.108112,-0.153967,-0.903089,312.886658,-4.381351,21.261396
-0.279739,-0.148807,-0.197659,-0.927645,324.132629,-9.526001,27.146069
-0.148317,-0.182009,-0.223828,-0.945921,337.856506,-16.137089,29.803139
-0.015678,-0.193288,-0.240159,-0.951162,352.444244,-21.110371,29.750538
0.081238,-0.177887,-0.28216,-0.93922,3.236068,-22.333326,32.803364
0.161166,-0.154958,-0.331272,-0.916659,12.091313,-23.00848,37.268703
0.217704,-0.142101,-0.374578,-0.889997,18.003839,-24.584379,41.695763
0.266544,-0.140643,-0.431734,-0.85016,22.068689,-27.988216,48.280346
0.293979,-0.127584,-0.453655,-0.831557,25.156277,-28.614717,50.71508
0.330348,-0.116078,-0.453483,-0.819598,30.025984,-29.333248,49.880718
0.322854,-0.120064,-0.470577,-0.812342,28.350811,-29.928673,52.441254
0.319007,-0.118853,-0.498196,-0.797434,26.936647,-30.491549,56.520313
0.319872,-0.116433,-0.514568,-0.78698,26.536617,-30.827358,58.917553
0.319034,-0.118519,-0.517113,-0.785339,26.227688,-31.071527,59.315151
0.321068,-0.117536,-0.520731,-0.78226,26.374222,-31.216158,59.810921
0.321481,-0.114083,-0.51583,-0.785841,26.80022,-30.727859,59.071289
0.321288,-0.114584,-0.514364,-0.786808,26.807749,-30.719084,58.857269
0.319773,-0.11451,-0.512091,-0.788915,26.722439,-30.542919,58.554401
0.317893,-0.117927,-0.509528,-0.790829,26.421719,-30.695242,58.213688
0.313223,-0.120711,-0.510423,-0.791695,25.695507,-30.722769,58.45063
0.311792,-0.122612,-0.508984,-0.792893,25.48377,-30.785852,58.270222
0.309617,-0.124259,-0.510292,-0.792648,25.092018,-30.862312,58.514656
0.306864,-0.125049,-0.507893,-0.795132,24.823414,-30.701696,58.221756
0.305596,-0.128356,-0.501903,-0.798887,24.733475,-30.786673,57.368885
0.304115,-0.12988,-0.497044,-0.802237,24.668888,-30.710846,56.689251
0.304262,-0.132082,-0.495986,-0.802476,24.613331,-30.917664,56.53233
0.302865,-0.13492,-0.494649,-0.803358,24.355042,-31.091171,56.372223
0.300304,-0.136544,-0.495347,-0.803615,23.943003,-31.128977,56.538887
0.298237,-0.139164,-0.496227,-0.803392,23.529188,-31.304951,56.724564
0.295723,-0.142983,-0.496256,-0.803632,23.032402,-31.55529,56.801971
0.294359,-0.145049,-0.490702,-0.807166,22.9872,-31.53652,56.02084
0.290481,-0.160373,-0.490265,-0.805936,21.741373,-32.910355,56.132484
0.28987,-0.16601,-0.494333,-0.802523,21.18836,-33.575706,56.804256
0.290377,-0.162218,-0.491507,-0.804847,21.577122,-33.131832,56.334568
0.291956,-0.162452,-0.487831,-0.806464,21.910393,-33.152786,55.743843
0.293528,-0.1609,-0.486775,-0.806842,22.224308,-33.052433,55.534805
0.294183,-0.161337,-0.486865,-0.806462,22.275454,-33.139484,55.533764
0.292912,-0.159966,-0.487622,-0.80674,22.163889,-32.940132,55.671829
0.291697,-0.160984,-0.487473,-0.807069,21.972425,-32.97261,55.687382
0.29022,-0.164038,-0.488263,-0.806508,21.601587,-33.230148,55.864967
0.290529,-0.1644,-0.487808,-0.806598,21.638702,-33.274742,55.791313
0.289979,-0.165648,-0.487322,-0.806835,21.528217,-33.362045,55.741863
0.288794,-0.167079,-0.487422,-0.806904,21.306824,-33.446835,55.799175
0.288064,-0.167352,-0.48682,-0.807472,21.231813,-33.417385,55.730022
0.288288,-0.16798,-0.485553,-0.808024,21.28039,-33.464619,55.538849
0.288135,-0.167577,-0.484975,-0.80851,21.308681,-33.397942,55.453033
0.287356,-0.169656,-0.48469,-0.808524,21.11816,-33.566071,55.447319
0.28622,-0.170161,-0.485633,-0.808255,20.914688,-33.577343,55.623505
0.285532,-0.171775,-0.484218,-0.809005,20.808998,-33.673038,55.442902
0.286128,-0.17081,-0.483241,-0.809583,20.974276,-33.580448,55.272007
0.282232,-0.169037,-0.484385,-0.810639,20.55583,-33.193851,55.531796
0.285171,-0.173235,-0.475643,-0.813893,21.065348,-33.591629,54.17976
0.282454,-0.170643,-0.472423,-0.817257,21.012209,-33.078941,53.756035
0.276704,-0.172965,-0.474773,-0.817374,20.106049,-33.058643,54.276611
0.276538,-0.180641,-0.467556,-0.819926,20.001232,-33.698284,53.27282
0.275848,-0.180393,-0.468587,-0.819625,19.886021,-33.657436,53.443279
0.270964,-0.178797,-0.469762,-0.82093,19.33399,-33.239246,53.737415
0.272119,-0.183137,-0.464201,-0.822752,19.489201,-33.64106,52.919518
0.268231,-0.183107,-0.468915,-0.821361,18.819418,-33.528374,53.727749
0.266616,-0.18515,-0.46624,-0.82295,18.636534,-33.59734,53.395058
0.264279,-0.185017,-0.468351,-0.822535,18.272511,-33.498623,53.771877
0.262187,-0.183507,-0.468407,-0.823511,18.101278,-33.220314,53.820423
0.261174,-0.188846,-0.465203,-0.824441,17.838276,-33.668175,53.431297
0.260191,-0.187879,-0.465306,-0.824914,17.767679,-33.511597,53.462559
0.260059,-0.188977,-0.465343,-0.824685,17.692301,-33.623009,53.484425
0.259558,-0.189798,-0.464644,-0.825048,17.619764,-33.668667,53.403866
0.261595,-0.187337,-0.464641,-0.824969,17.992651,-33.517406,53.318893
0.260617,-0.186868,-0.464151,-0.825661,17.92215,-33.401958,53.2677
0.260383,-0.185363,-0.4623,-0.827111,18.053181,-33.187534,52.98344
0.257758,-0.186375,-0.462377,-0.827662,17.684595,-33.152775,53.077225
0.257913,-0.184694,-0.460319,-0.829136,17.878778,-32.93705,52.75106
0.253251,-0.185371,-0.455161,-0.83326,17.507832,-32.647137,52.125668
0.250319,-0.186399,-0.452929,-0.83513,17.200144,-32.553623,51.88866
0.251061,-0.186901,-0.451127,-0.83577,17.33836,-32.611046,51.610043
0.249079,-0.191162,-0.452644,-0.834579,16.820358,-32.995182,51.93251
0.249515,-0.19028,-0.453635,-0.834112,16.87541,-32.943192,52.056217
0.2478,-0.189922,-0.452031,-0.835575,16.757931,-32.779968,51.863461
0.234987,-0.191905,-0.445239,-0.842441,15.419814,-32.180492,51.240814
0.194307,-0.206078,-0.444538,-0.849797,9.933206,-31.533836,52.417557
0.12526,-0.236151,-0.456173,-0.848788,359.812012,-31.008448,56.562401
0.011703,-0.291718,-0.491999,-0.820178,342.104431,-29.343025,66.637085
-0.129401,-0.335165,-0.52818,-0.769375,323.288452,-22.274239,76.413551
-0.23394,-0.358639,-0.561222,-0.708288,310.789154,-14.208675,83.316994
-0.305671,-0.361741,-0.588796,-0.654996,303.71225,-6.541471,87.408203
-0.369251,-0.346658,-0.614697,-0.604666,299.15979,1.990335,89.773468
-0.416031,-0.335195,-0.651277,-0.538881,295.867523,10.407227,94.258575
-0.447211,-0.323763,-0.683596,-0.477355,294.174194,17.597233,98.704315
-0.476987,-0.302797,-0.7,-0.436795,293.274506,23.782238,100.284378
-0.503325,-0.264629,-0.731366,-0.37647,294.755951,32.478329,104.404259
-0.540915,-0.241978,-0.746955,-0.301509,293.40802,41.464928,108.114922
-0.578054,-0.194117,-0.746709,-0.265687,293.234558,49.475475,107.049843
-0.602185,-0.157151,-0.758796,-0.192085,295.622803,58.59433,112.682106
-0.627625,-0.115037,-0.75502,-0.150965,297.078461,65.924004,114.101448
-0.647675,-0.079344,-0.747431,-0.124739,297.911621,71.512085,114.184235
-0.662482,-0.039239,-0.740616,-0.105156,301.106628,76.664764,115.727013
-0.658879,-0.03356,-0.74954,-0.054173,316.777313,79.761208,135.100235
-0.655675,-0.015792,-0.754848,-0.006023,347.196564,81.76162,167.990219
-0.644024,-0.026319,-0.762813,0.051467,8.788848,80.146545,-164.881363
-0.648534,-0.026035,-0.756163,0.083273,23.55625,80.107407,-147.544266
-0.650106,-0.021282,-0.75419,0.089987,28.899261,79.878708,-142.039688
-0.645875,-0.023168,-0.758037,0.087637,25.377916,79.50013,-145.596237
-0.636483,-0.035561,-0.765372,0.08844,17.252327,78.690804,-152.637375
-0.630375,-0.046167,-0.768894,0.096386,14.111246,78.037231,-154.254242
-0.632721,-0.046608,-0.766432,0.100331,15.894922,78.301201,-152.114151
-0.637463,-0.037071,-0.763846,0.0938,18.839281,78.754593,-150.489334
-0.637238,-0.035903,-0.764453,0.090791,18.174074,78.753052,-151.496033
-0.638916,-0.03552,-0.763031,0.091105,18.96501,78.961121,-150.712555
-0.64267,-0.030529,-0.760429,0.088215,21.262304,79.356987,-149.0625
-0.648926,-0.019956,-0.756101,0.082462,26.082983,79.93116,-145.578369
-0.652836,-0.016007,-0.75321,0.078833,28.185888,80.390968,-144.0961
-0.653791,-0.01447,-0.752623,0.076799,28.526155,80.518692,-144.047607
-0.652135,-0.010511,-0.754293,0.075118,28.827339,80.191132,-144.204239
-0.653235,0.003136,-0.753417,0.075022,35.0359,79.687752,-139.112915
-0.655705,0.057289,-0.75213,0.032593,43.995129,79.30088,-138.014908
-0.649013,0.175779,-0.735335,-0.084606,57.220779,79.810432,-144.084763
-0.602275,0.33462,-0.673227,-0.268423,68.321716,82.127647,-162.288956
-0.57983,0.385331,-0.635361,-0.334103,73.32299,83.870903,-167.93425
-0.559731,0.438684,-0.584533,-0.390602,98.652245,85.608986,-153.21521
-0.526739,0.502506,-0.516201,-0.451178,144.04631,85.746788,-120.832687
-0.488409,0.566116,-0.443534,-0.494205,170.653259,83.123596,-106.717369
-0.448447,0.620164,-0.373067,-0.524504,182.571594,80.116539,-106.092613
-0.414437,0.656638,-0.319748,-0.542975,188.329117,77.988678,-108.733665
-0.381678,0.686641,-0.275531,-0.554003,190.757507,76.199295,-113.417015
-0.365859,0.694418,-0.255278,-0.564584,194.161301,76.145409,-113.316956
-0.361988,0.69611,-0.252336,-0.566315,194.242371,76.19693,-113.858124
-0.376759,0.683062,-0.266595,-0.566037,196.018829,76.946823,-109.476791
-0.414399,0.65677,-0.296124,-0.556083,199.228546,77.386459,-100.042747
-0.517271,0.562868,-0.404757,-0.50177,200.602097,79.608841,-77.606155
-0.563685,0.479337,-0.496116,-0.454264,201.017868,84.153061,-61.73138
-0.608011,0.371798,-0.582389,-0.391029,249.533676,87.393684,4.237771
-0.640826,0.258051,-0.644684,-0.3273,297.666016,84.373085,68.701912
-0.662928,0.163781,-0.680576,-0.265538,297.557434,81.621124,82.114365
-0.672837,0.085476,-0.706819,-0.200956,298.123657,80.231506,94.666054
-0.675011,0.049332,-0.718514,-0.160173,299.976776,80.337547,102.876602
-0.674699,0.012159,-0.728338,-0.118948,302.00592,80.302536,111.328659
-0.674835,-0.000196,-0.730236,-0.106517,301.761292,80.242844,113.106583
-0.676009,0.005951,-0.728798,-0.108731,301.850067,80.62439,112.515778
-0.670324,0.040815,-0.725496,-0.150491,304.50647,80.036758,108.897934
-0.65234,0.122558,-0.70483,-0.250277,307.701141,78.790924,96.978508
-0.643077,0.273881,-0.632286,-0.334137,285.33017,85.033005,54.352913
-0.601225,0.432651,-0.532406,-0.409729,198.192444,84.115433,-55.033104
-0.535353,0.561079,-0.423469,-0.468244,187.346649,78.196648,-86.712563
-0.439058,0.671682,-0.294333,-0.519068,191.850464,72.892639,-104.889282
-0.344709,0.729897,-0.203722,-0.553999,195.58255,71.654213,-118.15509
-0.245524,0.763274,-0.136446,-0.581812,195.156586,72.778091,-133.135452
-0.203825,0.772617,-0.104316,-0.592138,196.147034,73.239159,-138.405045
-0.173928,0.781921,-0.074394,-0.593975,197.674072,72.700058,-141.86319
-0.129402,0.785224,-0.036709,-0.604419,200.325699,73.477654,-146.039734
-0.107125,0.785263,-0.016214,-0.609603,202.309692,73.918839,-147.582474
-0.106116,0.784416,-0.014502,-0.610912,202.893753,74.048637,-147.223526
-0.111892,0.785802,-0.015879,-0.608058,203.138672,73.57283,-146.38475
-0.109681,0.78465,-0.015891,-0.609945,203.083344,73.878113,-146.624725
-0.117698,0.782224,-0.020715,-0.611421,203.915619,74.031311,-144.738953
-0.128749,0.778652,-0.027062,-0.613502,205.234879,74.233459,-141.991287
-0.178733,0.763597,-0.070344,-0.616456,206.145004,75.148354,-133.391144
-0.261844,0.717921,-0.161105,-0.624551,209.685806,78.85041,-115.336571
-0.335183,0.663399,-0.252284,-0.619596,217.544296,82.3937,-93.245224
-0.422897,0.573581,-0.374238,-0.59338,257.798218,85.735977,-33.519268
-0.496633,0.48425,-0.475655,-0.540928,296.201477,85.096115,23.170649
-0.54794,0.40563,-0.545407,-0.487595,307.474976,83.347633,48.979954
-0.583236,0.321913,-0.609163,-0.430256,315.699951,80.960861,71.211418
-0.601893,0.267062,-0.641245,-0.393952,315.229187,79.216805,79.226639
-0.607101,0.253049,-0.648523,-0.38315,314.529236,78.916992,80.787758
-0.615917,0.235463,-0.652375,-0.373634,310.432343,78.398872,79.126564
-0.624264,0.210063,-0.668001,-0.346315,311.089294,78.382584,84.500587
-0.647117,0.177943,-0.671478,-0.314141,300.603851,78.7686,79.673668
-0.684688,0.144768,-0.657742,-0.278589,276.116119,78.919289,61.109436
-0.721122,0.09576,-0.642394,-0.241113,255.434174,76.572922,47.679234
-0.762747,0.042574,-0.610345,-0.209461,237.997314,71.606865,37.195648
-0.809358,-0.016606,-0.561702,-0.17072,223.516342,64.631004,30.689772
-0.842403,-0.07091,-0.514697,-0.142857,216.151123,57.876537,30.081741
-0.866199,-0.118303,-0.467006,-0.132665,212.773926,51.04607,31.539534
-0.884975,-0.16237,-0.417469,-0.127146,210.219498,44.235634,33.317791
-0.898997,-0.195659,-0.369134,-0.131356,208.77858,37.75589,34.58408
-0.914076,-0.205251,-0.317614,-0.146458,207.792923,31.367504,33.258629
-0.923909,-0.213223,-0.272077,-0.163996,207.700974,25.646252,32.41494
-0.931382,-0.223828,-0.222476,-0.181451,207.652863,19.462717,31.859449
-0.938863,-0.228454,-0.179125,-0.185068,206.336655,14.583326,30.781378
-0.945875,-0.219212,-0.140461,-0.193724,205.799988,10.415368,28.488073
-0.953609,-0.193796,-0.110648,-0.202042,205.597534,7.626842,24.709726
-0.957716,-0.178687,-0.097713,-0.203209,205.27507,6.577143,22.613085
-0.962267,-0.15907,-0.09833,-0.197639,204.517593,7.259455,20.352327
-0.962405,-0.158106,-0.101186,-0.196296,204.423965,7.625209,20.311161
-0.963203,-0.156317,-0.104279,-0.192154,204.00531,8.094679,20.159811
-0.963212,-0.15934,-0.103026,-0.190289,203.782028,7.922388,20.456879
-0.963806,-0.154174,-0.100921,-0.192654,203.966827,7.766279,19.827183
-0.962853,-0.157665,-0.10354,-0.1932,204.118942,7.959115,20.301886
-0.961584,-0.161628,-0.107373,-0.194154,204.354584,8.264035,20.86894
-0.959645,-0.167825,-0.112622,-0.19551,204.695999,8.657784,21.737949
-0.958982,-0.168176,-0.117246,-0.195741,204.847733,9.150951,21.913456
-0.95201,-0.197063,-0.122335,-0.199672,205.695145,8.872239,25.416895
-0.921547,-0.298037,-0.131362,-0.211331,208.098709,6.669637,37.513878
-0.878337,-0.401594,-0.137931,-0.219575,209.840683,3.780819,50.149155
-0.831744,-0.492733,-0.133461,-0.218165,209.633392,0.402047,61.391674
-0.788844,-0.564277,-0.119109,-0.212419,208.046219,-2.969762,70.41156
-0.72189,-0.65612,-0.112653,-0.188897,204.966629,-4.88938,83.451363
-0.680971,-0.702277,-0.113646,-0.173674,203.436935,-5.115017,90.702774
-0.61363,-0.76418,-0.126525,-0.153198,202.493744,-4.52318,101.571281
-0.549157,-0.813583,-0.13133,-0.138755,201.550156,-4.676848,111.071411
-0.535578,-0.824623,-0.135881,-0.121165,200.757339,-3.111555,113.423553
-0.509373,-0.84028,-0.148075,-0.111956,201.294159,-2.137578,117.149712
-0.462453,-0.867193,-0.153628,-0.102492,201.190842,-2.044096,123.47731
-0.475366,-0.859545,-0.155296,-0.105286,201.547333,-1.911216,121.746857
-0.475723,-0.859521,-0.153903,-0.10591,201.442459,-2.042066,121.686104
-0.485129,-0.853895,-0.150493,-0.113385,201.557846,-2.729467,120.27491
-0.518041,-0.833504,-0.146178,-0.124615,201.924484,-3.22643,115.650757
-0.560356,-0.804985,-0.141083,-0.134488,202.241302,-3.348454,109.657043
-0.611437,-0.765649,-0.133091,-0.149018,202.759354,-3.751922,102.023361
-0.699513,-0.682031,-0.127971,-0.170675,204.452499,-3.082708,87.88134
-0.786052,-0.57357,-0.124004,-0.194304,206.608536,-1.601454,71.856117
-0.85555,-0.461267,-0.110763,-0.207341,207.191406,-0.100421,56.637646
-0.941631,-0.247541,-0.061184,-0.219776,206.371994,0.367775,29.543837
-0.969768,-0.110394,-0.043366,-0.213248,205.053726,2.121965,13.46013
-0.978082,0.017351,-0.025426,-0.205912,203.738785,3.260927,-1.34709
-0.965574,0.170256,-0.007973,-0.196488,202.210815,4.720989,-19.072502
-0.945399,0.271861,0.006158,-0.179628,200.136948,4.934883,-31.209433
-0.910557,0.375911,0.030112,-0.169299,199.379501,4.15449,-44.15522
-0.865704,0.472802,0.054084,-0.155185,198.680054,3.043947,-56.780945
-0.823225,0.548011,0.068004,-0.131726,196.951859,1.857262,-67.025238
-0.767054,0.627241,0.080902,-0.107906,195.488586,0.644883,-78.459518
-0.715768,0.687296,0.086879,-0.088001,194.205566,-0.195095,-87.698738
-0.685709,0.718213,0.08835,-0.078479,193.564819,-0.483321,-92.709572
-0.675332,0.728149,0.0868,-0.078636,193.451218,-0.155851,-94.328354
-0.681677,0.722138,0.080504,-0.085701,193.481583,0.803327,-93.206444
-0.68719,0.715721,0.07654,-0.098219,194.164474,2.02869,-92.077614
-0.692014,0.710278,0.075771,-0.104272,194.607025,2.479075,-91.174171
-0.701776,0.699509,0.075436,-0.111803,195.235886,2.896695,-89.426651
-0.701924,0.698992,0.076015,-0.113695,195.440765,2.993948,-89.353737
-0.717127,0.68245,0.076614,-0.118797,195.981857,2.995759,-86.740311
-0.773796,0.617298,0.066885,-0.125309,196.073196,2.934551,-76.747528
-0.855794,0.495333,0.02428,-0.147186,196.110291,5.984211,-59.276398
-0.894979,0.414049,-0.001449,-0.166028,197.393417,8.052503,-48.419743
-0.928574,0.317613,-0.026515,-0.190161,199.955078,9.790038,-36.039219
-0.951596,0.223459,-0.044472,-0.206263,202.250092,10.184678,-24.421991
-0.96518,0.138741,-0.052837,-0.215356,203.979187,9.308568,-14.378853
-0.971246,0.060217,-0.056386,-0.223308,205.531937,7.840886,-5.31632
-0.970527,-0.0172,-0.057904,-0.233283,207.213303,5.990906,3.481902
-0.960402,-0.123511,-0.073173,-0.238771,208.574524,4.678755,15.848384
-0.94344,-0.22204,-0.0788,-0.23324,208.396805,2.585478,27.141256
-0.925433,-0.295329,-0.075833,-0.224936,207.460175,0.42952,35.503056
-0.906526,-0.354295,-0.088208,-0.211888,206.531433,0.560638,42.825623
-0.862125,-0.455522,-0.105531,-0.195181,205.638306,0.237393,55.755035
-0.804351,-0.557209,-0.111997,-0.173166,203.792023,-0.733904,69.268997
-0.774851,-0.602003,-0.11545,-0.154471,202.23439,-0.405104,75.609215
-0.760313,-0.622574,-0.120393,-0.140793,201.346802,0.444955,78.707253
-0.76633,-0.614604,-0.121951,-0.141849,201.551498,0.718921,77.59626
-0.773464,-0.605438,-0.118632,-0.145316,201.620224,0.43295,76.187126
-0.772694,-0.606172,-0.116995,-0.147663,201.717773,0.102258,76.246918
-0.771562,-0.606827,-0.111655,-0.15485,201.993958,-0.895954,76.194962
-0.775216,-0.60181,-0.108161,-0.158615,202.098969,-1.330319,75.385017
-0.77607,-0.601185,-0.10519,-0.158803,201.907303,-1.585589,75.219116
-0.771761,-0.606322,-0.101926,-0.162363,201.993637,-2.267386,75.867661
-0.738273,-0.635696,-0.088491,-0.207375,204.989899,-7.642684,79.764175
-0.685731,-0.671369,-0.074919,-0.270953,209.285568,-15.133585,84.811211
-0.624584,-0.699731,-0.053822,-0.342588,213.530762,-24.343451,89.059204
-0.558178,-0.708322,-0.026038,-0.431313,219.60173,-35.587818,90.337906
-0.478509,-0.711269,0.010433,-0.514791,225.487259,-47.927166,91.028183
-0.387157,-0.702168,0.049053,-0.59553,233.914337,-60.962875,88.924622
-0.298192,-0.687644,0.065232,-0.65876,247.825363,-70.889168,81.961044
-0.232098,-0.668405,0.050372,-0.704854,269.7164,-74.936592,67.033592
-0.169308,-0.66445,0.035175,-0.727046,286.65506,-77.981903,56.621181
-0.108613,-0.660796,0.021171,-0.742358,307.720764,-80.296555,41.70615
-0.060895,-0.652194,0.007377,-0.755561,329.848969,-80.554733,24.595331
-0.018742,-0.650696,-0.007156,-0.759068,346.088043,-80.95919,12.968858
0.013237,-0.650983,-0.013718,-0.758848,0.840256,-81.248123,1.350367
0.019743,-0.654414,-0.019706,-0.755616,1.623829,-81.789505,1.581303
0.019309,-0.656727,-0.008117,-0.753832,7.689379,-82.069916,-5.460825
0.017916,-0.662188,-0.004125,-0.749106,9.911499,-82.860756,-8.120811
0.023967,-0.663326,-0.002352,-0.747938,15.39931,-82.915565,-13.260695
0.028371,-0.663905,-0.004731,-0.747258,17.179134,-82.971359,-14.489502
0.030622,-0.661894,-0.010064,-0.748898,14.947384,-82.747475,-11.641936
0.027451,-0.659951,-0.008416,-0.750755,13.296473,-82.47345,-10.382161
0.029794,-0.660023,-0.008501,-0.750601,14.784825,-82.451477,-11.673084
0.03682,-0.660489,-0.011656,-0.749837,17.698612,-82.469696,-13.759509
0.038688,-0.661853,-0.010959,-0.748549,19.753843,-82.615891,-15.719677
0.036276,-0.666023,-0.009687,-0.74498,20.477911,-83.241203,-16.743835
0.036712,-0.663644,-0.007937,-0.7471,20.837999,-82.83873,-17.210051
0.037425,-0.663881,-0.008614,-0.746846,21.021254,-82.875313,-17.280428
0.041945,-0.664029,-0.015892,-0.746355,19.909571,-82.995033,-15.210739
0.045408,-0.664306,-0.019253,-0.745826,20.41465,-83.054802,-15.161434
0.047204,-0.664657,-0.020267,-0.745375,21.195341,-83.096893,-15.713758
0.044738,-0.665261,-0.017869,-0.74505,21.153963,-83.170074,-16.067814
0.02006,-0.663291,0.012802,-0.747978,21.504229,-82.630737,-20.912329
-0.036929,-0.653784,0.074539,-0.75209,16.403458,-81.460381,-25.467939
-0.111399,-0.636873,0.164418,-0.744944,14.844316,-80.231567,-37.418243
-0.1902,-0.593809,0.292463,-0.725033,17.828672,-76.486397,-58.028999
-0.231866,-0.556973,0.361713,-0.710757,15.086146,-73.634148,-65.264267
-0.261781,-0.522509,0.413994,-0.697893,11.979817,-71.096107,-69.927513
-0.303519,-0.486571,0.471973,-0.669596,8.774805,-69.737679,-76.476273
-0.337585,-0.465001,0.521402,-0.630826,9.854071,-69.835205,-86.036171
-0.363277,-0.464431,0.55066,-0.590846,15.100613,-71.604088,-96.887985
-0.383654,-0.452935,0.57088,-0.567228,15.501777,-72.152504,-101.692772
-0.396935,-0.427964,0.595078,-0.552415,12.530003,-70.951584,-103.204231
-0.40403,-0.411496,0.610362,-0.543029,10.741804,-70.071327,-104.223442
-0.399366,-0.40983,0.608862,-0.549386,9.903617,-69.492699,-102.756088
-0.399902,-0.410361,0.607241,-0.550393,9.615574,-69.618217,-102.314743
-0.395634,-0.415959,0.602522,-0.554447,10.394721,-69.720039,-102.008408
-0.385858,-0.424183,0.593129,-0.56513,11.084461,-69.580696,-100.481705
-0.374758,-0.432899,0.581991,-0.577436,11.666393,-69.415642,-98.54393
-0.358195,-0.448924,0.561042,-0.596143,12.69476,-69.581772,-95.362587
-0.324102,-0.48467,0.516744,-0.626913,16.453768,-70.50106,-90.662521
-0.271826,-0.535822,0.445298,-0.663857,22.701288,-72.459923,-84.438026
-0.230119,-0.566928,0.38563,-0.690593,25.419567,-73.845535,-77.59478
-0.161772,-0.605091,0.293393,-0.722224,29.406143,-75.684219,-67.25943
-0.085798,-0.637917,0.205794,-0.737117,38.448208,-77.356857,-62.390759
-0.002573,-0.665623,0.093862,-0.740352,46.774891,-80.42675,-54.61808
0.093906,-0.680785,-0.03069,-0.725785,59.620003,-83.705116,-49.488953
0.17201,-0.675732,-0.12653,-0.705535,68.964943,-85.586876,-44.562859
0.235588,-0.659313,-0.20926,-0.682647,66.79969,-87.139877,-30.106726
0.333784,-0.616057,-0.310327,-0.642457,68.73333,-87.128807,-14.515267
0.417809,-0.564516,-0.39999,-0.588861,71.551521,-87.544571,-0.864197
0.46593,-0.530976,-0.453577,-0.543355,85.516891,-88.564415,-4.377192
0.493659,-0.505223,-0.488568,-0.512195,80.163635,-89.263519,7.852311
0.512233,-0.485636,-0.515103,-0.486247,328.555695,-89.668388,124.472031
0.536323,-0.463249,-0.536787,-0.45783,234.201584,-89.503075,-135.489151
0.548286,-0.440279,-0.558797,-0.439631,317.976776,-89.115295,145.028549
0.560259,-0.423148,-0.57322,-0.422452,320.188599,-88.923523,146.333984
0.567864,-0.409385,-0.583948,-0.411013,330.309662,-88.669693,138.744675
0.567183,-0.407783,-0.587458,-0.408535,326.855499,-88.339996,142.606308
0.56966,-0.404295,-0.590628,-0.403959,324.210541,-88.285141,146.049438
0.580056,-0.391009,-0.600579,-0.387227,316.155365,-88.293488,157.044617
0.58169,-0.386154,-0.605348,-0.382188,317.55896,-88.042358,156.598038
0.584828,-0.379266,-0.611766,-0.37399,316.72113,-87.763405,158.885178
0.59278,-0.366465,-0.620493,-0.359577,315.135437,-87.674255,163.058823
0.590798,-0.365689,-0.622305,-0.360495,319.726746,-87.402031,158.451843
0.584899,-0.3721,-0.621085,-0.365622,318.38913,-87.01194,158.69194
0.567288,-0.394129,-0.610196,-0.387941,318.197662,-86.478966,154.610703
0.549613,-0.415802,-0.599551,-0.406897,314.285187,-85.882393,154.508789
0.519595,-0.45024,-0.577574,-0.440119,311.034302,-85.224106,150.839676
0.453753,-0.51179,-0.523045,-0.508522,311.048309,-84.372177,136.448532
0.376071,-0.568549,-0.451688,-0.57558,311.194336,-83.839195,120.568878
0.278911,-0.619914,-0.359159,-0.639462,310.556824,-83.299721,103.174774
0.137171,-0.660106,-0.215607,-0.706364,315.00354,-82.612816,73.942047
0.012119,-0.67241,-0.078215,-0.735929,317.528442,-82.563309,49.806515
-0.032944,-0.666388,0.021185,-0.74457,349.248047,-83.58638,6.356785
-0.027394,-0.654707,0.056931,-0.753232,13.261406,-81.655075,-20.114548
-0.040256,-0.645441,0.056845,-0.760621,4.245406,-80.557266,-12.145658
-0.1111,-0.597748,0.079556,-0.789948,342.85614,-74.165947,1.497478
-0.218839,-0.514729,0.127709,-0.819052,328.764282,-64.03672,2.10569
-0.292719,-0.448672,0.111901,-0.836946,317.557892,-54.739868,7.500928
-0.35225,-0.38895,0.090079,-0.846472,310.486481,-46.214199,10.114292
-0.400817,-0.336079,0.050779,-0.85077,304.948273,-37.774765,13.387427
-0.439655,-0.256921,0.01844,-0.860434,302.794067,-27.280121,12.619848
-0.460833,-0.184276,-0.003039,-0.868135,302.341125,-18.490786,10.640784
-0.476896,-0.122393,-0.028519,-0.869925,301.620789,-10.704547,9.747233
-0.476443,-0.090258,-0.038198,-0.873721,302.252014,-6.968458,8.852454
-0.476676,-0.082415,-0.029058,-0.87472,302.385345,-6.688784,7.486527
-0.47931,-0.071095,-0.01307,-0.874659,302.259399,-6.421316,5.255141
-0.482285,-0.06148,-0.009345,-0.8738,301.992371,-5.648734,4.358799
-0.483688,-0.055528,-0.007037,-0.873444,301.875031,-5.174754,3.800308
-0.488188,-0.044648,-0.007294,-0.87156,301.375946,-4.054518,3.236055
-0.488461,-0.039662,-0.007313,-0.871648,301.376343,-3.554487,2.957492
-0.489625,-0.035254,-0.004615,-0.871203,301.257172,-3.262332,2.443411
-0.490839,-0.033065,-0.004235,-0.870608,301.110901,-3.061975,2.286153
-0.490827,-0.029431,-0.000662,-0.870755,301.137726,-2.900684,1.723908
-0.490742,-0.034218,-0.006215,-0.870606,301.113281,-3.065661,2.548766
-0.491211,-0.090656,-0.071784,-0.863326,300.188019,-4.933988,12.345199
-0.477502,-0.172945,-0.173435,-0.843797,299.212952,-7.251816,27.486769
-0.464605,-0.244307,-0.26947,-0.807362,296.977173,-8.28486,41.99897
-0.44386,-0.309187,-0.362405,-0.758977,294.794556,-8.488865,56.483109
-0.411388,-0.374134,-0.451066,-0.698079,292.705475,-8.697872,71.532234
-0.365974,-0.435246,-0.539428,-0.620994,290.919006,-8.379976,87.731667
-0.311023,-0.479443,-0.621329,-0.536042,290.465302,-7.325562,103.517464
-0.26148,-0.515357,-0.67943,-0.452109,289.518463,-6.35453,117.209801
-0.218694,-0.546348,-0.710826,-0.385221,288.012177,-6.316638,127.68055
-0.183636,-0.570513,-0.73101,-0.326204,286.445312,-5.953861,136.355392
-0.170373,-0.576917,-0.739323,-0.302545,286.115814,-5.575982,139.683502
-0.16761,-0.580482,-0.739639,-0.296435,285.732086,-5.520882,140.501389
-0.165223,-0.581916,-0.738271,-0.298366,285.639252,-5.928641,140.486893
-0.170806,-0.579645,-0.734989,-0.307603,285.734161,-6.05709,139.16803
-0.178753,-0.578946,-0.730089,-0.315959,285.497498,-6.017638,137.774841
-0.194164,-0.577278,-0.715352,-0.34251,285.06366,-6.756802,134.010742
-0.2416,-0.560043,-0.6801,-0.406739,284.953583,-7.293863,123.840569
-0.31403,-0.509079,-0.617677,-0.51058,286.674988,-7.58014,106.490402
-0.375986,-0.442788,-0.553168,-0.597135,289.100372,-6.479167,90.237183
-0.445801,-0.34889,-0.457626,-0.685644,291.097412,-4.037449,70.211395
-0.49281,-0.247699,-0.346923,-0.758564,293.065247,-1.940222,50.435535
-0.527078,-0.164687,-0.225665,-0.802579,292.970551,-1.51639,32.413326
-0.54511,-0.092941,-0.131715,-0.822715,292.857391,-0.534502,18.546158
-0.556852,-0.020763,-0.031574,-0.829747,292.269104,0.040537,4.33119
-0.557824,0.068855,0.078471,-0.823362,291.610413,1.480672,-11.894329
-0.545661,0.165267,0.182658,-0.80098,290.525269,3.75053,-28.29332
-0.518854,0.275252,0.27975,-0.759446,288.216156,7.34136,-45.75935
-0.48786,0.356577,0.349261,-0.716139,285.882111,9.784074,-59.392948
-0.459161,0.402695,0.404133,-0.680937,284.956787,10.212305,-69.228233
-0.441303,0.416829,0.432659,-0.666561,285.489532,10.009788,-73.595284
-0.436479,0.417591,0.432688,-0.669236,285.946655,10.440543,-73.652634
-0.431344,0.417637,0.431408,-0.673351,286.51239,10.968064,-73.493393
-0.429248,0.411127,0.429138,-0.680112,287.392792,11.000194,-72.594833
-0.430325,0.401545,0.419104,-0.691322,288.247955,11.215057,-70.574539
-0.441206,0.379585,0.394356,-0.711145,289.183716,11.06342,-65.896393
-0.462878,0.338365,0.355653,-0.738076,290.338562,9.801271,-58.283588
-0.486776,0.290614,0.313206,-0.761896,291.138184,7.927076,-50.132263
-0.515094,0.226363,0.240783,-0.790856,291.660339,6.314692,-38.155308
-0.534276,0.165198,0.181958,-0.80879,292.055237,4.174232,-28.171181
-0.550063,0.079118,0.085306,-0.826974,292.494324,2.121007,-13.196276
-0.546847,-0.002344,-0.010175,-0.837162,293.697205,0.412735,1.123051
-0.544302,-0.03614,-0.032576,-0.837472,293.889526,-1.436606,5.389984
-0.540755,-0.048198,-0.041405,-0.838772,294.253662,-2.067376,6.988239
-0.538837,-0.045042,-0.048751,-0.839786,294.541382,-1.324457,7.495922
-0.536328,-0.043254,-0.049955,-0.841414,294.899628,-1.100355,7.497696
-0.534627,-0.046748,-0.053357,-0.842101,295.091522,-1.242332,8.041075
-0.532467,-0.050314,-0.058549,-0.842918,295.340088,-1.287631,8.761592
-0.532035,-0.048043,-0.060979,-0.843151,295.423492,-0.924168,8.857059
-0.531841,-0.048216,-0.064013,-0.843039,295.446381,-0.756704,9.162309
-0.530964,-0.051009,-0.067705,-0.843139,295.529846,-0.808909,9.692165
-0.515752,-0.061291,-0.080582,-0.85073,297.424408,-1.212634,11.558821
-0.443283,-0.068596,-0.092701,-0.888928,306.730591,-2.27914,13.050033
-0.327019,-0.054496,-0.083782,-0.939713,321.357574,-2.729689,11.146822
-0.212868,-0.045572,-0.087091,-0.97212,335.015594,-2.953446,10.89318
-0.1077,-0.038044,-0.090793,-0.989293,347.270477,-3.19392,10.843617
0.001165,-0.020525,-0.088243,-0.995883,359.925385,-2.354732,10.128692
0.104605,-0.01082,-0.079749,-0.991248,11.876681,-2.185509,8.972019
0.177298,0.000398,-0.042835,-0.98322,20.409132,-0.825479,4.840548
0.184991,0.003569,0.025328,-0.982403,21.305744,0.938758,-2.777103
0.183521,0.006512,0.021537,-0.982754,21.131765,1.186399,-2.28949
0.189805,0.014052,0.023672,-0.981432,21.848333,2.095639,-2.358874
0.197828,0.013441,0.020145,-0.979933,22.793373,1.966368,-1.958935
0.204155,0.015555,0.014319,-0.978706,23.543177,2.079977,-1.242878
0.207693,0.017971,0.003018,-0.97802,23.980309,2.086376,0.08951
0.207281,0.020936,0.003153,-0.978048,23.934847,2.42208,0.144062
0.20936,0.022353,0.002633,-0.977575,24.181637,2.568025,0.241567
0.214656,0.022043,-0.001232,-0.976436,24.811653,2.436798,0.680671
0.219059,0.021406,0.000338,-0.975473,25.324245,2.40195,0.499949
0.216589,0.019655,-0.000571,-0.976061,25.033251,2.184748,0.552091
0.223484,0.020525,-0.001528,-0.974486,25.847122,2.253469,0.696867
0.229136,0.019319,-0.002142,-0.973196,26.511482,2.098721,0.746632
0.229952,0.019286,-0.00557,-0.972991,26.613976,2.00392,1.130018
0.232149,0.020898,-0.009325,-0.972407,26.883686,2.081074,1.596323
0.23307,0.02298,-0.010373,-0.972129,27.000113,2.283436,1.770982
0.235824,0.0232,-0.011141,-0.971451,27.327143,2.282157,1.868932
0.236741,0.02463,-0.024369,-0.97095,27.467134,2.079798,3.383703
0.24256,0.018482,-0.076752,-0.966915,28.158583,-0.085554,9.055504
0.235275,0.024766,-0.143988,-0.960881,27.34676,-1.155064,16.763578
0.222592,0.03708,-0.253453,-0.940655,25.974657,-2.468735,29.589985
0.205952,0.06979,-0.410267,-0.885655,24.993309,-2.600507,49.133682
0.181619,0.090467,-0.525756,-0.826077,23.299435,-2.378922,64.458374
0.16439,0.115208,-0.631859,-0.748632,23.077467,-2.019809,79.917091
0.136538,0.138784,-0.730579,-0.654478,22.431276,-1.022283,96.086655
0.123889,0.149239,-0.768003,-0.610363,22.363686,-0.464899,102.956429
0.118764,0.152486,-0.784489,-0.589247,22.285645,-0.38012,106.102654
0.116047,0.154212,-0.790924,-0.580675,22.254402,-0.25639,107.378952
0.112475,0.153466,-0.796293,-0.574201,21.936647,-0.16529,108.377335
0.111437,0.153003,-0.799045,-0.570694,21.821232,-0.197688,108.891029
0.111123,0.151942,-0.799169,-0.570865,21.699381,-0.236918,108.875931
0.111006,0.150196,-0.797552,-0.573603,21.526701,-0.272705,108.499985
0.109372,0.143218,-0.792347,-0.582842,20.760462,-0.365191,107.257072
0.114092,0.130267,-0.768327,-0.616181,19.926947,-0.847093,102.393089
0.126367,0.108834,-0.704686,-0.689635,19.136244,-1.603741,90.966049
0.131079,0.07914,-0.546436,-0.82338,17.600311,-0.74071,67.025368
0.124483,0.039933,-0.28482,-0.94962,15.021246,0.282551,33.428162
0.135409,0.001055,-0.055139,-0.98925,15.548222,-0.736019,6.280004
0.144265,-0.027075,0.190285,-0.970689,16.880833,0.134095,-22.162111
0.162816,-0.067185,0.406086,-0.896696,20.278728,0.673035,-48.607918
0.197257,-0.102532,0.555682,-0.801116,25.509411,3.149722,-68.779503
0.212365,-0.113809,0.6291,-0.739035,27.345051,5.680398,-79.42849
0.215032,-0.131824,0.684186,-0.684299,28.541126,6.536125,-88.32589
0.211964,-0.130365,0.712062,-0.656533,27.904457,7.509199,-92.778336
0.207872,-0.134043,0.723613,-0.644358,27.756939,7.359468,-94.810387
0.201233,-0.139203,0.729785,-0.638383,27.596252,6.660424,-96.006157
0.203539,-0.133361,0.727345,-0.641676,27.310505,7.177171,-95.415184
0.203359,-0.130006,0.730078,-0.639314,26.984459,7.510376,-95.77919
0.204277,-0.127089,0.731699,-0.637752,26.794046,7.86477,-95.972443
0.208316,-0.126926,0.729721,-0.638743,27.128139,8.156575,-95.635544
0.215289,-0.125764,0.72887,-0.637632,27.605213,8.827065,-95.466599
0.216,-0.125844,0.722479,-0.64461,27.747541,8.619428,-94.386887
0.21639,-0.128743,0.71089,-0.656679,28.1513,7.965267,-92.539497
0.22109,-0.129117,0.678609,-0.688426,28.900013,7.024368,-87.364395
0.227615,-0.109741,0.603719,-0.756085,28.656393,6.250986,-75.614761
0.235855,-0.083988,0.452165,-0.856071,28.74684,3.984834,-54.662899
0.244615,-0.068608,0.305431,-0.917693,29.407387,1.346755,-36.463688
0.243633,-0.043157,0.169265,-0.954003,28.650764,0.007683,-20.120012
0.236673,-0.010185,-0.018826,-0.971349,27.361143,-1.644443,1.820324
0.233011,0.034608,-0.24289,-0.941012,27.1215,-2.754687,28.281313
0.209136,0.071663,-0.437195,-0.871768,25.342154,-3.320438,52.520805
0.202151,0.113768,-0.57141,-0.787194,26.672647,-2.975365,71.244461
0.191493,0.14088,-0.674974,-0.698488,27.29504,-3.537299,87.178703
0.174718,0.146744,-0.719085,-0.65639,26.178865,-3.361279,94.437302
0.172511,0.151411,-0.729954,-0.643797,26.35268,-3.261562,96.413155
0.172223,0.150016,-0.721662,-0.653475,26.245937,-3.01001,94.975082
0.173442,0.14897,-0.713598,-0.66219,26.287697,-2.879966,93.606789
0.175057,0.145781,-0.706176,-0.670381,26.180599,-2.968403,92.288284
0.174138,0.13137,-0.692948,-0.687192,24.972572,-3.484842,89.705597
0.172582,0.090922,-0.668352,-0.717806,21.787724,-5.74856,84.805725
0.151731,0.031493,-0.666831,-0.728913,15.455181,-9.000717,83.682068
0.090235,-0.042463,-0.689851,-0.717044,4.132804,-10.68404,87.398293
0.014644,-0.113382,-0.712414,-0.692379,351.745941,-10.245754,92.374908
-0.070629,-0.168218,-0.735588,-0.652393,340.005402,-6.637086,98.031197
-0.156303,-0.208698,-0.755136,-0.601478,329.782715,-0.859069,103.155769
-0.231722,-0.23426,-0.777797,-0.535211,321.962097,6.29849,108.761955
-0.290417,-0.262428,-0.798282,-0.457741,315.361938,12.910094,115.020416
-0.36134,-0.265913,-0.782038,-0.432589,309.353455,19.578644,112.765678
-0.428239,-0.232595,-0.765381,-0.420351,306.248077,27.386374,108.369316
-0.464299,-0.240914,-0.777894,-0.348223,302.963043,33.680939,113.088348
-0.49744,-0.215222,-0.786696,-0.295522,303.102448,40.954769,115.945984
-0.536374,-0.155004,-0.778116,-0.287758,304.400238,48.203384,112.866356
-0.586811,-0.09407,-0.752755,-0.283118,301.779358,56.117607,105.713524
-0.617488,-0.037538,-0.742895,-0.255731,302.26355,63.930023,104.039207
-0.629097,-0.01269,-0.743429,-0.226672,304.391907,68.376549,106.669113
-0.640864,0.006366,-0.741802,-0.197418,306.231537,72.421204,109.463074
-0.653408,0.044216,-0.736105,-0.171009,311.916199,77.708298,114.306412
-0.667068,0.078464,-0.725764,-0.148737,319.132935,82.572014,120.603027
-0.67301,0.088308,-0.723527,-0.125538,332.313965,84.908302,134.901016
-0.676528,0.085662,-0.722172,-0.115891,334.681183,85.556839,138.279907
-0.676482,0.078109,-0.723055,-0.115997,328.763824,85.128265,132.970337
-0.673499,0.074654,-0.724639,-0.125362,323.381409,84.157219,127.097664
-0.673135,0.075588,-0.723988,-0.130419,321.229706,83.933212,124.453125
-0.672885,0.070944,-0.724317,-0.132472,318.173279,83.494408,121.605759
-0.673873,0.063614,-0.723601,-0.135066,312.925232,82.938004,116.741455
-0.67447,0.061732,-0.72359,-0.133,312.502197,82.97831,116.642471
-0.675795,0.059766,-0.722544,-0.132855,310.444031,82.961792,114.757317
-0.678668,0.058476,-0.719794,-0.133708,306.485168,83.044556,110.834938
-0.681176,0.054547,-0.717236,-0.136338,301.56189,82.748566,106.015594
-0.683161,0.053238,-0.715273,-0.137232,298.675415,82.705101,103.162865
-0.684073,0.05962,-0.71324,-0.140606,297.957336,83.017082,101.647789
-0.683371,0.078876,-0.707991,-0.159762,296.657684,83.14093,97.192642
-0.679239,0.179305,-0.6711,-0.236856,279.073669,85.283325,64.816559
-0.65509,0.323103,-0.597315,-0.331163,215.521072,85.266335,-19.639725
-0.609678,0.444656,-0.518673,-0.401926,191.72818,81.843391,-62.028725
-0.544952,0.540419,-0.443614,-0.462789,187.96701,79.639633,-82.872452
-0.453779,0.622489,-0.365937,-0.522182,185.602448,79.177689,-103.180817
-0.401449,0.664311,-0.318883,-0.543907,183.63707,78.146935,-114.754501
-0.371933,0.686308,-0.292298,-0.552451,182.548813,77.351669,-121.048271
-0.352859,0.697692,-0.278616,-0.557747,181.244308,77.134422,-125.34993
-0.3268,0.711747,-0.260589,-0.564539,179.503799,76.890381,-131.06778
-0.307722,0.71962,-0.243334,-0.572917,180.606201,76.988312,-133.211563
-0.311395,0.713911,-0.252746,-0.574,179.087967,77.681648,-133.600967
-0.324763,0.70371,-0.268237,-0.572155,178.32399,78.375748,-131.817932
-0.336928,0.694652,-0.278946,-0.571068,179.187775,78.919144,-128.917099
-0.353575,0.68281,-0.296859,-0.566234,178.435516,79.478096,-126.546478
-0.401616,0.645369,-0.350672,-0.547014,175.134354,81.012657,-120.366776
-0.451029,0.592405,-0.415892,-0.522164,168.700104,83.628555,-115.544754
-0.508515,0.518949,-0.491508,-0.480121,158.628738,86.556786,-111.312019
-0.549365,0.451495,-0.546979,-0.441765,142.969635,89.155357,-115.363998
-0.590145,0.370522,-0.599897,-0.393139,326.005066,87.990746,80.621918
-0.62311,0.302106,-0.629895,-0.351696,305.340393,85.936775,70.22963
-0.646679,0.234809,-0.659208,-0.303493,302.736481,84.335861,77.931793
-0.665273,0.142002,-0.69378,-0.236451,302.352997,81.996117,91.230911
-0.677812,0.059882,-0.713203,-0.16828,297.393951,80.747406,98.763565
-0.681787,0.010159,-0.722206,-0.116078,296.022186,80.801147,105.746407
-0.678527,-0.047264,-0.730553,-0.060431,296.31723,80.294426,115.246414
-0.673507,-0.1103,-0.730888,-0.004063,292.316681,79.615585,120.968742
-0.659289,-0.178412,-0.728457,0.053372,289.465698,78.399231,128.430313
-0.637292,-0.257659,-0.714616,0.129563,285.131775,77.851112,137.098587
-0.611599,-0.326885,-0.68762,0.215088,281.569458,79.026138,146.857758
-0.581486,-0.386491,-0.659718,0.277961,277.621582,79.140686,153.945847
-0.558597,-0.421431,-0.643775,0.309695,276.013763,78.594383,158.620239
-0.538579,-0.446845,-0.629541,0.337539,275.883026,78.455643,163.646851
-0.530666,-0.453739,-0.626197,0.346963,277.128113,78.368546,166.506592
-0.5263,-0.453569,-0.627008,0.352329,279.901978,78.407158,169.793335
-0.517506,-0.455495,-0.626858,0.362977,284.191559,78.371292,175.339813
-0.507122,-0.463221,-0.621485,0.376831,286.269104,78.364311,179.593781
-0.483517,-0.480511,-0.610404,0.403385,289.76709,77.943718,-172.353607
-0.477629,-0.480731,-0.609909,0.410818,292.795959,77.851662,-168.51268
-0.475442,-0.481102,-0.610719,0.411715,293.423309,77.654869,-167.734329
-0.478958,-0.477112,-0.612801,0.409181,294.018402,77.812866,-167.839584
-0.482513,-0.473545,-0.615451,0.405152,294.10318,77.861374,-168.553894
-0.487874,-0.468301,-0.620515,0.397022,293.7659,77.773407,-170.273117
-0.500563,-0.456448,-0.628855,0.38161,293.164642,77.940773,-173.680206
-0.524945,-0.42714,-0.64965,0.346312,293.684052,77.933929,-179.585312
-0.571619,-0.364907,-0.68115,0.275898,293.80896,78.54245,167.991135
-0.621303,-0.286459,-0.703883,0.190953,291.034088,79.753334,150.659409
-0.68549,-0.126724,-0.715773,0.041292,282.67691,82.646889,116.351807
-0.713016,0.06433,-0.688827,-0.113926,251.240891,85.521706,56.748024
-0.702617,0.245931,-0.62316,-0.239813,195.717972,83.535194,-24.523304
-0.665521,0.378261,-0.543705,-0.34406,195.168182,79.731415,-46.532558
-0.616698,0.470046,-0.47833,-0.41223,196.180923,77.823723,-61.534035
-0.563426,0.546657,-0.412962,-0.461705,196.473389,75.962135,-75.370056
-0.494041,0.616999,-0.33937,-0.509957,198.830154,74.711571,-88.199875
-0.398454,0.685841,-0.245035,-0.5575,202.721695,73.736336,-102.548546
-0.303966,0.732407,-0.163974,-0.586761,204.334381,73.573097,-116.601822
-0.23571,0.763427,-0.091495,-0.594341,206.911179,71.916245,-125.988525
-0.159598,0.785211,-0.022368,-0.597883,208.729416,71.096832,-136.278732
-0.126367,0.787279,-0.003912,-0.60349,208.322647,72.029961,-140.972641
-0.121015,0.784067,-0.003735,-0.608746,208.661499,72.842949,-141.100327
-0.127965,0.7805,-0.01138,-0.611806,208.932449,73.323837,-139.635239
-0.144189,0.774139,-0.028442,-0.615712,209.070572,74.048637,-136.766785
-0.175788,0.762441,-0.058961,-0.619917,209.702545,75.023048,-131.019257
-0.227448,0.746502,-0.109244,-0.615678,208.214294,75.674301,-124.015991
-0.227484,0.745866,-0.113683,-0.615632,207.079224,75.949036,-124.783066
-0.281082,0.725554,-0.164118,-0.606318,205.965164,76.432465,-117.066002
-0.437286,0.632962,-0.341059,-0.540196,192.486008,79.151039,-100.38559
-0.535645,0.511318,-0.488247,-0.461785,177.281479,84.437965,-89.800186
-0.594007,0.435544,-0.538061,-0.409804,192.041824,85.003029,-61.451767
-0.642643,0.370536,-0.55827,-0.371536,212.389618,83.154961,-31.032049
-0.691738,0.29571,-0.570668,-0.329215,221.803955,79.805084,-10.867109
-0.742867,0.22242,-0.559447,-0.292728,222.553513,74.029991,-0.609198
-0.790903,0.127858,-0.54037,-0.257132,223.422012,67.001228,11.163969
-0.831095,0.041289,-0.504698,-0.229889,221.495346,59.080132,18.544407
-0.855673,-0.016255,-0.470076,-0.215823,219.602386,52.886921,22.481401
-0.874159,-0.073979,-0.43138,-0.21042,218.678741,46.307373,26.746243
-0.884709,-0.172735,-0.382639,-0.202564,218.12619,37.3778,35.429607
-0.888271,-0.235041,-0.33001,-0.216368,218.080429,28.984068,39.836708
-0.898593,-0.233894,-0.278374,-0.24561,218.278336,22.668324,37.13773
-0.904152,-0.239032,-0.22434,-0.273926,218.807388,15.945356,35.265335
-0.914017,-0.231031,-0.172359,-0.28545,217.720291,10.555191,31.984964
-0.927914,-0.214781,-0.128246,-0.276386,214.896805,6.850427,28.220346
-0.930567,-0.222559,-0.105182,-0.271,213.555862,4.308766,28.200457
-0.932324,-0.21828,-0.087029,-0.27485,213.434708,2.423735,27.081921
-0.934265,-0.210262,-0.081995,-0.276057,213.413788,2.12735,26.005285
-0.935355,-0.204876,-0.088088,-0.274533,213.395828,2.997781,25.608635
-0.937399,-0.196826,-0.097267,-0.270321,213.138565,4.355429,25.012503
-0.938627,-0.19459,-0.101788,-0.265979,212.751968,5.02375,24.901522
-0.937411,-0.200175,-0.101503,-0.266232,212.797806,4.802104,25.521629
-0.937913,-0.199333,-0.103786,-0.264209,212.625305,5.126438,25.49795
-0.937576,-0.199702,-0.109638,-0.262758,212.631866,5.776119,25.740297
-0.937645,-0.201773,-0.113393,-0.259314,212.356094,6.199991,26.0888
-0.938227,-0.200968,-0.115496,-0.256894,212.13446,6.515257,26.058247
-0.938131,-0.202821,-0.115764,-0.255664,212.010681,6.516836,26.269876
-0.934902,-0.218081,-0.119505,-0.253198,211.934128,6.489203,28.119032
-0.915106,-0.288566,-0.133713,-0.247837,212.244278,5.836473,36.69199
-0.876858,-0.384707,-0.157128,-0.241711,213.160599,5.139522,48.908215
-0.796494,-0.534006,-0.179594,-0.219484,212.831375,2.962314,68.551865
-0.708073,-0.653374,-0.185481,-0.193195,211.064056,0.585088,85.560692
-0.65036,-0.715285,-0.173261,-0.18807,209.535324,-2.503595,94.783226
-0.586628,-0.772539,-0.166194,-0.177267,207.789017,-4.525537,104.457016
-0.491187,-0.839227,-0.161339,-0.168508,206.088043,-7.142532,117.663094
-0.412663,-0.882733,-0.164869,-0.152648,204.8862,-7.667522,128.194733
-0.322056,-0.921647,-0.175868,-0.126134,204.100113,-6.847272,140.013931
-0.255773,-0.94446,-0.182334,-0.096552,203.289581,-5.112227,148.63945
-0.246943,-0.94697,-0.185499,-0.088599,203.34288,-4.369338,149.865479
-0.250652,-0.946731,-0.184131,-0.083432,203.036407,-3.765319,149.573959
-0.257732,-0.944981,-0.182814,-0.084588,202.951706,-3.763287,148.724091
-0.265437,-0.942095,-0.185809,-0.086408,203.377655,-3.679024,147.767776
-0.283625,-0.936332,-0.186001,-0.090748,203.617371,-3.694193,145.522842
-0.337664,-0.91708,-0.184789,-0.103883,204.203278,-3.769656,138.764343
-0.415547,-0.88303,-0.179821,-0.123433,204.907242,-3.930245,128.728683
-0.514331,-0.823975,-0.182479,-0.15239,207.283737,-3.636298,115.171417
-0.642734,-0.723452,-0.177531,-0.178843,209.14328,-1.751195,96.306824
-0.711771,-0.652435,-0.171713,-0.195492,210.157761,-0.610283,84.85408
-0.736538,-0.625936,-0.16626,-0.195102,209.7052,0.038463,80.727837
-0.78445,-0.566192,-0.157276,-0.198295,209.296097,1.272291,71.973259
-0.856808,-0.449493,-0.146326,-0.205951,209.046066,3.761311,56.338554
-0.912047,-0.32764,-0.130577,-0.209196,208.006027,5.802698,40.968143
-0.950953,-0.188268,-0.113677,-0.217515,207.430389,7.718163,24.283171
-0.968907,-0.084664,-0.09728,-0.211141,205.510635,8.786796,11.980512
-0.976819,0.028767,-0.06808,-0.200884,203.120209,8.311903,-1.670696
-0.968742,0.164455,-0.038071,-0.181754,200.041061,7.674339,-17.911362
-0.949931,0.264616,-0.015205,-0.165441,197.96077,6.686878,-30.073566
-0.920701,0.360341,0.010618,-0.149473,196.498993,5.058359,-42.014278
-0.883257,0.445902,0.032788,-0.141228,196.222595,3.900712,-53.0163
-0.849711,0.508514,0.045919,-0.131482,195.6978,3.192163,-61.356697
-0.800642,0.585664,0.058598,-0.111931,194.361694,2.136223,-72.100746
-0.739316,0.662286,0.068902,-0.100169,193.856628,1.765,-83.493576
-0.693679,0.71162,0.076036,-0.081343,192.772552,0.589069,-91.396515
-0.678165,0.727104,0.0775,-0.073462,192.259567,0.098168,-93.978073
-0.682862,0.722578,0.076667,-0.075464,192.348694,0.249261,-93.209961
-0.694999,0.710807,0.072751,-0.080182,192.409332,0.737033,-91.207901
-0.701484,0.703241,0.069153,-0.092639,193.141525,1.906868,-89.923141
-0.708439,0.695725,0.066712,-0.098097,193.416183,2.405598,-88.678993
-0.717025,0.687008,0.064947,-0.098335,193.324051,2.405808,-87.269012
-0.765943,0.630633,0.052147,-0.113602,193.903091,3.634965,-78.488335
-0.828207,0.543672,0.022677,-0.134054,194.368881,6.211594,-65.781151
-0.891869,0.419109,-0.017771,-0.169092,196.925735,9.987603,-48.849655
-0.928967,0.308854,-0.05216,-0.19723,200.030212,12.635084,-34.540401
-0.946342,0.226962,-0.074681,-0.217575,202.91037,13.893025,-24.144287
-0.954425,0.162144,-0.089052,-0.234188,205.556564,14.236857,-16.038605
-0.960903,0.076489,-0.099568,-0.246764,208.134491,13.24402,-5.769754
-0.961516,-0.015281,-0.101056,-0.255016,210.152969,10.750953,4.725064
-0.949821,-0.137533,-0.11654,-0.255605,211.57579,8.689292,18.939289
-0.925356,-0.260087,-0.136151,-0.239844,211.259949,7.308652,33.444958
-0.872514,-0.405554,-0.167972,-0.214528,210.948181,6.840832,51.754547
-0.836566,-0.472972,-0.186261,-0.204339,211.449417,6.796685,60.880619
-0.797263,-0.536211,-0.196079,-0.195947,211.701248,5.883992,69.518379
-0.744318,-0.611283,-0.200162,-0.179588,210.906158,4.497187,80.033524
-0.707546,-0.654656,-0.207271,-0.166838,210.590775,4.293456,86.727287
-0.694907,-0.669136,-0.211587,-0.156792,210.189377,4.832096,89.138824
-0.696181,-0.669646,-0.208289,-0.153339,209.619476,4.8558,89.058098
-0.696045,-0.670192,-0.203395,-0.158069,209.599258,4.086948,88.911667
-0.674479,-0.685613,-0.16771,-0.216511,211.556702,-4.051447,89.792336
-0.633401,-0.711689,-0.128939,-0.275079,213.121567,-13.191182,92.723007
-0.555234,-0.743715,-0.093767,-0.360281,216.739944,-25.57979,97.889618
-0.468945,-0.768063,-0.063226,-0.431467,218.999313,-37.12022,103.625443
-0.37227,-0.773474,-0.039274,-0.51147,222.988449,-49.638733,107.952942
-0.273886,-0.7529,-0.017642,-0.598172,231.302994,-63.007145,107.21698
-0.15989,-0.729388,-0.010348,-0.665066,243.17897,-75.21125,104.575562
-0.065328,-0.696953,-0.016424,-0.71394,279.749512,-83.226303,76.272179
-0.003881,-0.679002,-0.052325,-0.732253,315.416138,-83.718781,48.509563
0.056182,-0.664869,-0.071732,-0.741377,353.708038,-83.666489,16.685045
0.103578,-0.660346,-0.068574,-0.740611,30.56983,-82.896378,-16.555817
0.142221,-0.657443,-0.073035,-0.736343,50.028561,-81.486084,-32.465733
0.1569,-0.652679,-0.089294,-0.735806,49.178284,-81.306557,-29.065123
0.15554,-0.650201,-0.10039,-0.736858,42.92981,-81.666473,-22.017962
0.154828,-0.651763,-0.10712,-0.734677,40.616985,-82.239342,-19.215309
0.162793,-0.647744,-0.112063,-0.735772,41.193016,-81.757187,-18.717129
0.163612,-0.646829,-0.112448,-0.736336,41.042366,-81.635483,-18.46504
0.167683,-0.647322,-0.114407,-0.734684,42.914658,-81.698326,-19.838308
0.171152,-0.647574,-0.119868,-0.732789,42.948017,-81.931213,-19.134235
0.170277,-0.646645,-0.124669,-0.733011,39.90678,-82.076279,-15.769288
0.170356,-0.647131,-0.127272,-0.732116,39.062706,-82.27005,-14.705336
0.170669,-0.647748,-0.131093,-0.730822,37.82185,-82.534966,-13.124816
0.172916,-0.646034,-0.133905,-0.731302,37.145241,-82.392952,-12.025561
0.175382,-0.646208,-0.13513,-0.730334,38.283394,-82.434341,-12.857127
0.176588,-0.645923,-0.136103,-0.730115,38.485622,-82.421272,-12.877635
0.179047,-0.646276,-0.135525,-0.729311,40.544365,-82.394447,-14.779027
0.17918,-0.646288,-0.13554,-0.729264,40.631435,-82.394264,-14.853826
0.18206,-0.646906,-0.138682,-0.72741,41.456345,-82.581299,-15.17942
0.186149,-0.646212,-0.145071,-0.725744,40.89146,-82.738258,-13.742711
0.187943,-0.645566,-0.147634,-0.72534,40.563789,-82.749153,-13.051174
0.187587,-0.645206,-0.146536,-0.725975,40.639004,-82.649956,-13.24641
0.188762,-0.644942,-0.147493,-0.725711,40.850849,-82.641899,-13.279948
0.190409,-0.646139,-0.150506,-0.723594,41.23592,-82.931671,-13.279564
0.197099,-0.645144,-0.157474,-0.721204,42.068916,-83.042664,-12.970284
0.248752,-0.630371,-0.209999,-0.704732,46.491726,-83.197639,-8.562137
0.329828,-0.606322,-0.29448,-0.660954,59.134583,-84.720474,-6.676357
0.415056,-0.5687,-0.371495,-0.60522,83.853226,-85.386841,-16.199898
0.52872,-0.494497,-0.470867,-0.504186,125.523582,-85.239883,-35.463673
0.582714,-0.439717,-0.532553,-0.428337,154.890137,-85.824821,-50.672146
0.599999,-0.410719,-0.561246,-0.395355,166.861115,-86.613716,-56.385334
0.600349,-0.399044,-0.574565,-0.387571,170.187286,-87.701347,-57.780643
0.599276,-0.395005,-0.579451,-0.386092,170.679062,-88.223366,-57.725449
0.588475,-0.406418,-0.573138,-0.400032,167.838226,-88.633842,-57.357742
0.550678,-0.449047,-0.54564,-0.444274,184.271881,-89.390907,-82.576408
0.53336,-0.468274,-0.537067,-0.455848,245.780228,-88.924072,-147.399368
0.50788,-0.496512,-0.514018,-0.480948,247.781067,-88.624847,-155.244507
0.467253,-0.532861,-0.476551,-0.520215,258.17218,-88.707298,-174.455002
0.378287,-0.586696,-0.386324,-0.602853,6.287305,-88.519585,59.162586
0.277374,-0.632405,-0.297412,-0.659292,347.289734,-87.272644,60.676022
0.223058,-0.650554,-0.246741,-0.682741,343.061218,-86.753334,55.750286
0.168999,-0.665373,-0.179769,-0.704552,358.912476,-86.69915,29.650312
0.113679,-0.674473,-0.106498,-0.721674,17.614326,-86.123688,0.311556
0.030482,-0.675869,-0.005076,-0.736369,24.223505,-84.676125,-21.335022
-0.068898,-0.655479,0.108916,-0.74413,17.055891,-82.109215,-31.533932
-0.134044,-0.636994,0.177879,-0.737985,10.682013,-81.067169,-36.242859
-0.18909,-0.61394,0.249381,-0.724654,10.434869,-79.768837,-46.706078
-0.244803,-0.590193,0.317668,-0.700588,9.881186,-79.26384,-56.969868
-0.29084,-0.555244,0.393105,-0.672738,11.919847,-77.350838,-70.150131
-0.327287,-0.521437,0.455555,-0.642999,12.625298,-75.641273,-80.448296
-0.363457,-0.497218,0.469872,-0.632365,1.799598,-76.025345,-74.632339
-0.382795,-0.484682,0.484466,-0.619545,358.86557,-76.280113,-75.15593
-0.386826,-0.467565,0.510626,-0.609099,1.36349,-74.716591,-80.987442
-0.382702,-0.466276,0.52025,-0.604531,4.714094,-74.145432,-84.990387
-0.378767,-0.469331,0.521846,-0.603269,6.871641,-74.066422,-86.907036
-0.368812,-0.477804,0.514075,-0.609425,8.742635,-74.063431,-86.897423
-0.362083,-0.482904,0.5067,-0.615587,9.124361,-74.044029,-85.802528
-0.35135,-0.489765,0.495111,-0.625732,9.404481,-73.912094,-83.786423
-0.328973,-0.510589,0.469428,-0.640863,12.416963,-74.427849,-81.88868
-0.279849,-0.550354,0.412441,-0.669835,18.409019,-75.4972,-77.544449
-0.197028,-0.603742,0.305357,-0.709524,24.748268,-77.705811,-66.613754
-0.120196,-0.637537,0.213203,-0.730504,31.317654,-79.326515,-58.706745
-0.065751,-0.652076,0.149502,-0.740348,34.708076,-80.125465,-52.27977
0.001526,-0.666816,0.075947,-0.741335,43.090496,-81.278343,-49.136578
0.049437,-0.680727,0.024007,-0.730467,56.927311,-82.804237,-54.856506
0.100867,-0.68416,-0.034399,-0.721498,66.175919,-83.815346,-55.17532
0.10458,-0.677419,-0.040073,-0.727016,58.328594,-83.39901,-46.56102
0.108908,-0.675662,-0.044237,-0.727774,57.36879,-83.262482,-44.907513
0.110429,-0.673123,-0.046413,-0.72976,54.882256,-83.066048,-42.118145
0.112028,-0.669239,-0.048453,-0.732948,51.472027,-82.698563,-38.408516
0.114271,-0.657659,-0.053597,-0.742662,42.356838,-81.526802,-28.681364
0.131585,-0.613474,-0.067885,-0.775705,29.609518,-75.839661,-13.265778
0.166863,-0.520212,-0.097111,-0.831924,23.66041,-63.89146,-1.566453
0.185779,-0.396417,-0.132248,-0.889293,20.092319,-48.955425,7.694936
0.211068,-0.30998,-0.173625,-0.910609,21.060677,-39.630535,13.925944
0.242845,-0.246164,-0.216578,-0.912971,23.876995,-33.688011,19.364824
0.271294,-0.176133,-0.261985,-0.909248,26.893946,-27.545109,25.43848
0.284462,-0.129821,-0.322033,-0.893596,27.835855,-24.533611,33.467644
0.291067,-0.089282,-0.388384,-0.869746,28.209358,-22.420288,42.424053
0.292332,-0.081257,-0.410017,-0.860127,28.133911,-22.302975,45.317802
0.294073,-0.070989,-0.407101,-0.861825,28.797832,-21.210484,45.064682
0.292341,-0.06481,-0.410316,-0.861376,28.76177,-20.582548,45.610184
0.289208,-0.066593,-0.408761,-0.863036,28.362778,-20.571659,45.435886
0.28691,-0.069417,-0.409865,-0.863056,27.961954,-20.79406,45.574566
0.286828,-0.066979,-0.410672,-0.862893,28.029696,-20.559229,45.717571
0.286508,-0.063382,-0.415532,-0.860942,28.028221,-20.318842,46.406303
0.283772,-0.06653,-0.414612,-0.862054,27.607058,-20.488235,46.286148
0.281241,-0.068447,-0.415925,-0.8621,27.209377,-20.607712,46.4716
0.27997,-0.068527,-0.412771,-0.864021,27.129246,-20.459461,46.083988
0.278622,-0.069115,-0.412413,-0.864581,26.958313,-20.446045,46.052368
0.276936,-0.068986,-0.413031,-0.864838,26.75547,-20.370506,46.162937
0.276721,-0.069216,-0.413652,-0.864591,26.707809,-20.402908,46.243782
0.276505,-0.071356,-0.416178,-0.863274,26.540947,-20.692335,46.545483
0.275028,-0.073024,-0.423621,-0.859979,26.134073,-21.015039,47.518841
0.276538,-0.06567,-0.454009,-0.844442,25.916531,-21.223701,51.591331
0.276169,-0.02325,-0.564678,-0.777381,25.468252,-20.367527,67.338478
0.274511,0.01541,-0.678722,-0.680981,24.94405,-20.587929,85.208214
0.272742,0.034908,-0.738752,-0.615329,24.523596,-21.101337,95.779495
0.272063,0.058542,-0.783821,-0.555131,24.986738,-21.192352,104.637222
0.265703,0.081464,-0.823644,-0.494336,25.145485,-20.925156,113.339996
0.249954,0.136566,-0.882671,-0.37384,27.061161,-19.824947,129.27507
0.230387,0.163869,-0.91922,-0.274034,26.97114,-19.496023,142.081009
0.219728,0.182657,-0.933178,-0.218005,27.561964,-19.296104,148.925781
0.217222,0.19105,-0.935799,-0.201462,28.127819,-19.24288,150.837418
0.215652,0.189325,-0.93523,-0.207333,27.968962,-18.957178,150.238174
0.21347,0.189,-0.934904,-0.211321,27.912449,-18.618671,149.860443
0.214066,0.180897,-0.928809,-0.242401,27.555422,-18.056402,146.283646
0.216704,0.165764,-0.912539,-0.304675,27.049141,-17.12709,138.924988
0.225865,0.143426,-0.875949,-0.401397,26.788433,-16.293062,126.856506
0.231127,0.12044,-0.818723,-0.511624,26.652348,-14.786479,112.475708
0.22104,0.107982,-0.772557,-0.585346,25.837711,-12.422473,102.839005
0.216038,0.089202,-0.721196,-0.652103,24.738993,-11.260749,93.282799
0.195428,0.05947,-0.596823,-0.775929,22.212629,-8.10471,73.53894
0.190042,0.034363,-0.531705,-0.824612,20.715561,-8.361612,64.096077
0.195996,0.000462,-0.449845,-0.871331,20.326458,-10.109461,52.794937
0.18806,-0.033257,-0.304541,-0.933153,19.633837,-10.172502,34.383957
0.171169,-0.061405,-0.140864,-0.97318,18.687267,-9.656429,14.879662
0.165853,-0.083056,-0.011707,-0.982573,19.184191,-9.619256,-0.264021
0.164218,-0.101673,0.129312,-0.972608,20.486477,-8.934472,-16.764086
0.154453,-0.12243,0.216932,-0.956079,20.697351,-9.618841,-27.327873
0.149145,-0.145916,0.301398,-0.930385,21.818567,-10.463687,-37.921276
0.134281,-0.175467,0.37728,-0.899351,22.509142,-12.373871,-47.987572
0.127785,-0.182071,0.379971,-0.89785,22.206879,-13.287408,-48.494884
0.132498,-0.184014,0.358227,-0.905676,22.51231,-13.79124,-45.918407
0.13649,-0.18666,0.340526,-0.911352,22.827564,-14.315987,-43.880703
0.13927,-0.187558,0.329246,-0.914885,23.010956,-14.565112,-42.565117
0.1396,-0.187085,0.321512,-0.917678,22.907642,-14.69067,-41.608166
0.140781,-0.187564,0.316013,-0.919308,22.978771,-14.825802,-40.970322
0.139863,-0.185109,0.306827,-0.92305,22.619368,-14.827108,-39.755173
0.138506,-0.185695,0.301504,-0.92489,22.414051,-15.068591,-39.112682
0.143663,-0.184696,0.291399,-0.927538,22.790367,-15.004754,-37.922226
0.151776,-0.183185,0.257167,-0.936624,23.115362,-15.372149,-33.868042
0.159799,-0.177298,0.165886,-0.956819,22.367907,-16.634583,-22.982527
0.164579,-0.164894,0.058379,-0.970725,20.808588,-17.51268,-10.123096
0.168905,-0.155795,-0.028596,-0.972817,19.670597,-18.22682,0.181484
0.170276,-0.155565,-0.084335,-0.969374,18.781483,-19.288347,6.724667
0.16895,-0.157427,-0.103119,-0.967487,18.242554,-19.844034,8.950247
0.171059,-0.154689,-0.110753,-0.966714,18.353941,-19.692411,9.859104
0.175797,-0.145742,-0.173868,-0.957923,17.715618,-19.898169,17.443066
0.184212,-0.142264,-0.244988,-0.941169,17.2607,-20.980436,25.961012
0.197307,-0.132079,-0.316688,-0.918328,17.44043,-21.564764,34.707233
0.203206,-0.128366,-0.350801,-0.905075,17.43565,-22.020014,38.953934
0.212197,-0.117909,-0.395425,-0.885833,17.769016,-22.130152,44.608543
0.215389,-0.105517,-0.428651,-0.871048,17.83803,-21.621567,48.971066
0.221837,-0.095826,-0.472973,-0.847287,17.900513,-21.853161,54.858864
0.22843,-0.086282,-0.513664,-0.822506,18.056677,-22.123716,60.411495
0.233563,-0.070135,-0.567544,-0.786394,18.086279,-22.050423,68.083534
0.2308,-0.067301,-0.581717,-0.777046,17.590544,-21.907635,70.207993
0.22999,-0.069606,-0.585116,-0.774526,17.2598,-22.145832,70.735519
0.226518,-0.07014,-0.585876,-0.774927,16.85466,-21.970575,70.886398
0.22287,-0.073209,-0.573999,-0.784529,16.620972,-21.760279,69.165085
0.220352,-0.078944,-0.562369,-0.793061,16.320101,-21.903997,67.502502
0.216267,-0.083574,-0.551511,-0.801294,15.910468,-21.86875,65.98394
0.205274,-0.112784,-0.495401,-0.836488,14.58645,-23.083401,58.276737
0.172225,-0.170433,-0.477573,-0.844516,8.25884,-26.895647,56.997696
0.098745,-0.222128,-0.520902,-0.818267,355.473206,-27.800457,66.081261
-0.071353,-0.292747,-0.543163,-0.783693,332.289764,-22.416355,75.045769
-0.231551,-0.338365,-0.572808,-0.709772,312.818939,-12.418756,83.249207
-0.336668,-0.343152,-0.595717,-0.64344,302.563477,-2.319866,86.859665
-0.411459,-0.32893,-0.641876,-0.557221,296.803558,9.301985,92.34613
-0.480755,-0.287363,-0.657209,-0.504346,293.359467,20.002007,91.7687
-0.52654,-0.236497,-0.670719,-0.465781,292.442535,29.078615,90.75985
-0.566878,-0.189471,-0.68841,-0.410893,291.446869,38.666355,91.439629
-0.594677,-0.136406,-0.708475,-0.354695,292.554932,48.23325,93.536362
-0.626027,-0.085491,-0.707017,-0.317648,291.237946,56.192463,91.479225
-0.643711,-0.044523,-0.710264,-0.281371,291.463318,62.79237,91.61879
-0.656466,-0.001913,-0.717745,-0.232125,294.181335,70.298759,95.161079
-0.667115,0.041976,-0.720156,-0.185909,299.556335,77.543922,100.898895
-0.674369,0.085694,-0.718188,-0.148598,314.408325,83.780853,115.306816
-0.674195,0.119161,-0.716905,-0.131532,354.061676,86.388977,153.627579
-0.668311,0.117521,-0.72201,-0.135067,352.201355,85.415245,151.605347
-0.663442,0.105892,-0.726362,-0.144987,338.376648,83.990417,137.910248
-0.662865,0.088395,-0.726267,-0.159137,321.970001,82.293297,121.761917
-0.657764,0.103135,-0.728371,-0.161795,331.098663,82.553131,129.456924
-0.657949,0.106121,-0.727631,-0.162439,332.022125,82.731644,130.082428
-0.659041,0.101516,-0.728026,-0.159151,330.764008,82.70752,129.476425
-0.660787,0.094189,-0.727178,-0.160287,325.514191,82.399788,124.734322
-0.665987,0.093341,-0.722802,-0.159054,321.144501,82.952911,120.542892
-0.667429,0.120303,-0.715309,-0.168497,326.607422,84.488289,123.011574
-0.667571,0.12642,-0.716297,-0.158989,337.891541,85.24408,134.583084
-0.666381,0.111631,-0.72394,-0.1392,344.632812,84.821838,144.17746
-0.666308,0.119498,-0.72383,-0.13348,356.651337,85.196373,156.021744
-0.666034,0.120328,-0.721437,-0.146424,345.66037,85.030869,143.893021
-0.675356,0.11003,-0.709733,-0.167504,312.211884,84.566536,109.549995
-0.680222,0.120339,-0.705786,-0.157079,316.143463,86.365089,113.504776
-0.675961,0.13899,-0.706631,-0.156281,342.63858,87.137482,138.524902
-0.676328,0.132997,-0.709372,-0.147223,348.136475,87.07531,145.268478
-0.676038,0.128231,-0.711576,-0.142057,349.76123,86.901237,147.713364
-0.676569,0.135527,-0.708019,-0.150289,346.516907,87.175133,143.186234
-0.672217,0.228258,-0.669772,-0.217759,121.519424,89.096481,-95.244965
-0.631952,0.413311,-0.553814,-0.350845,174.15976,81.884026,-71.436188
-0.585685,0.512721,-0.468638,-0.417684,182.351944,77.757721,-80.50045
-0.520481,0.611915,-0.370254,-0.466436,186.362473,72.991203,-94.521271
-0.475587,0.661333,-0.312265,-0.488813,189.019897,70.657341,-102.156097
-0.455215,0.6786,-0.29037,-0.497954,190.018677,70.082512,-105.254639
-0.451981,0.679331,-0.291403,-0.499299,189.490433,70.355293,-106.027237
-0.456431,0.673184,-0.297665,-0.499881,189.758453,70.86541,-104.770645
-0.483211,0.648748,-0.329496,-0.486886,187.931915,71.835258,-100.888199
-0.537664,0.582416,-0.405501,-0.45527,183.840195,75.096077,-91.621696
-0.599858,0.461516,-0.526663,-0.387028,171.487335,81.527245,-82.48735
-0.64513,0.327046,-0.621672,-0.300606,157.939102,87.126282,-74.768639
-0.666151,0.235173,-0.666822,-0.237227,307.489441,89.711281,88.430641
-0.670411,0.130606,-0.711711,-0.164165,332.94046,85.680855,128.859695
-0.658432,-0.023968,-0.749745,-0.061381,318.453522,79.85627,135.409653
-0.640593,-0.186551,-0.744447,0.02509,294.060303,74.394493,131.436371
-0.608849,-0.289628,-0.73075,0.10684,287.21109,72.123573,140.18486
-0.570005,-0.363385,-0.715021,0.178275,285.217743,70.855919,150.930878
-0.539393,-0.410983,-0.695278,0.238177,284.317383,71.054802,159.786819
-0.503592,-0.453941,-0.676303,0.28799,283.980103,70.496758,168.305496
-0.50273,-0.455098,-0.674112,0.292769,284.117279,70.781456,168.989166
-0.50977,-0.445286,-0.679361,0.283398,284.830261,70.912926,167.830215
-0.521804,-0.427736,-0.689514,0.263297,285.858948,70.878281,165.267731
-0.534208,-0.410799,-0.696661,0.24601,286.504486,71.163826,162.675552
-0.54737,-0.391135,-0.704018,0.227485,287.440765,71.56295,160.052338
-0.552051,-0.376566,-0.710164,0.221576,290.214539,71.984009,160.926361
-0.56514,-0.358846,-0.714716,0.202531,290.052887,72.398849,157.420715
-0.591767,-0.313232,-0.725513,0.159122,291.224915,73.406273,150.679626
-0.65531,-0.166934,-0.735771,0.036542,293.353729,77.558342,129.997604
-0.67737,-0.035674,-0.733004,-0.050929,303.333557,81.648796,122.094101
-0.683468,0.092549,-0.712408,-0.129513,317.093048,86.188438,119.013428
-0.676488,0.204952,-0.677579,-0.203068,76.844452,89.711281,-136.736832
-0.664253,0.280793,-0.643082,-0.257606,154.784058,87.445038,-69.977158
-0.649836,0.360134,-0.596935,-0.302783,160.69014,83.670395,-75.306923
-0.628605,0.432596,-0.548599,-0.341684,164.683731,80.172447,-81.982368
-0.605068,0.488585,-0.501784,-0.378658,171.295151,77.752411,-84.861977
-0.574852,0.547509,-0.447253,-0.411989,176.466263,74.87188,-89.912788
-0.541906,0.592873,-0.399698,-0.441671,180.937119,73.118347,-94.446609
-0.502198,0.637355,-0.345744,-0.4712,185.864899,71.424812,-99.308182
-0.465895,0.671919,-0.295283,-0.494233,190.702682,69.936096,-103.028664
-0.441714,0.69179,-0.260461,-0.508397,194.333359,68.988174,-105.005142
-0.432254,0.697334,-0.250116,-0.514116,195.439194,68.947037,-105.776909
-0.44169,0.687812,-0.268903,-0.509418,193.394531,69.769989,-105.222977
-0.494862,0.638575,-0.337203,-0.483342,188.881836,71.996567,-97.99176
-0.540253,0.585861,-0.404255,-0.448847,182.396042,74.306709,-92.820862
-0.596211,0.44113,-0.544691,-0.391459,172.168396,84.194107,-80.06884
-0.624943,0.239483,-0.692787,-0.268574,357.874512,84.011528,135.702728
-0.632223,0.205697,-0.707475,-0.239696,354.07547,83.301247,137.293625
-0.636948,0.148063,-0.734331,-0.182001,354.319733,81.633179,147.25119
-0.633785,0.07346,-0.761807,-0.112079,350.786041,79.146141,155.639648
-0.633401,0.054516,-0.766321,-0.092604,350.010162,78.776016,158.00946
-0.640165,0.042058,-0.762265,-0.085809,345.4953,79.473053,155.07579
-0.652799,0.023063,-0.752822,-0.08107,334.124939,80.617615,145.650726
-0.670196,-0.006562,-0.737467,-0.083245,309.951324,80.895432,123.71489
-0.697806,-0.047443,-0.710509,-0.077361,277.026306,79.819107,94.592247
-0.728115,-0.101194,-0.673762,-0.075133,251.801025,75.004593,73.93103
-0.756601,-0.151747,-0.630696,-0.082115,238.82869,68.348961,64.575378
-0.785021,-0.196807,-0.580143,-0.091847,230.236755,61.008965,59.029636
-0.811766,-0.225847,-0.52673,-0.112149,225.002792,53.5625,54.713299
-0.830422,-0.261766,-0.474744,-0.128402,221.812866,46.158039,53.481415
-0.836747,-0.310746,-0.4304,-0.134309,219.675827,39.553574,55.529491
-0.843495,-0.337515,-0.393553,-0.140381,217.670898,34.691578,55.779625
-0.861414,-0.329544,-0.351622,-0.160375,215.921661,30.005482,51.799896
-0.890215,-0.284136,-0.297754,-0.195237,214.697113,24.783043,43.256355
-0.907892,-0.241146,-0.257457,-0.22647,214.991547,20.993477,36.434605
-0.909408,-0.255792,-0.24048,-0.222955,213.955032,18.864302,37.226467
-0.912626,-0.26622,-0.223991,-0.214616,212.324646,17.131725,37.523663
-0.919601,-0.26514,-0.200195,-0.20964,210.585571,14.894027,36.260338
-0.92107,-0.268211,-0.189127,-0.209563,210.110199,13.64963,36.158016
-0.923613,-0.260933,-0.184684,-0.211509,210.039658,13.342599,35.146378
-0.925648,-0.255121,-0.188703,-0.206087,209.520142,14.134004,34.559071
-0.924573,-0.260122,-0.195756,-0.19792,208.970123,15.011648,35.325855
-0.925203,-0.258113,-0.195711,-0.197653,208.908279,15.07667,35.083191
-0.925526,-0.257039,-0.194404,-0.198823,208.968079,14.930198,34.919319
-0.926322,-0.254674,-0.193299,-0.199239,208.932419,14.870281,34.601509
-0.927492,-0.251416,-0.192646,-0.198563,208.779343,14.922464,34.18214
-0.928584,-0.248879,-0.193322,-0.195983,208.475876,15.157825,33.874695
-0.929022,-0.248071,-0.192609,-0.195632,208.392761,15.118421,33.74622
-0.930349,-0.244364,-0.192852,-0.193744,208.131638,15.316547,33.292522
-0.928589,-0.250267,-0.195022,-0.192475,208.168365,15.417446,34.057049
-0.891303,-0.354435,-0.209615,-0.189758,210.092896,13.836152,47.10733
-0.845899,-0.444235,-0.229337,-0.185761,212.100464,12.882319,59.133789
-0.785198,-0.542267,-0.240003,-0.178327,213.344391,10.573591,72.43322
-0.729836,-0.617835,-0.240189,-0.167092,213.120331,8.28671,82.96608
-0.668519,-0.68851,-0.235793,-0.153067,212.158463,5.997715,93.417809
-0.602793,-0.75002,-0.236503,-0.134795,211.269104,4.756795,103.753647
-0.550683,-0.790103,-0.2419,-0.118161,210.932358,4.571361,111.513901
-0.484038,-0.832923,-0.250209,-0.096617,210.79953,4.661724,120.959862
-0.396653,-0.876865,-0.258872,-0.082164,211.342377,3.512782,132.305847
-0.321191,-0.907722,-0.25953,-0.074257,211.273788,1.828509,141.539627
-0.268987,-0.925654,-0.257877,-0.06559,210.848755,0.991435,147.866547
-0.225814,-0.937359,-0.258424,-0.0598,210.762787,0.263742,152.98291
-0.214493,-0.940168,-0.258898,-0.055135,210.695923,0.42349,154.412689
-0.234477,-0.93492,-0.260157,-0.057054,210.881836,0.877832,152.083664
-0.278634,-0.921439,-0.262493,-0.066352,211.390579,1.375225,146.736572
-0.404211,-0.872404,-0.262423,-0.081555,211.674347,4.005451,131.416855
-0.597202,-0.748939,-0.265246,-0.10989,212.329788,8.754933,105.404312
-0.771781,-0.565261,-0.256173,-0.138571,211.231583,13.813444,76.31675
-0.882157,-0.379982,-0.226155,-0.162041,208.440216,16.01347,50.689709
-0.939468,-0.237356,-0.193526,-0.15363,203.434814,16.899439,31.887438
-0.975923,-0.067097,-0.146304,-0.147169,198.562317,15.415318,10.400038
-0.979068,0.125702,-0.094612,-0.129097,193.569962,12.575013,-13.130039
-0.946887,0.299281,-0.049973,-0.106448,190.012939,9.111342,-34.280106
-0.894814,0.438888,-0.005436,-0.081534,188.14122,4.663118,-51.92157
-0.82323,0.563488,0.042581,-0.054342,187.901199,-0.507998,-68.816742
-0.770612,0.633228,0.064401,-0.03201,187.534393,-3.366169,-79.042542
-0.722698,0.687059,0.072126,-0.021148,187.472122,-4.312185,-87.384926
-0.713564,0.697131,0.066863,-0.018831,186.914505,-3.966145,-88.904404
-0.724526,0.685876,0.061164,-0.029775,187.307373,-2.739017,-87.035049
-0.738225,0.670906,0.058966,-0.037724,187.753311,-2.088392,-84.670815
-0.756747,0.649804,0.054251,-0.04624,188.078125,-1.261493,-81.392677
-0.767923,0.636082,0.053314,-0.053324,188.611588,-0.804755,-79.331108
-0.780262,0.620884,0.048247,-0.057953,188.64711,-0.190589,-77.035164
-0.784239,0.615145,0.050024,-0.063675,189.289124,-0.007018,-76.220261
-0.807305,0.584104,0.042914,-0.072326,189.609406,0.871045,-71.699593
-0.857627,0.506098,0.013418,-0.09029,189.720856,3.920714,-60.757027
-0.921939,0.367627,-0.046776,-0.112613,190.124252,9.732489,-42.61512
-0.952275,0.259303,-0.080925,-0.1392,193.2435,13.080235,-28.939272
-0.971427,0.114521,-0.123993,-0.166828,197.936401,16.207191,-10.872371
-0.970465,-0.017923,-0.156256,-0.182898,202.185089,17.261002,5.525077
-0.950271,-0.173248,-0.172148,-0.193202,206.235977,15.083785,24.198956
-0.92423,-0.272148,-0.179148,-0.199077,208.522141,12.873075,36.099728
-0.90114,-0.339169,-0.182554,-0.198942,209.454453,11.189987,44.200188
-0.859579,-0.434262,-0.193909,-0.186899,209.804855,9.847959,56.232498
-0.801363,-0.536968,-0.202627,-0.168576,209.531784,8.262884,69.830582
-0.739983,-0.62156,-0.20965,-0.148749,208.985397,7.201645,81.921539
-0.703162,-0.666807,-0.202403,-0.141269,208.085159,5.523077,88.341774
-0.679334,-0.697774,-0.183201,-0.134334,206.040726,3.52248,92.348663
-0.702917,-0.685136,-0.145206,-0.124107,201.941757,1.952743,88.910278
-0.680068,-0.706158,-0.156934,-0.119212,202.592621,2.584133,92.672211
-0.65896,-0.723484,-0.164583,-0.123474,203.65126,2.191796,95.803062
-0.653822,-0.727304,-0.165882,-0.126569,204.017776,1.879971,96.490524
-0.661799,-0.722148,-0.15791,-0.124822,203.169083,1.646284,95.330757
-0.663515,-0.720893,-0.154766,-0.126887,203.05542,1.285525,95.008339
-0.671552,-0.713625,-0.152886,-0.127966,202.965652,1.300827,93.743248
-0.683301,-0.702117,-0.146681,-0.136412,203.104614,0.509881,91.659973
-0.690094,-0.694193,-0.138895,-0.15022,203.592468,-0.966196,90.1371
-0.718136,-0.662061,-0.113067,-0.18211,204.365433,-4.516184,84.370979
-0.70962,-0.662335,-0.091691,-0.222119,206.276413,-9.445146,83.842239
-0.678488,-0.694719,-0.084149,-0.22345,205.370575,-11.319562,88.798027
-0.660708,-0.714609,-0.071725,-0.218278,203.609879,-12.543983,91.856461
-0.653658,-0.722732,-0.047875,-0.219293,201.591934,-14.737635,92.920067
-0.648557,-0.730071,-0.038554,-0.211839,200.047501,-15.028875,94.095764
-0.638209,-0.737014,-0.036897,-0.219387,200.36261,-16.038698,95.31958
-0.604743,-0.751849,-0.023346,-0.261641,202.187546,-21.419369,98.129623
-0.537085,-0.766007,-0.000874,-0.353221,206.901443,-32.697304,101.900536
-0.443285,-0.77338,0.015445,-0.452919,212.656052,-45.581814,106.323624
-0.361493,-0.756209,0.021646,-0.544971,221.728409,-57.126839,105.455521
-0.273938,-0.740982,0.007388,-0.613058,232.624405,-65.864128,103.899155
-0.186211,-0.726978,-0.009945,-0.660848,244.129761,-73.164757,101.390572
-0.120822,-0.715694,-0.026072,-0.687383,255.22554,-77.853386,97.043465
-0.073678,-0.704847,-0.038998,-0.704438,268.37912,-80.857307,88.795578
-0.03087,-0.693491,-0.054966,-0.717696,286.723053,-82.765106,75.226379
0.02405,-0.681343,-0.073225,-0.727889,317.372101,-84.506454,50.518105
0.062283,-0.670195,-0.082819,-0.734909,348.289307,-84.491562,23.499529
0.086678,-0.667973,-0.088709,-0.733772,5.363822,-84.658882,8.899483
0.082861,-0.666252,-0.092476,-0.735311,359.204315,-84.343307,15.055812
0.083174,-0.668045,-0.091068,-0.733823,0.242041,-84.625023,13.927062
0.082653,-0.666045,-0.094505,-0.735264,357.488739,-84.302673,16.92033
0.085902,-0.668244,-0.096189,-0.732673,358.33429,-84.706276,16.475727
0.088997,-0.668957,-0.098838,-0.731299,358.669617,-84.878944,16.609245
0.091281,-0.672193,-0.099911,-0.727897,358.968445,-85.425598,16.581869
0.080962,-0.673117,-0.085836,-0.730057,1.886177,-85.362358,11.670894
0.030839,-0.658253,-0.00715,-0.752126,15.706491,-82.145645,-12.61904
-0.023448,-0.647619,0.057597,-0.759417,13.689482,-80.514381,-20.280989
-0.086176,-0.627669,0.141582,-0.760626,13.30639,-78.306061,-31.938105
-0.147959,-0.593667,0.241981,-0.753063,14.386994,-74.959976,-46.681507
-0.239594,-0.538219,0.372317,-0.717138,10.581978,-71.872131,-62.55323
-0.294672,-0.504959,0.438554,-0.68253,7.323636,-71.398209,-70.709328
-0.332875,-0.461213,0.500816,-0.65242,4.474436,-69.264915,-78.111755
-0.347263,-0.430698,0.533027,-0.640142,2.148825,-67.163536,-80.991753
-0.342107,-0.428939,0.527577,-0.648559,1.27325,-66.543068,-79.088356
-0.34096,-0.428219,0.523651,-0.652806,0.473585,-66.373337,-77.778557
-0.336329,-0.429592,0.519467,-0.657632,0.56015,-66.127861,-76.974335
-0.327921,-0.434444,0.509894,-0.666128,0.867017,-65.951431,-75.426582
-0.314969,-0.44776,0.490292,-0.678168,1.696038,-66.371887,-72.839424
-0.304877,-0.463622,0.465017,-0.689823,1.574679,-67.395592,-69.017616
-0.293291,-0.473873,0.447634,-0.699314,2.122324,-67.720627,-66.670013
-0.262993,-0.493687,0.41133,-0.719658,4.21941,-67.960503,-62.344875
-0.209239,-0.536178,0.337849,-0.744703,8.536569,-70.046242,-54.791702
-0.149716,-0.569155,0.276714,-0.75965,15.89872,-71.365234,-51.481323
-0.08816,-0.604344,0.219412,-0.76082,27.293825,-73.391434,-52.685341
-0.013416,-0.636495,0.114896,-0.762552,33.596367,-76.85643,-44.074165
0.115759,-0.667194,-0.077955,-0.731687,38.2649,-83.935211,-22.4923
0.198216,-0.657237,-0.192013,-0.701336,24.034992,-86.383453,8.01877
0.289559,-0.628847,-0.295847,-0.658159,12.354261,-87.559677,36.559143
0.384999,-0.58697,-0.385038,-0.59915,32.825611,-88.986832,33.158077
0.467901,-0.530151,-0.461749,-0.535526,89.998825,-89.299187,-7.753614
0.515172,-0.490033,-0.514762,-0.479038,224.582977,-89.078888,-131.093842
0.527227,-0.465873,-0.544786,-0.456283,290.639038,-88.361946,167.936813
0.526071,-0.457362,-0.55523,-0.453629,312.582977,-87.606491,147.174652
0.523688,-0.455228,-0.559386,-0.453428,317.112488,-87.094315,142.885162
0.522582,-0.453066,-0.559077,-0.457235,326.428986,-87.014297,133.392944
0.51965,-0.453133,-0.56059,-0.458655,327.510773,-86.644333,132.146393
0.51589,-0.453511,-0.55927,-0.464105,333.240601,-86.373718,125.790527
0.514328,-0.453144,-0.559481,-0.46594,335.258423,-86.189568,123.611687
0.514696,-0.453306,-0.560808,-0.463775,332.333832,-86.160896,126.748955
0.515475,-0.451816,-0.561519,-0.463504,333.879333,-86.143188,125.390663
0.519048,-0.445968,-0.564856,-0.461119,338.374146,-86.082832,121.767548
0.495432,-0.4658,-0.542907,-0.49277,346.887115,-85.568573,107.680733
0.407228,-0.541172,-0.456435,-0.577024,343.757111,-85.059891,91.59903
0.290114,-0.60763,-0.35363,-0.649274,330.36853,-83.838402,83.864769
0.16151,-0.652218,-0.238467,-0.701179,318.927032,-82.600494,73.995827
0.052555,-0.666698,-0.099388,-0.736794,332.429199,-83.161179,39.924038
