Time(ms),AccelX,AccelY,AccelZ,GyroX,GyroY,GyroZ,label
2784.9928913682606,0.17625992009772953,-0.27717715606210785,9.922553285331727,0.018428685045232606,-0.07739928566220126,-0.019306221447383955,1.0
2922.0076241023603,0.37659768809184535,-0.36978948996840655,9.8525614064247,0.07896975691093835,-0.03959708700749504,-0.11104372721485116,1.0
3059.9966073953915,0.16761221015850494,-0.253544311824149,10.171188624589057,-0.030755131162023837,-0.07895090289396871,-0.022088723230598854,1.0
3198.004245788541,0.1982824370249394,-0.14660714512498815,10.480787344732356,0.0020764076743334794,0.07690738150301031,-0.0010696587227504648,1.0
3334.998237500311,0.08455065068878738,-0.41032917216709647,10.046743938027541,-0.04855065526107293,-0.07818239975293069,-0.04551957782825025,1.0
3473.0109939786016,0.21242991879234008,-0.5654884419383148,9.63763052533086,0.009130077654532708,-0.056321991366561436,-0.03423810105639911,1.0
3610.9851001506386,-0.05893264916925195,-0.5279067176051649,9.788101956526633,-0.04899274854219649,-0.08627673215919292,-0.006989140764266407,1.0
3749.006536076865,0.32027386786544493,-0.2800160689532239,10.454965668260833,0.023823891123323632,-0.06918233862519844,-0.018261041313726314,1.0
3893.000592444986,0.017958554234208824,-0.475692388306294,9.663676729573798,0.06598374512277137,-0.05875277192897871,-0.02494366356750448,1.0
4030.986896497766,0.33832326172091626,-0.4673751861533791,9.883044188631118,0.0946466313124058,-0.12091536236076529,-0.0036045123306010867,1.0
4167.984318678471,0.398193864323274,-0.11354353200865173,9.31631966463212,0.020103014615049014,0.06475266200373372,0.06620354509860807,1.0
4304.999572305161,0.3228232168975772,-0.2868121975766548,9.875200053676036,0.023093525020167097,-0.08226011128424641,0.05814283941768057,1.0
4442.023013280559,0.2161677934355903,-0.3628271683146133,10.068289318309677,-0.03156026981700758,-0.019194543636285324,0.02964725336602724,1.0
4578.988033725079,0.23338326152327268,-0.39913937285647744,9.86991172338372,-0.06753255500005216,-0.031426563631690226,-0.006180306367662999,1.0
4713.988569039727,0.24500039525165146,-0.5199459769431704,9.975657848550023,0.13212076442295237,0.032643995051517445,-0.033989068890769455,1.0
4850.005850850477,0.07800132632159208,-0.43817626645315916,9.922621868913883,0.08011875388324317,-0.04033897347709237,0.05616872247161081,1.0
4985.989372306967,0.12315147354096764,-0.5072443536566483,9.739568922559464,0.08727019005954098,-0.06633090599517007,0.03322990497099434,1.0
5125.989543451774,-0.0017226581215587654,-0.2779619302737678,10.098989875964598,0.0803457962368076,0.018447039361376715,0.0482509121134821,1.0
5262.00327100502,0.060726643323546346,-0.12310713698781527,9.886620627378523,0.11004486259089019,-0.021931611267715104,0.010368736353136399,1.0
5398.006932021376,0.042869609164222,-0.254024824534511,9.736965891765987,-0.008704050121884487,-0.041618381767138495,0.08192565420809203,1.0
5533.9928897643995,-0.013894164215841697,-0.2327233536377353,9.77424984530088,-0.07459936309643071,-0.08358261317857373,0.003587801274373409,1.0
5668.998401191283,-0.05609502834826237,-0.37695272132531327,9.769281322759587,-0.11166913395146932,-0.01378897417296125,0.02993883157813282,1.0
5804.978353661708,-0.01635132456958269,-0.39558976983445515,9.883280098439117,0.056597641428909475,-0.05621826376293404,-0.024522695150022436,1.0
5941.004781088542,0.09920852056987042,-0.3664626351276904,9.809931115050171,-0.06387637305185942,-0.08857247825267502,-0.008916946926546286,1.0
6076.985663897886,0.0732238661945553,-0.3727432722084866,9.887201453572013,0.013813052259234048,-0.045752602851004014,0.009416505360928149,1.0
6217.994939371504,0.06677189237608112,-0.387946676201357,9.944630813970651,0.004315391389447912,-0.05280251272769728,0.008949590674915067,1.0
6353.9968457249,0.08030182290397984,-0.42039147834725066,9.998596793031659,-0.02012430296593344,-0.01317639976907334,-0.00646016993592541,1.0
6490.010099917354,0.06860074618810798,-0.44829300068077665,9.932394218597137,-0.03777742033850747,-0.026593280999098943,-0.012010426004652986,1.0
6625.0184300131605,0.0768324806807867,-0.4728410872624455,9.92929500006216,0.00904128088320064,-0.032137921308189085,0.0031642669950471066,1.0
6760.9906842388455,0.08143919134018106,-0.4749174892009304,9.838459591743057,0.020490029030546378,-0.041147810623669255,0.014243014462560545,1.0
6896.989431727297,0.0431477373862756,-0.38700175124921665,9.960872588797159,0.0035863871517921213,-0.020839222785086157,0.0009942652360873383,1.0
7033.011717274962,0.0016555570922874656,-0.4629167043379962,9.873933543473818,0.03496688479083584,-0.04057105086633415,-0.008313054612885642,1.0
7167.9811291607375,-0.05962908690444909,-0.5519836192981047,9.872282018846729,-0.02894185861945842,-0.04053378732928487,0.008342514460791668,1.0
7304.015328736518,0.0031605383503625997,-0.5192316265535205,9.841859073962112,-0.019616572536850885,-0.04504286270798918,-0.020520920511738476,1.0
7445.007905402851,0.03029696528733357,-0.4872718393664064,9.868130053810217,0.09540162329336592,-0.09518996038527175,-0.0213780484621171,1.0
7580.994480071898,0.0332443466620951,-0.46355753207823047,9.782896124672376,-0.004219671225131574,-0.04536075219139628,-0.006698967004445146,1.0
7716.003329770305,-0.06225847934314293,-0.43633965189039875,9.907185092788458,0.005382903577421155,-0.022481918145013206,0.006237043148538882,1.0
7851.990463390532,-0.15064735371288834,-0.49163887884848323,9.762070327094298,0.09947506800521215,-0.04929723453328823,-0.01858011171604041,1.0
7988.0046235257905,0.0490359555617106,-0.37524846380421206,9.951000688066914,-0.053976665318314965,-0.04558063442373736,-0.013721003277659832,1.0
8123.985951508219,-0.006143157398323996,-0.38164403549794657,9.852370836479393,0.017232858699701693,-0.04380369726881057,-0.025724209349583214,1.0
8259.016051795195,-0.017103274932272223,-0.4192422748131684,9.903415080161505,-0.008819662209706427,-0.038147532238439766,0.005888201408939142,1.0
8394.998780422426,0.002082198889438476,-0.4651825016959496,9.809700361697654,-0.026373597709763708,-0.05716314334026577,-0.008535415350220217,1.0
8530.990117624746,0.007888846402269493,-0.4308469699276973,9.871052817098855,0.026867885176936925,-0.017228979667969033,-0.003810627823213762,1.0
8670.991962323988,-0.014155431925257094,-0.403144178178906,9.904976875850295,-0.006583743356655952,-0.043676806547499676,-0.0005682307046039566,1.0
8806.995400516666,-0.004860034262102992,-0.45321969374540333,9.954289413310713,0.011100804740408822,-0.03989915251965579,0.0018124685384597063,1.0
8942.99039708083,0.04057857440381006,-0.45036692588843363,9.974930308115928,0.009885940731641056,-0.04441020545723715,-0.031283909014666385,1.0
9079.002880595148,0.03478316311197073,-0.41565863218973276,9.927374046133245,0.0028723001350835506,-0.05259887942861286,-0.019290188836147318,1.0
9214.001861398077,0.05101063220422651,-0.44697131177680866,9.845073004996703,0.021797966180051958,-0.03991927203709574,-0.017813247819552368,1.0
9350.021350212348,0.10041474888591415,-0.41888075972985556,9.979969455736786,-0.03122174459071166,-0.05334261883815075,-0.007648734802867464,1.0
9485.993199541188,0.09252628990745748,-0.5244713286037608,9.854707590950381,-0.025797594952639176,-0.07416861533356485,0.013506067487317648,1.0
9621.986601552382,0.06514402599016149,-0.5142728341948642,9.967882207579697,-0.017188197243604753,-0.04596219039498917,0.02953048648697655,1.0
9761.999699312739,0.028080130983358945,-0.6972691600958506,9.732590199725337,-0.044085499947172986,-0.06454993950989477,0.03326049208828294,1.0
9898.003038450279,-0.05040503717806734,-0.6046693366900897,10.004943517760509,-0.03639180582922811,-0.005438955911982492,0.023623579507196305,1.0
10033.991312559256,-0.01538978866853056,-0.6918787629059576,9.808892632922703,-0.01925566489372778,-0.03352272801900925,0.005206771481339297,1.0
10169.003077930149,-0.07462714990594155,-0.6285495922206125,10.013446015159177,0.05584924084396615,-0.0387532834875175,-0.006437005312918199,1.0
10305.004155967874,-0.1014558166992477,-0.6968858928849684,9.853301193125025,-0.006423548747626241,-0.04905163922837956,-0.03959026647287995,1.0
10440.9869959254,-0.08415185049585437,-0.7015846617805032,9.953362507561634,-0.011043606326421748,-0.05532618657292265,-0.03201043563230856,1.0
10576.986693133053,-0.05138335159921887,-0.6888078252079817,9.92688324151121,-0.0033268218758853193,-0.009696225232680603,-0.015395709954300216,1.0
10712.008844389791,-0.08589304111263171,-0.7355453972142529,9.867052058908738,0.029733448475369333,-0.05785397796079583,-0.0007176844620291702,1.0
10848.001864260836,-0.0810248784040182,-0.7020335704188773,9.98880489090536,-0.010360945021319474,-0.0741098649772404,0.006395863567765404,1.0
10989.000871085073,-0.07542768283496588,-0.7261061272105916,9.873955253775453,0.00689374283754753,-0.028000612097428334,0.015181930444130232,1.0
11124.986463232342,-0.06688812204304789,-0.6126255956073545,9.893898187915523,0.014079153972267998,-0.04255498388526512,0.013477249133489909,1.0
11259.994670762952,-0.04364023181434385,-0.6162442555479603,9.924021906456206,0.026184202921926185,-0.05337343985918733,0.002693106192969358,1.0
11395.998077163189,-0.07142708775617608,-0.6465766492108894,9.92209893448102,0.01884405539223254,-0.05295165869548761,-0.022103214504570368,1.0
11531.989567430046,-0.00678324651080202,-0.5301658018121846,9.947663920281082,0.0345938378069334,-0.02108992146964803,-0.009048929562003632,1.0
11667.008964583638,-0.018858497147463706,-0.551355081590421,9.903666066608107,0.02865149733211649,-0.03784203694820753,-0.007681250024599226,1.0
11802.987247219995,-0.06573883988687818,-0.5612101629958585,9.978225150689882,0.011056539367253163,-0.05008012521899203,-0.000147022508208981,1.0
11938.977346810636,-0.008540851905084667,-0.5371620027240587,9.960772227526528,0.0010685210903984225,-0.0245243960745201,-0.006765237770714033,1.0
12079.990375947684,-0.025643273851608077,-0.5567118021647924,9.924933079790971,-0.0017485087761000594,-0.04466209584416285,-0.016658168541969075,1.0
12215.02043051864,-0.005772370487789767,-0.5290389464151404,9.939268912231336,0.02626891375527321,-0.03559898313309027,-0.014220433898188303,1.0
12350.98751291811,-0.04675148491205535,-0.5878647190793695,9.896814228919009,0.025815895355741938,-0.059817999867955544,-0.008471241478597725,1.0
12487.013814355028,-0.029469934691037227,-0.5936450082934311,9.973483108950376,-0.002735841272082119,-0.04019640803393818,0.012401065965199248,1.0
12623.017426212338,-0.004373271591816772,-0.6010212438357028,9.810815223801852,0.024315639492540498,-0.0519980400580786,-0.011962991255644512,1.0
12757.984944352707,-0.03881803732826299,-0.5640451323281954,9.959983688387736,-0.00177110784529103,-0.06394761170775914,-0.01292294574764795,1.0
12894.005863601506,-0.020099003630087344,-0.679515860558123,9.889656455735924,-0.006182787523212355,-0.05327696317148359,-0.0024809362628585474,1.0
13030.002688230321,-0.04659879771879238,-0.6276839224275501,9.940230775132635,-0.027401930482490542,-0.030070670046214307,-0.011628935717382119,1.0
13171.000791392928,-0.0566055201986003,-0.6585482682152466,9.909193194425516,0.00895461489862224,-0.05974155636597145,-0.024274954312606647,1.0
13307.00429847369,-0.10417380320297351,-0.6624049458311463,9.896487795640528,0.022581804402624042,-0.020480632704807777,-0.007671809110283211,1.0
13442.987093631897,-0.09895459469007901,-0.6341916151174253,9.866541034989032,0.006724045186654515,-0.030137960429665243,0.009819631988144902,1.0
13578.98400586117,-0.13112450054093167,-0.5947654144174946,9.917892497534048,0.024691020612752797,-0.013086708861242044,-0.012698128328150005,1.0
13714.0017026961,-0.08500969963560566,-0.6438114521655544,9.845981626984438,-0.015479530884716259,-0.037551092368889205,0.0028407939952425233,1.0
13849.985008582295,-0.07905766174354001,-0.6012666222367309,9.922977807845816,0.032090418416360185,-0.044383247810392316,0.007236175251989286,1.0
13985.988783602013,-0.07222408000566291,-0.6115305325334064,9.92411620795933,0.02207826124795514,-0.046208786498666686,0.0038810672761974783,1.0
14121.988297924301,-0.0038532211316382133,-0.6034367677680252,9.81094015229263,0.049622063813385735,-0.059646756335840226,0.01568118325768268,1.0
14256.98904611092,-0.06237576791991678,-0.5254840323512253,9.926349131357393,0.007975602681307087,-0.03966003177374067,-0.0009109547396024896,1.0
14398.998122390818,-0.07028888420131459,-0.521647154248072,9.90325012257202,0.006587566269686954,-0.07018404478616762,0.003246646978820426,1.0
14534.983720214426,-0.02021196904755213,-0.5305114554280476,9.897669954566405,-0.006829744430431341,-0.025198881241547764,-0.015639800195423315,1.0
14669.98719656604,-0.04981793762629958,-0.5627047728074346,9.91741593616164,0.005523810035175923,-0.042343256380552495,-0.00378850110555955,1.0
14806.007625927215,-0.028540465740894822,-0.5560544750728251,9.889485926595123,0.027733287215588123,-0.0472127018342605,0.0009273955976858478,1.0
14942.00478033568,-0.025557093363766055,-0.5526644019896885,9.86387565693554,0.0037145539829583725,-0.05345856437369852,-0.005118149773233001,1.0
15078.004158483469,0.004656998176609855,-0.6008845869148808,9.81534886828784,0.002970651040776884,-0.08254256872019845,0.0022557730825424143,1.0
15212.984063849224,0.017527238966564343,-0.520360396187342,9.94878182476151,0.021692790555147074,-0.08450215869997009,0.020976870426912774,1.0
15349.006274347039,-0.024874254121144204,-0.48727673239685193,9.891931019587362,0.015976925159052895,-0.04439181937594582,0.019800570427007787,1.0
15489.999376924696,0.00810665263288253,-0.5653167364001302,9.863716534349091,-0.028254027044973894,-0.061394102674010805,-0.004431767214320785,1.0
15625.014500162391,-0.016871679610364156,-0.537841187730388,9.900855703531517,0.04432705856760498,-0.05094724676048594,-0.00032744323946390765,1.0
15760.99976453878,0.0034278217639286917,-0.5686011298587127,9.870501408628105,0.030133982307471645,-0.036857205296110154,-0.008257515344034589,1.0
15897.007030964282,-0.016842140652619162,-0.5464981699890084,9.905926923515114,0.014579468313111828,-0.02228276789044263,0.009759223399210312,1.0
16033.000780060931,0.032531156342009995,-0.5306179148607948,9.89515970539115,0.0363836961076032,-0.04444131918370111,0.014006324687015521,1.0
16168.02289596103,0.051051048801446584,-0.49734401370534803,9.908092050943747,0.016901412840307724,-0.027146185401388585,-0.027996574420017805,1.0
16304.007554694568,0.027861621224233645,-0.5070108547772191,9.92293404382426,0.014679229346986332,-0.048999394691846346,-0.01359348475381907,1.0
16440.003373901796,0.004423684530179958,-0.5185191934276845,9.858079604225166,0.033194631270955226,-0.06053605018264798,-0.0001158132789868733,1.0
16576.000135980932,-0.03194396079911432,-0.48369496967959635,9.919939636378194,0.036080835343278155,-0.05325223537765553,-0.004413939155913102,1.0
16715.989401435454,-0.010459367653215519,-0.41949919502274546,9.926866479272991,0.018840498246808668,-0.042258441282353384,0.012327364645168955,1.0
16852.00127552125,-0.015871988957373913,-0.3793321677535598,9.870297495569048,0.06657757549487647,-0.10282129506616212,0.006660349385182545,1.0
16988.006891065117,-0.003591737419653121,-0.20501007817262906,9.954011306384034,0.08550983927316479,-0.03336369312098104,-0.0071011676723338,1.0
17123.982801129507,0.013925978200902635,-0.29285393387693476,9.80701943957652,0.04208830185686418,-0.04533170241651484,-0.01818525413085345,1.0
17259.010708796744,0.03233953520078335,-0.2364714066096621,9.938691614920305,0.02657148768657498,-0.053163923826982346,0.005288104437650898,1.0
17394.97842496133,0.0626837050019264,-0.2356276481221451,9.882182645135433,0.017212048844093466,-0.04335525601032462,-0.012448580452519358,1.0
17531.005451453504,0.0772872876173021,-0.15585990455600854,9.916040795391265,0.06877375848069532,-0.050456303212821185,-0.02446234217356023,1.0
17665.997335829117,0.09810911038274629,-0.20502782994481633,9.952842752670783,-1.7004817359980793e-05,-0.052806041791826554,-0.011137188725765176,1.0
17807.00207070638,0.11742758477129862,-0.21014901204173614,9.889739964471893,0.04144764271655171,-0.04101530896906662,-0.024078151705790647,1.0
17943.01361790068,0.10677017422632304,-0.1562373026043214,9.950915997547712,0.0491330501065151,-0.01652189001077412,-0.016270682829222463,1.0
18079.00970361085,0.12554204869517047,-0.10594810960035121,9.999976974844314,0.042176131967672774,-0.0435463588958597,0.00679766887357881,1.0
18213.993600832837,0.058542321564216536,-0.12808407840284355,9.977414262363604,0.034778730018605666,-0.03741302721476787,0.01320352771596289,1.0
18349.98817682319,0.08430022117721736,-0.11922475945418327,9.924289845164212,0.01848762396775387,-0.01967949109741339,-0.0035362684016034744,1.0
18485.998809169447,0.05831212988804249,-0.1246145869170522,9.894491043985587,0.018125748042170285,-0.045093525401925696,-0.007723186317589293,1.0
18626.993770056844,0.11268287059461946,-0.12086096691223494,9.9754313177471,0.005914762051522077,-0.02133073765727183,0.00257138384168643,1.0
18763.991357655806,0.08324190405214513,-0.09030342317116288,9.978540674023021,0.002933852495265638,-0.054350104358844464,-0.005065408246793808,1.0
18900.97632619481,0.052843706717875985,-0.08958432512701635,9.881297559481435,0.0279542906455341,-0.02632202653488648,-0.023967626351142534,1.0
19041.983800757378,0.07609455077916533,-0.06839748693872495,9.93199571275831,0.05998086533003287,-0.03548225726726389,-0.008447131585443371,1.0
19179.001650684088,0.12579518700073206,-0.04670201787632149,9.941731108773414,0.010894523229347763,-0.04402059338027464,-0.0292255349780121,1.0
19316.00549708008,0.10389519198371353,-0.06571385185685803,9.913482180772803,0.01652412272687362,-0.05595414380788673,0.007822983654766013,1.0
19453.001818148357,0.12040931057958829,-0.11798495133918781,9.81574730663933,0.013321253993183726,-0.05270877009730642,-0.006700727906607449,1.0
19589.0032099894,0.0874848427550317,-0.11254511366175306,9.895905107957594,0.0015374715561070453,-0.03898917363631237,-0.0003842805460891872,1.0
19725.986672457617,0.1297530733771197,-0.08102379589762337,9.869663710518186,-0.006023880536599505,-0.022645126900884778,-0.008846225736396039,1.0
19862.9963277305,0.12311669089036364,-0.09405771734156733,9.927469021831769,0.012253259699266512,-0.056872972392372614,-0.010125685263027729,1.0
20000.011570092243,0.09331278910130915,-0.1455519552926562,9.865404712691916,-0.010918751908071423,-0.053249820908624595,0.009684409467488258,1.0
20141.987234829037,0.09834378154687143,-0.17351802587513615,9.810784865208724,0.04360702890171924,-0.049510738757874546,-0.009173447367709352,1.0
20278.994410381187,0.14489012602423526,-0.12580285378625725,9.858795183559334,0.04125948071851392,-0.04462607205092909,0.003442160437989166,1.0
20415.015378734362,0.09454425686955478,0.0022796347782430507,9.947927346717595,0.012608682111995168,-0.06829278675818173,0.0026007125022920194,1.0
20549.994007280256,0.1106558565415595,-0.03452878125141819,9.957899579329867,0.023110459529360954,-0.0429823321422177,-0.005207287097743936,1.0
20687.003132306574,0.13353029881412132,-0.06081021396779466,9.968725468712845,0.0029386864231378323,-0.03500306759503706,-0.019250761217130367,1.0
20823.00510898939,0.1322072337511698,-0.07800523517756086,9.899285176425389,0.02613687733497613,-0.02107053547421385,0.013736630893344101,1.0
20958.99693007639,0.12201348632541091,-0.02641829451973149,10.025764149949184,-0.020651677820676912,-0.009879197575431072,-0.01470688474912979,1.0
21108.00849037972,0.16127192199343998,-0.06871252916454713,9.877923095108837,-0.0027050593755612185,-0.05033165887449211,-0.014273767548964405,1.0
21243.995821000768,0.12696822604334884,-0.06404131722751837,9.913182608134612,0.010216496452079633,-0.04177426012635477,0.002969996227766338,1.0
21421.99931560872,0.11809937466702539,-0.061807542506541975,9.87522755873964,0.03316953076485379,-0.04665658223743637,-0.006683877813750221,1.0
21561.993423014406,0.11663638124722564,-0.025952619198394828,9.913046286741682,0.0036147358604823676,-0.06536609606873184,0.0010667829198955986,1.0
21702.018109796376,0.17570867601168272,0.04765852509962102,10.006292534987494,0.04289681305939948,-0.07120205003293163,0.015491297475472244,1.0
21841.01258045099,0.10567994631520097,-0.04252462684806807,9.87111694258277,0.02932539545736144,-0.008023121380622698,0.03842909937928023,1.0
21982.007280286416,0.08650847091050187,0.060524879955423654,9.941717307597788,0.001966989432382227,-0.05804635664788565,-0.013788478110585221,1.0
22121.99648267481,0.11688276105345421,0.02016851227825472,9.817003326571545,-0.014294430642514738,-0.06342469539654876,-0.010128085330480744,1.0
22262.0135116862,0.07189867663513307,0.0638371419308795,9.932798709989534,0.022887836307190615,-0.056580799726218614,0.01392007323485773,1.0
22402.00993174528,0.07885553801104901,0.057053670521041815,9.869594469686023,-0.008668684941450747,-0.03659303156798797,0.005622131690601528,1.0
22541.981786325363,0.11638490268221982,0.0967742989289272,9.905562629855536,0.029397078046595127,-0.024935818625618937,-0.0019318140308353239,1.0
22687.997481695333,0.1388124725074252,0.06595562974525712,9.951820827472377,-0.00036426635054508214,-0.03242311041952305,-0.021654893709780194,1.0
22829.974521799755,0.14123379701555655,0.07133667641758662,9.966132835537119,0.013186411096944151,-0.04141041772548278,-0.005494268282777394,1.0
22969.000598180774,0.15030799180628374,0.06940865067814243,9.86583489637679,0.028389270376492994,-0.0637662238274896,-0.001399500248528205,1.0
23109.008784701542,0.12910335972013368,0.02978928422716588,10.006864558187369,0.03524480181226953,-0.04920492085021351,-0.016578587032855828,1.0
23249.01190365397,0.14408100090140377,0.014729621288671323,9.90227243404669,-0.017817716689681875,-0.04578508424031215,-0.031006658016476125,1.0
23388.008053033795,0.15129488268970437,0.00186262242238363,9.959598035244912,-0.009356074997782186,-0.044246472680795505,-0.01089448437121381,1.0
23528.009562126554,0.19430830356928144,0.01689307348437391,9.957377494208922,0.0028856226541433333,-0.07488894364195331,0.003410407740501218,1.0
23666.986604469166,0.18030521481015885,0.022977247611888244,9.935809628395663,0.0024712063562814844,-0.052411088055364895,0.007002838744743722,1.0
23812.989091669446,0.1625144982189165,-0.016384648103064656,9.872844893873085,0.00907745304343444,-0.05716264644833321,-0.021130033845091017,1.0
23953.015447695278,0.1600963228682855,-0.009614719913719498,9.909235743601368,0.002891938655663115,-0.03933001026197385,-0.007085159975677886,1.0
24092.017401856152,0.152192785304451,-0.04706724164987838,9.890495585798998,0.02654849429059192,-0.054505127242211564,-0.005825600609028973,1.0
24231.985070717004,0.17411085252163586,-0.07974350015984318,9.916220832321693,0.003563892030218132,-0.03257321781493121,-0.01690788986146359,1.0
24372.005629133695,0.2478605686490506,-0.05102141362525391,9.916198404547936,0.015547894461881562,-0.05368463879165299,-0.005010245166804483,1.0
24510.989853670708,0.2119308544783845,-0.09487226521093979,9.911893117048544,0.003816725543554349,-0.030376493333903614,-0.005444132427840911,1.0
24650.995384448142,0.23102398886669542,-0.10131472778878518,9.898670027157054,0.011818477691358582,-0.060309267335976934,0.017687605038329585,1.0
24791.006725181353,0.2615938979612938,-0.09707703924116214,9.921708433499811,-0.01503839359238764,-0.03811887807148434,-0.026713579830664934,1.0
24930.001471515636,0.23070101001698132,-0.08123937178591847,9.887902502303595,0.009392221923849916,-0.03931099328686823,-0.024197465367518992,1.0
25075.996987121605,0.2168044139344463,-0.11240252998064354,9.92479983370807,0.0026730432122156634,-0.03214421283438584,-0.027915336619202227,1.0
25214.991038108394,0.20011869459428375,-0.1461911364463983,9.901592557693622,0.019314728754044247,-0.04684967832497731,-0.0005100425722220632,1.0
25354.996107307536,0.18587495860318498,-0.07255566510063795,9.91378395311199,0.026099922297408894,-0.028538590888438627,-0.024254449797244813,1.0
25495.002298343894,0.20417129752854174,-0.12729376592478517,9.842080667565325,0.02736717162694273,-0.035314836236258286,-0.025238610639704354,1.0
25633.999125992937,0.17433446392403235,-0.10563345145695428,9.967282307598735,0.03543059587162325,-0.03457856793107331,0.001228520258223222,1.0
25774.001133294816,0.23436140616490464,-0.051502975154753924,9.87607575943744,0.02148121308734011,-0.04449163989659282,-0.02464294264135853,1.0
25914.004411391372,0.20859259539428449,-0.038105695170416023,9.930643012944616,0.007047316684761734,-0.030705607916316616,-0.01722602860150066,1.0
26052.99725549337,0.19950395046969188,-0.042618573129539816,10.005421560448214,-0.019659312839251108,-0.02277588463102505,0.016101801065749,1.0
26199.000578418305,0.16221765617557746,-0.06822483271937062,9.936587683112753,0.007291130426980105,-0.055222660376236105,-0.010253918390819466,1.0
26337.986926695226,0.191320008257747,-0.14505043335400858,9.858042705809549,0.023703882569352776,-0.0767415373361599,0.0009084177840144501,1.0
26478.0067126398,0.2079682506171947,-0.08823919029027563,9.898148607756717,0.008736021075550564,-0.04983240193470846,0.0015665624770882258,1.0
26618.019784124892,0.2054844792442365,-0.07519495317820372,9.915257999579502,0.003904814313724364,-0.055924470979261946,-0.01476346321133727,1.0
26757.007316720643,0.21584124100515534,-0.11883368679064527,9.931721175607315,0.010857217099915136,-0.03481070725415069,-0.018500437729084093,1.0
26896.996766658613,0.21146360775094783,-0.10762857114051963,9.91545738775071,0.015696936352240884,-0.03620813695727529,0.006170561022263432,1.0
27037.013928074368,0.17633444490528236,-0.10574993454512248,9.937255710931812,-0.03325150080561973,-0.04346837877102821,-0.0050604960343910415,1.0
27176.000591148702,0.175879062070973,-0.13364448909698037,9.977282388546229,0.005759407779752832,-0.01805797204552141,0.00012641925897249147,1.0
27315.998980131135,0.17996021658284958,-0.13560645886420064,9.916722090322423,-0.008493721353758699,-0.038226379981861944,0.015729392495341638,1.0
27461.003977688488,0.18165412849869153,-0.13221597133444218,9.95670157474717,-0.021510071103107962,-0.04511194315041666,-0.002237791480067504,1.0
27601.003512641495,0.22382363461747604,-0.19130280092543966,9.933974100683002,0.015572393112028562,-0.04155994475755039,-0.007459352543840225,1.0
27741.01300870386,0.20193074277797746,-0.21206023226074663,9.893618874223522,0.0426160868592578,-0.04317937492057008,-0.0013066531204853804,1.0
27880.00682687413,0.211773294673612,-0.13016492085390022,9.93666847477409,0.010300597705008175,-0.031403745010290134,-0.012097693121481297,1.0
28058.986601597368,0.17820988514882033,-0.12359150300591118,9.877901111154804,0.03694171460292418,-0.025092801313080792,-0.0002923184050603431,1.0
28198.98140812041,0.18303978274265695,-0.1423912502458092,9.949970398923954,0.01807894332001362,-0.023774561276007276,-0.02874189328254377,1.0
28337.99950427277,0.16686512653282948,-0.17617234764080464,9.915304469623269,0.038850403376446005,-0.03305204555598924,0.007320164297667292,1.0
28484.98933508445,0.16122504128328324,-0.1165935748432084,9.927964729521984,0.018323302899413054,-0.04074949374728555,-0.011138604841663213,1.0
28630.007611350946,0.20000813088575564,-0.10135480513891269,9.932502595972219,0.008381514931528137,-0.025373417222173556,-0.011140591746508036,1.0
28769.991091281026,0.19883163127866735,-0.16723779349686885,9.849437248223053,0.017153408051021956,-0.05360113532497193,0.010049472887973305,1.0
28909.99856270987,0.19116229887008582,-0.09814850247346327,9.972963521217132,0.009580734121120923,-0.05936711054716123,-0.025116422084720876,1.0
29049.01452173874,0.17009609548158047,-0.17457684100947035,10.002068038237285,0.015149710789044974,-0.045354603190622206,0.0019667129555413845,1.0
29188.9974784581,0.19579363494302085,-0.13352544400783542,9.889522975906692,0.0030449913537075528,-0.03766594218543114,0.013511855719197441,1.0
29329.00342221096,0.17055753085414127,-0.16381274781865526,9.87916266030144,-0.0012916630716624548,-0.08470874860106695,-0.004680816299535949,1.0
29468.000433163415,0.22333302732361118,-0.1503743139042359,9.915216689648389,0.01685342785843884,-0.03408962289497303,-0.002789200307245434,1.0
29607.986754429112,0.22466968690308842,-0.10914561167757726,9.950416157099756,0.00649958680485872,-0.05114346113529524,-0.007521628826562623,1.0
29748.012564436423,0.1843481572648403,-0.16053663446063746,9.856707751480455,0.009607061342323692,-0.030894326155809382,0.009288018713495813,1.0
29893.019113379192,0.17825362871494432,-0.1267073983044869,9.876048387784735,0.019713657832383224,-0.04373998679545267,0.0023833101890262,1.0
30033.002085311782,0.22215154168674744,-0.13653867859004282,9.98432586818169,-0.0036236680980598754,-0.03785391210865726,0.020323059972952487,1.0
30171.99767077832,0.15201768763770243,-0.10086506940065477,9.92172504494778,0.011829811172177532,-0.03710039051907308,0.012077653327645009,1.0
30312.99474602201,0.13683449606750692,-0.19328898604901334,9.873102756161357,0.006716626116612524,-0.05113495927763192,-0.024476593625311887,1.0
30454.007516588626,0.15409002461786703,-0.1428134182629746,9.880293016154083,0.03522995964985793,-0.06148042851370486,-0.024899621064004847,1.0
30593.011661198718,0.19203620985956762,-0.10858064663089363,9.991996912297447,0.014700662558871383,-0.052036993707163415,0.003385700521175552,1.0
30733.009489371118,0.20133937676259925,-0.05957107005529972,9.966870528317681,0.01681102165386882,-0.047387126149299,-0.01875522114368275,1.0
30873.000815744745,0.11271932484136914,-0.19298686395792453,9.932535452276204,0.010088840415684499,-0.01001711628312625,-0.032018595589143925,1.0
31017.998162472086,0.16783884509864008,-0.06440694772159689,9.998727262848814,-0.009584420829874572,-0.03381230948248996,-0.0032467383802969236,1.0
31158.005121714723,0.13262680731480475,-0.1409827269968922,9.95955578915515,-0.03277094741100915,-0.04754320224274195,-0.010919020062731655,1.0
31297.016824486847,0.1591728353906182,-0.1642661620342366,9.947036595062926,0.02197163584300216,-0.03819396415795167,-0.00887256322591662,1.0
31436.98954865417,0.1846707025518592,-0.14830140636506264,9.938211045568549,-0.013337388508720046,-0.03728189351303667,-0.008272897330411963,1.0
31577.001574263362,0.18822386874967664,-0.15942515849745842,9.913858720919738,0.018270223781956325,-0.037176821287349504,-0.004077207825039069,1.0
31716.012302781164,0.20563017057287583,-0.14040581718898582,9.883485335241502,0.007786150862740755,-0.06700688912751877,-0.011388328979258414,1.0
31855.99605560279,0.2011743456090863,-0.11677755013989856,9.956155619100159,0.031130438680575943,-0.03812361219116976,0.005246733113515518,1.0
31995.992616313742,0.2009493629759163,-0.19539703301311892,9.959228712857966,0.0013518473142207542,-0.031114768406819034,0.0003762622530552535,1.0
32134.994198285203,0.19463859298688702,-0.16231270124638672,9.915938317788115,-0.0019049664661046845,-0.05224990563382021,-0.03310775946392741,1.0
32281.0016078492,0.21054329689904897,-0.18462928433761602,9.87308054191049,0.007692034786626231,-0.05840790318791248,0.009607807909727427,1.0
32419.986791447747,0.19471716576623438,-0.1675738297254212,9.919025103708544,0.015048186134941233,-0.03917121790731901,-0.004369243648947096,1.0
32559.996604943128,0.16401821967734692,-0.15915396186428987,9.914147882622201,0.01507247934491914,-0.03840703905275955,-0.004330997792921296,1.0
32699.999778577578,0.24385755911112175,-0.1366844845920409,9.871070890931769,0.023645995426514327,-0.03425884219150265,0.01931254489475653,1.0
2663.9825724754683,-9.692241002344009,1.73285625824726,-0.5528921523358843,0.03239013424481154,-0.054535305302299705,-0.016584486966939448,2.0
2800.0075357308356,-9.694427197518428,1.6413125609635337,-0.46363053396993925,0.03465771254407749,-0.047098384048924476,0.04143661746559988,2.0
2936.999260276948,-9.557577870688023,1.6842400589707422,-0.580031491053831,-0.0061774633200002696,-0.002562608891243192,0.04666336242607381,2.0
3074.0037520117635,-9.619619526734436,1.47443648364562,-0.35747419963484917,-0.06115287615318859,-0.03932012192938511,-0.06341135668359392,2.0
3209.9935460708734,-9.694779602822756,1.9012596419364531,-0.13917335348242796,0.016283566211385856,-0.03529584251983875,-0.03525630116959853,2.0
3346.9980193612046,-9.6861083594116,1.6584258924450384,-0.40555860638392566,0.08530927798190299,-0.06016340402164714,0.0272119801185908,2.0
3483.9995156975365,-9.550929635667588,1.8298063775128275,-0.5280085046986848,0.05035662182664746,0.011902080943843527,-0.014338729652195212,2.0
3620.994216847243,-9.748676555555235,1.7157524980739371,-0.21259269377368353,0.03950221720288209,-0.04218863100368123,-0.0221872761051751,2.0
3763.997309399306,-9.737409092541402,1.520632299841347,-0.3382450523682913,-0.011115496314807263,-0.06454534920192416,0.0255334054793381,2.0
3900.9898093014813,-9.557358191387715,1.642036479435378,-0.6368401353382138,-0.022817050219139476,-0.055223319225250984,-0.03096308858025762,2.0
4037.995839271424,-9.817555546840106,1.4013905763024816,-0.2567816512717082,0.03198657424257748,-0.008641707572121696,0.025091306959623215,2.0
4174.00043379359,-9.617768449308251,1.8608514537251364,-0.27547902892644704,0.040320205480303774,-0.0445956300661077,0.05466533490132009,2.0
4310.990989848154,-9.60678549847174,1.639871558788322,-0.31536776900316854,-0.005245957502950124,-0.059605118213488635,0.005127824464466359,2.0
4447.998434588486,-9.658712085457868,1.4680499719243876,-0.5688239091847488,0.03135239444315815,-0.03227303731087717,0.03148287022171762,2.0
4582.98861447802,-9.755320438826436,1.5092144582503417,-0.5456208303593028,0.05862615197114857,-0.042339376122096796,-0.025062736710045747,2.0
4718.984130070571,-9.628465690868882,1.8672629907837255,-0.3825821533759673,-0.02655993333385612,-0.0466122630084075,-0.03892339782827715,2.0
4855.000145334005,-9.613711778744104,1.76758449120298,-0.16897302237436815,0.04103595256343359,-0.051653841693726964,0.006674918950851984,2.0
4996.999533288197,-9.653799265890228,1.652828512566632,-0.35381939112406835,0.018795431259811153,-0.05723801200549114,0.03709750376658165,2.0
5133.000329642638,-9.652035302011246,1.579878423924295,-0.3859540718944276,0.0071131810510900355,-0.059318138297126406,0.016070298598900967,2.0
5268.982781093038,-9.635038815796818,1.7054521462526755,-0.45660460977955253,0.004490869520182934,-0.03000718155733539,-0.008953351075318665,2.0
5404.995674314922,-9.607884341612753,1.7519946714631203,-0.42644246519318163,0.0007357610118060412,-0.00862555093424334,-0.006856333298947671,2.0
5541.003981694096,-9.591693100906596,1.683835780693045,-0.13932777940155103,0.009428064179339451,-0.018124804515286495,-0.020077602380923234,2.0
5676.0013583919435,-9.611712058360107,1.7896260643380797,-0.2941877917973558,0.02366271159614902,-0.03821987408313171,0.02000426949741967,2.0
5811.994420748454,-9.620261362634453,1.7669478807447099,-0.33729184006989926,0.03899098004807292,-0.04528339975302601,0.01925918990633533,2.0
5947.993090345935,-9.60171705331704,1.5949866198440164,-0.3411741884191284,0.03209676323077914,-0.05778921685332617,-0.00229191517333784,2.0
6083.005662518145,-9.706063127974197,1.7342468944931777,-0.501997903837573,0.035833018192495104,-0.02226573416651512,0.016029006884380956,2.0
6224.995769239513,-9.57511754999608,1.9899261011131497,-0.5254434216415246,0.012309785259022751,-0.02887580387166572,-0.011744714542509985,2.0
6361.000046497173,-9.656019951038338,1.6209463019568233,-0.47807120637156253,0.025085171223100926,-0.024510592382952466,-0.0038649814156869245,2.0
6496.999465818044,-9.625997677645252,1.8046845104830256,-0.3777441898480367,0.012061630781037572,-0.013829970491034403,-0.027003731578910093,2.0
6631.9970487722385,-9.62487523453857,1.8104679111921131,-0.4110572674209021,0.008317640495990637,-0.04783822952326283,0.0017910107921458407,2.0
6767.992160202592,-9.677406957197155,1.6883298119009316,-0.468230424442038,0.03346779944595434,-0.04865562077622479,-0.004637766845371309,2.0
6903.982909778823,-9.717682312129698,1.615130979655517,-0.3964002627405084,0.04546688467336033,-0.044957458330463246,0.0380776722146769,2.0
7040.0072989273995,-9.661030256949573,1.6015015642825259,-0.4239180644328951,0.02077216616505639,-0.07895526965413795,0.016092759476240122,2.0
7174.999821316486,-9.66211771533755,1.6779588418699853,-0.5330559385470329,0.035722554613734636,-0.04652082801593862,-0.00343819299262267,2.0
7315.990241655627,-9.617171490526438,1.7254463824122892,-0.0684588646773889,0.014106217248745999,-0.0814292661687365,0.008664017846796228,2.0
7452.0011081813045,-9.668930716410022,1.3830161193152601,-0.26113482161081775,0.0004236658455927615,-0.08574555512942893,-0.0038485645581796484,2.0
7587.015928072744,-9.661012095589482,1.7284832606139862,-0.7535406052835599,0.0001368463030502954,-0.01672178570676108,-0.037363091644198376,2.0
7722.996151374977,-9.613404159334893,1.8460658805224437,-0.14919981844703706,0.016575374291081055,-0.027414216482200843,0.01663849450051649,2.0
7859.005161974774,-9.643309120727341,1.5908256460057122,-0.1696912322230191,-0.012344013022903352,0.004449547776109846,0.0013831118428161006,2.0
7995.00744856303,-9.72346357704405,1.8069996583481496,-0.6450507804526587,-0.04257825770670507,-0.026874831363916274,-0.020640087254993677,2.0
8129.9928874015295,-9.675678291164893,1.6178965791221311,-0.2830165227946447,0.044602497844502924,-0.03417005639679173,-0.005941064812651208,2.0
8266.003594861299,-9.582304065823042,1.8232209074052017,-0.16671928696334976,0.0017274784171149695,-0.07233285336938806,-0.032380088697072734,2.0
8401.989623150477,-9.656242543909554,1.6801893846900795,-0.33168698323744744,0.015606710299703954,-0.0724032877352638,0.024794720969920143,2.0
8542.002812228904,-9.595536535018988,1.7920324506075778,-0.25322223961813795,0.02421084421958196,-0.06853549479531443,-0.013814836458422167,2.0
8678.977291187648,-9.543922171062764,1.8176460746510366,-0.621907654821902,0.008588115683491415,-0.023453890429665104,0.0009716433543760696,2.0
8815.00299544169,-9.736232816049935,1.8133238694744243,-0.08572678582268001,0.020196816678525343,0.019465667651239787,-0.01174599048972308,2.0
8950.982178002769,-9.589860857928686,1.9249740269952524,-0.22922056734832616,0.0005977111864203592,-0.08342306623443864,-0.004460609387777009,2.0
9085.98404721862,-9.56317804652093,1.833767686658823,-0.49336482157160183,0.024897132885075335,-0.05774265069606991,0.014821841597887925,2.0
9222.00217488866,-9.691701498989097,1.5077779900195298,-0.5201195476625712,-0.028214561844094217,-0.020534480626714265,-0.03321701948641806,2.0
9357.996722251375,-9.681813523615173,1.7992413397622742,-0.4415521597050623,0.0024608756306137994,-0.01522437812134402,0.00901475162877261,2.0
9494.005128324432,-9.586581969635226,2.014810641344804,-0.3743487628063956,0.005295340465933087,-0.023484197073289793,0.0191434886716609,2.0
9628.992728379973,-9.61418245218182,1.8880949858102245,-0.2534086985734703,0.0008088880871250224,-0.03694330898356774,0.016752897806636503,2.0
9769.989103198306,-9.655667431576736,1.7255491622592949,-0.49780886504790794,0.012152187738424636,-0.06677302446102049,0.0033888097952687666,2.0
9906.00159636654,-9.604988906292673,1.8220087331915413,-0.4803745823230108,0.012778071451583679,-0.052175202183023135,-0.007385247010551226,2.0
10040.988429450748,-9.651010691546839,1.9070223481698003,-0.1593072283875637,-0.01172197182365568,-0.026877947540978844,0.027875008372208666,2.0
10177.001386476983,-9.71138450797142,1.5294836854414393,-0.3942612064624559,0.004166603901992662,-0.07409205767795711,0.011390611421681875,2.0
10312.98719304367,-9.609656051881771,1.7498460374758615,-0.5241237085849536,0.006234876220131771,-0.047571150646043246,-0.03916644014076226,2.0
10449.013804755406,-9.573685542824586,1.9322584864162269,-0.32568234278694663,-0.009402242265008172,-0.028482163474375825,-0.022132076683198554,2.0
10583.978172459836,-9.580285434329038,1.8557526137279121,-0.2166375952236599,-0.031290827319181556,-0.005145782847351997,0.015614880020238335,2.0
10719.998632162116,-9.654945464331336,1.7873725414859891,-0.3932693321038563,0.00153437761850593,-0.06243042625238896,0.001528856610956407,2.0
10861.020446265342,-9.605301267114548,1.855659214158604,-0.3661007836728872,0.010632925564869234,-0.03802129992669737,-0.0048249480100006886,2.0
10997.00035128913,-9.624404410203441,1.8077631462393609,-0.5028037607879715,0.029186545498629462,-0.05830146921574828,-0.016339192470342028,2.0
11132.011460732803,-9.611594313275356,2.0390696780222153,-0.5279784646601515,-0.004797880260631629,-0.04656710857884957,-0.0163381315246236,2.0
11267.989096584757,-9.754733519244294,1.7895536629387998,-0.2229949795270054,0.010785146472376491,-0.0430575904090133,0.030333714421722873,2.0
11404.000401134745,-9.643417125719742,1.605607730490851,-0.4731486553682187,0.014731588175446581,-0.08633563114749417,0.011221365142303083,2.0
11539.990823588549,-9.676600037827233,1.5472546592160137,-0.6272629787786699,0.016149972928158594,-0.07379451231562566,-0.0007362769130944428,2.0
11675.00943594138,-9.750097458993434,1.6279526747345106,-0.2547622993160581,0.02365918934630124,-0.025829816996915115,-0.006283146958238908,2.0
11811.005512036461,-9.565258694005339,1.787026867738759,-0.2635997545577554,0.017326125558231802,-0.0659539068959523,0.013571366125235192,2.0
11947.004746741133,-9.650187016040569,1.7942347148836,-0.3938161388717742,0.013697272841968705,-0.05585780315356586,0.00529229859254916,2.0
12086.974185327794,-9.616855531215615,1.868847231861951,-0.47482346060383485,0.010632178810169252,-0.07124154008937439,-0.02868711358644596,2.0
12223.016207883766,-9.565493208294743,1.5891240512855032,-0.3643893260305922,0.03916178815801631,-0.04941995731213309,0.00648540615853211,2.0
12359.00874284764,-9.657197174323588,1.7504050864486695,-0.31857658873801825,0.061414018679125326,-0.01310694417709127,-0.0018692673053397253,2.0
12495.00957450717,-9.56123198365118,1.8561864515426851,-0.2910278063255994,0.012854301908399023,-0.03851652265890275,0.0033501982446951036,2.0
12629.994378567046,-9.568874156096513,1.8552315751643023,-0.2623097230151639,-0.011818386774631299,-0.043593327849081,-0.03187008011980819,2.0
12766.003032184894,-9.61121689720912,1.9040480569672773,-0.3285050122842054,0.005264997832159522,-0.05444189604286463,0.01743849707211981,2.0
12902.013233314994,-9.655329629136668,1.752886196560631,-0.3457998707549275,-0.0052815940843426385,-0.018620041982517984,-0.017601967695058746,2.0
13037.9961736633,-9.626439382469169,1.9059294870961634,-0.43568394674929445,0.0359539627689311,-0.07371620420323793,-0.03831123240956323,2.0
13172.986728028554,-9.591781447592357,1.7597417197902692,-0.36984612771243164,-0.01363463093540948,-0.02911156759417172,-0.005396091170124448,2.0
13314.966206619703,-9.57095826011252,2.027522991015802,-0.24156616784374088,-0.009707636417769472,-0.004010959823520713,0.001210400716044844,2.0
13450.992740815816,-9.592607323489995,1.5682211980229999,-0.26480003810255737,0.031781892015220935,-0.042153199294256184,0.0007982502713859674,2.0
13586.000955546026,-9.658159421760844,1.7636063274100289,-0.3485804231748523,0.0025219449750972095,-0.037157077854021184,-0.009258631999939372,2.0
13721.993392695282,-9.676464399650609,1.5861688504990665,-0.28293917579677,0.048044836391752645,-0.03433532999362692,-0.0015332460094607905,2.0
13857.994075244551,-9.653755405914643,1.70473727978956,-0.4532897411879443,0.041383814640995886,-0.04563752969038519,-0.008635105141252238,2.0
13993.998970214592,-9.666296055349884,1.617588148670196,-0.31814987941971745,0.010552430412867657,-0.03001388811071864,-0.00021836194646276822,2.0
14128.98060855443,-9.684602349381356,1.74871670331695,-0.29967110295271265,-0.0010859422270469944,-0.04320071116195193,0.015239526012581772,2.0
14264.988236824407,-9.705893635985706,1.5914178603869358,-0.42724512529200254,0.014559744809567362,-0.038344277347050405,-0.02554662625760121,2.0
14406.023550296055,-9.632950352058918,1.8854322833860986,-0.5631806603403975,0.00040908707735313896,-0.02919130405137022,-0.028854681231847625,2.0
14540.97853422156,-9.663027430728713,1.72881136811127,-0.39923526267320836,0.018878659515338236,-0.03143301340762319,0.022813550252567632,2.0
14676.996462577566,-9.592837053212717,1.771331019021417,-0.31705597211335423,-0.015447679518093999,-0.018848841891256855,0.026215455631249343,2.0
14812.99194722289,-9.76101486728554,1.7739817851727815,-0.24462825173027972,0.0014103977856904349,-0.05056819980300508,-0.004077658475924778,2.0
14948.998027021253,-9.730826722940128,1.6173523762611572,-0.6430320010055667,0.003305219907013211,-0.07207583151968772,-0.013224393118351274,2.0
15084.000762419913,-9.704442868206517,1.6545737292570704,-0.41869976932574976,0.022706226629580877,-0.05212038835333078,0.010108322249400788,2.0
15220.004470223575,-9.69331350359362,1.6851410160440918,-0.28797370461016736,-0.051538057982744856,-0.044261608393806474,-0.022704897453398314,2.0
15355.989595726649,-9.631521502482324,1.7958587777755148,-0.18953546154244896,-0.028075674611437663,-0.03461779052324975,-0.03200798794648911,2.0
15491.994330529647,-9.689973851308721,1.6701852419721148,-0.24970500694347486,0.009870416755462496,-0.07459862548109207,-0.004762092683733557,2.0
15631.980188214986,-9.549019338186222,1.9663288906431586,-0.4927273855399635,-0.0020011034225589086,-0.05933349298644462,0.006206669136202523,2.0
15767.989383841512,-9.606174647284426,1.9566872501421113,-0.2611307398942674,0.011780120143704708,-0.06214276111592602,0.02180006706548665,2.0
15903.998083231792,-9.660733814606145,1.6393687182972434,-0.36261916448076204,0.01774154047728933,-0.04098126152241315,0.03078347572496433,2.0
16040.009278483061,-9.63815645640718,1.6273439047992668,-0.4595688723207705,0.014839437834841623,-0.06271797489079507,0.010619916462605834,2.0
16175.00893003437,-9.601263159738059,1.8115557353623886,-0.27987497898164726,0.0046353225021891105,-0.03900892442198695,-0.03794809088817981,2.0
16311.013657403617,-9.626543159730968,1.6777474265618644,-0.28681970860637707,0.009839624702173123,-0.03927953372096745,-0.03490821993201069,2.0
16446.984477463928,-9.563936606600345,1.9617702284411216,-0.49309434242312516,0.010213601454750003,-0.06117390349298491,-0.004177663837633084,2.0
16582.990703542142,-9.613957906486268,1.6944726886792725,-0.3516432854763678,-0.009848682590290769,-0.026302293416671136,0.019187661967909716,2.0
16722.999467872713,-9.651388852443432,1.6904192957943531,-0.4365969886624859,-0.01631208154480651,0.014856865951631586,0.001701018404080911,2.0
16858.99950061556,-9.68445494621269,1.6100024946412748,-0.3730572336444362,0.04056825655771637,-0.05011124691892844,-0.01108217871242714,2.0
16994.987051573135,-9.72762046065588,1.6590993039199486,-0.3335462296877593,-0.012380325693812215,-0.03820081743634439,-0.06303522006633709,2.0
17137.00692326637,-9.699818976472189,1.9270322196337542,-0.438608356972812,-0.0040417909508627,-0.03454400897869523,0.037186754739146344,2.0
17273.0036414627,-9.71000199036154,1.476637374689227,-0.2769302540942328,-0.06881950660826665,-0.07398427458242908,0.026277421385638725,2.0
17408.999102673795,-9.639075858423366,1.8248582889880873,-0.6338928202671621,-0.015794010579053823,-0.05291575791715456,-0.057871105005302785,2.0
17544.011778686694,-9.640548048533526,1.9754723410216954,-0.41110793362860615,-0.02007390359720744,-0.01310532452315508,-0.02692446451039922,2.0
17679.986080020793,-9.62217855915683,1.8335408594108913,-0.15305770839161878,0.04228609052787117,-0.03090741928157197,0.05600940449251581,2.0
17816.01320766862,-9.610326016933898,1.7361408308660213,-0.3427733397881506,-0.0027214491464902816,-0.06556328620713477,-0.010969051619939116,2.0
17966.990057115396,-9.577545623737986,1.975205487882576,-0.28065126515403677,0.023674907503473282,-0.012619942170665904,-0.023254651061527108,2.0
18113.00977074105,-9.617313687627634,1.6132508529380036,-0.2999273513910906,0.03677680249238528,-0.09225300400679871,0.011125507528123045,2.0
18248.980862034394,-9.625132511298958,1.8792023606311756,-0.5637991749846083,-0.009801887958939822,-0.03788410112823403,-0.049249269137666314,2.0
18383.99426864052,-9.652919517867158,1.7672782428351488,-0.21433723559033435,0.0061648392286967205,-0.03692682539885262,-0.026632390247851294,2.0
18520.010039147932,-9.772110294555661,1.719624583154059,-0.39772502676730537,0.006903282359716729,-0.0725731955375772,-0.015421659469121617,2.0
18656.010373307105,-9.655493104140042,1.686785197286829,-0.4596907905719805,-0.005064210402297073,-0.041565894715158716,-0.044648374725701025,2.0
18790.99478839598,-9.625623230181981,1.883379239361833,-0.1841820983758474,-0.0003635508414405517,-0.02543500293974753,-0.01501365319443703,2.0
18926.985129982902,-9.686247507770226,1.6806375719748108,-0.5556910176414086,0.00913739617614553,-0.07380943992089303,0.03242698772735225,2.0
19068.99517783395,-9.650601708605766,1.7299094191684097,-0.3289909294671487,-0.0005078028072907719,-0.019183160336041654,0.002252615003726135,2.0
19204.97932917713,-9.640228483724494,1.7755381957630658,-0.3365802364196241,-0.005074791468205515,-0.0562792047563643,-0.027352108541623014,2.0
19339.99439739395,-9.650744086912978,1.7699031603443456,-0.4911528025725553,0.004427662220757388,-0.047652591331687234,-0.0006946623102796375,2.0
19475.987281414724,-9.637530591809842,1.6135347145219177,-0.40768811649940173,0.020452434583660122,-0.04641165311686463,0.012936057475072787,2.0
19612.008139113965,-9.656560821910375,1.5170884648646927,-0.31537952196421315,0.026683481088631774,-0.029806116596629396,-0.030605687499625153,2.0
19748.012099523286,-9.6452156944387,1.8120362644285235,-0.5199589665882971,0.0196067889204314,-0.00633431194263709,-0.020820681607449796,2.0
19882.978905092623,-9.651120176420676,1.8407479919440712,-0.20115948414931942,0.010335818302992685,-0.027224188111407973,-0.021427262562939125,2.0
20019.000699914835,-9.667358077271288,1.6767086230194848,-0.27334388534100246,0.008932321965503111,-0.07355961543446358,0.012990569360072939,2.0
20154.997052098093,-9.56800395408693,1.9034803994427563,-0.4571379742233528,0.00978503552953318,-0.056095883179561566,-0.0009142711449045056,2.0
20295.00596992341,-9.659296380623815,1.5598293405883792,-0.10253942911724807,0.0009134012173876552,-0.053102854583131465,-0.009885304446250269,2.0
20431.008596147927,-9.629415331083718,1.571846062073464,-0.44961289722808784,0.025901992620577578,-0.062218587902756674,0.004921478970018545,2.0
20567.00682844262,-9.615291752737047,1.8481883249399693,-0.3479212395408538,0.0007706466885233268,-0.02252732612652766,-0.012740308087434062,2.0
20702.989088596776,-9.695937041044605,1.6101662134799046,-0.21116987529108644,0.033409797255886865,-0.04534654946611568,0.022503086415086533,2.0
20837.988744157297,-9.671935105966014,1.5087140427951147,-0.39375904964388087,-0.03223105088864391,-0.05800785511304305,0.0017045548043013667,2.0
20973.994181033093,-9.684537186539137,1.7203322438258422,-0.3121834759307185,0.043432037070616915,-0.04766275684213405,-0.012231386035158755,2.0
21110.008781512042,-9.59878091025044,1.822419423060067,-0.41510551945747853,0.031022725612323433,-0.024403162462905453,-0.018305586756519693,2.0
21246.001315773454,-9.628339998474083,1.9821510387350707,-0.28322273426959443,0.01594642812047633,-0.025131963394657342,-0.01366212523649306,2.0
21402.989855397027,-9.596909774591447,1.4573349766388335,-0.24357751483087062,0.028698544951822693,-0.06994486176254208,0.06022791574461404,2.0
21542.027847431014,-9.661375037771428,1.4748135255177186,-0.6089528016942779,0.005475427216910761,-0.03905420407143818,-0.00659602815212317,2.0
21682.004444970524,-9.621200749770392,1.8660594381315725,-0.33944480274417554,0.03862685118501992,-0.0013737457901561113,0.002220237502608862,2.0
21821.997340114092,-9.608459445023266,2.0580568729266404,-0.3861114313052969,-0.002251475975919486,-0.060667054417638776,-0.046299457856540285,2.0
21960.999210338057,-9.626075057716617,1.997022187830603,-0.16566572193261098,0.014751264441241117,-0.029914696192722825,0.01945871825825626,2.0
22100.990770198492,-9.630706859952733,1.443474800090118,-0.4847808649974777,0.02081209775833111,-0.07484093971208937,0.039979581535668676,2.0
22240.99075051063,-9.603245971443393,1.63181338494811,-0.3544600578299624,0.04461460404186694,-0.041853543948005556,-0.01765935510131175,2.0
22380.006684549662,-9.64484025644204,1.8949175602179889,-0.2538488545392092,0.006503092277050044,-0.008098027342380883,-0.05060552203872612,2.0
22519.9897817899,-9.652048740759936,1.7112695840911472,-0.2563899659027019,0.010974346280507138,-0.06724751839224859,-0.039044257143261665,2.0
22666.009090904477,-9.658862040935988,1.776560133169548,-0.4823465876151448,0.04513836236741263,-0.06258944808758198,0.009717760523734804,2.0
22804.998000380874,-9.614434958174249,1.7884391380557383,-0.38071189211787204,0.014605191760739652,-0.030287940618944378,0.027978168324652403,2.0
22945.01175058427,-9.607245329977708,1.7583634366291134,-0.23861954441892225,-0.022828565227652205,-0.04485824631719731,0.0013785651574129035,2.0
23084.00443301471,-9.646080574660823,1.8028698280570628,-0.2681113377347444,0.00747209978439414,-0.033733677201615554,-0.014558485705697372,2.0
23223.98216629133,-9.626850901455134,1.7445930485015182,-0.31109488236575294,0.03207463824978806,-0.053688021634814294,-0.01430244300311653,2.0
23364.00007590892,-9.573727394621478,1.9943002957670783,-0.5021787875320228,0.024311418960880644,-0.029690557277544015,-0.02306459300682566,2.0
23502.998323022384,-9.60660376752898,1.704507849897841,-0.4422854857810194,-0.004780277757097842,-0.032728599852721,0.0349732177752799,2.0
23643.013640019693,-9.66827403715637,1.6672661022558057,-0.3371465765636366,-0.02443143057420983,-0.0416453488500429,-0.023651343471519773,2.0
23788.00644223896,-9.552144780832458,2.117407474779621,-0.4089873729701247,0.0039159792674151195,-0.0368724109395956,-0.047675825467018484,2.0
23927.99161536292,-9.572697801081874,1.9465436934931117,-0.28819468517453173,-0.009551947375275186,-0.06166083855189626,-0.010882825427156111,2.0
24068.00709390811,-9.636492950462975,1.713034517020934,-0.49685810947826814,-0.006395504370012785,-0.042171327456173024,0.01461338853818104,2.0
24207.999393007936,-9.66703502534852,1.7670163976384725,-0.5854491598886207,0.029610988109517247,-0.05189724253474425,0.002719747321424553,2.0
24346.986423487804,-9.628587869145349,1.790682453712837,-0.33894123940904236,0.045094223262093926,-0.019588773470586546,-0.04073194208592924,2.0
24486.999149831954,-9.594244270657699,1.9355864081032705,-0.26934139361482884,0.01056574521674783,-0.04421015998413075,-0.014006914064540268,2.0
24625.98606048618,-9.617077578865777,1.9329171871198851,-0.16218708848611146,-0.010886862858772106,-0.056787893390486656,0.004978498121212481,2.0
24765.99796706045,-9.665227024997243,1.5759380350388625,-0.45924602093700184,0.007947940514496678,-0.07693864023385524,0.006011951250724023,2.0
24905.993847151552,-9.61924640884209,1.761814603577177,-0.4615000217322724,0.028055349330840355,-0.019461247256649244,-0.042408904428011304,2.0
25051.010446177075,-9.656922109796064,1.8342723853553218,-0.2425237189497921,-0.00449060732299505,-0.04574048339354072,-0.0013619932591182051,2.0
25191.011841971227,-9.672862412237736,1.7877273619015177,-0.38672685395620177,-0.01750155115199688,-0.053556607514402145,0.03680728920298253,2.0
25331.005085609875,-9.59161669129423,1.6926611802018408,-0.3657963218419704,0.03001024410351828,-0.08019824927455704,-0.004083048092308835,2.0
25469.98842845079,-9.623553916106843,1.8450012084823249,-0.44926611696802743,0.05352295725741501,-0.013676618114066423,-0.01243695803262315,2.0
25609.991290912818,-9.52762585925625,1.7781491768811601,-0.2109429258899009,0.0005803309429257944,-0.04347443162487451,0.011866295598026268,2.0
25749.97816411936,-9.655957683684226,1.700472746033913,-0.2863101902360824,-0.004282634624223722,-0.040832039154750956,0.006014874549752556,2.0
25888.998370573438,-9.568944380533626,1.995747927030413,-0.5423863278510301,0.00042061681780522595,-0.04736459139049565,0.011626724045917065,2.0
26029.01988699092,-9.64267056437796,1.887899036005837,-0.2250105977202457,0.04121982823327719,-0.06121520327825461,0.031198535074549383,2.0
26168.016774567193,-9.590797704472555,1.9369501816603214,-0.7991275964381203,0.0439089599151077,-0.0625187601649735,-0.005105812765858971,2.0
26313.002382625065,-9.579212920435971,1.8526462533254682,-0.3656507609618638,0.02080796477340073,-0.011955875832391877,0.04425221152297936,2.0
26453.001124218357,-9.694097562307702,1.6933943782382486,-0.3339581823144742,0.03663230939906034,-0.02195010898895523,0.01373890110104833,2.0
26591.98969595609,-9.581279078288448,2.0254975280413388,-0.30969754672810196,0.035996516772073724,-0.03642751408454504,-0.02599641916867243,2.0
26731.987119743648,-9.568797540040789,1.951102849045763,-0.14061239661850053,0.027736435679809,-0.02572113673216583,0.024445646891609392,2.0
26871.998362882005,-9.662612758536994,1.7507977599851356,-0.6027628257975944,-0.019252360683952367,-0.04985306119942818,-0.029279461445216225,2.0
27010.997350933423,-9.596700299828814,2.0060845639574243,-0.3367365462253259,-0.009076669132878067,-0.024444615671557382,0.0009151719942838011,2.0
27151.00234257065,-9.605749478791118,1.7584318243430823,-0.41226061139644443,0.037644901996348075,-0.04954093151425971,0.017311630362873604,2.0
27290.97887047065,-9.606167246084613,1.9591775708035086,-0.29086824910110637,-0.009509377201715612,-0.022982955703295272,-0.00466335406100288,2.0
27436.010078639407,-9.62528693484381,1.8188114158962208,-0.434526008086336,0.013501150814941614,-0.07183208231255674,-0.017995982693797954,2.0
27575.9913844839,-9.593306687231596,1.9100691139176265,-0.3329022972160105,0.021450658356514638,-0.03161734667344468,0.0184728624181123,2.0
27715.001332255437,-9.635076104940504,1.8935211975543131,-0.25773727782431927,0.011878977223493641,-0.07056548660023282,0.00519531373552759,2.0
27854.995042915813,-9.604945042588984,1.7407259891191385,-0.4971587616470356,0.03440200501013143,-0.038812461109409654,0.01564973718528717,2.0
27995.009737664615,-9.63611463537316,2.054255265363784,-0.41771184405486755,0.020522033316252734,-0.05576832899146587,0.011546116933291592,2.0
28134.009915669478,-9.579380080074634,1.9156332027955592,-0.11872555976224904,0.011863626629100812,-0.06883951861469677,0.030013852517519576,2.0
28273.99782243634,-9.658614918171356,1.697771745524862,-0.5341089568346611,0.005023660000328683,-0.06694780859929018,-0.02475822957285683,2.0
28413.99120244791,-9.545160894751616,2.0133497046580575,-0.578099242886935,0.039144502243314776,-0.01864621823512681,0.019805897572654392,2.0
28553.00734861745,-9.709362703424043,1.9130828786838685,-0.16435791574282005,0.05133740840269559,0.00014744039824116637,-0.013684850337990877,2.0
28698.008724632957,-9.652908081661504,1.9458853310487019,-0.3098771643001417,0.012954020862856363,-0.046323547863588395,-0.011011474203186947,2.0
28837.01056614831,-9.605455242414575,1.8240040304706295,-0.5418839858374076,0.014592121235879442,-0.08239301410400604,0.01306468938086109,2.0
28976.965704072296,-9.575954199009825,1.8050439087547594,-0.35430033223344015,0.017701007516546016,-0.02561125299399244,0.002629118977595754,2.0
29116.997569246603,-9.641084643427538,1.9888402835973318,-0.32050843285447794,0.002643414861847029,-0.031977298584323,-0.0045358318737780436,2.0
29256.004920672287,-9.665751458546268,1.7493343935704566,-0.4444844157541155,0.01482274309687707,-0.06414322223908041,0.003191775608766686,2.0
29396.005071493193,-9.680312231441581,1.7081320391453514,-0.48238339616220816,0.030717057139860855,-0.04515309961784357,-0.014598667471561633,2.0
29536.024529014096,-9.508140055784942,1.9582185872217412,-0.3882180802622754,0.06595551941254695,-0.03849370704471153,-0.002410484613459238,2.0
29675.009997398785,-9.605779826023452,2.0024874249276494,-0.19221889764598243,0.04507620474891575,-0.0634645232804569,-0.0026260584040021778,2.0
29819.985281036195,-9.641717503005381,1.8745365682384427,-0.46157360100657907,0.019215668721184735,-0.03403404814790217,-0.02718110186496284,2.0
29959.995378790896,-9.537228460380003,2.042771592693212,-0.3089663708169779,0.027744759294070578,-0.028663765100924263,0.0145951192743132,2.0
30100.001199387443,-9.586967453903082,1.9707264061319811,-0.3679906085884346,-0.022977440856367534,-0.042965367441877754,-0.007514070530950521,2.0
30240.00538581621,-9.606468068659291,1.7990330168040873,-0.32024418183442804,0.004795122015398788,-0.06232052897283671,0.016920291969003465,2.0
30378.98669446454,-9.660158782215303,1.7480380550371337,-0.48649730669900343,0.019039425793729164,-0.049161659864777815,-0.008858384443612118,2.0
30519.00618623337,-9.597101820083525,1.683047898067853,-0.26580953108231314,0.021363175709137403,-0.047163408212955796,-0.03148500013539092,2.0
30658.991190253077,-9.58824865182145,1.9218129124856531,-0.2628307133408365,0.03203737759430591,-0.05730351448757535,-0.02479016609655113,2.0
30798.000996651852,-9.551486490740182,1.8040150694775952,-0.28549658462197136,0.003542289914651187,-0.02281355009178177,0.0008974479808592103,2.0
30937.98990233149,-9.653141742918216,1.7895306690393586,-0.19854176619128977,-0.0034130281854659324,-0.0523173071217585,0.005689944039924755,2.0
31082.991791263983,-9.667819893133775,1.7293501228973456,-0.41911016655896555,-0.009820414801769553,-0.08402201000648422,-0.024397489242832516,2.0
31221.996443578606,-9.543366935861446,2.242196554822021,-0.43149938776193875,0.014200453312342869,-0.024475549764483007,-0.021877558400800273,2.0
31362.006618510604,-9.609116956852827,1.9391694271365756,-0.17443876623281096,-0.008145912767230135,-0.045133726766445094,0.018212607118614225,2.0
31501.004535252338,-9.529884575256842,1.6640311729781896,-0.12341955040666061,0.11576634152076358,-0.027334026546428875,0.013275217835766323,2.0
31640.98000797097,-9.73452655621906,1.6102587829936104,-0.16757368327143266,0.03298293282022189,-0.03325480842649506,0.03026612937507038,2.0
31780.98817512314,-9.668435365725836,1.8630642413545804,-0.3578018398208912,-0.0017323025136323908,-0.06354526960775866,0.02632477999291478,2.0
31919.99658398002,-9.749907406059151,1.4784313831420297,-0.43545837605869586,0.0211663728857901,-0.06849471278496619,0.012039060247433935,2.0
32059.994359121963,-9.654456417213302,1.792286689611129,-0.35215574923389104,-0.010890864796398433,-0.023023029616451487,-0.01584422650629461,2.0
32205.006866957887,-9.701089947340146,1.6831784616283931,-0.151791203338711,-0.04030851604570851,-0.05565384091064019,-0.0035703698318708646,2.0
32343.996022124633,-9.625262035035394,1.615710162576447,-0.40747089743038634,0.028211234633532076,-0.0578561255759547,-0.0031061060556098817,2.0
32483.979259244577,-9.707138301528293,1.7080572183481784,-0.2386631160127534,0.057434007180261155,-0.008141326653143073,-0.021644382695758236,2.0
32623.98521576376,-9.641478745176599,1.8955318206254739,0.032565935561630704,0.04394154349433854,-0.07632174051773474,0.01964578569028413,2.0
3161.0036749377064,0.06298133007663256,0.154097355848448,9.865739208109135,0.01427828543646424,-0.06299773331532736,-0.03302996751922805,3.0
3296.9961183349124,-0.02033725451021887,-0.055371156236462306,9.902530673084938,0.0156739246257954,-0.0909904473489173,-0.003767887880571355,3.0
3433.9909522893545,0.06409711671624681,0.24620599441924204,9.79355193630072,0.0009375114045509183,-0.0754876107727674,0.0056981324201269955,3.0
3570.9912171558726,0.03494498004708672,0.1465836030689592,10.032236189063157,-0.011940417193927067,-0.031237623139375854,-0.025166588113557386,3.0
3708.0242753699863,-0.049373152624816306,0.24402060629697078,10.139485245517548,-0.009308241200356405,-0.010054970976305541,-0.019265364707303806,3.0
3844.006155220641,-0.015367602515629254,0.11408662038591062,10.107058345475213,-0.017805648239009406,-0.04089122650463854,-0.013849712118180769,3.0
3980.990321222958,-0.09354672553890438,0.023799729341029547,9.739669710100461,-0.023604505764520483,-0.06539767595477608,-0.02773903283452843,3.0
4117.992659714033,-0.027916981350519114,-0.10645103075156485,10.025474261562369,-0.016586951762898636,-0.0578110306616518,-0.0007258489236199668,3.0
4261.006071711996,-0.0707130722227561,0.3060277166839224,9.850633440919756,-0.004055649119840444,-0.02693564744309958,-0.030249323010226377,3.0
4399.002346511481,-0.08545028294323626,0.03560925950001615,10.06935323304358,-0.0006746262953248584,-0.09344767033491092,0.004526207358528156,3.0
4536.008105482198,-0.06630445755940877,-0.027532485925588764,10.076766711926238,0.0313851168228447,-0.029669397681184637,0.012242187586068836,3.0
4672.010124372649,-0.04968277028680119,0.18828095330184835,9.912552501857403,0.014670035279082914,-0.10160007115765732,0.025155707612540372,3.0
4808.992403765802,0.031773136544002,0.16689457638181224,9.814707832863256,0.027844885615128306,-0.08598061514357536,0.0035152356028706924,3.0
4945.989426932687,0.04500823185380605,0.021470911052189155,9.746480981197168,0.0023691196840071637,-0.06944549975631702,0.013366121607595056,3.0
5082.008787890816,0.046681822396288035,0.0706653926431202,9.96949220349211,0.015211588614454962,-0.06014236587052274,0.01600613384378185,3.0
5217.004915280083,0.015722462513153162,0.057953584672959135,9.776299417583873,-0.048367321791061436,-0.030661113091980687,0.013263078487940732,3.0
5353.003672924431,-0.07974740178838682,0.11493865915334567,10.041288323037461,0.0037801801839158706,-0.0068342432285661316,-0.002393825914910335,3.0
5493.989774618293,-0.03098912871323949,-0.07240228305305509,10.030220303556359,0.01168836274780203,-0.0653223337711969,-0.014955423827559183,3.0
5630.012534464729,0.15886552229137318,0.15731549968490818,10.235952884569057,-0.002375526136293729,-0.16321393190746275,0.017021041323329406,3.0
5766.000772940921,0.08845844492886479,0.1330625303393845,9.757158360579226,-0.012877689334420635,-0.09821898638334052,0.016320317927851127,3.0
5901.998559737594,0.14338794909951816,0.034863719214740234,9.846835645794936,-0.01540831299799084,-0.02884907351851675,-0.00353009285257224,3.0
6037.992000672183,0.09506864938631138,-0.021423600394328588,10.197228738741842,0.010770957592580257,-0.023160288851839884,0.013351179025325661,3.0
6173.013083202901,0.09497928822184239,0.04267996231820839,9.845114908675152,-0.01171918330230247,-0.11855814211975214,-0.0214166439379999,3.0
6309.002692061933,0.28965629043052776,-0.034252561727043926,9.899619399188891,-0.0077563353676915305,-0.08551286929727732,0.02475456794632427,3.0
6444.989585694408,0.23074310598260253,-0.049561419915465914,9.858059187207548,-0.0003962941938457418,-0.02522491722648103,0.024706308318318763,3.0
6586.004453166002,0.21312095981685156,-0.2509433294737388,10.149072561611307,0.003513090301406729,-0.0340660249423543,0.006995542981569564,3.0
6722.00128085792,0.2397960815412992,-0.18604028632912728,9.837757894907645,0.03663145474498603,-0.06803222791526492,-0.018469714080573792,3.0
6857.995788592981,0.2460699402432255,-0.024144808932935156,9.777254730713429,0.045365923078646474,-0.08756422925547533,-0.011984438156249997,3.0
6993.996669896847,0.2477812587043497,-0.0835156016590681,9.625839562092484,0.009665051911760533,-0.04053675258492493,0.012429618964534322,3.0
7129.00613124879,0.34749250218800626,-0.2790175827574247,10.502016214973223,0.16669949946946525,-0.08781154746768106,-0.042139034127418644,3.0
7265.0345632500075,0.33950342352175417,0.17563068407422036,9.277986312514702,-0.04345201439815163,-0.09585369418235616,0.05747145023462728,3.0
7401.0034294121,0.3830896372083796,-0.23325536044551815,10.215424102388095,0.06003362114451621,-0.024569711224136336,0.008605444473486483,3.0
7537.000510340366,0.3616383391466413,-0.3650745475430733,9.787480383277527,0.09638119903214135,-0.04418592057578994,-0.028190140557808063,3.0
7671.995656128314,0.2898650350203127,0.12148484302056607,9.681860294574106,0.03217225245384076,-0.040480125357004786,-0.01534559575793298,3.0
7813.997630127113,0.36488245738151387,0.16788724983763875,9.825226411705922,0.02059906810714257,-0.053637909614481616,0.044351299071132624,3.0
7950.008078991098,0.4208166122872394,-0.11916719882766878,9.975300086776304,0.0072196255278544905,-0.045056477450156264,0.005826344917440628,3.0
8085.009936760071,0.48095624975703527,0.17770958932587388,10.119259254222875,0.027830887497823652,-0.061624623274226895,-0.009378715358636063,3.0
8220.989643605932,0.5330858845987676,-0.13713178055109515,9.818654828749386,0.061155017918125845,-0.02178443677107799,0.006755529171902109,3.0
8356.980091216308,0.4333046164747052,0.041406758503668664,9.759725531251732,-0.010504496879436227,-0.06492214795831752,-0.03687360696364443,3.0
8492.979966928928,0.4984142329510535,-0.04145103271422443,9.899022154899686,0.0076202292910486176,-0.03223575840022626,0.003442681448948141,3.0
8628.001174516408,0.462037670759778,0.2026686385581598,9.798591544458644,-0.03529539327766682,-0.0642199849006068,-0.01780547817280748,3.0
8764.008058296155,0.4854087534713586,0.03997025331641559,9.946815027523774,-0.03199774737743072,-0.054801777418451714,-0.018499293635392048,3.0
8900.006271091508,0.5529283686863901,-0.11707371741689618,10.123219749386278,-0.01687037584606512,-0.019997393076560354,0.030692547134802548,3.0
9040.991894699599,0.4759920094312488,0.042491227455436695,9.791767855558808,0.00871224794266681,-0.04540951101714079,-0.0037242682466717566,3.0
9175.99264530819,0.4850641691214217,-0.4188591470674222,9.883486615292142,0.0684363814281438,-0.007434534365039731,0.031594260836599344,3.0
9312.002892176959,0.4521429932676009,-0.2807936452255133,9.950312755620946,0.0016013265961722341,-0.040088205128406246,0.008067615914699736,3.0
9447.998183450243,0.4436809612228083,-0.07423232358844711,10.15433710479446,0.008400053036833678,-0.08447290352896396,0.030772507801239118,3.0
9583.007034499753,0.4645383298525022,-0.38994743433246176,9.728034106989712,0.00043067673087388285,-0.09764257153599619,0.006390083407575003,3.0
9719.01677232318,0.45785643004285353,-0.16446592940420465,9.747995946226848,0.030986799395893574,-0.02134954254910112,0.020307064284749703,3.0
9854.999570208769,0.6084161651254314,-0.04558293330365942,10.113741759681018,0.025864892376532996,-0.10738032512959873,0.02131751822703226,3.0
9990.988677354742,0.5687469494518871,-0.0563544244938866,10.099571616862612,-0.02429291362293568,-0.028239115208467565,-0.02404845876948442,3.0
10126.021530696533,0.471708686423624,-0.05260113620056362,9.78804480487263,-0.019994671735929222,-0.09293679029044966,0.05502468245717805,3.0
10266.982993514082,0.5733792156399641,-0.28164066738133625,9.755286633473503,0.003278011958390353,-0.07481083650797773,0.02097991730704632,3.0
10402.998512088312,0.5407034795211019,-0.26753449917485167,9.928688368229983,-0.03548091565296133,-0.0626764561753324,0.0007504363577405574,3.0
10538.998577109542,0.53504080225081,-0.38715086932532766,10.063027971677961,-0.05129730768149151,-0.021594891210436295,-0.017598180258896878,3.0
10674.005397874835,0.5522814420357213,-0.24879830061316704,9.986184646944002,0.021725865030172296,0.003554270310121019,-0.0024152343540269146,3.0
10809.986243748155,0.5376336333280007,-0.15982776300933826,9.95134296127816,0.004775936361554662,-0.008242281275225355,-0.01669331110619222,3.0
10945.997965955014,0.49470569939445763,-0.19521763709286327,9.876742895820652,-0.009947511631697678,-0.0718945715077396,-0.030033665851940783,3.0
11082.002597594228,0.5401465537260547,-0.11390750510869388,10.102249314491518,0.032797967626119716,-0.053346854150865666,0.020697173011085094,3.0
11216.989687472853,0.46829285925039643,-0.45080855973739214,9.914055674091601,0.039444153040709855,-0.047567345718350786,0.030996032399598153,3.0
11357.992263107659,0.6148943992701342,-0.22631346746300182,10.013737802168343,0.010045594019809924,-0.05305745351854744,-0.03608216197554762,3.0
11494.004836528355,0.5764574351313031,-0.09667048329132677,9.988672347939806,0.048615565876405996,-0.04610495701553443,-0.004005716577250497,3.0
11629.001545886695,0.5792230337064244,-0.00689453641857271,9.823580049619803,0.02846031758440495,-0.01212162687124572,-0.019821450163271408,3.0
11764.993005510965,0.5700997622692506,-0.16672830587534046,10.025285502346003,0.01643211775293595,-0.03308630806829361,0.009525798871457873,3.0
11900.996525104942,0.6039560633101653,-0.2961082195440506,10.14655402249548,0.0044437753201382844,-0.03930326946315437,-0.02307624878338873,3.0
12036.993856388934,0.5085422268078339,-0.2772214376121534,9.944413737203346,0.008640859036406502,-0.02986067266929045,-0.007716731617648723,3.0
12172.010466376854,0.5130945504068223,-0.4163133617086186,9.930119912540402,-0.010438669266270037,-0.047891418903407895,-0.002357317516995045,3.0
12307.99615690539,0.5192511068436306,-0.36274776299621775,9.867949868620002,0.013738426754425203,-0.05109758015041802,-0.01949503449987092,3.0
12443.9857376169,0.5447287687731518,-0.31202235488181534,9.837297767336855,0.014906839958633398,-0.05113525102911821,0.0012964676608126966,3.0
12585.005898259258,0.5943308772088337,-0.09747355146011846,9.683366587756586,0.03507044393997034,-0.06632915301767063,-0.02104855120469537,3.0
12720.97517980708,0.5992355632361739,-0.33593624223974594,10.183763534599235,0.037255660213885614,-0.026894101537363786,0.008428791996224615,3.0
12856.991056378989,0.5930110692009319,-0.2466887510614261,9.922556680061362,0.019174654643684744,-0.046700565442255704,-0.001604999570144499,3.0
12993.005973294092,0.5130220713003659,-0.5596620012877647,9.867975551147353,-0.003633171553889829,-0.05489441329494865,0.008877301048208705,3.0
13127.991958859098,0.5746123269298722,-0.40170028651519657,9.837311490532436,0.017777740705201578,-0.03829822293786502,-0.0027561516539691294,3.0
13263.971193363637,0.4601250060855638,-0.22528053030639925,9.677836538047405,-0.019840405360290726,-0.1150189607420625,0.033687197106295926,3.0
13399.99595752239,0.5867053680861508,-0.5978366074491914,10.122275884605449,-0.006392351972382247,-0.06304612172751578,0.03731276820726529,3.0
13535.997528212227,0.5376237886412405,-0.5797114575389196,9.967627267546582,0.004132280515579842,-0.05634010621663556,-0.004355120376625377,3.0
13675.996527840403,0.5710453893185009,0.1297289421569454,9.895318993661137,0.012579625197078732,-0.05219730984082717,-0.046051933559817855,3.0
13812.982039584294,0.587119256973623,-0.3430736388755186,10.075437040275254,0.04513801734107767,-0.0074453691865684415,-0.04274887791904883,3.0
13948.982887542008,0.5999012017400515,-0.34523304959426365,9.969578116118827,0.0005366469225499072,-0.07470823998371807,0.007014322498502108,3.0
14083.99266929488,0.6832208016888354,-0.3868078603476144,9.720892043358207,0.03547018183433862,-0.05586827060011896,-0.006724168806568584,3.0
14219.995120644366,0.5806249923676771,-0.11586897565606945,9.987720119320636,-0.039650921733005814,-0.060095428215025955,0.02995823163086419,3.0
14356.000834529214,0.5908985670380128,-0.40404545617168736,9.909582516227626,-0.01652390596642151,-0.011517062017776416,-0.0042552497845398125,3.0
14491.98208369231,0.6210521222646403,-0.5298467835788441,9.826207197533094,0.045347894392207606,-0.015661475588653065,-0.016537533870217447,3.0
14627.004309508433,0.6035308317807806,-0.3262886998414442,9.93723645356838,-0.02843693991332404,-0.040559603992564225,-0.008462395461403923,3.0
14763.001888005205,0.4908594861904604,-0.042384875427545356,10.125426452081628,0.011530720745344444,-0.041465806402912,-0.012595397765701951,3.0
14903.99770435507,0.531644177383994,-0.5712251828238645,10.085665234953359,0.0018232882352056052,-0.09234982431462409,0.022786631124549046,3.0
15040.002140153452,0.5703901756047175,-0.5326903038111488,9.502691340967214,0.05638061120878064,-0.06754158950774955,-0.01669485682235031,3.0
15175.022960826245,0.5496404366806681,-0.36358260670023257,9.739888995710581,0.003576347937631968,-0.057594868928281084,-0.005881139643865208,3.0
15310.996604234031,0.6046451881318158,-0.2991480281781312,9.833073063168902,0.026846197477527835,-0.0655098333457087,-0.0010663391983146615,3.0
15446.99695182512,0.6228153895294386,-0.29372524838241487,9.932606617629125,0.02371108507470453,-0.03786228657155531,-0.01408603813141146,3.0
15583.007245609184,0.5684321540642676,-0.5681149809951342,9.96245195227456,0.01866452250035234,-0.04352797963098917,0.01088982276638005,3.0
15718.000268482778,0.5334870340377911,-0.4175634422859063,9.591948256723132,0.031103974462736682,-0.060454857357250584,0.031769700769454935,3.0
15854.016084360277,0.591829915991644,-0.4778330699375301,9.962587443831977,-0.005398026716351078,-0.00454790990440041,-0.002472096314049077,3.0
15994.986597916075,0.636849089350406,-0.6931924168305975,9.930569036926649,0.008270560879743528,-0.0492220390653944,0.011566094858081456,3.0
16129.981466440706,0.5368474327405247,-0.41105939454926677,9.893927686229306,0.02767415142375797,-0.04011294710921664,-0.016564062670098575,3.0
16265.999367509472,0.5931505761987176,-0.37382323333871487,9.984264577012778,-0.03295297784791066,-0.08505041256206577,-0.02470101441239829,3.0
16402.001291450597,0.6463808930472215,-0.664787030342417,9.906447880086128,0.0067657116868956755,-0.05834014836609215,-0.018418713530807925,3.0
16537.997772998093,0.6671954481767572,-0.5134425916140668,9.897077103978653,0.03525527309272941,-0.04551522547605646,-0.03832051999144664,3.0
16672.99081837707,0.6204164559516979,-0.4421105406141245,9.910019184057541,0.017838726890599493,-0.03278979161445293,-0.0035222888850897555,3.0
16808.991549554514,0.6865823720383514,-0.24128814181352176,9.894960778144949,0.04610207944958121,-0.0427005754982728,-0.02660602751137907,3.0
16944.99457731083,0.608726829341557,-0.3824503527263502,9.756801005622853,0.0210513084788729,-0.05928238632081612,0.02842162556532389,3.0
17080.996645409134,0.6820235736219338,-0.49835099296099133,10.00761907037251,-0.023170417761854627,-0.0854830476033543,0.022067142281745746,3.0
17220.987380781073,0.6986627002527636,-0.5217610033770276,10.091669390299083,-0.004614868631051231,-0.04107095056262481,-0.0016952976571073435,3.0
17356.99683166995,0.6105755929548174,-0.40316015865217764,9.705194943442061,-0.006924806903413358,-0.050138260439722096,0.000783051770741393,3.0
17493.002274633414,0.6040564783146546,-0.5340625859142603,10.064454433533731,-0.009974435083056192,-0.04438545897510795,-0.007770174812363079,3.0
17627.996614284573,0.6672358652794486,-0.3997602006171569,9.78221153478793,0.014148604066523008,-0.06407654385834124,-0.01678004369510206,3.0
17763.987151748617,0.6529263392364947,-0.33225774075747533,9.817583190205971,0.004471175279006556,-0.015677717309160105,-0.015182409166530995,3.0
17899.990848059097,0.6679274916436266,-0.574749510852908,9.920004775238295,0.003644972156611119,-0.041395114862840754,0.01922971115514299,3.0
18035.989894208335,0.6552422621177584,-0.5272218116654382,9.63905483943307,-0.0274054345931739,-0.0513077552522107,-0.03338015286624211,3.0
18170.996305504792,0.593906865555835,-0.525656980243468,9.789913303511952,-0.030812752367118796,-0.05716719313478115,-0.015293279786403945,3.0
18311.989245898116,0.6281643875214188,-0.38137134517879007,9.885996055091626,0.013237535258662529,-0.007409818443024275,-0.0016420476838169555,3.0
18447.99062071599,0.6348166107896283,-0.4110697904251453,9.918561720961542,0.012580628480407858,-0.05073182501337217,0.010861084179927026,3.0
18582.98785861567,0.7048272684505797,-0.5113852504518023,9.975014297734392,0.021984571578810473,-0.023743174779899873,0.0036927311815787528,3.0
18718.980474576205,0.6761435962513123,-0.5325157304391727,9.934395142567217,0.021276551258839357,-0.040486533393181735,0.012192492798104793,3.0
18854.9963651156,0.6852412131457531,-0.6210985799365948,9.83313430074011,0.014160078689507591,-0.0412662046365984,0.008485443319982331,3.0
18998.00082634686,0.7127757739539596,-0.7408949447105416,9.948271566583763,-0.06470203602186658,-0.04472440671236444,0.02108267694489754,3.0
19133.0042841448,0.6974253025137993,-0.606143789564865,9.916244853310795,0.04055395136782205,-0.04429251687000975,-0.014845920262976545,3.0
19268.999688287535,0.6996844163971633,-0.5320620376250282,10.074483352955337,0.01434428319443802,-0.026165919063126333,-0.009572153414996886,3.0
19411.00562057712,0.7490801242525351,-0.5859865426031318,9.846304912888888,0.001949790491085496,-0.042203729512677944,-0.014352246972155352,3.0
19550.999014800498,0.7441900865042114,-0.5721978001459531,10.18622124215284,0.02946228094917792,-0.003595188544120707,-0.01795545776175617,3.0
19687.01201554014,0.7159169231693223,-0.6576598302765001,9.882209023485329,-0.008378302223690806,-0.063766663659905,0.01268110074803841,3.0
19822.998146909533,0.7252319472388215,-0.60929575166998,9.738618818094935,-0.008002288930252382,-0.062322328296783296,-0.0048938095907788,3.0
19957.987854863022,0.7346680897086929,-0.7573209919899502,9.886664529871721,0.014422300447405468,-0.03802977706201322,-0.00990533581904354,3.0
20093.998739253493,0.7039025108939875,-0.445259155036007,9.846630178490635,0.013169499144358422,-0.04043460287289775,-0.01596912406968536,3.0
20230.000193157506,0.7182221422608382,-0.5291534040780947,10.039802459879983,-0.0024649347263563217,-0.05204727939095801,0.008420986312403284,3.0
20365.993843269236,0.7620972078287844,-0.5069619096018071,9.867155615929518,-0.01825232624357354,-0.07231165957208369,0.03462236090890729,3.0
20500.9920003612,0.7037699843216323,-0.7445393119102535,9.876068138328273,0.012286813915595262,-0.030211237276076306,-0.025456902377727575,3.0
20642.99141710726,0.7076319118515338,-0.5449462960741492,10.122768914706187,-0.011287359658217581,-0.051111538474362506,-0.002781913037815996,3.0
20779.00879885066,0.7901887763273152,-0.6204334460390116,9.806300222520594,0.0008766993206707575,-0.04428713526677167,0.004948329988207377,3.0
20914.986156817315,0.7438339799769471,-0.7589770078713819,9.887176096556368,-0.0066498871322850095,-0.03198698403219248,-0.020087430019980236,3.0
21050.00421930946,0.7125206247867989,-1.6108304024950209,8.777760155706588,-0.068816053283748,-0.28041691743666175,0.06290510293526821,3.0
21185.99121892488,0.8491687721897274,-0.6742163753697501,9.85140839446888,0.01245733409537825,-0.032969092896254895,0.005906351522594685,3.0
21321.999185465986,0.817496402599854,-0.5516137129930485,9.808186761486066,0.0031159494452592616,-0.04127004379877391,0.001823755520947442,3.0
21457.985143014077,0.7778078632636456,-0.8084374878648989,9.887373306055094,0.008904221117989667,-0.047750312354150705,-0.0006439716867685118,3.0
21592.990533835015,0.7370086660535236,-0.9854226732487364,9.892477190049359,-0.004518835605116758,-0.05598412324114836,-0.021507769698044004,3.0
21729.00426180209,0.6976064125181546,-0.4441039553929548,9.53792344386596,0.013381027324315538,-0.06568467623860168,-0.027875792337235916,3.0
21885.99167377228,0.789935557064936,-0.6391773564384668,9.85112949406271,0.025737489480311904,-0.050418804704479646,0.012390533640629727,3.0
22025.995952036592,0.7728010643432502,-0.5488229014163115,9.69166177822551,0.04813405846152165,-0.027828819120719765,0.004208748461076167,3.0
22165.999605085774,0.853331719251202,-0.8122148094292648,10.132600383451317,0.028691114354962213,-0.03713666313525047,0.008479451678666289,3.0
22304.98359098945,0.7978754292305743,-0.6746537499718271,9.706744887550036,0.02867347383208812,-0.04748656976746038,-0.01281786027538835,3.0
22444.989513156557,0.845633124831442,-0.5826102667289489,9.60985201620116,-0.0011861771842271033,-0.05827032333597069,-0.013628872575127739,3.0
22584.00384548341,0.835702273498396,-0.6577540670500609,9.64380825903407,0.03525427994348306,-0.038289199077088464,-0.0016184887079690007,3.0
22723.994256342263,0.867736488468726,-0.7128453145527057,9.936783115518047,0.003286362407835624,-0.02604296971862757,0.003432245439520485,3.0
22863.989939261104,0.8860939469321356,-0.6740253869918598,9.799271495718038,-0.013599612304126636,-0.05835310564012542,-0.022755755924762464,3.0
23008.999737556267,0.8629798682015932,-0.5464188751819363,9.83207457731726,0.004259538660354948,-0.051221453952550566,0.00455194547515423,3.0
23149.00146683697,0.7855329375978515,-0.7774490476285408,9.76783825231489,-0.015429849844714598,-0.06709729059917192,0.015359144741668693,3.0
23288.977877743113,0.8516765409746776,-0.8508429829117954,9.88780821976114,0.024165164582321607,-0.08730465007156335,0.0014072159374257784,3.0
23427.992651630284,0.8530580684034128,-0.47061126790929286,9.71782969500448,-0.012198433779690305,-0.08559207706832762,-0.0301080853699253,3.0
23567.984728373336,0.9011651669391539,-0.7051491378622953,9.904721479118438,0.0163393655315581,-0.06322213932638926,0.009982563358826727,3.0
23708.00208465254,1.0020128085756552,-0.6973753332003435,9.855668287918853,0.04034299517960781,-0.03781100719857393,0.003081004516578846,3.0
23847.00433494347,0.9279764928477295,-0.3479675019171384,9.650975394801135,0.04417095417161369,-0.0347127577017817,-0.049793829837438575,3.0
23986.997412079054,0.8404187063913947,-0.6402904542287119,9.806754028091778,0.0015823463053753141,-0.03415295344115543,-0.020748537139593282,3.0
24125.992628864195,0.9556531156318329,-0.735653522508484,9.782110193242302,0.013841178415321707,-0.08291106640473075,0.031620960124846505,3.0
24271.994274829984,0.9650089598790068,-0.685059070254682,9.760355825406418,-0.004252874253314318,-0.06888284428991,0.00476508097653067,3.0
24412.000031226857,0.919951291815515,-0.5474428544898883,9.816431221453238,0.010576040706430131,-0.02179560866679166,-0.01746935750046061,3.0
24550.997022841304,0.8664276599551962,-0.3178002423415756,9.875978708121963,0.018297388363589833,-0.06762979470740839,0.003770655466666881,3.0
24690.994609301826,0.8830899934411824,-0.7046507134440421,9.707742413776506,0.02523537270739171,-0.05528204450005013,0.021764173496268246,3.0
24830.998980545824,0.8092907610792043,-0.4914439991018751,9.595558752028683,0.03596739454157674,-0.058795659912842274,-0.007611856412843265,3.0
24969.996053980398,0.947114914469017,-0.49555668576655404,9.873635300057824,-0.007968303657686391,-0.07016503942743992,0.0014980854856857229,3.0
25109.98648257281,0.9247436665392992,-0.6199046491879078,9.89083287503738,-0.007373733040018451,-0.060284700452852835,0.02858212376207315,3.0
25249.99303187583,0.9869519334428518,-0.7212263176766944,10.007469140475473,0.036314945505872276,-0.04283904875874189,-0.0035893248874622687,3.0
25394.01573904004,0.8933910389229216,-0.5466607059304511,9.592986970651525,0.004704297330696717,-0.03495244516236234,-0.0004385152488384299,3.0
25534.008062341778,0.9373902142061133,-0.6534580303541918,9.764283387073359,0.00980451703478056,-0.05174991412727937,-0.006634649416772529,3.0
25672.999774180753,0.9424928208746611,-0.7282387164775277,9.895901249194399,0.027301901384485804,-0.02562317307275182,0.005244085116358639,3.0
25812.994977532217,0.9590650982096528,-0.546246704382889,10.112195652867893,0.012524721902996217,-0.004159125128813194,-0.01108902490023529,3.0
25953.003631210213,0.9534490166909946,-0.4363057626618593,9.999304484287748,0.022801210296960455,-0.019638073855450383,-0.004393889300381851,3.0
26092.004964424636,0.9456005841656513,-0.6474234573877465,10.026835958920367,0.03521705332917806,-0.03928374342072078,-0.02146495277645564,3.0
26231.998409753076,0.9608847919239314,-0.6256894422336812,9.996663685899565,0.011491125031207245,-0.028749627630483783,0.02110982505995008,3.0
26371.99311030861,0.9504538311809992,-0.6663649621990904,9.913737033415188,0.0005094640911770611,-0.03495938617637736,-0.028786308749885546,3.0
26510.997077965774,0.9575877373088812,-0.6088800493618126,9.804590234728902,8.475055220575112e-05,-0.02061813273366037,-0.04271509433024982,3.0
26656.000586178678,0.9418340293591226,-0.6039467024443134,9.897948235594985,-0.002762456925723471,-0.0029865276040441247,-0.007972211999795021,3.0
26795.005627417122,0.9571112609367046,-0.700042999419891,9.897028076332269,0.009962969157558265,-0.08210579370273297,-0.0003757229941909455,3.0
26935.018571608154,0.9843597470067117,-0.7773929904992211,9.702595327040068,0.015269813018621509,-0.035822181278359594,-0.010208311436624784,3.0
27074.997295216774,0.9687341570263545,-0.693247627541322,9.948007402958837,0.01342313704303978,-0.02123584447542938,-0.008478019094740863,3.0
27213.995432530726,0.8947197802740231,-0.7871052474908764,9.717051941670498,0.012392439012731045,-0.03070914318922217,0.002865632206964916,3.0
27354.005857826993,0.9671476096727191,-0.6806295659335876,9.702581920329001,-0.01930832850723059,-0.022118102162497644,-0.015449554828307947,3.0
27493.99257407595,0.9192598863727236,-0.8539491548380758,9.90985250652625,0.00499664665672686,-0.0032287236998609584,-0.006450455335280618,3.0
27633.000471949174,0.9645810546811994,-0.5217536935958164,9.806550649046937,0.0392497384360635,-0.05117165146122474,-0.015111783937396282,3.0
27779.000947218647,0.9169075439211826,-0.6394047705932515,9.885913600254643,0.02515254728220352,-0.012581324451694386,-0.005822532666954362,3.0
27917.98504287377,0.9488812926071915,-0.8293269679898336,9.961921167460961,0.03594888132387129,-0.02308193318983375,0.02675838465251145,3.0
28058.010231712793,0.8635656471141339,-0.6985207144880305,9.772093842840652,0.02039122691492042,-0.07636589719566331,0.002411752275984528,3.0
28198.013509163047,0.9870253302304254,-0.5117996006306841,10.001052832601806,0.01032339697593127,-0.06406077569146591,-0.012165462729713278,3.0
28337.010949380794,0.973846886700979,-0.6025788602494268,10.053348810005177,0.035607796794251745,-0.028509895659013972,-0.017997783634521983,3.0
28477.015221286096,0.9279531106689592,-0.5322933824291362,9.888131359542648,0.02116777148622683,-0.03619902870355259,-0.009819139102989973,3.0
28617.01620300332,0.9015064075170567,-0.6429491115017132,9.897189761959268,0.023254580569773812,-0.0459887637539746,-0.01621353759005106,3.0
28756.01793181501,0.871273671110042,-0.6844156189234953,9.95769159233051,0.010477879233283971,-0.01386189993688519,0.003920337140500928,3.0
28895.98514885719,0.8493781237469848,-0.6656329627926222,9.961777676760628,0.017785453905442616,-0.006539495560509279,-0.0030450497333477326,3.0
29040.995525377002,0.8106494149917934,-0.7032414458394936,9.787021542735115,-0.04360351553880949,-0.06768660901508046,-0.010733100558910637,3.0
29180.982375812608,0.8405009829686346,-0.628661279056342,9.860024033583667,-0.011488463665119256,-0.07432148478413603,0.005331122418889672,3.0
29320.999900663563,0.8489081201168285,-0.6042604118013077,9.893700044137756,0.019781369627343465,-0.09426970562352226,0.02138319253865141,3.0
29460.009647439154,0.9009795910731704,-0.7011721269808115,9.763822811515723,0.012717146577472006,-0.06500375925019966,-0.01556008474559932,3.0
29600.012659231114,0.9153733540897023,-0.6329364229321566,9.708454118963378,-0.01169645782595943,-0.04392210345755299,-0.009788473237079825,3.0
29739.999481579023,0.8937582962266825,-0.7240250124551058,9.977570158110451,0.019675407531602195,-0.008792512829294902,0.02559860410183485,3.0
29878.982937010976,0.9035734454927659,-0.713648015566099,10.040600841174419,0.007504629829581028,-0.005216251480422207,0.009994583386413713,3.0
30019.00754272404,0.9283463324616501,-0.7284463069266098,10.056402643283649,-0.08109481910599908,-0.08201429920484309,-0.034914090449204134,3.0
30164.01057039434,0.8563822053020819,-0.6237525688702265,9.775394791659124,0.021970376353794587,-0.018639469035166806,0.020916472352493387,3.0
30303.00646546445,0.9140003917196483,-0.6417998889921214,9.88671280559464,0.03911857249204363,-0.03862119455053702,0.013549165607434865,3.0
30442.99136817718,0.9158394833448076,-0.7515886363066727,9.949103424576954,0.011178079492937747,-0.02587900248461318,0.016812260236142226,3.0
30582.97322262879,0.8136942858550715,-0.5505854351150512,10.005487629289744,0.05573034987229976,-0.011066243513169422,-0.017843737729804073,3.0
30721.99947813344,0.8742001457157527,-0.9411726683776491,9.780856153974135,0.08454260275598828,-0.09230559586978329,0.033391263686380755,3.0
30861.988508194278,0.9678561515150514,-0.32951702561508156,9.759177631810614,0.0034535079636136097,-0.03863472049264829,-0.016731530430445896,3.0
31001.01035832001,0.8963421913530508,-0.6873284213779777,9.855921720846442,0.016119372478059422,-0.03071004942913942,-0.005148039608499706,3.0
31140.982277286937,0.8379682233129943,-0.4477966545884577,9.834337470218868,0.02223019938368429,-0.04148570407372786,0.007852592705037648,3.0
31281.00197856804,0.8918515538148366,-0.6306723232422136,9.873479559862696,0.00228967713679037,-0.05714609007250822,0.01748681917019343,3.0
31426.004109213038,0.823329705193005,-0.6944143915984102,9.738065671931402,-0.04098297098395164,-0.06372476110220653,0.043039191561598814,3.0
31566.001055216722,0.8032860564940273,-0.4863007085422261,9.670711040927639,0.022753073758793863,-0.07016168549640489,0.03382332733084124,3.0
31705.980784471183,0.8172365707368545,-0.4768119349549093,9.672459227592963,0.047272533541035056,-0.03706434444014361,0.027323260528388814,3.0
31844.99686599027,0.9208362939845547,-0.517164303103582,9.67534807507705,0.03360329545748207,-0.04121903325261333,-0.007154031148511859,3.0
31984.99826604499,0.8153850123082451,-0.48941700089967755,9.450538589765577,-0.03248714180920293,-0.06407013540280974,-0.03527462983363577,3.0
32125.02400965616,0.8719188844458046,-0.586479560101695,9.798920147430676,-0.007713959425712252,-0.005471981165104249,0.06134452472657592,3.0
32263.9756016746,0.7027643112963197,-0.8247390053372037,10.220957910975248,0.019137746811878943,-0.07807789808926512,0.02760148230359898,3.0
32403.994448397356,0.6880414527887739,-0.4870913990775778,9.916878666144916,0.03335507242086262,-0.07684595447346286,-0.01782982952056463,3.0
32542.992573204687,0.8373093148672713,-0.5401394712361581,9.48668176474153,0.02924091936393489,-0.0795775170121351,0.023361652948086443,3.0
32688.00691105389,0.9045625243598548,-0.6251625295516854,10.003888646992777,0.04095289512346732,-0.023413694900919216,0.03191972975100267,3.0
32828.00313949828,0.9027722086341817,-0.2951294984431631,10.228408565325557,0.004793685598039884,-0.06609764085454858,-0.03380845407166697,3.0
32966.99122315178,0.8611606386180638,-0.30508566358652556,9.703782233775854,0.0342243837384317,-0.03820242029834125,0.04095964676120291,3.0
33106.99376536592,0.9021947527108768,-0.6709272919655432,9.897334197444655,0.007632436936384615,-0.03686862738915769,0.026774963697287612,3.0
2738.988514133421,9.688191332979208,0.9036400626479765,0.3048800384697949,0.036232076088160425,-0.039638837116391296,0.0452079854910081,4.0
2875.004976767217,9.677611983468697,1.0631800038686339,0.6587444709752099,-0.004150500588889132,0.009463969481454584,0.005868229180105608,4.0
3011.9998111268546,9.767144461034052,0.9903154030995603,0.5184541910421269,0.005863559305746792,-0.048043323784584265,-0.0031648590906633886,4.0
3149.0119258181176,9.671269267073686,0.7227970407691069,0.5498066280472458,0.02594440208725931,-0.026233214244374078,0.010945266009967343,4.0
3285.994200025454,9.687601155663517,0.7910386016153083,0.5651693453462829,0.035276857260665276,-0.021507789643039656,-0.020387900226297977,4.0
3421.980262157541,9.642162428412387,0.7800843205532414,0.5778933819521356,0.018128383849860753,-0.036661991793464896,-0.0165742951311261,4.0
3559.000639634492,9.70961402312022,0.9330293283980111,0.6183489666313506,0.024857411966985096,-0.06765408629410598,0.017500180397672434,4.0
3695.986435670409,9.686446801894045,0.9517705016497771,0.6087785438804681,0.02458019844995714,-0.0303926066920478,-0.01066815853950954,4.0
3838.992179025863,9.744751940382214,0.9534680613852397,0.7812981463552328,-0.00054539460744817,-0.03767209445800193,-0.010376476520839284,4.0
3975.9983410323016,9.711928338921988,0.9089462494797504,0.7157214382668637,-0.016296453736522595,-0.013673135802210867,0.01818754479633154,4.0
4114.0059011704925,9.67025636612778,0.9270391443539583,0.598120372993557,-0.013816262821120952,-0.04784399892330222,0.010506098785554448,4.0
4249.9883551272105,9.695105757912668,0.8547550218019513,0.7243119760441266,0.016137815423078045,-0.05644165118434403,0.005351374450700696,4.0
4386.993842311976,9.641275266831885,0.7933924195647876,0.5999505887584785,0.023225219327221002,-0.0593038210045923,0.007710891915111973,4.0
4524.013864709549,9.691434347341671,0.8549060449052946,0.6889443450089191,0.007695734723035363,-0.03802095978757695,0.014712976675616371,4.0
4659.998560485866,9.741133151684922,0.9317049100567592,0.8103792500023073,0.0038763124952450392,-0.04063168501696952,-0.002782924813904667,4.0
4794.988467633624,9.711631334800447,0.7951550324589161,0.7939093562824892,-0.0013345521928020882,-0.028922217953363725,-0.007678452240992183,4.0
4931.010450202173,9.689756247693904,0.8010271942130177,0.7439827763639201,0.003279078108630114,-0.0466889783844854,-0.005115740572021249,4.0
5067.015687329496,9.689738740313802,0.7708213107002603,0.807013694727999,0.012299531149283319,-0.05982679306463957,-0.039087946441452255,4.0
5199.0073808679,9.685136502855329,0.753719043105981,0.6298359052588036,-0.0047018259839369265,-0.04921688682419984,-0.012281241351732492,4.0
5334.010141623432,9.664973459430929,0.7925849529093154,0.5449457182230847,0.011370482549974106,-0.08485219494399661,-0.0011797769213005662,4.0
5469.990992898502,9.697659268599518,0.8571192037064956,0.7304494923513472,0.01186277543930721,-0.058233062350710185,-0.008472276182275293,4.0
5605.995987552518,9.76090882147387,0.9532524676177495,0.7437019680642318,0.019136286432833213,-0.05709743016366154,-0.009734530591723784,4.0
5742.005672352637,9.744198267752482,0.9159489263736446,0.72529681031056,0.017662199810562575,-0.04275871476719513,0.00392441999353325,4.0
5877.0035674778055,9.67985030005044,0.8077205597533001,0.6582447739962416,0.003985293505719152,-0.02652260358279409,-0.0004332813652128812,4.0
6013.000863086089,9.6455624377412,0.7418635474691594,0.6840498835704977,0.00986636405594946,-0.06561557810557635,0.02135315411721094,4.0
6148.993771616974,9.7825468083635,0.8144671927304764,0.7796394710314949,0.041101410717246926,-0.09173052116408945,-0.018154858019772846,4.0
6284.990550446907,9.693376088096523,0.7942657694862155,0.8282983612773829,0.025142514717712453,-0.02252001793043384,-0.014579645824127808,4.0
6426.001146096667,9.702177687241704,0.9685287902389015,0.6941992111245386,-0.016348415322375666,0.011617776202163097,-0.0085074413774836,4.0
6562.002679329664,9.573301918784622,0.7291974860592606,0.5765841389707824,7.276714088985767e-05,-0.022657897284206793,-0.03958483480497105,4.0
6697.996875266597,9.809754118789648,0.7318765969212268,0.7480953120397299,0.017681479578222584,-0.04454617285576939,-0.011070582359267056,4.0
6832.985329552907,9.658578650197729,0.8008554643353862,0.8110286310523739,-0.013183867254278482,-0.03135415310053537,0.037447947769152126,4.0
6969.0053089254625,9.697444358128061,0.8242097931401242,0.6523246843677094,0.013249216479533255,-0.05494205423333987,-0.013763273370532538,4.0
7104.993942202747,9.675740547024303,0.6775583935140708,0.8778295725021282,0.020003045507780964,-0.04790724534518997,-0.007185456404728218,4.0
7241.017330806061,9.720529553313256,0.8087880243433164,0.8404678151086991,0.016710442098202175,-0.03284026600443072,-0.007403111365856377,4.0
7375.990669721982,9.705914039160955,0.8532932922422533,0.8731706600973389,0.008446252772264955,-0.04898075402785656,-0.013537041409244655,4.0
7511.989035789074,9.702568373815586,0.8583949075299481,0.8929572403371697,-0.01888313729497309,-0.03241774876425765,-0.002402411395835314,4.0
7652.989722961901,9.735982871467193,0.8576725985585588,0.8863721417953685,-0.01023352590545867,-0.03551414746125105,-0.027246742472528042,4.0
7789.001488785928,9.677248140552566,0.7826495195523205,0.7793665524672926,0.011671093008921876,-0.032798855121497536,-0.00349279798784862,4.0
7924.003095942037,9.673212263194461,0.7664761858753516,0.7812374809387196,0.01656192342965174,-0.04277719748396385,0.0038532981274930836,4.0
8060.016142357214,9.73442164199095,0.9038037409729417,0.850934604303956,0.025719650910877353,-0.03599852920174342,-0.0025571090078185883,4.0
8196.012464534044,9.742906233939166,0.8040672232170654,0.9480913686130835,-0.011381362682698778,-0.018509858958138604,-0.00607230491591545,4.0
8331.992576403034,9.707205007005447,0.8026823325801998,0.7889392036950713,0.006037584906295259,-0.04278147519871019,0.019385260260315625,4.0
8466.99547455236,9.692195771451413,0.7075912387395318,0.7639292223554862,0.014402667938630128,-0.07868049637405328,0.018783246312232417,4.0
8603.010610858772,9.714305525526301,0.781243040952575,0.9174277399965467,0.006927461463360041,-0.0279136922213564,-0.00011041424544478839,4.0
8738.99124621376,9.627063198301933,0.7157450720239263,0.7243317971205221,0.013021497508562399,-0.025571741184710266,-0.003640732983722844,4.0
8878.99667720964,9.667055872734858,0.7489916602337937,0.8017793513728468,0.038794221499000504,-0.05924315358466288,-0.006095867104783905,4.0
9015.002922920276,9.664802668554547,0.803385578280005,0.8736419178925755,0.011841174609891625,-0.06454384132522353,-0.010550631287075792,4.0
9151.000221580602,9.713364838177958,0.7925148176770925,0.8631402555906269,0.03052451056690326,-0.05357795912413613,-0.003781715725766479,4.0
9287.003043650191,9.701359206771244,0.7968970931547099,0.8536526315131409,0.028212633276565417,-0.04066702008110087,-0.006085941074275734,4.0
9421.980399522714,9.74256543474819,0.8148507108282288,0.9245266335465044,0.017125101541248355,-0.021473792052091472,-0.013559215963268319,4.0
9557.99318341534,9.75218541145024,0.7986797682844528,0.9416531836510266,0.019555596947902022,-0.03804812239659531,-0.005256252965885975,4.0
9693.984981708596,9.767792593982545,0.8211504445816399,0.8710797575113257,-0.011559377623772762,-0.04917108940236723,-0.007493704908835504,4.0
9829.993867134328,9.676147610659706,0.6799124918702318,0.8465189439765817,-0.01816094253146638,-0.03284624193069583,0.019832692588246402,4.0
9965.003450664113,9.683801727580489,0.7875964879161984,0.8989443944450346,0.0021329586746742,-0.03530917340824747,-0.02041474773658508,4.0
10106.00179704334,9.72219864581208,0.8408436002801182,0.9710104570676634,0.006531625065180601,-0.030198559319131364,-0.0009670533499732182,4.0
10241.997757843343,9.674097416158636,0.7955305906811584,0.9637267682577461,0.018107895840587647,-0.04856539015267176,-0.014105130571728571,4.0
10376.99007479669,9.650158931618956,0.6777631445433059,0.6805349950683568,0.018730336118093955,-0.056926100256734856,-0.03848211144687161,4.0
10512.984429244369,9.739635660781824,0.7086485034177932,0.8821778300226563,0.011809725592091676,-0.05629765744902062,-0.012338007948536804,4.0
10649.002530971726,9.75593552847396,0.8411591829297845,0.9457065060523674,-0.00519676588993705,-0.032951135920705754,4.415619175497567e-06,4.0
10785.011970502359,9.639857623919115,0.7201719241675112,0.902836305285792,0.02139494759026769,-0.02489372314822252,-0.03515679446121027,4.0
10919.997280335856,9.720924592813502,0.8666246707415748,0.8314095101868986,0.03911753093593262,-0.049868235147321235,-0.04414701865136362,4.0
11056.013415049934,9.72053106332634,0.936083935622602,0.8429145433783539,0.03390746121318153,-0.0919978004147965,0.005628091155784304,4.0
11197.000309499483,9.588088930628997,0.7177950350408951,0.9347833292686152,0.01835624821879056,-0.007886333311416499,0.011947050900058992,4.0
11332.999274440723,9.72996943181908,0.9696201804595299,0.9812196789754547,0.003948698687016019,-0.03226948456928584,-0.01954953272075364,4.0
11467.982806554814,9.702613648338424,0.8977153763471131,0.9432584527148804,0.001735455867665073,-0.07100304891030693,-0.016271021215855042,4.0
11604.002191369256,9.629180437531524,0.6899360850548879,0.881309468414024,0.0015584672979605816,-0.0327545482463616,0.009441391423543489,4.0
11740.006024213842,9.655523642191959,0.923705951780981,0.6761881699868747,0.013453960743948648,-0.06636623969316532,-0.01722381797481554,4.0
11874.993342273181,9.530305979285217,0.6375622432102941,0.6607637480147472,0.05554927624287321,-0.0569830632387918,0.016520437965257217,4.0
12011.016868580391,9.665400011087456,0.7349862448066276,0.8244688869177016,0.025742126318581263,-0.08284649402568975,0.02440579096221141,4.0
12147.00443443271,9.680395186582711,0.6973872253142498,1.0240603293745973,0.0043960250194487556,-0.047131362602383056,-0.019929009451651516,4.0
12283.022017936986,9.760698846307648,0.8966774451282358,0.9333226543671588,0.03282300484114007,-0.031289994236938415,-0.011274400744372054,4.0
12422.999143680838,9.679332700353928,0.8994778806206857,0.8609280176420612,0.022670071236510738,-0.04045166549682003,-0.005566430494618808,4.0
12559.014276262156,9.570526269515435,0.5457341836120666,0.9045691382667318,0.0037589322124554118,-0.046527123338573444,-0.005524860613608268,4.0
12694.992273988726,9.866970346254952,0.9947822156281839,0.8111161270058018,-0.016288841865644946,-0.055362740122815925,-0.03812455657174635,4.0
12830.990997203387,9.66820065139379,0.6976440263006306,0.9461576528760511,-0.012714366581599312,-0.02347533968189781,0.028366324062608937,4.0
12966.008406287832,9.648462945168978,0.7181750644312476,0.8782977629835002,0.03831482634745063,-0.028154812116402538,-0.03587405301158312,4.0
13102.030400197244,9.722381943235261,0.8374080274180898,0.9693669773566531,0.03650401402762187,-0.034813521006639044,-0.005627900476211749,4.0
13238.006480090458,9.69985213891545,0.8386195987288347,1.0148675009477288,0.004715050337880325,-0.052257310706910705,0.016838431792185398,4.0
13374.01584746968,9.669952410153941,0.8335294429050258,1.0056652108439377,0.010607858099366414,-0.05123052390450146,0.02103019692577635,4.0
13508.991038427086,9.609594688094418,0.982016482055807,0.5330591679593216,0.25316378625972535,-0.07012189721579985,-0.017435155130306433,4.0
13650.013472331155,9.663742028136113,0.7789646230234847,0.8800907474469172,0.02240620275040482,-0.08482706488921883,0.0014777485678735942,4.0
13786.001365251112,9.673907217080098,0.7819062314654938,1.019392458437196,0.04021448461423097,-0.06822496465347531,-0.014409325958606325,4.0
13921.006756917845,9.607659669629053,0.70993510193567,0.796568857865213,0.0354482183590831,-0.06882072885758661,-0.022942115380683286,4.0
14056.994953070605,9.696232017597959,0.6989952420444571,1.0218701320391945,0.013572137648710793,-0.01919794323562875,-0.0015799989057820596,4.0
14193.010720448949,9.696525335017778,0.7629556954655704,0.9902510425738509,0.0215627099942133,-0.052750209851930546,-0.009758652963640932,4.0
14329.01651252949,9.709802425798104,0.7658693850828199,0.9928049614347644,0.012962110691567389,-0.06674298489256382,0.013378151107038666,4.0
14463.998880433837,9.745039415624877,0.7827362498627103,1.048770936616515,1.1595876277082891e-05,-0.05274800340719856,-0.015642934964203964,4.0
14599.996235152836,9.662260519415023,0.7163557217787172,1.0149460185201489,0.016608295814389377,0.0031665268373495953,-0.0013749048849406136,4.0
14736.008600640767,9.626824182976566,0.7430260286676299,0.9210837133538559,0.02833393491530013,-0.06559303026755205,0.007319521282820702,4.0
14877.01978885923,9.667182264612773,0.7869546089130014,0.9985150845188894,0.0075431891455127855,-0.061277800964884395,0.014915166496716517,4.0
15012.991632286516,9.694543936258727,0.7293086679277552,1.0940431854181207,0.014343199475612049,-0.03535655649967483,0.011871705525421975,4.0
15149.00012084816,9.729813127213244,0.8330575168916339,1.1222042150771743,0.003705047735237684,-0.045342438702386266,-0.009108485854066296,4.0
15284.996953522945,9.67966904065166,0.7591733812554368,1.03717027352231,0.00014478635181666659,-0.015549697753266615,-0.020275417688005257,4.0
15420.0031059932,9.654255277523797,0.7297317741715699,0.959158000648584,0.0015171856115520832,-0.023145888706827298,-0.009823312433510532,4.0
15556.016783954256,9.70863966700459,0.7603535323913896,1.0195837795645573,0.022339064717816413,-0.051650729681451,0.013151707719374574,4.0
15691.99354396215,9.664462758120965,0.7030043000639967,1.044910861370829,0.012848671303549969,-0.05299281837456374,0.01858614479174699,4.0
15827.995279315981,9.796076003080131,1.061417476696296,0.9169423626810566,0.20828922698574442,-0.10279761608737797,-0.007771977418075969,4.0
15963.002571569368,9.731701265050452,0.6969450008065939,1.168921826819297,0.009695627336647581,-0.04049259391994153,0.0036709936371246868,4.0
16103.997657567299,9.716271675905652,0.7784348878442479,1.11724627675721,0.008707178565760986,-0.0169913586316527,-0.011557544421881446,4.0
16239.984904989584,9.672886896787181,0.7949428493037224,1.0580174715463915,0.012278602164338894,-0.01761529041929506,0.0036686156774401314,4.0
16375.011091536646,9.685741179516944,0.7254183458500182,0.9247979129376579,-0.003673418142001366,-0.0532015972140726,0.001285934962722652,4.0
16511.01213395726,9.716902525576778,0.6955295627384723,1.1055094602105584,-0.010141181597660202,-0.010269373406689935,0.006608705555319146,4.0
16646.9961793615,9.636031649555633,0.7560958168374378,0.899012191581985,0.011574287517270696,-0.04876989370016291,0.03223177667303357,4.0
16782.99381398162,9.625443791705505,0.7255996981756123,0.9023327330957553,0.010222012673533074,-0.06412636113381959,0.0035641644301858204,4.0
16917.999760042938,9.652336844861916,0.6941999539295446,0.936788084875585,0.03900140915556714,-0.06316847197550328,0.0034177075515620724,4.0
17054.003383423897,9.68550668224294,0.6943894335093541,1.120638880306605,0.024649940848955006,-0.051191487723238574,-0.0021715711975183838,4.0
17190.003726600262,9.65803879170789,0.7300734463504432,1.0297089052838222,0.011152713406903835,-0.037949324010915976,-0.0071858702485707825,4.0
17330.98172621099,9.7376005915465,0.8259746548297964,1.0888439334221154,0.030984025168158028,-0.05689374028508081,-0.024042346030585485,4.0
17465.989649929063,9.706480249997577,0.7477761838647842,1.0284809544289573,0.016147036316787402,-0.04987200978066577,0.004920235990483928,4.0
17601.991696703062,9.592497335553073,0.6936995730809978,1.0644972301742148,0.03605864177217525,-0.035550977141398876,0.016079648583189787,4.0
17737.995284488898,9.663758554620328,0.7161692800249347,1.050806827603078,0.024332893309160913,-0.05388323696951229,-0.005677800836581568,4.0
17874.006310857174,9.718196699237048,0.7720712654920584,1.1457159842939761,0.04194766379829394,-0.05109421320897121,0.001002051738832679,4.0
18008.997988550323,9.730121773775684,0.7777948340156595,1.0825574244317777,0.010191803343071258,-0.023974749268888016,-0.0043176948807726115,4.0
18144.988282898285,9.655232031874409,0.7547559639894961,1.020018675270279,0.02744993614713624,-0.035158925915637566,-0.0024206319732496396,4.0
18281.004816652898,9.689604257050814,0.7009162174629207,1.1264085717790695,-0.01452295043148043,-0.024547074112163173,-0.008380147280370056,4.0
18420.989574232663,9.666051666189258,0.6841748918399113,1.0454623584577496,0.011801955272257903,-0.041772482914227346,0.019999717683008802,4.0
18557.002288733987,9.670166484266934,0.6477371382817336,1.131174686966698,0.029911170227210813,-0.04542491913022057,0.0016687134997926253,4.0
18693.004372231797,9.68840343378917,0.6771679740705266,1.1200929561167567,0.02116122007627629,-0.059389031986415146,-0.008111038724408055,4.0
18828.988774769514,9.758447094944607,0.7427696665155828,1.243590835191448,0.054803173923049946,-0.047099823016073614,-0.019427330197037074,4.0
18964.01215966017,9.6685750780281,0.7808831232457982,1.075309409574261,0.011827460422512483,-0.0456457592186072,-0.0033997075296858096,4.0
19105.989845617198,9.628692778296797,0.7450745676209097,1.00861707508875,0.028237288575470403,-0.03400143098025828,-0.020477922410257105,4.0
19241.99995714297,9.773970167319188,0.8220424794626803,1.179048114485346,0.04712647382588118,-0.0813857335275752,0.003192370533077127,4.0
19377.007204987254,9.638018292996026,0.8235922005302594,1.0296454615458506,0.017215744795410964,-0.033506142718949576,0.006095256205026538,4.0
19512.99703705568,9.563279844853977,0.7019862101709714,0.9653953769294432,-0.0026951695875502626,-0.03176339400598736,-0.00910447984814532,4.0
19653.98400230762,9.666836102304016,0.733914541635511,1.0024077835420238,0.026608175289097962,-0.06046096351049014,-0.028869384082101178,4.0
19790.012558011418,9.716921051639481,0.8088987291601993,1.2620515913396597,0.032291127133979594,-0.068245576813159,-0.023309365768888493,4.0
19924.986158960353,9.703645734293389,0.800353702220332,1.1091266600187184,0.02886202980990988,-0.01867536903186701,0.002195763568641779,4.0
20061.006117208315,9.641694600595345,0.7411256975599123,1.0794345208848684,0.023592156678795533,-0.056207878688330444,-0.004267103774612438,4.0
20204.001143158628,9.69068984815628,0.77358942065338,1.0922031651797135,0.01567400157301762,-0.05408345053793555,-0.010933661322710602,4.0
20339.007450064237,9.69902231175542,0.8624984023096184,1.0837925002542004,-0.003467608408221391,-0.05308036474817355,0.014293878927388176,4.0
20475.0013881771,9.667905981833316,0.7768605542093038,1.1278318179028912,0.006814461794333603,-0.0640219199428206,-0.0003391617307888414,4.0
20610.995072509446,9.772614264499232,0.8963138691763015,1.154848745595431,0.0012238879912230684,-0.033121634511455694,-0.011348036976451766,4.0
20746.991099856692,9.718484496750577,0.8270879536310023,0.9706523971262957,0.0059455454619496894,-0.02788078159299987,0.0032691241340308225,4.0
20887.99245323342,9.678929116415723,0.8477811134728628,1.0488442186668254,0.004357729345747835,-0.03905756235677002,0.018949420723086863,4.0
21023.994286804795,9.610765527240233,0.735959074576066,1.1018569050540465,0.02460300727827294,-0.051178350442888654,-0.0024273245115089114,4.0
21160.02359827807,9.68737544070532,0.8166353181626723,1.1022233035929876,0.020406682109383702,-0.04270554842015916,-0.011850077226816729,4.0
21295.000278432453,9.674998293992282,0.7695307126413564,1.0396985944969024,0.02912768790073884,-0.04751561341321737,0.005172205078889712,4.0
21430.984860773726,9.691654034473052,0.7709304261856533,1.2249553338703207,0.006746980459617665,-0.036560875478576095,-0.007198311963829775,4.0
21566.993984529156,9.688644126675886,0.7699988893829613,0.9708562500787346,0.025444578839966033,-0.030587570103949486,9.04351210471578e-05,4.0
21703.00038863117,9.60780397804694,0.74495187545256,0.8919330191971805,0.024143396648907165,-0.0674504027309879,-0.01393205311108004,4.0
21838.005029844742,9.637440546177348,0.8299164816272934,0.9747793713054094,0.03643524417670948,-0.054348860342677406,-0.01962993899525452,4.0
21973.991365779093,9.70793639462279,0.9026880231277093,1.046574144871935,0.025985268607275597,-0.048253349222970476,-0.02340573053966572,4.0
22130.001298733376,9.70504297352582,0.8631096347514462,1.1191248782098797,0.029056729067085917,-0.056452866835675596,0.0011574068828336176,4.0
22269.999995639475,9.662490587681543,0.799195250033012,1.073900961900478,0.013005395823351595,-0.054021991869332646,0.010431008149791515,4.0
22410.006777548057,9.660934140121096,0.7872814403876245,1.068930927520413,-0.0009644403927446089,-0.05410323563263044,0.004258496191762061,4.0
22549.009698689246,9.746172001125897,0.8052210557282821,1.0428391182700638,0.013196202493091098,-0.04208520550787765,-0.002721335042591654,4.0
22689.00205058947,9.704113216501916,0.7967412972101753,1.2857301742401392,0.013314447468088917,-0.01917213968032495,0.00531684332753711,4.0
22829.01170632915,9.72178280464318,0.7475488996564202,1.3076873715611768,0.005185508136383057,-0.0294929750998963,-0.00438204625988722,4.0
22968.00738670955,9.669416573748727,0.7566772646727098,1.0249722937987076,0.049585785209500126,-0.026794391830670488,-0.032011287000529964,4.0
23108.000552917216,9.741106409006981,0.864721002592937,1.224116973908903,0.03250856496169924,-0.03749015803024019,0.008248768159719392,4.0
23248.008762930163,9.659439114206025,0.745694752011098,1.2728366302324887,-0.007254703882742738,-0.03367055538665144,-0.0031561454947597466,4.0
23392.992304572737,9.64488075863839,0.7128813365357937,1.0947405209351537,0.00499010442193214,-0.03028059973106299,-0.0011364804314420135,4.0
23533.00609794396,9.666070843989925,0.8102064761553652,0.9315762716577013,0.03246290853366994,-0.04421206667462419,0.010489855877628972,4.0
23671.986533614498,9.635964111095014,0.7357618905715917,1.1228648298502586,0.029406895300222828,-0.07372571254307043,-0.030457344809602986,4.0
23811.985619791812,9.741925684060268,0.7795172735431739,1.1946385626250695,0.039728135912462104,-0.062607533550569,-0.02468809221631283,4.0
23951.998906924782,9.737643723344032,0.8247938973796093,1.2510050957471563,0.007430119237438496,-0.044669469381920145,0.0074639760775243105,4.0
24090.996535836344,9.64059261401077,0.782562051257425,1.1961025871505742,0.02541257131567624,-0.03114175809333183,-1.869340723963575e-05,4.0
24231.007197475345,9.703657838577316,0.8817688369715827,1.0836738613175383,-0.002610863373556957,-0.04249059051102918,0.020769719535523718,4.0
24370.976381202192,9.5787947018358,0.6913728707258521,0.9379656216549069,0.01104747717760341,-0.0746339846310838,0.007781709041901437,4.0
24514.997514261806,9.645786197006423,0.7698660895910681,1.0324494539160392,0.012348252170761879,-0.04977191081694907,0.026158273632392072,4.0
24654.998196195513,9.705654006503456,0.8061090552090148,1.0903024440329545,0.04335762078967424,-0.05136350313015295,-0.0020042446096416684,4.0
24793.99115289189,9.691374123258473,0.7844576759867968,1.2289855695690273,0.023563591467975636,-0.0522764974602292,-0.012280734486897912,4.0
24933.99144484718,9.715503294533415,0.8178382174509433,1.2057313158420144,0.017088515400434837,-0.03662711332476243,-0.002797200557833512,4.0
25074.00779442554,9.68259608170117,0.7618432539451259,1.1089907166458306,0.0170734761925709,-0.04645240212568181,-0.012465169606951605,4.0
25213.010858242713,9.702411732669319,0.7476907277694246,1.1059781670378435,0.009707603643677131,-0.039708170414860695,-0.0075027447251484,4.0
25353.0071571298,9.727677157004472,0.775787286397757,1.2187916473799696,0.015295999885515282,-0.05036805608826405,0.023978819569637187,4.0
25492.996048151042,9.732245800445247,0.7743506236286587,1.2288907948981047,0.03248809301319691,-0.04689930859189126,0.0123458734697923,4.0
25631.99494604615,9.69957128869182,0.7472888056761946,1.3570592457976745,-0.06308333179659202,-0.015149158549055852,0.022402098634992935,4.0
25777.006171278863,9.668972157147227,0.7555249156636816,1.1664829522512812,-0.013959028395359415,-0.04784207229168674,-0.0030658338521915274,4.0
25916.017225357034,9.687215001772067,0.7797033231293076,1.100609093644732,0.01867569730512562,-0.03257040361495042,-0.02895809374886634,4.0
26055.996504710354,9.694755406993258,0.8079743784473837,1.0782051287003953,0.005136661129240209,-0.03494361770570821,0.021158995894087047,4.0
26196.013611643568,9.592235397617818,0.5844461816498567,1.0278127013039715,-0.00446399699033911,-0.05051879359791627,0.008688465856496835,4.0
26334.98873750661,9.844555228778836,0.904926456730174,1.1826370322075455,-0.07742766560124134,0.021424117505319078,0.02427121905391393,4.0
26474.981728408093,9.536205705430921,0.4314466882324115,0.9313859202876268,0.0061655468658227556,-0.09906959940410345,0.021831393115638826,4.0
26614.99087476155,9.755413775416729,0.5987908316769839,1.127236762577718,0.009611578768662008,-0.10608681853506967,0.00022579492166233925,4.0
26753.997355380096,9.734088965338124,0.5681898216584732,1.326003986708833,-0.006078980569662755,-0.054872357779376636,0.0010866226792591196,4.0
26893.997868252536,9.795650605510298,0.7506121844277771,1.0223904343245973,-0.022097513401250584,-0.0185120869352653,0.0041721506349769785,4.0
27040.00677479812,9.649785098176945,0.5464671187890854,0.9338364889947462,0.037543168256370454,-0.051049170267391815,0.012885537268324863,4.0
27179.001644990603,9.738067441638957,0.5794433044339246,1.0919579344603094,0.012172841761268224,-0.015394420897575213,-0.014339777844737892,4.0
27318.98667879847,9.697870706189551,0.5251831166193025,0.7705091506766409,0.017463206235507282,-0.04084324712744098,-0.010215783783654587,4.0
27457.9846096191,9.602786454593183,0.43815378206548783,0.9618603557187733,0.04887001294183854,-0.0816743400891449,0.015610946771086653,4.0
27597.988551334012,9.763622207832091,0.7508985902845557,1.2168740382579666,0.08332416865620684,-0.0701616751156244,-0.055643429725319084,4.0
27738.00779345161,9.810128249930008,0.835665955524828,1.1006136029738127,-0.01593437453483972,0.0036048642299234077,-0.01620674554467298,4.0
27876.992360360327,9.660509469419406,0.7248594265797869,1.1361483745022083,0.02511420259264081,-0.020998412673395615,0.039450411519734725,4.0
28017.018521681817,9.68845013238407,0.662484949387185,1.000676433454853,0.008967644091844671,-0.06943723138918748,-0.010909900995722711,4.0
28157.00214805033,9.77132995191527,0.5938688493391088,1.1544282350889945,-0.040374967325902025,-0.008379619222237159,0.015208749284268363,4.0
28301.999290269297,9.687400421152192,0.512992925605033,1.0550165381898722,-0.028354256904850845,-0.00030234200341443056,0.002952172273827705,4.0
28442.00453445626,9.729925209965208,0.6298788278479382,1.1372037359371203,0.06184682394298172,-0.00027033989213026525,-0.02961216250615612,4.0
28581.995498031432,9.759790236427989,0.6724186530695155,1.1782201037758124,0.008422007147684367,-0.06213380184239749,0.022923237074510133,4.0
28721.008280289963,9.60998778199235,0.5495514976314269,1.1069231798530967,0.02203673393153731,-0.05720609077598255,0.0230881087321515,4.0
28861.00177181083,9.726592260643626,0.6753950264251581,1.11561586369869,0.032209273047070115,-0.0257696809314493,-0.008551952537687748,4.0
28999.979416533035,9.649285588632507,0.5396871370869284,1.1248413192513835,0.0278180417680658,-0.038762516367423824,-0.027263899494795123,4.0
29139.998096769014,9.712151190990292,0.5887088029247755,1.0354907325523137,0.003785959650831728,-0.059710362127737567,-0.0026687166053597487,4.0
29279.989716551532,9.630704017167943,0.5518349142717999,1.0644419889066783,0.019980067705436214,-0.06352485809310307,0.0071639042951813,4.0
29418.99199248115,9.678377838484227,0.6979113416762391,1.1831509446086326,0.030175826898019054,-0.08279337822554568,-0.004082792094760784,4.0
29564.996152870848,9.65457354590896,0.7691530158171211,1.025156564568896,0.07031264386050828,-0.09030282736401853,-0.015216188122201872,4.0
29704.98805461061,9.765572825157218,0.7079249857612243,1.1916924344468645,0.029831263308332072,-0.05932281954105586,-0.020024288556635624,4.0
29843.99151398866,9.724126801594227,0.6984409000133418,1.207322588885019,0.011875561743265596,-0.046920925306440965,0.0077010388776499825,4.0
29984.00355441106,9.587625735183682,0.5717615709994003,0.8995420941056944,-0.0304887638525116,-0.03182300090407568,0.007155035441334648,4.0
30124.009958488325,9.666802079706839,0.6577735368725369,0.9934928703454973,0.03606754375118967,-0.07274756753637175,-0.001669465245332151,4.0
30262.99469841301,9.699957497608677,0.6290792382052364,1.085570640900163,0.04374764674933996,-0.0410094490292125,-0.018966036771291092,4.0
30402.99680464312,9.747728968463779,0.7213607780892907,1.242613857028561,0.022604187802841753,-0.057282243583871885,-0.006476736552838581,4.0
30542.00120850125,9.732000248776211,0.7628287112771033,1.2335155709092416,0.000670455177114949,-0.04659728756996175,-0.002153815290884527,4.0
30688.003254368356,9.741377173208482,0.8161943639619188,1.0527079127969499,0.004182041538884845,-0.03264595570527406,-0.029264737091265557,4.0
30827.98089953767,9.740365688226209,0.7763984917118607,1.1834597390590182,0.023988777490718025,-0.05097178918511481,-0.011789961079995269,4.0
30966.98347748766,9.654006797711693,0.5038717140257373,0.7145784927394992,0.03782204809133634,-0.10736164715236082,0.005470418065141203,4.0
31108.00050152056,9.612005946323661,0.3714027011980703,0.9387186169266806,0.07056940435988089,-0.07556333351283398,-0.00370371950701209,4.0
31247.999533510323,9.750158909077086,0.6968149860582105,1.1310779655624474,0.02094916834290611,-0.033780310648326324,-0.008979622895251954,4.0
31387.014071418096,9.746071141920574,0.9084417662943463,1.1306857573510425,0.01377302714105226,-0.0029199279060748325,-0.015495418496344573,4.0
31527.006136277625,9.88357873683772,1.000436947681673,1.0090584604172246,-0.0193251443917588,0.017750780617040978,0.04173436444203238,4.0
31665.986437146214,9.254121333555187,-0.026624244319976214,1.392585117011475,0.05029462420520934,-0.09715115321569105,0.025303932806543625,4.0
31806.007689208993,9.894824994499302,0.672499557601053,1.2398241178155924,-0.011993012860984172,-0.019477773771342084,-0.05521364442681039,4.0
31951.004970977174,9.727112116074721,0.917498862326747,1.2766751677378048,0.0018593718045883702,0.014711681689620849,-0.009911580268453126,4.0
32090.01166676377,9.629099501330108,0.8271510570477997,1.02281722909388,0.031014766212411265,-0.07251071637807159,-0.02134159546055596,4.0
32229.99314116509,9.625712349286212,0.6607506006820429,1.239142574139756,0.02192868988532242,-0.04644062534288877,-0.014384825185102326,4.0
32369.979184571752,9.738437011433579,0.914556344042588,1.2300901328211222,0.024366303598602868,-0.040471593343663355,-0.016354323584992066,4.0
32509.000156643764,9.7379151429395,0.9765856135944219,1.1992674482429604,-0.015071950961216406,-0.028499044663466724,-0.030470189152969826,4.0
32649.007083819273,9.605932473814617,0.6066827794911434,0.7291182309109537,0.014945769339287146,-0.069358698929254,-0.012831914941571388,4.0
2685.9996083443007,0.861009442005354,0.3652336910256063,9.996961418540966,0.016585744160895918,-0.032013899206570585,0.005035849782919802,5.0
2822.0053077187354,0.8452613098105278,0.3005862534554797,9.793300153233039,0.03600368085796487,-0.02037711856063337,0.005581635461569475,5.0
2958.00326621357,0.8716227802215538,0.2973802017905372,9.964837151259925,0.003473386406492305,-0.0747202605891539,-0.007032305577502175,5.0
3093.0108838602546,0.9080400344313593,0.35742886455066675,9.908880291052142,0.014083116709231118,-0.05529982381384462,0.0007859738528348359,5.0
3228.9832394955515,0.8827043461493378,0.3673947529139183,9.80642087326124,0.030046075297122565,-0.04666167672234313,-0.020994360241151186,5.0
3365.0014023717267,0.8426537137731446,0.23949942184660877,9.916136550855734,0.011444617178363243,-0.06381051766951948,-0.017611024312296678,5.0
3500.0073338988445,0.8493210369397249,0.3334131192149838,9.983194142259075,-0.002044157939015954,-0.056127810061218315,0.006782175861433119,5.0
3635.9833015562904,0.9132394837905556,0.3951951462692954,9.921809939907106,0.0021543501366742,-0.05536515860166388,0.01584914991708917,5.0
3777.002859344814,0.9180225515296775,0.31889948547974073,9.934170674551927,0.017363820498285994,-0.09126212606427489,0.018359498397452746,5.0
3913.0041391875975,0.91051372402663,0.3082983222637006,9.950676702712512,0.020958688559826466,-0.03346848133464154,0.016202593306655584,5.0
4047.9991680251014,0.9417226241248701,0.40068486486053007,10.008706123054447,0.016993342973925005,-0.044634321284278675,0.020779516844862286,5.0
4183.992134405637,0.9214764749713755,0.2996902189006245,9.86890071855316,0.008713292209965732,-0.06151473554065507,-0.016511369315561866,5.0
4319.99418706734,0.9507955270296968,0.3254228837942581,9.798776697063468,0.009710217382024119,-0.005148945298389124,-0.018595035929050114,5.0
4456.005684062732,0.9055731835918225,0.2761504952268969,9.894010406948727,0.010562145085465446,-0.0439966242524324,-0.01964694834868951,5.0
4590.999074428318,0.8827785942674349,0.4201342992747603,10.012312396063207,-0.03582221298909482,-0.031972378313525916,-0.004622924555559722,5.0
4727.004678504058,0.9103177857640388,0.3218335539158551,9.895637917372499,-0.001644626208593735,-0.03669668157638294,0.016490527375986618,5.0
4862.999894031004,0.8550973683434622,0.21483955096027607,9.794827707868809,0.0052763581748443335,-0.04954091401113812,-0.001756692202530931,5.0
5004.005233747885,0.9202592883347303,0.33314671664318335,9.879023910941553,0.020228087779920263,-0.0965840968872708,0.017249188245574018,5.0
5139.995421184576,0.9698365888303241,0.25609929069564913,9.89169890561263,-0.003184068774324642,-0.048464239981519934,-0.004803273755992911,5.0
5275.998267179114,0.935669976204086,0.24908114340467735,9.910948909925152,0.025903476271312204,-0.03861609238818824,0.008887576437486864,5.0
5427.001671019694,0.9885477947737004,0.329509358243095,10.001780173598089,0.001087690755533193,-0.030347840129648324,0.0073622894337199065,5.0
5562.986353848756,0.9868204204166735,0.21884783589129667,9.720726105229042,-0.027589270883074668,-0.07405878793105004,-0.005310926167419433,5.0
5699.00731063057,0.978827528690926,0.3076437151196489,10.06222534852343,0.02438768835136269,-0.03082268290682023,-0.0010091132428959077,5.0
5834.0005701239,0.8935318388928154,0.2695332464983028,9.955904920323325,-0.009324855833312128,-0.058047696814403464,-0.014753920032357913,5.0
5969.990364220869,0.9145627562996756,0.22047170145503645,9.785608856733935,0.013903495282093073,-0.0417852560419558,-0.004454285142989145,5.0
6106.005744230347,0.9440382967216882,0.26412353288350027,9.887694926427278,0.02975128872834147,-0.03465333929099862,-0.003662768866430378,5.0
6247.995475313323,0.8961833269881484,0.26288951860336174,9.827861286934002,0.04673676475676646,-0.04488962708713445,-0.006084468366688826,5.0
6383.012158860885,1.0366929598989771,0.3356595306251595,9.89896671282585,0.028881855897469548,-0.1103469324613599,0.025913016099095198,5.0
6518.99799703659,0.9090011704814343,0.26574990349519106,10.08850577155822,0.017607887549420994,-0.019943091936687547,-0.0020233546967481316,5.0
6654.991760315512,0.907453116297754,0.30092866720523526,9.844218656745191,0.00854637530508752,-0.007349955758727975,-0.011174155178287955,5.0
6791.010467429516,1.0209679216624996,0.36037290711045233,9.86630230779907,0.027820988735652665,-0.05778996988101471,-0.05153451393338064,5.0
6925.981953975107,1.019863515441539,0.3589239648020771,9.95046047738059,0.026760866394789386,-0.04944424104824062,0.01787914692866339,5.0
7062.003130923854,0.9009045086906198,0.39956039160856743,9.97143271245398,-0.0034110083164822953,-0.01837984901521666,0.008026233312489304,5.0
7197.997758167532,0.9359060662478655,0.27451876296080374,9.941099817751594,0.01375542531291182,-0.026023335194383376,-0.002250379403043268,5.0
7332.996213307064,0.9026944743096358,0.3535595002811795,9.979491204426209,0.016669920598906356,-0.07290734213906595,-0.027309494650203957,5.0
7475.000691816811,0.9526470637461831,0.4171645943042466,9.88091327112075,-0.016336357740084118,-0.05319092445574903,0.017381314370458846,5.0
7611.006164311569,0.9463148430594395,0.28932364424096474,9.771303245201825,0.0033381621309675797,-0.028786049109012838,-0.007563338078470917,5.0
7747.014854237913,0.9610337730256306,0.3471597717588391,9.80043376653716,-0.010327513055072096,-0.04257085515432311,0.0029016544077645314,5.0
7881.991135122791,0.9987999065337432,0.29436006493747835,9.891577729262734,-0.005240193333941646,-0.07227572495898141,0.006891087747260556,5.0
8018.001144251223,0.9497437263297335,0.19667666026737543,9.875637551067646,0.013228998373080274,-0.04117161855257497,-0.023318033448612566,5.0
8154.013702455586,1.0555931829844774,0.38594237875876486,9.77318946874757,-0.001354405273867914,-0.029216433726842527,-0.02606286723536368,5.0
8289.972155617175,1.0532495199663205,0.2762266626327308,9.783320093523505,-0.014439951999946044,-0.047254443704069636,0.0048807088885079435,5.0
8425.00469253277,0.9999591274145532,0.33344863445667483,9.875093295986275,0.025462066994225884,-0.04802368348217548,0.028262023709067358,5.0
8560.994362783493,0.9600062476976708,0.2720954958356415,9.93434033390606,0.021822932589045357,-0.031243830212609052,0.004237063111166141,5.0
8702.991507319844,0.9943022532535912,0.3891312495247624,9.861438858380692,0.005320335892783436,-0.032967265802653904,-0.001136329382869877,5.0
8837.993513091935,0.9494434917344488,0.26904007366808685,9.860130145188288,0.016366346733796066,-0.06029556694992944,-0.01129389437435831,5.0
8974.000694171978,0.9244773967481121,0.35060689589747324,9.987341642246331,0.0021511996195051055,-0.030069289219773514,0.014840594133838744,5.0
9109.997854393221,0.8650197239074569,0.2827599316332074,9.83619655948835,0.015534475649945837,-0.041385461496352936,-0.02967776152699459,5.0
9246.01192865748,0.9854584090670524,0.3107846103234244,9.742772386367694,0.007762609856191114,-0.08456766844660206,-0.0021011537656355455,5.0
9380.996220248473,1.000047296801647,0.332797470452918,9.804180868212137,-0.0028442399851984325,-0.031229969279556086,-0.015911095218016195,5.0
9516.997755792212,0.9700197701788614,0.33801943847741767,9.93952636413568,0.0001891198761016795,-0.02885677040434696,-0.004188724554862491,5.0
9652.987004552118,0.9820204374615266,0.30429704504070465,9.82456738856898,-0.011937551098847211,-0.03287414455231119,-0.011210153915068426,5.0
9794.012228262778,1.01440201027005,0.3208529699325145,9.856544323778673,0.03335819899643641,-0.042368473625221385,0.0029023289588227196,5.0
9929.98974714214,0.9846360551012465,0.3743667413622475,9.893066998332591,-0.007284295917131441,-0.0377679976500115,-0.0068780228508789586,5.0
10066.00912951036,1.002600889393953,0.2742660593044922,9.92601837070377,-0.016383749535219223,-0.019031250627929267,-0.013566983254310366,5.0
10202.008789624042,0.9867695084264959,0.27995514945519867,9.68906727942729,0.020042110681410392,-0.053840101711839526,0.021708429399615092,5.0
10336.977615670172,0.9981151784479878,0.3995471612126358,9.953810990588217,0.032908642943432605,-0.027177402248393177,-0.02851392487166354,5.0
10472.993346989648,0.9775646861562249,0.308109839572485,9.870984023843107,0.00581347171548906,-0.053337432621133565,-0.0038921106314377643,5.0
10608.998324685568,0.9664328316527153,0.3509590721288234,9.664681475311905,0.02422363296501623,-0.09917969829018282,-0.0031904481971923907,5.0
10744.998781336108,0.98361520921025,0.361234961800339,10.062286656271494,0.025572357168122246,-0.016251206713576154,0.013878368533010846,5.0
10880.005618795818,0.9566579793186925,0.4045513864574092,9.883178904771464,0.009672890890199999,-0.011281110567078827,-0.004041458314543464,5.0
11021.992433934218,0.9948234529634187,0.3048202888465755,9.684723641544316,0.02243855499520943,-0.07533175703729529,-0.0006379212581801854,5.0
11157.98410790635,0.9816827571755437,0.38672734877646925,9.883785756547153,0.03640952710808952,-0.043528133409628536,-0.00778322073400931,5.0
11292.991340071094,0.9753981510834655,0.3277651708514776,9.9239358545615,0.028580711883215214,-0.03339747801655431,0.020740924696651935,5.0
11428.976179731457,0.9679260880632692,0.3924789820104513,9.780531592208769,0.01245953550905063,-0.05570455294367564,-0.0021580005461137495,5.0
11565.00954562405,0.9621122594559877,0.3223250280112665,9.851409715340399,0.0030330915358783277,-0.04673786389002022,-0.005989235489086711,5.0
11700.983796835146,0.9227081225253727,0.3784956311780172,9.890924928849374,0.031001805462425553,-0.05047731658576039,-0.002404763545745182,5.0
11835.990193519208,0.9576913345707877,0.38746395039468545,9.826325335000073,-0.017151604357846854,-0.041480450091568276,-0.012949621877234422,5.0
11972.001929388123,0.9015478734798771,0.3668485406278559,9.91022105583305,0.02784315201431449,-0.04989105790457946,0.0017614962253429136,5.0
12107.994143229422,0.9301749046672638,0.4585934931808917,9.900901625769336,0.005876769601952803,-0.03783676371361902,0.014484140778165304,5.0
12250.008756508509,0.9252500181402229,0.3730505571109717,9.832806458635224,0.025801696071943103,-0.050788809261031666,-0.0004533941425025061,5.0
12384.988505463894,0.9230381906704817,0.37096843226984655,9.926253855171694,0.017329849783356534,-0.053661536779479116,-0.009241945591790373,5.0
12520.99864113929,0.9326719872898379,0.451483525228422,9.934030715382203,0.01923539030232643,-0.03700279311167918,7.298027704337673e-05,5.0
12656.992514180263,1.0049727086941216,0.45094760755593083,9.860425076917311,0.0031579041821251765,-0.0296944367255449,-0.005082703944929524,5.0
12791.9949316277,0.9370986189846021,0.3511744786702457,9.86454559441263,-0.0057579285772515415,-0.059112329621031884,0.020490266154030455,5.0
12928.003521382154,0.9387187295670818,0.3966969857230275,9.862584407275572,0.0008406050563092282,-0.03553252094986784,0.005058663736897746,5.0
13063.998753291007,0.9837314062339654,0.3511120132100031,9.876182171034847,-0.0008221287856206787,-0.04373803685214025,-0.014084829605779996,5.0
13199.989370824447,0.9575729248609602,0.39453538345283784,9.841870742580323,0.015483475099583,-0.05335786879788795,-0.008172043756985018,5.0
13335.005587814258,0.8997466439148714,0.32004723982046396,9.740008626306427,0.030333446628393563,-0.05136253182402924,0.006703203506020853,5.0
13476.984287194098,0.917661911521817,0.4382330914367458,9.838472170133302,0.011317325755052112,-0.06366034158156081,-0.009140872064856196,5.0
13613.006798159286,0.9050091363197696,0.3154773151068587,9.981403192500217,0.012001986841620049,-0.04485541746214932,-0.019374733214829666,5.0
13748.99553855365,0.9200503973644807,0.369539781239512,9.839410554800303,0.01622410777778387,-0.0697757215425782,0.02962440225957425,5.0
13883.985803475085,0.9436316118622026,0.38408706720043434,9.935980306644872,0.016396802206058037,-0.029098554054107807,-0.010946737018054493,5.0
14019.991685459714,0.938185968684922,0.34815764172927743,9.881781291512928,-0.016470735052625706,-0.0412654118329965,-0.01742884528963095,5.0
14155.993645687979,0.9368504972828875,0.40425707872367267,9.83668574522945,0.0202641198687725,-0.04098176505081415,0.007041095769938877,5.0
14291.004957273344,0.9728758777995203,0.3731746248030544,9.862462968584424,0.021098552640595233,-0.044786229285996335,-0.0065837867068456336,5.0
14426.983823508148,0.9672797251784508,0.37409278865116513,9.801767412449312,0.039706393577638534,-0.05996039709885078,0.01237241089466067,5.0
14569.000164432278,0.9294900968270846,0.42316382374781264,9.786675183732571,-0.0017404428687620831,-0.04761869836268845,-0.019314092581474228,5.0
14705.019516956754,0.9176574552930166,0.3594423125836437,9.934262801459168,0.02729655072126842,-0.060481320820896446,-0.01340953535292282,5.0
14839.998874179513,0.973611300052692,0.44315753076132025,9.795399813418234,-0.008915441330190151,-0.018745305103133898,0.0073145150795797306,5.0
14976.008769607673,0.9191519616281181,0.4501678422518731,9.861687345949521,0.033829952583024674,-0.07504189357705279,-0.008264558421596289,5.0
15111.987760405493,1.0264670155651217,0.4105421505507871,10.04678733625548,0.05344050485030161,-0.07514548115497142,-0.011326685595975829,5.0
15248.004817578323,1.0071459480490759,0.5445000364958524,9.383669902181854,0.017508687286597092,-0.0712760175503232,0.031805060311631134,5.0
15383.005836148612,0.8568212635225293,0.4575758946683817,9.821670239873782,0.031722468074483284,-0.09602026198814512,0.030656878489020378,5.0
15519.004845869631,1.1601643901195717,0.5107624114788568,9.65184081444011,0.01245628275482273,-0.03828668866835242,-0.028976296471095064,5.0
15654.990278234342,1.0584032363442484,0.5572181512453293,9.675653360061965,0.05467913252446278,-0.10150571572884784,0.057689914306653406,5.0
15795.99918431585,1.0649119899658908,0.4590039315748733,10.248262383492179,0.014417737153238122,-0.010760120918544277,-0.024613140622313137,5.0
15932.004420659408,1.0967144844133896,0.5707110557662123,9.93813982082405,0.0012201707149965195,-0.03191538995876923,-0.00673847217302747,5.0
16067.988297121723,1.112807872269549,0.49889224368288126,9.827138414159744,0.015949643848457498,-0.13291328479000245,0.14550084855268267,5.0
16204.003561680329,1.1070080431117975,0.3548235606232984,9.408944815026025,0.06013174779633829,-0.06783262189828528,0.0416809680394389,5.0
16338.98844383117,0.7782296125973956,0.5281152718319989,9.863809376125573,0.005569033654635836,0.05413591263458856,0.037743655900967434,5.0
16474.993275242665,0.9353619555029139,0.6174415618429925,10.085563627330247,0.04529231031619254,0.002487596729197244,-0.032551816209442884,5.0
16610.99367822814,0.7405946671035675,0.6335649200929595,9.863279132509929,0.026223700460291436,0.020565076976107346,-0.027582669342710562,5.0
16747.00180155254,0.40989414331555735,0.7596403831892486,9.873689403651522,-0.04851558003502204,0.16338776636195704,-0.021461462384804994,5.0
16882.019746664333,0.6083345443471821,0.5447055757040994,9.92335522745164,-0.01210247664640505,0.0682312496779078,0.00806056184000528,5.0
17023.003101027964,0.4654948193416997,0.5261712970780813,9.725193833771646,-0.03459270699718853,-0.08020502366543945,-0.043159687795833575,5.0
17159.002054702814,0.47483527982808693,0.4783023888722885,9.761215264411447,-0.015292035114189433,-0.09443999112638231,0.057778272933278196,5.0
17293.996194187395,0.6779798511871628,0.5067973486280143,10.081706612893166,-0.11812607946902906,-0.035531629888491734,0.035535231488556945,5.0
17429.998002058503,0.4683768619532619,0.33179409517685765,9.429831735947568,-0.046352919085503624,0.02459233393717906,0.0821934253470674,5.0
17565.996469021957,0.38058110624281005,0.3759189041956094,10.14788422296107,-0.012252910011221056,-0.030754953777251483,0.07093240867561425,5.0
17701.998365092844,0.42566593127511415,0.3171723413800821,10.086319289339965,0.01694161541560432,-0.07003533490633189,0.06168996039166218,5.0
17836.99837037034,0.4274097839658213,0.22279353311297548,9.756157367175751,-0.020383301918229194,-0.01781446246962026,0.004510773641875278,5.0
17972.99759135158,0.44862665126205015,0.40374056444766776,9.843164773750773,-0.003348343935174481,-0.05992273837001185,0.01421770669990544,5.0
18108.99427354606,0.4725040163500556,0.28307664331258314,9.992132993345413,0.010117541523748531,-0.04745774042964063,-0.020899834454436727,5.0
18249.99803536848,0.48715025512988896,0.3347851331738831,9.734864701138324,0.042001743977599905,-0.0317988608084754,-0.009192947466734595,5.0
18384.9954292478,0.4536795742798387,0.47310704391718,9.840878944943956,0.007338249928638221,-0.06332334146121417,-0.0031767534934604297,5.0
18521.016390066743,0.45940778242741537,0.3659989052213914,9.852981360108359,0.02013908870064443,-0.04050954437347155,-0.003862547466964224,5.0
18656.994398508654,0.5157100389206432,0.5053294582707175,9.555718354452129,-0.00726230455866462,-0.075875245875531,0.008834770890055233,5.0
18792.01535286179,0.5295342425347291,0.19293680993424706,10.033340819073322,0.017649684815983398,-0.033842465393957445,-0.02920835038530501,5.0
18927.993167751127,0.577388729865976,0.6623226825375567,9.932594197421817,0.01316070701311823,-0.041931028209677694,-0.01240597425791903,5.0
19064.008402383504,0.597630034973068,0.3890553024077915,9.724322369893994,0.017067274535827688,-0.01329357728520734,0.0016462736880196163,5.0
19199.98650987485,0.4927902609695876,0.38475880860481615,9.89058008435459,0.020035239074502668,-0.05508018594278328,0.01093660133900343,5.0
19339.976626025236,0.44798786560510273,0.3395068254871772,10.035244642735973,0.034741075329301006,-0.04786606001303443,-0.021166446310679002,5.0
19476.006030370456,0.5245815884341046,0.5859980312001657,10.023487277639823,0.014928319461057183,-0.03789143142066477,-0.034596271085975315,5.0
19611.995997197922,0.5815321546120027,0.5863075304177656,9.662461255575902,0.03156944440103302,-0.052644307565061416,0.010597872374259411,5.0
19747.99191569373,0.5666728388007521,0.48466388417070916,10.093760534155669,0.027647909860282396,-0.02176266023448139,0.006443653764093652,5.0
19883.005963101874,0.49006663228708924,0.4943139671735099,9.83858790058961,0.010663593785109643,-0.02945195025548103,-0.007583067370445258,5.0
20019.01121349522,0.4912172672883696,0.489762730765665,10.039537145677677,-0.006609770757245008,-0.039796656705915624,-0.010867304141891708,5.0
20155.01818814189,0.5421081224773437,0.4879641634018893,9.975673872541298,0.005611985691990834,-0.036830975337564055,-0.012746258822300353,5.0
20290.999631415798,0.443529534355989,0.39271406516645146,9.92919540663277,0.012977626663769294,-0.011387577291697348,0.01425549580983149,5.0
20425.996609212638,0.4457929824577793,0.4783971350437405,9.90826525754781,0.004350244035092918,-0.08590770621715181,0.010280412124234048,5.0
20566.999138218398,0.4457104926043771,0.2685507151187759,9.652370966551922,0.022068576351737514,-0.10247620041979948,0.0009207006295897251,5.0
20703.004463171474,0.46990544546836815,0.7329977720518599,9.872346313686924,-0.0010259134883792175,-0.040898321055748116,0.008931946348274801,5.0
20837.993236781855,0.5268200689417447,0.7628634803942154,10.068840088910951,0.002861567836197297,-0.08353328420124738,0.010713086786652675,5.0
20973.99749978312,0.5802025271914664,0.355881162154721,9.878859109084225,0.045047807897020196,-0.04736415160661389,0.009479430155900899,5.0
21110.014345767737,0.4811803307378148,0.5542733895513621,9.99374287239168,-0.0017544277061275633,-0.045885578506510434,0.025385171195337595,5.0
21245.994849821025,0.46757181152321453,0.5735633211415637,10.044332488355987,-0.0204197127363434,-0.028318274703399007,-0.03012072639824951,5.0
21380.99974048516,0.5078534412139546,0.40816791228869137,9.791629715717951,0.013760750651807882,-0.054039601918585735,-0.015326650531324915,5.0
21517.00602437833,0.5688032506883602,0.38422493236860644,9.85950682030326,0.08526995148427206,-0.012287889483714282,-0.04176687767967575,5.0
21652.998947883494,0.4833780202673787,0.7138178871665244,10.104969321333327,0.019415284419312385,-0.04742092453724904,0.0019848284755668863,5.0
21814.992927387288,0.4506631293319896,0.5525254005075513,9.71571903911028,0.02279046223638474,-0.05209061549028427,0.005102427708538736,5.0
21954.99964797968,0.48590337319036475,0.43898505165632207,9.830268474044471,0.003490649208538172,-0.07750038265324938,0.03217486784573521,5.0
22093.994342779337,0.5123574445165217,0.5341720329076867,9.824302890151476,0.0210031134363153,-0.044112856513340654,0.014291614608513739,5.0
22234.007671958792,0.4616625904331844,0.4825466885048247,9.88850138980452,0.01988805186328861,-0.0554867695573969,-0.001886381316046929,5.0
22374.001871197353,0.4519275517724939,0.4545246791605977,9.825261628252921,0.028466125975914577,-0.035064060225231966,0.010774217354715145,5.0
22512.986498628827,0.4521567427282665,0.47922969084306904,9.926880845502735,0.029487429010679248,-0.06411224595212626,0.006176118162687743,5.0
22652.992652204157,0.4635064323413867,0.5623739674273279,9.907621605049183,0.017213215729739665,-0.03309941641072894,-0.03257418636712618,5.0
22791.994648798318,0.5178383787870765,0.5080114291603204,9.837094670062262,0.009576659498019804,-0.026011118726609724,-0.012921620794597827,5.0
22937.996673047215,0.4971942589320175,0.5140639988214535,9.793300711217704,0.00354485304611756,-0.04090792213994001,-0.0012096743360925821,5.0
23078.01785967544,0.427929228599676,0.5020883938346484,9.914022840546327,0.025278785644983037,-0.05626328790426009,0.027320523251129894,5.0
23217.00716264204,0.45339602949280905,0.43570086402234215,9.877833685693309,0.03313010438559469,-0.044803393375317434,-0.008702582249585682,5.0
23356.99659057997,0.4365724627567549,0.44364958032538143,9.885962383436993,0.0011849259755740199,-0.021918636145618137,-0.004235893205695736,5.0
23496.995517177893,0.45299016967453437,0.619765587239537,9.934893439986002,-0.0022266855274798254,-0.05233898855572262,0.011928341362931113,5.0
23636.01119243107,0.42298212895697324,0.4292839109272894,9.770077151902797,0.02018325531006362,-0.04720762773601043,-0.013985551205675573,5.0
23775.978757967598,0.43226981716958834,0.5762841718491216,10.015235887813732,0.02597670152839962,-0.08034446612500959,0.0005580858037357076,5.0
23915.989870782327,0.43599756825014774,0.47973593163703093,9.880220329978835,0.020954203081941156,-0.012240158939001345,-0.015108607797664115,5.0
24055.000689955432,0.44384645603335593,0.4269647629330571,9.946971526275318,0.0056394624897135185,-0.03884721083829956,0.0010193108309347232,5.0
24199.99150799555,0.4426991455478143,0.4644801628093834,9.859031536265727,0.005820477156929032,-0.03332489451959062,-0.006769947891567428,5.0
24339.00169722743,0.4436604449095939,0.5390063702909019,9.964825924512555,0.003464434447671077,-0.03457265906455094,-0.008674037164083125,5.0
24478.980855014946,0.405219268629098,0.5375187484721783,9.944089019951226,0.00820250209655541,-0.039300208485022775,0.002603463406685161,5.0
24624.995200789064,0.41627498984577777,0.4804394214798094,9.878799051915236,0.02139029551560205,-0.02529517409537051,-0.01757974629599173,5.0
24763.99611779244,0.39767308227241904,0.4996466305056274,9.816706075685154,0.005124809235463784,-0.06967740080970497,-0.0005281011768698007,5.0
24904.004797799167,0.39359642436653347,0.5441001888828666,10.02509003805342,-0.0027820903423785405,-0.024326994617793158,-0.007185562705832623,5.0
25043.0059710123,0.3836945487374175,0.4856537735606305,9.88070374033049,0.02263907958532924,-0.04985272527580236,-0.0021230830578617974,5.0
25183.00877903274,0.36188297165769123,0.4991862897869753,9.945272889095339,0.025019245811543692,-0.04847723697537219,-0.018455795169936985,5.0
25322.993419973824,0.3892224777089684,0.5228769828146725,9.906573439033657,0.017592979708868955,-0.032602271823820195,0.010159390677686564,5.0
25466.994606890563,0.35084802190748676,0.5313894901902944,9.913622292954921,0.002166156276392799,-0.07119370625907877,0.012179440335868295,5.0
25607.01429268419,0.41321601362606325,0.5428915355240873,9.944140409970178,0.019418412539420973,-0.026222266519941292,-0.0025372401380971727,5.0
25746.996644578823,0.35375966019885674,0.47738985083348195,9.794181119602442,0.042194866213039146,-0.04879278963526243,0.0048722862342537344,5.0
25885.999877879796,0.3706507310211364,0.6741533673599011,9.961231364178829,-0.015034205727850226,-0.05528692050606612,-0.003330864877408295,5.0
26026.003094901505,0.4064876072412926,0.5079366220502827,9.8822262495399,0.007187726357233531,-0.12715449031903725,0.017904804111768858,5.0
26165.985208693834,0.46123439426386287,0.5566179678596443,9.896469328964866,0.04024736284341007,-0.034121073367205025,-0.003120134344502521,5.0
26305.007123605053,0.41903485328757256,0.50188177430114,9.959296589857907,0.01846785352267943,-0.0516883110884417,0.005145234210398138,5.0
26444.99457006107,0.45580686669125725,0.5880945393782812,9.731692340674629,0.025902899151313802,-0.042960916883963106,-0.018597948237566893,5.0
26584.000119516786,0.44997272169288843,0.53795498444176,9.859919028549086,0.017686486085139567,-0.05231230803488916,-0.013980864219996206,5.0
26729.99613568275,0.4433571906916393,0.5969500782671349,10.041522649047558,0.03994027155320868,-0.07228804170086123,0.024124010352490316,5.0
26871.003750822118,0.40668861485083313,0.5167279926095124,9.917850162605728,0.021655180967517534,-0.04180586950365979,-0.006271545760014029,5.0
27010.012761393114,0.45528638801267657,0.6194997904622825,9.83501635242531,0.029133800569152223,-0.05278673337073996,-0.016328762440820016,5.0
27150.004868775617,0.4569188568918268,0.5950827932472359,9.976602709975026,0.023951702554779145,-0.034739280610607805,-0.004098265708709406,5.0
27289.989634990958,0.4592522604178248,0.6433669768578845,9.850736806634009,0.04367447231049009,-0.07283840303279915,0.003306647439169495,5.0
27428.993232573917,0.5014798420731045,0.5875348397244274,10.113653378127664,0.015226462636866821,-0.036115790862588926,-0.016801547921716745,5.0
27569.012332826856,0.4917329717197219,0.6807031734485243,9.877623149125084,0.02138765818008293,-0.06008447491118273,-0.018782628369912832,5.0
27708.002727666946,0.5177596117906171,0.6971373115968111,9.945770945236257,0.0025176851528752016,-0.06753526936979969,-0.010080478846035445,5.0
27854.004976917124,0.48567955190157885,0.5581857009261587,9.929355593001628,0.02250428665421667,-0.005886102822349288,-0.01395512973148176,5.0
27994.014705897436,0.4185466815605755,0.6999944907937394,10.059798668796239,0.005518811360941411,-0.015307774591775075,-0.006428940300141036,5.0
28132.984029068382,0.44750726358582205,0.5939922002079752,9.866064473959497,0.009426515056991906,-0.03562909956603487,-0.004804488790857124,5.0
28273.015274230907,0.48159087948077367,0.6122544187048936,9.847532402198976,0.013104798911959281,-0.031157712089930772,-0.004415501777705612,5.0
28413.013917239965,0.38367669851702774,0.5805178909262386,10.008696940855119,-0.0017957134458400775,-0.04733893402215341,0.019324082346714275,5.0
28552.004190291464,0.4198887074925222,0.5035746628593853,9.936016494594277,0.014095268207383304,-0.0255418565418477,-0.008776537306498657,5.0
28691.99534385696,0.410248577333783,0.6172445855596007,9.741916169872674,0.0068860836740636,-0.03611602172837542,-0.02289948352553343,5.0
28831.994701574145,0.43540486334681516,0.5659525624749809,9.893753557492307,0.026622507339144813,-0.06051187387496814,0.0002790067464873786,5.0
28971.00616434493,0.41895555066443024,0.5541388809133655,9.958099520312617,0.030517270122756356,-0.06958309849408485,0.006751764519729588,5.0
29115.993457421075,0.46224654522789727,0.6128573379629209,10.201438379911435,0.004397892348038646,-0.010852698879832428,-0.0008608323253850567,5.0
29254.998343232735,0.4003737632097373,0.3420660302773242,9.805047881321599,-0.028250181517926406,-0.08876178452179213,0.014693120228108005,5.0
29394.998634277992,0.4004526180583016,0.49058320636610814,9.813073240076333,-0.010535175953353716,-0.05143009261045358,-0.01795183791167652,5.0
29534.988139011635,0.4834583216315131,0.549355076367065,9.990209808661488,0.009397687072238795,-0.06877796963148071,-0.012798266544676891,5.0
29673.978072247195,0.5123970780307492,0.6248729336454044,9.83228309624137,0.015773182695183966,-0.01785417653207405,-0.019219018475360356,5.0
29814.004359571263,0.5186404825059118,0.3899638309686454,9.906563628402058,0.05138983313244248,-0.05434062313031769,-0.013550865314976675,5.0
29954.013562887867,0.48914083536851743,0.2784323037254144,9.960306218436687,0.02102699314065094,-0.06135296571574718,0.0017325767727664825,5.0
30093.00037090502,0.5035129424389059,0.629844954892547,9.948911732406867,-0.01710260636913117,-0.05059235085163772,-0.004739376100458327,5.0
30233.01169185805,0.5057451737253172,0.44329806879866696,9.850557070271158,-0.008070386725922828,-0.0059761906126031515,-0.01863008352073456,5.0
30377.99801516839,0.4233201598329902,0.5472921522410474,9.847415836675715,0.00578586023334548,-0.07581560180482884,0.010320001413836601,5.0
30517.9991386155,0.4481023662362283,0.30498794694402925,9.821696045044161,0.039064383645067,-0.02111555047960521,-0.01890232547017058,5.0
30657.999245133415,0.5335026399179528,0.7077579665705583,9.875148472495091,0.02140048771675494,-0.043957125708493854,0.020980098297574683,5.0
30796.987662163054,0.40970333481452936,0.5229455459384902,10.042552057916884,-0.010061409943017772,-0.03066187876629082,-0.006424022184394956,5.0
30937.010165413118,0.40907610201641864,0.4624089817832842,9.933025697970942,-0.021939899475231502,-0.011733367652876173,0.00830035198234307,5.0
31077.00040967503,0.3808941095613077,0.5010386868751668,9.998054973899253,0.023918461364701046,-0.04190444136986169,-0.021882465441566003,5.0
31216.005422216866,0.3815536805783379,0.4464773074731466,9.835641376856948,0.026942108312454752,-0.045668023095170006,-0.0033504954503330723,5.0
31355.994209638975,0.37874959071092235,0.5021491695787343,9.973606996467392,-0.0007656605664076146,-0.05686453086698711,0.026636781829308107,5.0
31501.005384402048,0.3618529016104337,0.5474155735673558,9.983676862618681,0.014743761185927294,-0.04628794784273864,0.01374335878271063,5.0
31641.013330926497,0.4387954103350829,0.49737756963185514,9.825473593633424,0.008768806689814994,-0.03917649515069368,0.0007983050216422475,5.0
31780.991415261604,0.4110601881580854,0.45465615665280024,9.932095602879373,0.030277827423978766,-0.035036927351059836,-0.01793632184092102,5.0
31919.99423569395,0.3989661588746769,0.5372316097147001,9.959476202129405,-0.02651287553174708,-0.012630833501762256,-0.015297204387877728,5.0
32059.984342651733,0.4036756298707634,0.546140865085598,9.920436770972513,0.01220085101717919,-0.05619806004025418,-0.01751330950776613,5.0
32200.000584774196,0.3465364939102779,0.47349458008282364,9.90894950317484,0.020494214445407118,-0.06120771598654281,0.014251191542463267,5.0
32339.013286270067,0.41032377500772077,0.460199331986618,9.815553431126324,-0.004160227024050562,-0.03347120399931943,0.0022931343790420877,5.0
32479.008165949635,0.4228756418320046,0.4752645030928116,10.120450655842534,0.010541511738197515,-0.04100917531067515,-0.02316630397427067,5.0
32618.997890801034,0.42588178217587097,0.45125005393698525,9.87319498282104,0.013416820626219324,-0.04576511994145967,0.00882922884668255,5.0
2785.006048930077,0.15734239505048503,-0.28822945228716645,9.927263390685432,0.03673844490178247,-0.07053454501040918,-0.022612575817836048,1.0
2921.9983868074723,0.39814113652450905,-0.364734179277757,9.85065831190652,0.06594087457938116,-0.032185454624910494,-0.12385591461537011,1.0
3059.98469262377,0.15631701814390123,-0.22498533842930601,10.185088810587827,-0.016487642608127597,-0.06747913798530335,-0.015048461434752396,1.0
3197.9981904336832,0.19948011807258018,-0.16247592492067353,10.474122810859349,-0.017744634220490125,0.08063989501897205,-0.027507714284484286,1.0
3335.019751965907,0.07886254975213826,-0.4289080113766013,10.04506553636937,-0.052850927906538045,-0.0650444008037651,-0.02325908008609208,1.0
3472.993922470326,0.22126435591329247,-0.572194036186768,9.643257061887827,0.026366684542805535,-0.03873081854468217,-0.0330086834548725,1.0
3610.9963707209718,-0.05857216077009331,-0.5498482154792159,9.765559228166167,-0.053802982311019834,-0.08160284897461675,-0.005781183481306717,1.0
3749.0048284600857,0.31227822473917366,-0.27909096489326857,10.458976734542501,-0.008276608314901089,-0.09773769756320459,-0.014896128338416616,1.0
3893.0107416098667,0.04641549835746513,-0.45521971560105295,9.655573305770256,0.07127433284971393,-0.06137312135547504,-0.0018770864276314784,1.0
4031.003749550001,0.3521381365647787,-0.44737852877166634,9.904799516013604,0.09717929097815915,-0.12479478188361133,-0.004179162098541045,1.0
4167.99162311581,0.41582680880754996,-0.12836656931076615,9.336325708228394,0.0055757401614299155,0.058758341634520914,0.08312240778611765,1.0
4305.005724881287,0.3399889154565952,-0.2899785566865645,9.876757724151208,0.03567496341495137,-0.08663587364753181,0.061161554971514376,1.0
4441.995098557865,0.21532783550890244,-0.37092706164176265,10.0570971610373,-0.02931318764042347,-0.012509575045078191,0.03340030980742453,1.0
4578.988658528726,0.22294404259208714,-0.4070866477899502,9.877297845506952,-0.0680976439745208,-0.05454062116250933,0.01413193469146673,1.0
4713.993462489972,0.24206401238661185,-0.5336276967467868,9.99274523203576,0.1429105742091233,0.0235402895669215,-0.013982452326626801,1.0
4849.980572931124,0.10116440816589681,-0.44292808761793057,9.921298452443665,0.07329686618254215,-0.02628813453880953,0.05116707465318738,1.0
4985.98431495125,0.11385671495089815,-0.5166870666396896,9.734675587866656,0.0944854806328266,-0.07444905446940332,0.029556242691849297,1.0
5125.995908679748,-0.030026141111712683,-0.29162099185752705,10.0825587482817,0.0963013493358136,0.00636848736783092,0.02957113395214331,1.0
5262.002214821164,0.04340085203543593,-0.1102711961615323,9.889595667762329,0.10373947924549963,-0.03159621094041546,-0.011308866166590935,1.0
5398.000471639328,0.04208010965301628,-0.2608005951686131,9.745727289219998,-0.022691399987091302,-0.004640231054126054,0.047254875894012505,1.0
5533.9901821395415,0.008209529983916376,-0.2379807601828901,9.765211191020809,-0.09245049006891887,-0.09367198318485027,-0.018721139602109346,1.0
5668.982674120496,-0.046922916053595484,-0.3699287390597908,9.767403630344056,-0.10639047395671421,-0.021634754927639,0.02177775012121287,1.0
5805.00179106656,-0.028570926190923145,-0.4131968066992576,9.892834768717805,0.0534896255368769,-0.04937737542799863,-0.00837688679922743,1.0
5940.996151045812,0.10883554700121152,-0.3461935657406644,9.799610926041373,-0.051866996178325006,-0.09993473340307063,-0.017604380773470322,1.0
6076.992815664966,0.07437415117441354,-0.3519636738797058,9.901493207025146,0.020809884455169715,-0.04731855698598034,0.03146271195871498,1.0
6218.007379303484,0.0743218749787632,-0.38700938290222,9.937137319383622,-0.021309411736041728,-0.01565839583003756,0.0049383451112752896,1.0
6353.9942062527125,0.06171263566391524,-0.43495484045695804,9.982274807148581,-0.014653369818793446,-0.031223689787903814,-0.001865982170790066,1.0
6490.000849868827,0.07713373448587997,-0.43955950004654376,9.933907957291623,-0.019318846848290994,-0.033963491311596795,-0.013046859978708965,1.0
6625.015766015672,0.06981887479620659,-0.47696322691121823,9.962603516229047,-0.0384947239060949,-0.0372970301428168,0.003999017962948118,1.0
6761.002414781517,0.08491299278150076,-0.5137057528024674,9.831806621619366,0.022617632780397207,-0.03989764061741354,0.0350321296614543,1.0
6896.99833216996,0.03940555472008752,-0.37110595642325817,9.944285434814377,0.019987907363680082,-0.03761812450777502,0.007983143672109226,1.0
7032.997720112481,0.015233378288410999,-0.4670138446286488,9.878877196029153,0.026948011557815198,-0.035904083107719406,0.0030759284738528744,1.0
7168.015143060789,-0.026836977707005865,-0.5663893806595652,9.876597449235186,-0.054347335699649016,-0.03678885734359979,0.013190380334687276,1.0
7303.990803442586,0.004284267154837159,-0.5242192409810704,9.848312513175124,-0.0167524330449358,-0.016692080048957267,-0.005929900854350868,1.0
7445.000125845346,0.002887198740710148,-0.5092833051442995,9.868450856461767,0.08954378163359514,-0.11592926670406241,-0.011824747733511857,1.0
7580.992758410523,0.02430182010959339,-0.4378833571266413,9.80257018670218,-0.008041623950757781,-0.04258892752564685,-0.0035292027025453057,1.0
7715.999732614055,-0.044827263726254916,-0.41453989932327456,9.92440895552945,0.020821016698818903,-0.03476458274507256,-0.012260550894905433,1.0
7852.007093729161,-0.14215803610714928,-0.4858346614957562,9.77680868027667,0.11337700031532148,-0.03176935297708001,-0.037748117408370696,1.0
7988.004471317271,0.041620140035106924,-0.3554398142812815,9.952572225550592,-0.053580566226997334,-0.04404806671119137,-0.005528913795195076,1.0
8124.004081720121,0.007953845155047823,-0.3821946682448785,9.861822619732187,0.022497961951157427,-0.06267264194324365,-0.019616135932623846,1.0
8258.993600739204,-0.009569640893985792,-0.42734109097571343,9.90815118923502,0.0006943968326203798,-0.03942906779378387,-0.0016485582928324302,1.0
8394.999616412599,0.02011031758318412,-0.46247489259305596,9.816702639985605,-0.007611416910374627,-0.05753660792523842,-0.0168378110164044,1.0
8530.99878162151,0.0068010974697175625,-0.42612330706058194,9.876152105466163,0.05218731630178578,-0.005622540416076162,0.009305201576268083,1.0
8671.004136828527,-0.014131787514447701,-0.3987344604846288,9.911324126191554,0.007269607430942879,-0.038799607581652344,0.01803807041491083,1.0
8806.99195777065,0.028276149238053303,-0.4292740438246045,9.940354354579659,0.011283948035726977,-0.04476432511159064,0.010663084642867188,1.0
8942.997377036818,0.031044042338359546,-0.47027633595858287,9.957159304317884,0.03140301869103441,-0.03390341808997767,-0.016535942815471653,1.0
9078.995184162412,0.043391124281004285,-0.42815132975115644,9.916043360933473,0.033180228833271215,-0.03322291889544064,-0.020288164451649927,1.0
9213.988504993948,0.0626805217657068,-0.4609662924950389,9.841158811915378,0.027514480799782078,-0.0426766085554303,0.005719874560585349,1.0
9349.998673528497,0.11542919062423905,-0.4199860917567081,9.984653474107198,-0.03335138430040866,-0.05208633664461352,0.009428380516677269,1.0
9485.993278269707,0.07731791128994861,-0.5021395440341837,9.856920322529211,-0.025443057965835566,-0.07308735452281981,0.01598640022568993,1.0
9621.996156100446,0.06778645362089172,-0.5045559432565997,9.956726072799684,-0.01757824872548952,-0.04936003265950165,0.007359973617184736,1.0
9761.98658721028,0.02145928524868996,-0.7046792547136238,9.705176456973271,-0.04499093126355546,-0.05140864496856088,0.033513967422121815,1.0
9898.020783908412,-0.052498172618787385,-0.6017978481956296,9.99265179868516,-0.02839022093001957,-0.002436745994225058,0.008279841632449048,1.0
10033.999195993942,-0.017360707314201453,-0.675379898089773,9.807028443596758,-0.024839217088416386,-0.04677724535988286,-0.02124091991380987,1.0
10168.989636212114,-0.07811863903171336,-0.632330048459974,10.028522733411997,0.056723974734898965,-0.04445709670618851,-0.001546729938847339,1.0
10305.008040912298,-0.12436960963825229,-0.6655714562046132,9.865425784423621,-0.00025925194434320536,-0.05072029278902193,-0.028641974323139526,1.0
10440.979370319477,-0.08188358364587468,-0.6854335130989099,9.946737301101336,0.006287276280261063,-0.0622690410605203,-0.038694345258766055,1.0
10577.001645221395,-0.06507351942755266,-0.6810872598145788,9.954167221770847,0.007458636411800892,-0.018971835114389077,-0.01689512079686128,1.0
10711.97799037645,-0.0998613510981849,-0.7358671917007381,9.852221752428909,0.0366269317510317,-0.02993752016689631,-0.0003347294460832211,1.0
10847.997797574615,-0.10128234902863396,-0.7043584660865377,9.974619433315944,0.0393067448746266,-0.05681372377443071,0.005922317802039985,1.0
10989.0131767068,-0.0774821834152488,-0.7229042286752186,9.885497134987787,0.04052456849181211,-0.05311320137402475,0.0025894573899684407,1.0
11125.003684342479,-0.06845764452821101,-0.6292506312077084,9.912201086767654,0.017108470032105843,-0.048445327578024264,0.0007398295312076917,1.0
11260.004709075542,-0.04938550032609362,-0.5951665046224547,9.944026115614896,0.02582077076177965,-0.03568788340861531,-0.0022018152158966736,1.0
11396.003032291077,-0.08167090461362622,-0.6329862987876974,9.919828587867155,0.029054699282301272,-0.0384454861287219,-0.01990035061525191,1.0
11532.00876564412,0.005908605071921683,-0.5195326650685343,9.962265616129164,0.02227671793969334,-0.019108235266799965,0.0047965820071475766,1.0
11666.997795434683,0.005331402119297442,-0.5535514733281275,9.91374425240216,0.008446883634227844,-0.035259331533740716,0.0059064129772594485,1.0
11802.99001481385,-0.06834668073364689,-0.5567910801419276,9.955082668289705,0.002892870094924359,-0.03247575160147933,0.021004744833694324,1.0
11938.994191187727,-0.01443015317132597,-0.5014461338035059,9.94760745471368,-0.0011223118253276374,-0.032647529514854993,-0.014762828940966456,1.0
12080.001914326784,-0.020292817324262635,-0.5420781677542789,9.89575461218163,-0.004322136725951299,-0.036703584394334896,-0.004374729173372801,1.0
12214.99101918125,-0.018655257527326642,-0.5488024155997674,9.932530380554667,0.014913471543819763,-0.057169337563273685,-0.013156577736767126,1.0
12350.98964391868,-0.01660013624885739,-0.5980938647036731,9.895088922562012,0.03002267278823523,-0.04692539968764697,-0.012863004301331575,1.0
12487.003754964435,-0.03682652145372865,-0.5993612346944136,9.959125501787222,-0.0014100172076271216,-0.052633745871344347,0.014632497376373763,1.0
12623.014718087727,-0.02527809788020791,-0.5909212916785407,9.808571261910908,0.007158646025665472,-0.04907924440326326,-0.001016351283139689,1.0
12757.998974863447,-0.03337386776618496,-0.5783142982380405,9.955849462517952,-0.018453923288961335,-0.06756059591221256,-0.009639256308008345,1.0
12894.016904232314,-0.026972661545203457,-0.6454344269278708,9.893411766543768,0.004472430941578667,-0.03592446958900056,-0.00035301461355477103,1.0
13029.991588923986,-0.03140497379790543,-0.6217738359733781,9.888950654071825,-0.01213809004939034,-0.02875978957597723,-0.016390321456562204,1.0
13171.000046650543,-0.038523357615586236,-0.6521256137824933,9.908175668888266,0.019623551936270977,-0.045747317215384636,-0.04815236479353442,1.0
13306.98919148202,-0.08463777021061386,-0.6588707818241877,9.897806287591624,0.033040899684080284,-0.019858830752465948,-0.00631085955044839,1.0
13442.993181011074,-0.0907228293090779,-0.63087842074654,9.883673127242412,0.027328473935204354,-0.017841386862565204,0.005091369899318783,1.0
13578.999520878286,-0.1181455206516991,-0.6080671159772704,9.955597602783383,0.030062942242214608,-0.021955339756055205,-0.01572647958814034,1.0
13714.000365188287,-0.08617055905939551,-0.611167701556395,9.853257836001553,-0.0013349142232421266,-0.043749931021753334,0.010639496171401808,1.0
13849.997140137337,-0.09076929570243294,-0.5998613343036144,9.897505939656027,0.014510132718056757,-0.04230383059686773,-0.005777204231576787,1.0
13985.996727502767,-0.07315624026688661,-0.6265203827547008,9.914746791516224,0.02184664496745575,-0.023162776388746333,-0.013396053520950177,1.0
14122.009100046524,0.010542756165373743,-0.6285675406445351,9.80502902219132,0.03837778494515063,-0.0713324856708128,0.004099063765518102,1.0
14257.00105221198,-0.06412790913741803,-0.5212278600986371,9.892688079505897,-0.0035839087780415234,-0.03891640299911032,0.01711259703666052,1.0
14398.99284489983,-0.08083907116499066,-0.5332188543286434,9.917028894066961,0.005080394210269886,-0.05135183522556105,0.039572556566406215,1.0
14535.001167254075,-0.03829548914259043,-0.5317331523930837,9.895041475546535,0.008598213601816257,-0.03732147371383097,-0.0018821074200098156,1.0
14669.998201471828,-0.0531539639267349,-0.5747356245559642,9.942203755463005,0.007735687777423309,-0.04676767116471651,-0.028746249774918457,1.0
14806.00291670391,-0.011861532316554709,-0.5685538890286516,9.871247838758205,0.027976273531935276,-0.04477093803749084,-0.0023009992508524904,1.0
14942.005390605604,-0.030358743476821676,-0.5575338406871039,9.867074893348128,0.004490959857525209,-0.04669235915681723,0.0007570002081627337,1.0
15077.983038791393,0.018422473847495905,-0.5874560222517838,9.828776338386493,0.031195129571200908,-0.07006246690878237,-0.010159968767825883,1.0
15213.009054545742,0.01887183760599039,-0.552722173550929,9.929005825673785,0.03596929254225949,-0.0703397864148315,0.030797755901470478,1.0
15349.016099306276,-0.01058343308827889,-0.5030081386094507,9.910246889186643,0.015805773071255542,-0.04788984570398734,0.029219802733041172,1.0
15490.017604194554,-0.024730689814346903,-0.5648901852403503,9.873469663764228,-0.018021581456120855,-0.05291661080758156,0.003064526749292377,1.0
15625.009347554842,0.008937394429633792,-0.5240585874766855,9.915930420201681,0.02629616584275793,-0.051221803586135754,-0.0006198566582758928,1.0
15760.987427335498,-0.008611701164983745,-0.5584800267117666,9.890938063466589,0.01290294787608659,-0.03723525977815498,-0.008800224669470292,1.0
15896.991593492905,0.009101713440123683,-0.5653513025003654,9.896796093075915,-0.014072044826050473,-0.035659996895154186,-0.003364374417829162,1.0
16032.990632088779,0.029678989384953478,-0.5325921263696867,9.901720328733923,0.014184289784987708,-0.06346678793585706,0.015945172050989703,1.0
16167.999486082139,0.020397003028089212,-0.5076313114797586,9.910868670912278,0.01604647759467648,-0.02679999105285209,-0.01712966226412635,1.0
16303.993459992826,0.0077404477885364975,-0.494136389727863,9.932327938853936,0.03335955175971608,-0.04126822155908772,0.0055822497073406765,1.0
16439.998066035303,-0.018836693573471664,-0.5195323480522391,9.84881617107827,0.02492682400197357,-0.05187575924085602,-0.004906556395915938,1.0
16575.985077254074,-0.02317576678832572,-0.4848094524944236,9.913789281787409,0.029080094355008728,-0.06350961506718605,0.009334241365484955,1.0
16715.999667024073,-0.0058897794241208196,-0.42551332255375207,9.950452373916944,0.03628812628284307,-0.05662565133840021,0.00013312079197315776,1.0
16852.00677148062,-0.01913980215553091,-0.374794786557338,9.868116017276117,0.10162617618496197,-0.06190301104583551,0.03534413510810999,1.0
16988.006045269874,-0.010623557216618673,-0.2151734552978651,9.94388917441504,0.08812397117564673,-0.0303927092856363,-0.01259752166077064,1.0
17124.00057583708,0.013727817916833552,-0.2931943481439249,9.797633429870372,0.03439154390327504,-0.048704076760229774,-0.0026737581739029416,1.0
17259.01125234105,0.006249204370743279,-0.22836334989776705,9.93943888236033,0.025913138169243136,-0.04902532585441252,0.01389483251998394,1.0
17394.994281134623,0.06714809575484305,-0.21900637165752773,9.871315946626291,0.0030211633950383296,-0.05489035889583455,-0.027581081163245258,1.0
17531.000178779224,0.08712571401493313,-0.14782272314560632,9.917045889669243,0.06460863048125699,-0.05623736279096816,-0.0017453302853039335,1.0
17665.999144562127,0.0974524384145689,-0.19839990613591,9.954414474958792,-0.0031564761744960175,-0.047835656551951405,-0.0035863217843791887,1.0
17807.008584659678,0.11513333995227298,-0.19902848708235094,9.920389147374744,0.008838479068181004,-0.01919931852764128,-0.005788289121923614,1.0
17943.004361796357,0.10196264160487581,-0.13659125616882342,9.955216324908033,0.04901210036082373,-0.023043886419303754,0.00033141294375677163,1.0
18079.003149908913,0.11805759087172102,-0.07982195465523383,9.973011664163332,0.00945071156622864,-0.027891481565372387,0.011801656970987564,1.0
18213.99709770904,0.04214687268872624,-0.12764347936406556,9.978103371070935,0.03886249669611174,-0.013572904601518186,0.0016249460284579911,1.0
18349.989544373388,0.08829954624568047,-0.11461774510150924,9.887654567732957,0.012780301291049135,-0.012357739644680584,-0.0014149795856934996,1.0
18486.00936710057,0.04202848006515073,-0.11197185752792875,9.89589961641376,0.005044403399800637,-0.0375865394754748,-0.029852741820867897,1.0
18626.984572966106,0.11918308452573728,-0.08691530533853119,9.983945885527074,-0.010589246023402069,-0.01975405892856082,-2.4781290291417835e-05,1.0
18763.99565380237,0.09159970635739707,-0.05602810221474715,9.983812267336148,0.015770445976908094,-0.06375190851936546,-0.028191022304816446,1.0
18901.01840472253,0.04505105415020448,-0.0900142665065034,9.86097907994694,0.030262197539189437,-0.04447799228126525,-0.02231978613822958,1.0
19041.982909196657,0.07043672299196461,-0.051350518989445544,9.949852311994874,0.04904297548652468,-0.04500114704908451,-0.0029907996626780007,1.0
19179.002836942473,0.11792688689203516,-0.0353048578961157,9.950878013159741,0.009364399804796308,-0.03781707213879863,-0.014397508714342276,1.0
19315.991024793897,0.1126376397864808,-0.07652136625279553,9.925733191653137,-0.006445004408199532,-0.05468282965541575,0.005100421025748987,1.0
19453.01500286609,0.10004540726717925,-0.11625541135397517,9.807513948889529,-0.006842048360850478,-0.03157004132956779,0.0027785944283951597,1.0
19588.998006365375,0.0793758762582152,-0.1116885918553087,9.886850522431391,-0.00968289240893078,-0.06072274266687185,-0.012416880335521878,1.0
19726.004174758975,0.1517651924167049,-0.07710133049907919,9.878995297332157,0.0074313008130836924,-0.025173327375936513,0.005089053085330461,1.0
19863.006523301985,0.13680974982821775,-0.10048779755548509,9.93629924486337,-0.0026517350140460552,-0.0698673123535213,-0.011046537615745122,1.0
20000.004042761564,0.1115853660543178,-0.14764884122210556,9.851407000933417,0.007764271827360042,-0.0381072428645646,0.012331668279537281,1.0
20141.991810695425,0.119723741971819,-0.1700260326235693,9.83666003589923,0.050374210717601675,-0.053447943952877414,-0.006561664850219232,1.0
20278.986870995406,0.16191209316233293,-0.11956786262263555,9.853562396341236,0.036984335937333,-0.054856384619527014,0.015843487429396175,1.0
20415.007275160442,0.09190182118643739,-0.0030554047329655414,9.954863660940633,0.044456635014427974,-0.05744480023631982,-0.013621584582218918,1.0
20550.00155131506,0.11665548540306868,-0.050033850061229256,9.950121397461123,0.012640303636032775,-0.05051164062942904,-0.011189774786553825,1.0
20686.99335271838,0.1427443329119452,-0.025393316473950985,9.978049194534401,0.013974132021288355,-0.015742741943444393,-0.01904023422587446,1.0
20823.007569559162,0.12776796248983305,-0.07618566297449529,9.87972413732031,0.04219269332850073,-0.0440330828665706,0.013436987175610074,1.0
20958.994768380668,0.10483889850878741,-0.004900146822034923,10.025486633521089,-0.0029304774424742984,-0.02966681661554811,-0.010859556785001593,1.0
21108.000728833886,0.12435567555460104,-0.05484602259333496,9.87672206978188,-0.005310185514270163,-0.03659614639680985,-0.00650488561627682,1.0
21243.974083429654,0.10654155678073868,-0.0888978956421777,9.920773399370473,0.012410444229930038,-0.037621717832319344,0.0004698904462757918,1.0
21422.000043383327,0.11791739187705723,-0.04686152620505154,9.85467852127522,0.02192212909412442,-0.05863619997880121,0.0018959796412873918,1.0
21561.997493130788,0.10653499345869484,-0.020081691452786654,9.906080511001305,0.026674400399586684,-0.05421269988994845,-0.012127722262695846,1.0
21702.00936125646,0.1558796900270653,0.039045463513014717,10.043063764862822,0.03227567173178363,-0.07193744472322637,0.017457437428085698,1.0
21841.008617958352,0.11899310041357422,-0.054550784155874506,9.860041082875666,0.03902527138266259,-0.022223683377745006,0.037321669883490435,1.0
21982.001018261195,0.08176987923307075,0.05042059102531262,9.924821061484323,0.009074469628419806,-0.05026012292606302,2.2236374492629854e-05,1.0
22121.979943651273,0.10847671462967286,0.02919952303110993,9.835938270374816,-0.010297072211349224,-0.06824591115201899,-0.009764263999889751,1.0
22262.002625799832,0.10097896011448151,0.04975971370128884,9.953493322258916,0.017120161769381855,-0.04171054944234626,-0.003050549882571823,1.0
22402.005825002558,0.08867143138930879,0.06632151933984111,9.875948860496937,0.0136786242758474,-0.04027890992619689,0.0016314477045193602,1.0
22542.000087654724,0.10142681439991001,0.09830233906600298,9.91505606967585,0.0225239857537406,-0.04347318170580832,0.003710736373663677,1.0
22687.984621312167,0.12770173230390863,0.06573166440038282,9.933324138238914,0.01372361514785675,-0.024939835928835596,-0.01827298674089379,1.0
22830.010260621704,0.13392592077152177,0.06700621985554095,9.94619481429049,0.00991063471349933,-0.038504826457327654,-0.0027906500169834476,1.0
22969.00364603013,0.13758177040680125,0.06031643803819851,9.869144835481455,0.007791105679961837,-0.06553217823775413,-0.006455039190661687,1.0
23108.993572865384,0.12890299258040971,0.03226731167616847,10.003292922818757,-0.0075186607835472435,-0.06719796519801,-0.02429721198467953,1.0
23248.996715788515,0.13997355173364343,0.017182415200686828,9.901780995727014,-0.02841786506410344,-0.05659545074977948,-0.003127794726107432,1.0
23387.989555869397,0.1627387128905434,0.0007659251010898583,9.960376511905107,-0.0011632802611166123,-0.05475262405193929,-0.005681992543880847,1.0
23527.996891760547,0.18692101255586302,0.01093021586792094,9.931486506767337,-0.01463797323120457,-0.08247747453749006,0.01190071623570816,1.0
23666.990841990042,0.18192767699332152,0.01670949422989569,9.935515453183957,0.023751638754354546,-0.03458635269023487,-0.0025806589940571855,1.0
23812.99275938997,0.14415240475322258,-0.019406221142539325,9.904188483414604,-0.015204336483147347,-0.060726178170722456,-0.014069155056060335,1.0
23953.00501129449,0.14068904292081805,-0.025296024860245046,9.932338956532174,0.011078292939026967,-0.07510853788474633,-0.011349447266451514,1.0
24092.007585136096,0.1546384252458436,-0.022169513098819323,9.898903346032572,-0.009488614283984571,-0.06757347993550146,0.008464026486960752,1.0
24232.006278716246,0.155680800413865,-0.09222089215406992,9.929573068541577,-0.00017838283917530264,-0.061858558356237076,-0.01979280275756883,1.0
24372.00787141143,0.24162887156177473,-0.04681807370890498,9.92597232837037,0.016172553410606024,-0.05520937704616947,-0.0036744749808645676,1.0
24511.01046655388,0.22878973014257203,-0.08671594136514063,9.885536295396719,0.012210837059324277,-0.04839894894853863,-0.003267872149475925,1.0
24651.007412404502,0.24152792506137152,-0.12027288148523535,9.918108059679655,0.020466877567738784,-0.08080201383734241,0.0006614363528318584,1.0
24790.998498041226,0.2589840438699329,-0.09672264154760314,9.911332859983158,-0.005557406620308732,-0.050868623640063865,-0.025558273490349497,1.0
24929.993170441492,0.217056167829493,-0.09795829817741569,9.911606677045402,-0.007089865414780769,-0.023441671809360208,-0.023085984624385353,1.0
25076.00256395511,0.2076194200681351,-0.10411864557784727,9.908678192667018,-0.004539915551163906,-0.06324351406335617,-0.003179933359858602,1.0
25214.98575874741,0.21035446760234694,-0.1366545442349183,9.901222127461638,-0.004153236983268144,-0.03981650563787471,-0.011419236814052736,1.0
25354.999331408268,0.18664841156487647,-0.0575485035329433,9.91230939895893,0.007898776023399577,-0.014754428901217333,-0.03025659454434261,1.0
25495.01016777725,0.209232842497002,-0.13001161981776507,9.838882647421698,0.011604261117297478,-0.03357437245896416,-0.03084662879404438,1.0
25634.000120840778,0.18155388833684866,-0.11355994469378634,9.970703142766407,0.028272643782915642,-0.04829245770780783,-0.006383482171612304,1.0
25774.00478282759,0.22216761255121534,-0.047770224898664726,9.888146030030992,0.04566495229284182,-0.047554607930819344,0.0028163427690716196,1.0
25914.011372063058,0.21775385277664344,-0.02922655063772159,9.91192106135279,0.014792303749057717,-0.039955474567043674,-0.00807970333096671,1.0
26052.996049261543,0.19171781536197696,-0.057004759140665724,10.012240864178874,3.059415955126044e-05,-0.028125944618004262,0.025644139102846044,1.0
26198.995665498463,0.18707461772833842,-0.06471884893078929,9.95901267511022,0.007335147077822495,-0.07117839419471846,-0.016028413871493646,1.0
26337.98758294533,0.18223793370561367,-0.1528582668680156,9.85696578297095,0.01575323580764175,-0.06556288113211091,0.012164766932343802,1.0
26477.99250711646,0.20811702251518094,-0.10211051480509578,9.899560112010079,-0.001114141862386714,-0.03961400523499115,-0.009713167590629094,1.0
26618.0072769173,0.20647633903070178,-0.08124803510606568,9.914797781101932,0.004688552091243619,-0.06255484750387431,0.007229551405746753,1.0
26756.985003603135,0.21369506517795153,-0.10404203654679006,9.936239112701365,0.00998277013096924,-0.03287704270008458,-0.031760383535915364,1.0
26896.984580860724,0.19616925913460498,-0.11524871048660466,9.910824352272481,0.0030472384619182865,-0.03304100288054352,0.010197455691773789,1.0
27036.992436807326,0.19484511825346093,-0.10438497912143156,9.936978523581953,-0.03121326243222838,-0.036039163449869065,-0.0025221569381017367,1.0
27175.99150107463,0.1652039744908997,-0.12311614439587455,9.981543986924237,-0.0039759674800672745,-0.01770261737139539,-0.031128281700568236,1.0
27315.99957494717,0.1841522443913646,-0.14912469205565215,9.88669797591436,0.004212367058187623,-0.06795677726608726,0.011142917511951535,1.0
27460.997437216778,0.17598883227306908,-0.11162977537207143,9.948831228672184,0.006487669318248229,-0.033720947251258314,-0.0014489575315826922,1.0
27600.9925239566,0.19088320184541685,-0.17661687233599097,9.928984360718916,-0.010675732372425533,-0.035242688503900645,0.013487777507073603,1.0
27740.985012319306,0.19665727164813018,-0.19129929693136957,9.882362122267326,0.02839336712467428,-0.037663771342362255,-0.01708509227114711,1.0
27880.004667591522,0.2219873834827362,-0.143245758744946,9.920446176075771,0.01242055219150594,-0.03738129875959924,-0.018417370824709713,1.0
28058.997426913087,0.16077071647894559,-0.12482890538891578,9.884193745428588,0.036303460409901726,-0.013597988763792633,-0.014787807991409203,1.0
28198.9884724574,0.19367386065802908,-0.1418348731833927,9.906495688552218,0.018594037094684993,-0.03553030419587885,-0.008096738234534249,1.0
28338.007332320263,0.18665807413336036,-0.16311688449593578,9.928501161145642,0.03668193319437004,-0.014130206168466735,-0.01701450778704319,1.0
28484.999895353285,0.15123755548127832,-0.08559416760738082,9.928737670101388,0.026981214032787616,-0.062123704601998495,-0.006609112237027016,1.0
28630.005985894266,0.19678596798863532,-0.12443229797350382,9.920323864109015,-0.01033056606766008,-0.04079178705944414,-0.01909647254079858,1.0
28769.990116682962,0.18109495738554385,-0.18130693214120625,9.865376877699415,0.0071347740932522,-0.039263238660027046,-0.001637572903264046,1.0
28910.01208850727,0.18639684403970802,-0.12307168454326052,9.955661115049827,0.016970434392789866,-0.052500706843370895,-0.03237422474057783,1.0
29049.009359092153,0.16179454655344494,-0.1396038355518274,10.01259899279692,0.02554455129583782,-0.04603319879183022,0.0005956354507661278,1.0
29189.00323434623,0.2025841079541518,-0.11843621404115913,9.86857007921015,-0.004623777843967229,-0.0698367898926396,0.0010581184273691624,1.0
29329.000428549694,0.18101658015188343,-0.15745714492504959,9.879020680174643,0.009085150865120595,-0.06819736466403123,0.006595130170786799,1.0
29467.99826330938,0.22815756708278973,-0.14132722850215634,9.926939198987961,0.019026836398957272,-0.04628709373176629,-0.007020869538500523,1.0
29608.00662265873,0.22090771490373498,-0.09953760170357713,9.934058744544288,0.02937229715870508,-0.048441999726901504,-0.0008425186790372967,1.0
29747.994627789307,0.17573483564563463,-0.15538218246997657,9.865625214710374,-0.001592466810904406,-0.024265831289246174,0.012258068470473137,1.0
29893.005395183092,0.17543727765893732,-0.12686310325548195,9.86620275268423,0.020677994851586407,-0.05112098596682643,0.011868486119147712,1.0
30033.013479333044,0.20692264913682062,-0.1394659289658385,9.967877406929876,-0.005637822124999331,-0.040460730577085324,0.01084986722353217,1.0
30171.98055934601,0.18234638118607657,-0.09435185195659608,9.936822699252012,0.01750354313779845,-0.03539914735587904,0.025559071277209893,1.0
30312.988586422474,0.14243044446181163,-0.18262255066173883,9.886010579785113,0.018798289301981314,-0.06040942881424849,0.009220915335875149,1.0
30454.009228657338,0.13075116394567757,-0.17779318166304867,9.873640678585254,0.05806616203116937,-0.048508338507339065,-0.008480330452612221,1.0
30592.990438361,0.155374612683834,-0.11543070168123758,10.014056840605654,0.012519262737982007,-0.05107041282193608,0.005838676023987107,1.0
30733.01367379754,0.19234776170665893,-0.062296757783314435,9.960296878852041,-0.00043970236396356885,-0.040956985216778284,-0.03745574605972922,1.0
30872.997715512935,0.13158047178898274,-0.17218190537955602,9.912668376306085,0.02319951814252044,-0.02339773502233402,0.005866858376212395,1.0
31017.99508836896,0.156787267711055,-0.054294321475460205,10.001237126300069,0.025214213579122662,-0.025833836148526145,0.0045942726256466004,1.0
31158.005933317872,0.13257266705418136,-0.14546205878088111,9.955026472469873,-0.023825200938879885,-0.050442222817234754,0.0033154420290159316,1.0
31296.997832743396,0.17468501394819216,-0.18382430214656648,9.951354720677129,0.004076143695982357,-0.06239140867554311,-0.007066020827159651,1.0
31437.011436553094,0.17083819710658596,-0.17719900184557616,9.942083434442342,0.0037731111956956554,-0.023056627401648166,-0.01975232641615733,1.0
31576.993894265313,0.19462259497471393,-0.16286957885365902,9.934652871465518,0.013138427949250695,-0.036700845447172746,0.005255388289473058,1.0
31715.997095015467,0.21629153875608417,-0.14158627543707636,9.900953610160762,-0.007984502878207095,-0.07263592433217776,0.028089394586442665,1.0
31855.986566509448,0.20429245548726696,-0.12677274028917915,9.97042181223669,0.016692748597427243,-0.04542144442725037,-0.007761182214688496,1.0
31996.00539828451,0.1861316189550652,-0.19691435361332074,9.943443378349043,-0.006744743239473901,-0.038566591807415916,0.011669177780006658,1.0
32135.013445751065,0.19933697543386605,-0.17807749837413642,9.930547247135548,-0.013964995039994835,-0.054059115112836835,-0.018190626386568508,1.0
32281.002071168903,0.20683305230974408,-0.1909503025108542,9.873432023657053,0.01778392963372095,-0.06899001672341556,-0.00877349685744341,1.0
32419.99328930282,0.188167410047014,-0.15367881428700728,9.924527223271964,0.027053779916070688,-0.05542445446447127,-0.006970663495924576,1.0
32559.991541278305,0.1584382303782759,-0.1413033851129436,9.922512201408805,0.009905822162580657,-0.05670520068551587,-0.008726421286475472,1.0
32700.00074679207,0.2103018438544907,-0.1535538936434847,9.88836957316484,0.028185733045635188,-0.06908383160017811,-0.003493444674389864,1.0
2663.9981579848377,-9.68947247279028,1.7008419374730073,-0.5478403272406456,0.02828246476270274,-0.03803092161294203,-0.013346811229383974,2.0
2800.001243448251,-9.672651525919491,1.6360748710323259,-0.4791821551730754,-0.00807078140278805,-0.058202694860311634,0.040058098678202016,2.0
2936.988954271385,-9.575510095584978,1.6745279134087212,-0.5871685692563018,-0.008755826460452048,-0.012015460770191036,0.046772242226231,2.0
3074.0035753412835,-9.605473671182281,1.4561220107744932,-0.37983413404505406,-0.047057206430571,-0.038618095161871153,-0.06734110390595723,2.0
3209.9977690992764,-9.684128469363065,1.9031410589685998,-0.14001647589325394,0.0455288912438243,-0.03942621306232246,-0.05363817418363918,2.0
3346.985030657977,-9.695684098295093,1.6569455754675615,-0.38634203476834744,0.08206541583095288,-0.08468218472592767,0.03641717651734483,2.0
3483.993117143314,-9.549758513288037,1.830857991631285,-0.512149160306979,0.06374789487296384,-0.008976891481090448,-0.008954925723902702,2.0
3620.9826927916047,-9.761117266536399,1.712590033032571,-0.20437604163909495,0.03759884144941872,-0.035966361876278156,-0.009949760400021476,2.0
3763.993646752537,-9.728401643544194,1.503707887423286,-0.3329790252705967,-0.030840922858254727,-0.0948817140904391,0.026158019240138646,2.0
3900.995952136463,-9.554889371595708,1.6439134863956597,-0.6546472720119504,-0.013601153635478013,-0.06408288529774944,-0.01822960197417608,2.0
4038.0055237263496,-9.82230954171516,1.3935610521124502,-0.27200238389784986,0.04831248724373754,-0.015612589170338314,0.027117783129926472,2.0
4173.999222557148,-9.624039886789461,1.8463061859092462,-0.28482309112332715,0.044152890605023115,-0.044049303838632814,0.03553608915746205,2.0
4310.999593413452,-9.58719554308742,1.6259824807162853,-0.3033985014357933,0.0026483502952796023,-0.05711559004265113,0.007088754655163119,2.0
4447.986985168604,-9.666504949549815,1.4662811718073896,-0.5756738881415902,0.04084999607930573,-0.06442601232885888,0.02297109059168248,2.0
4583.009364191075,-9.761260468761586,1.503303009625051,-0.5339559801273691,0.021245902941450758,-0.027185242488748356,-0.023327916451831132,2.0
4719.0023236594225,-9.629927085286823,1.8675599072684352,-0.39375909231750156,0.01886489658765012,-0.036607794570455786,-0.018880810742646505,2.0
4854.984237852229,-9.614688546392362,1.7647054153595396,-0.1844161108406132,-0.0010695558146402223,-0.05800158514390751,0.003356349185285048,2.0
4996.987140134035,-9.657897133218773,1.6575992210794572,-0.35079147197464167,0.026243647910136943,-0.05912636095682348,0.04033178086444106,2.0
5132.995628282629,-9.640875883132427,1.6007648694985113,-0.3745420628028488,0.012957729920086494,-0.038316316933068015,0.013370112259881075,2.0
5268.994766246026,-9.636367975594819,1.7381739951439175,-0.4608900201726594,0.01420363427347356,-0.028185886841938738,0.03312158969135447,2.0
5405.003436464576,-9.611095011774841,1.7425746168157763,-0.4086114065649983,0.018055923051777143,-0.02167450428686132,0.016943720017722905,2.0
5541.0091223669215,-9.593228187316852,1.701590111939093,-0.14516765268223036,0.021654176578270203,-0.024715663344674666,-0.043367073171394654,2.0
5675.996521959749,-9.603601724224887,1.7688387709918005,-0.29836546061338654,0.03400180310303763,-0.04331338443323529,0.0047538779324166405,2.0
5812.003373899704,-9.629285434387127,1.7419783945457146,-0.30644375347825287,0.028420738516112515,-0.06383708541161077,0.04655391672058662,2.0
5947.998224172676,-9.607270591827366,1.574498720682232,-0.33915907975857496,0.04985208794191007,-0.049777752673080045,0.005402895301451079,2.0
6083.00001148157,-9.72133812575763,1.7434887251395341,-0.5042548617787797,0.01213535426479709,-0.01774887081684296,0.010726678454145266,2.0
6224.993471788973,-9.560442333191494,1.985507385067875,-0.5428511558301293,-0.00020849808155677733,-0.04577432841727578,-0.012713528792481665,2.0
6360.999973017675,-9.653251948687151,1.6003548634401206,-0.46617173586567134,0.03929399605611014,-0.043731597101923814,0.010555528258358524,2.0
6497.001280738733,-9.628535591506422,1.804128847128246,-0.3684298798749085,0.016348730678565234,-0.010577127181645881,0.0035750498760896625,2.0
6631.98833283108,-9.60732208187772,1.8061602121981648,-0.4197957845250761,0.003172565514145067,-0.044056065907261126,-0.024826907612742262,2.0
6767.995601819935,-9.667964014476556,1.649661274375105,-0.46039932057229443,0.027597093127605516,-0.05590861747734442,-0.009861260879730695,2.0
6903.992928799214,-9.728276484823535,1.607655948398933,-0.3838070171482264,0.05043191853067179,-0.04693787568006563,-0.01356976992855057,2.0
7039.991717192105,-9.65095485940019,1.6062067425589577,-0.43342222665320695,0.033936952371044785,-0.0870464546738435,0.02150656417140667,2.0
7175.001294020253,-9.673010351839414,1.6768933627155427,-0.5439100795451758,0.030168966576632577,-0.06524779003449167,-0.01466317469627905,2.0
7316.008086060207,-9.614722912248622,1.7362984685534582,-0.07225366168872842,0.0029960984375783078,-0.07939970823268003,0.008072325489713044,2.0
7451.978234996922,-9.661726862771781,1.3950948106147398,-0.26221245485140476,0.0008677118644206714,-0.09672274528553176,0.0011826956799201617,2.0
7586.992044418088,-9.676184529086775,1.7175438354243513,-0.7852899507624583,0.005642558499508714,-0.030842151116982946,-0.01872808945245332,2.0
7723.020159484206,-9.622166017005823,1.8446472505831686,-0.14922925847497137,0.017796246015158355,-0.015967078059944326,0.03757364012316037,2.0
7859.000864126139,-9.643381081227874,1.6193478690607332,-0.17508085693841985,-0.008835640033152415,-0.012319178765284418,0.00800138499520871,2.0
7995.00666981882,-9.707234843108223,1.809187212547333,-0.6600429316369056,-0.02870031816512317,-0.05653864527644736,-0.008565128763478673,2.0
8130.007593309874,-9.681624276236429,1.6191160103088587,-0.24481917724699745,0.03337067433605555,-0.05526240760587741,0.018373628986688775,2.0
8266.00392629578,-9.577545246678294,1.8178288608205062,-0.1517608157747422,-0.0061578412488620966,-0.06603833398783446,-0.011924408626093213,2.0
8402.004130754054,-9.679150141779866,1.6753510842099424,-0.2995970714529349,0.025029754217671597,-0.051053605334497,0.013794886062553937,2.0
8541.981825258728,-9.607425851304022,1.7737132583957549,-0.25279367611925213,0.026890799038913348,-0.08496762327018219,-0.00983560756214107,2.0
8679.001587666873,-9.560283009138665,1.801178193286475,-0.6252145694956641,0.01610815941086391,-0.02005716121559306,0.014270727578539047,2.0
8815.004870366514,-9.753632548630433,1.8048742840214578,-0.09561111089381767,-0.002746700855313227,0.014050442830236999,-0.027142607821569187,2.0
8950.991668626624,-9.620073928471589,1.9245690185540274,-0.23160439610816266,-0.014173107345838331,-0.07171011458807122,-0.0008148400010499414,2.0
9086.009434535561,-9.580267317758008,1.8532990966176044,-0.5098923900968486,0.02280855634991188,-0.06826089592474649,0.03768506667621101,2.0
9221.985671309747,-9.705569152044808,1.4968268705922172,-0.49812290816518767,-0.039240578165047606,-0.03206609710621822,-0.02600091129284956,2.0
9358.00896531778,-9.694684356956163,1.7912632062369918,-0.4359026685424261,0.007837651063679167,-0.00642344766676403,0.005313357115907934,2.0
9494.002440637583,-9.581932280886795,1.9656521568598495,-0.38839162597584587,0.0174309516822946,-0.029080480306673824,0.036759669789320916,2.0
9629.002728392437,-9.600760110715992,1.901579786229627,-0.2744008199263074,0.006071386427496645,-0.046283249929110114,0.02073208370225212,2.0
9769.989242160564,-9.654704317602018,1.7127201062506998,-0.49590908105043274,-0.0039632596360454925,-0.07109672967116216,0.004937726885957127,2.0
9905.988979409636,-9.579524024382174,1.824412598218375,-0.46969083652775556,0.018148317234700836,-0.05782446738356665,-0.020575669248413385,2.0
10040.992992791646,-9.653441656752069,1.907190949839228,-0.1866602306646652,0.016053251155205825,-0.014269845101027112,0.0034662475028163545,2.0
10177.00335391177,-9.710937364277946,1.5329588900681335,-0.3645891220136517,0.008528180592899793,-0.06696590690938012,0.0030567574362014844,2.0
10313.001504113025,-9.61074190949034,1.746829425184435,-0.5171923345883238,0.01337050853245622,-0.029071546953161383,-0.04079772591138616,2.0
10448.991938390976,-9.573768834914828,1.9181846431152905,-0.33763484706494457,-0.024277135172087846,-0.02611771199526818,-0.01696799390152471,2.0
10583.975719970096,-9.598627925247865,1.869410836309858,-0.24016313800757189,-0.024626744463961407,-0.03826384133366694,0.004231141750485803,2.0
10720.011051126927,-9.648746365043738,1.7611730555192984,-0.3865309650416572,-0.004344793874764031,-0.05360372686048819,0.00464468094033956,2.0
10861.015206713731,-9.607617262375976,1.8763697637649825,-0.3773822872087165,0.004079832396359729,-0.03963098116012093,0.003361664357200755,2.0
10997.00865310527,-9.634847969116658,1.8076921474691645,-0.5015406953333329,-0.0015680062556105287,-0.04167486455251553,-0.007515459539350788,2.0
11131.998199631129,-9.590756801011572,2.0400054013624693,-0.5145565183600209,0.005418826969009807,-0.005963496763875829,0.0003137805108865475,2.0
11267.998495639868,-9.727115578741941,1.7946080447151536,-0.2024956256992774,-0.014600748367196378,-0.06001883719690182,0.042281305457298426,2.0
11403.992663351204,-9.636496098148442,1.6004676651100818,-0.4845473709657883,0.02496461250846601,-0.08164857287309236,0.03666519763949384,2.0
11540.009642106503,-9.705760761497313,1.552330378719994,-0.6214806159864217,0.045286768880202825,-0.06330065584861129,0.007941600660545002,2.0
11674.9985307762,-9.750240026113177,1.6496361352833622,-0.2753041484653192,0.007879792789919038,-0.02723569770061888,-0.009640066424231535,2.0
11811.003857235963,-9.590528079969305,1.7947705820264657,-0.27022626779688796,0.029554791241437717,-0.08357800271934389,0.017063027589294354,2.0
11946.999594122437,-9.635906582783585,1.7899793517443943,-0.40141001607798144,-0.0016663248931287926,-0.05287092452674118,-0.0025072920203249465,2.0
12087.014397084218,-9.608076674246277,1.8646786772006665,-0.4860177959205439,0.004227444945864096,-0.06194613017709972,-0.03534246268709658,2.0
12223.002055672547,-9.567326016341596,1.591734508472646,-0.38996695847322943,0.05435252645937206,-0.06704483899252962,0.012530431153025056,2.0
12359.005112101857,-9.675939084005089,1.7469707374808217,-0.31569208907106594,0.06832256537860011,-0.03232792806146214,0.002990825549784831,2.0
12495.006304944467,-9.55864144371993,1.8486325266920411,-0.2979887394316512,0.03059240823810417,-0.036683003383593954,0.022904227596323275,2.0
12629.98971386197,-9.57762036802202,1.8453533735288477,-0.265750018749233,0.0032929514116346753,-0.04358449938733409,-0.016095271804688636,2.0
12765.996668649632,-9.57391440041465,1.9122168760410976,-0.300259530495118,0.0008074632517847412,-0.05878074968662413,0.0071552176052750265,2.0
12901.993244702611,-9.66557605591823,1.7446010813965316,-0.3392407338841907,0.029219107243612256,-0.002640874393233796,-0.010054876150353316,2.0
13037.990146142163,-9.64017516584401,1.9153875789611594,-0.42720978258179915,0.019607397996641112,-0.052000887359824347,-0.014994871768861714,2.0
13172.989127359739,-9.562311126309273,1.7917300109991323,-0.3760014952797334,-0.00913762743195607,-0.048038767282036814,-0.005910338637231489,2.0
13315.002332884795,-9.549109989344238,2.0151028411219056,-0.24448478689708028,0.004928000850895894,-0.039131804173216315,-0.017652402008089034,2.0
13450.9963296139,-9.59496577593345,1.5681961832618638,-0.29457371312063124,0.014161257986804959,-0.050361819484276114,0.002933506792763593,2.0
13585.995886870916,-9.6564463193629,1.7457737952737942,-0.35561495468870924,0.01242156563409121,-0.02096065720427392,-8.954242974161747e-05,2.0
13721.990823113094,-9.687810477375159,1.606785179071835,-0.25733210212245905,0.04994693458150437,-0.04820699841965797,-0.01903618354669269,2.0
13858.023479223939,-9.676945236218463,1.6954069034501014,-0.45078204844775527,0.046918728440438186,-0.044352276448235174,0.02073992463408853,2.0
13994.00231219211,-9.679263215684758,1.6220283375901157,-0.30202973584688925,2.4089894806720723e-05,-0.021197736813393996,-0.005706810520779008,2.0
14129.009302806093,-9.70086217239076,1.7766944080359328,-0.3090044509266901,0.007033815038020849,-0.04815943717272806,0.018337346235590954,2.0
14264.990427442706,-9.70748378089291,1.5962935331126211,-0.4603054792152483,0.01315767617521926,-0.06509519515332175,-0.025335035585032358,2.0
14406.003165305558,-9.607005339814842,1.8921036945773089,-0.5675663339396632,0.01918099321307722,-0.008555649565206325,-0.02089971405157659,2.0
14540.998989203505,-9.664280163359173,1.7197800817476312,-0.39427150684033396,0.01279522829857817,-0.03124825110133925,0.011961800399306654,2.0
14676.98906801368,-9.612063130331324,1.790724634174414,-0.31883980451976063,0.002674197321287846,-0.026258471270222662,0.012250568763278662,2.0
14813.003178153887,-9.78201009166723,1.7674064940620309,-0.2467758353374567,0.0018843225527899218,-0.04727088166409698,-0.0020547111131874025,2.0
14948.99626417152,-9.712494831088847,1.6167232822111541,-0.6056750540947898,-0.001004391752796934,-0.09381535308477504,-0.008136673749805312,2.0
15084.002432202495,-9.679906486670399,1.649817638375772,-0.4109261180147384,0.008989718731791635,-0.0368962831692862,0.014691387005678978,2.0
15219.993816266899,-9.699979589730082,1.6780340074191935,-0.28500299509109844,-0.021978516075235068,-0.013194922547810595,-0.010539979105165196,2.0
15356.018815125715,-9.655288593534756,1.8055938605815385,-0.22075917714755236,0.0073690525473919825,-0.04383448753123909,-0.01884829414634466,2.0
15491.984751436312,-9.703419637393436,1.687451928851796,-0.25984525171387896,0.013172447302024716,-0.07019402399366245,0.019124758911454896,2.0
15632.004489921657,-9.556556110304262,1.9608626461332646,-0.5069592078652624,0.004658256344078084,-0.055067733129835136,-0.005368717736430691,2.0
15768.016542365964,-9.622626435483184,1.9391463730855363,-0.27324404475911107,-0.010523355827607321,-0.0374992575011424,0.011475208416226538,2.0
15904.012274408129,-9.644741490388126,1.673353952732016,-0.386636763868053,0.01118884101237013,-0.04361353648082885,0.014880008593429958,2.0
16040.011804197999,-9.66008929988857,1.6113335391137762,-0.4599264665318522,0.015201622153752111,-0.06117131268342649,0.0009230686872662114,2.0
16174.987306534267,-9.602803864466795,1.8285896286892167,-0.28098005178332514,0.014964843532967639,-0.026983033276965083,-0.021216844536896564,2.0
16311.000869435018,-9.635718570083233,1.6667875929695293,-0.3052996518601283,0.007571138621665896,-0.05868411022837609,-0.004579123261568048,2.0
16447.002483728247,-9.556773548182482,1.93527846515471,-0.49030661985363583,0.00811974031296236,-0.0728817161568246,-0.016335541607043154,2.0
16582.991125960438,-9.605158787641187,1.684337008122471,-0.3351299156346806,0.0010575578185356184,-0.0191199529927037,0.0021736662400769972,2.0
16722.98267244017,-9.645689471359864,1.703487273900036,-0.4441978735115532,-0.005578591959817971,-0.013903475775969268,0.031210475724993414,2.0
16859.007806670124,-9.65925698513536,1.6150597255703922,-0.36019162650736397,0.05306706087594265,-0.06162662910141622,-0.012803218438840925,2.0
16994.996099588934,-9.713585008933833,1.6942127130231885,-0.33509568979958204,-0.012251581751229217,-0.02930717057813781,-0.03918760096947275,2.0
17136.987994514755,-9.691310231140225,1.9561844956742778,-0.44281903524948896,0.030380066708038018,-0.02503783715041812,0.03991182422114422,2.0
17273.022045669422,-9.722486469501934,1.457095432680146,-0.2781962598017139,-0.06805569071309904,-0.06570668437345026,0.02718913380771304,2.0
17409.01343994135,-9.605064319963835,1.8234497690231846,-0.6388277236120544,-0.018632443122074693,-0.011647706207058775,-0.0549601931130592,2.0
17544.0130595274,-9.654542531762772,1.9500144542786422,-0.40592892051920215,-0.00020306837815968612,-0.013621091853760614,-0.04018924592696374,2.0
17679.995347031014,-9.632842453476334,1.8333539725480246,-0.15646268645367534,0.02903775304387909,-0.013583465205608202,0.03580873457299196,2.0
17816.00200032216,-9.60178467246793,1.7194682699950732,-0.3419983871852592,0.005561237951283043,-0.08365939391999616,-0.027297719733929963,2.0
17966.990388002254,-9.579180445115076,1.9880115097524567,-0.2771101831140229,-0.0014102954329956387,-0.019375699697052388,-0.024537676747612824,2.0
18112.99666820255,-9.604998664316398,1.6048931046400452,-0.29136332858938807,0.03791228927186879,-0.07893585550483373,0.025062213012194183,2.0
18248.994615066105,-9.64914986601386,1.8929092803854297,-0.5561922563942907,-0.006192299740826412,-0.04560092946996219,-0.04998668983496181,2.0
18384.00360677661,-9.652800667125824,1.7431218289291708,-0.2062417253565372,0.006193367477119625,-0.027634128273615534,-0.0051494396948822095,2.0
18520.01151190922,-9.754641376316195,1.7018868860703689,-0.398183164231684,0.028451622006959987,-0.08291104954183091,-0.026313468872069035,2.0
18656.020736448158,-9.680606570389543,1.655497388270226,-0.45268480852669535,0.004618450551575191,-0.04243175808643523,-0.035652813473450964,2.0
18790.992610528905,-9.656851399544388,1.8964537949498812,-0.1721334054845092,0.02912592426342474,-0.038017248321944204,-0.008519039626039102,2.0
18927.00285520325,-9.712866791646734,1.662218041312487,-0.5563699072538444,0.00919082076330072,-0.06339959594439241,0.0351673500331056,2.0
19068.997034006487,-9.65420294061573,1.7152046654308146,-0.3280655624220938,-0.0005213265208367194,-0.014578209141143439,0.008267932827523498,2.0
19204.979699493673,-9.666736572211194,1.771161329309154,-0.3265067450508853,0.010409482994840073,-0.047611662778599656,-0.015082525215890798,2.0
19339.986969261594,-9.64554152596942,1.7680219217603457,-0.49764163781742177,0.018165881469591933,-0.06346242501392652,0.004629827565618567,2.0
19475.99368911098,-9.628081138761049,1.6039495489027327,-0.3867498745690925,0.010098391545404177,-0.045721417496774365,0.017073803097371686,2.0
19611.999756259105,-9.652729042747564,1.514372628360604,-0.3374205600820733,0.014843753143394119,-0.03307709575540172,-0.004950130342145019,2.0
19747.993301332306,-9.65752701513328,1.8098644221039668,-0.5361050185588466,0.007495172944666962,-0.04079925978561192,-0.022348432226377148,2.0
19883.012300833012,-9.65944345240935,1.8515507012579693,-0.1986464554940267,0.015972668208602162,-0.03410762418462145,-0.0026866935885594867,2.0
20018.992060980538,-9.705463804898866,1.6869026478935873,-0.28634243776180024,0.013555430935346021,-0.08085103758361528,0.01473866255925699,2.0
20154.983813464027,-9.57342825305189,1.900045670707288,-0.4432757672455371,0.029821312991408427,-0.03919189071052304,0.004806294643221779,2.0
20294.997541630662,-9.676367155323943,1.56139949359565,-0.10351874204425325,0.038265984777969046,-0.05013445216295427,0.005764515931178554,2.0
20430.99282743451,-9.6517547492239,1.5809606398138671,-0.44854456136209364,0.026259433569459003,-0.06125533389649063,0.0008841246097884363,2.0
20566.99668406779,-9.610507064946892,1.832318743656291,-0.36553979071252507,0.0056556491400690636,-0.01053674884907525,-0.031165477645285086,2.0
20702.995668469153,-9.69562129361464,1.626074478886677,-0.23197612546263413,0.03331745233002563,-0.031238068601447167,0.016094565683422345,2.0
20837.98862705901,-9.677801266628101,1.5061744712777665,-0.40213381400346865,-0.044350118109917014,-0.06308084368750298,-0.005401170764117339,2.0
20973.988870102272,-9.672497421180637,1.7167736298438343,-0.31175576178555575,0.03331045566856177,-0.022249551801800563,-0.0006424763435533124,2.0
21110.00593275074,-9.589675766064616,1.8078214220856197,-0.4086173550894991,0.005972632433367173,-0.04304290233839539,-0.008509993971366092,2.0
21245.9991067358,-9.62225780790987,1.971899443982232,-0.2739581911130198,0.0031125545541214046,-0.018679578901958892,-0.01398514835550822,2.0
21402.997111673798,-9.602808826800453,1.4647106348276537,-0.24839568579154556,0.02587363467511031,-0.06985479858967521,0.07190501274527798,2.0
21542.00708462322,-9.666660323190738,1.4859105699701778,-0.6123180207352223,0.04381309568231954,-0.04228916899474159,-0.011979305227693055,2.0
21682.002547815864,-9.62873597057567,1.8573916939860406,-0.3343340754202358,0.015867429040654035,0.001558076988403521,-0.037306143145770645,2.0
21821.991010094967,-9.598145989028927,2.0402084751444636,-0.390520021175821,-0.023125629670423357,-0.03937501128634639,-0.05957471389797132,2.0
21961.0005060989,-9.59969652755571,2.003353365898221,-0.14732045029616925,0.00674284301533751,-0.05565335967474607,0.025287759222845718,2.0
22100.996293941294,-9.624321336231766,1.4526534254919856,-0.4889175275968101,-0.000993309638668471,-0.06480833011340506,0.04991969855720797,2.0
22240.993663802226,-9.592285997747059,1.6227104798625926,-0.3638899102511682,0.05109005206308181,-0.018504201771961486,-0.027945182526697646,2.0
22380.002804889496,-9.641329951610244,1.8808087347543703,-0.27772045359716685,0.00440370387443967,-0.0005699109771330703,-0.04568889604033184,2.0
22520.000769995873,-9.643988310154441,1.7223829404736903,-0.23401871025039578,0.013515149187600453,-0.06826317194780052,-0.015703659788403945,2.0
22665.993208903754,-9.632071384041417,1.7593430135038945,-0.49529872343733683,0.02165576814461424,-0.05882899747467007,0.019473046046312472,2.0
22805.010402462274,-9.62056040077681,1.8013414547405293,-0.35658516736294177,0.009351726942446778,-0.015558277520462903,0.026025376837591832,2.0
22945.002068884525,-9.61389335994464,1.7680993451612415,-0.2529518407371717,-0.00722508640418133,-0.033398854015140006,0.010725376981342872,2.0
23084.005285726456,-9.646326972134961,1.8288956445843756,-0.2655345454503988,0.0012786125417976785,-0.03872918107036788,-0.0211369660129241,2.0
23223.99049730151,-9.63365378104316,1.7469908438703021,-0.28792289713635166,0.028230327981070846,-0.04924467012078729,-0.027277325928651786,2.0
23364.015186220975,-9.57096776540427,1.9880911407317785,-0.4973624160091986,-0.002971266936524666,-0.007552915405940467,-0.015042614495879401,2.0
23502.987077112546,-9.586091429174749,1.7093959500140388,-0.42694619311866955,0.01853259718423524,-0.03765518656025921,0.04604690507130934,2.0
23643.0140618405,-9.686853744578706,1.6675932118052452,-0.33219673567323477,-0.01827225457170629,-0.01917800261736787,-0.007659808990819077,2.0
23787.995348906832,-9.575797165736194,2.1304317210805217,-0.41658778944891517,0.0013461893492052786,-0.005505106143948996,-0.010462122709369154,2.0
23927.986757648297,-9.600162724735902,1.9686214191533744,-0.30801380839069725,0.004928695954728605,-0.07636930252057868,-0.0045197592460699595,2.0
24067.98667617381,-9.619289643779132,1.7142413208957457,-0.49637230424494116,-0.030972406105519417,-0.049466832614658604,-0.009239361653027722,2.0
24208.00576578384,-9.641200945321676,1.7600259537802607,-0.5782677531470685,0.028790804537862643,-0.040096618516631835,-0.008703680996857883,2.0
24347.003095705,-9.619448111257412,1.7860569003667415,-0.3480565554944218,0.03903034253846787,-0.04460840256572863,-0.02399369315960594,2.0
24487.00485547044,-9.588834593190658,1.9303854191959309,-0.2680488553566741,-0.0035037883464947043,-0.046471718883302725,0.0031643221235915626,2.0
24626.01503405202,-9.612198252737592,1.9304468577350478,-0.16534637939084318,0.0016760012142814614,-0.028029446898718783,0.011761989523294344,2.0
24766.0108268601,-9.666730862451587,1.605059674042495,-0.47410982323178835,0.0008701308910214312,-0.05589384204467409,0.005377501806364768,2.0
24905.99701778845,-9.637892353175271,1.7965996372719575,-0.4695084833510991,0.0311830505909971,-0.020764407079534215,-0.0178968769150808,2.0
25050.998766559223,-9.680949867776754,1.8220195460871054,-0.2539673446135712,-6.547527566381605e-05,-0.051297058679040296,-0.014626544430462383,2.0
25190.98590284629,-9.673863984817162,1.7655107850566671,-0.39693880095028267,-0.03134503569422492,-0.05374228290427263,0.015638360434107604,2.0
25330.98611693198,-9.566722497639159,1.6925737902112086,-0.36647796259079835,0.026001039316398366,-0.07092526517579444,-0.0033043097261000617,2.0
25469.99224283418,-9.6288807631031,1.856706461771535,-0.4415721787619157,0.032490476166570574,-0.01451106611336799,-0.02555765784303656,2.0
25610.003665391156,-9.526230479526257,1.7854994159682493,-0.21748625942485267,-0.01648186928669941,-0.04199582554184889,0.007843388011948652,2.0
25750.00330812513,-9.665212293964208,1.6987525672539756,-0.2795493010706965,0.0037812348283194743,-0.05426354004818004,0.0015201441729626015,2.0
25889.002910225983,-9.576888168587734,1.996439739142123,-0.5368815761282701,0.0247826134571149,-0.022779679616536024,-0.013466576626402812,2.0
26028.985855593502,-9.658583894973118,1.8764182143774297,-0.23077020371072113,0.03417228590414249,-0.048844359926495697,0.009725066361401939,2.0
26167.993591820294,-9.580274721496414,1.9260767176052074,-0.7976264389737714,0.03882630341136907,-0.045732282982304605,-0.006955848672482123,2.0
26312.997787566845,-9.57849903067078,1.8538800039289418,-0.3770958474958184,0.01809375746580085,-0.027141896254790056,0.032577355045718855,2.0
26452.97969873866,-9.694796023245045,1.6815989415902428,-0.33906062777660423,0.03936519146360654,-0.039194379155047684,-0.0028408763765575096,2.0
26591.988094372024,-9.566682314038786,2.0212332292471027,-0.30643147133519566,0.029426421673240753,-0.03547928348346918,-0.020174217517515157,2.0
26731.995801132995,-9.586732866158796,1.939394778182963,-0.17133146443808012,0.020853067328406506,-0.030920056106716446,0.00946062302287678,2.0
26872.01451127619,-9.670779962330744,1.7477118381753685,-0.620729161582265,0.0018616609326768709,-0.03226774488700728,-0.013865674845730678,2.0
27010.999163621666,-9.61646008397449,1.987077942013433,-0.3559581093513148,-0.012671601001560841,-0.03440796974751923,-0.009073820858791092,2.0
27151.005734103954,-9.619097722822982,1.7603314074479723,-0.41359727798769097,0.023254489399620257,-0.04271280410665526,-0.015009149173997816,2.0
27291.0094877391,-9.60948781605459,1.9723545482561038,-0.2835002086100467,0.012862923284753277,-0.04464130078855954,-0.025042056581247134,2.0
27435.992389283707,-9.64973972805083,1.805734001177856,-0.4275771359676365,-0.0036719206039044034,-0.06408625093256591,-0.003244764631423013,2.0
27575.99629008394,-9.596363802681186,1.8979607016833593,-0.3233240670319765,0.028480596676050542,-0.0469454082975261,-0.0006188252979965646,2.0
27714.98421506905,-9.618121543772418,1.8951606689339462,-0.27678711385449656,0.019524501159405752,-0.06738151930551234,-0.015812618458355188,2.0
27854.978210794452,-9.633740097179249,1.7242979356718655,-0.49815551812894276,0.029438973339952792,-0.03609222246107852,0.00272177186345272,2.0
27995.006350771426,-9.64143442762136,2.043920949383508,-0.43420805924955597,0.01865191792480064,-0.030119163567786416,-0.0202004485082341,2.0
28134.02001607167,-9.606991258510863,1.9198429287649008,-0.12595651189377147,-0.0037594250869743577,-0.06076972225470066,0.029026137928411157,2.0
28273.999684914546,-9.63622096894085,1.6922252713688177,-0.5052663073097938,0.007436066465535111,-0.09135270315940076,0.006166683077922551,2.0
28413.986022735284,-9.552236083512318,2.0055512397955586,-0.6079619901051729,0.040852741120138696,-0.02852136463879409,0.018506860345349048,2.0
28552.984314912104,-9.708918185101666,1.9119542944437153,-0.1624571303674379,0.026054549456767023,-0.02046509191917553,0.0004743336632272942,2.0
28698.00076120968,-9.65000057585797,1.9665330288307612,-0.3279176562064338,0.01622138550629281,-0.06270198674663635,-0.010670961329565631,2.0
28836.990597264532,-9.612406611895857,1.8160502573596478,-0.5323845548396006,0.018598053981503947,-0.06575269050374732,-0.003314811739693084,2.0
28976.995379747907,-9.578429636459292,1.802751803904148,-0.35775220465182633,0.03298736627190041,-0.036578153476942606,-0.004638319762272896,2.0
29116.9957707685,-9.647348597039512,1.977059936031889,-0.30638583843249845,0.00676225670427639,-0.040365924920172686,-0.012066088436198635,2.0
29255.993918236574,-9.649491627552742,1.7575310156836583,-0.44519705508858987,0.013887040698080166,-0.07351774929229606,0.025361182689951002,2.0
29396.005883822578,-9.686622097572968,1.7285416302779109,-0.4807820334357743,0.036907330947682664,-0.06234065113287519,-0.03654774856594296,2.0
29536.00576136706,-9.524128169670293,1.9511958008397516,-0.3859894229491402,0.05228461820031953,-0.06044655742710147,0.017506847572787042,2.0
29674.987735965493,-9.581720163505508,1.9689659701936202,-0.20350129106197096,0.04335920679252784,-0.04702718190203015,0.0007292019625941933,2.0
29820.026973428357,-9.661395476168389,1.8713089961520273,-0.4475687969034026,0.01317488254081212,-0.03865503720095733,-0.01479262164256482,2.0
29960.00441905328,-9.53938055626129,2.060619918943691,-0.28780137959647023,0.03771140184401797,-0.035477293304517744,0.0011754843192486827,2.0
30100.011250812557,-9.58914770305991,1.9482557518910613,-0.3779166149254721,-0.0067144852033965115,-0.04368388730543792,0.0025812864928382875,2.0
30239.995833402885,-9.628686949498675,1.778955293741102,-0.3119763272472063,0.014869269839895194,-0.10659052365839897,-0.01113729875237078,2.0
30379.00793664425,-9.645517787034484,1.7271422461474641,-0.47532888888803315,0.019463231366842186,-0.03739397290243899,0.006166100135757647,2.0
30518.99491096474,-9.623266028624121,1.701867371856122,-0.26624431106444885,0.02323999474678552,-0.05798772823207186,-0.034845342687167984,2.0
30659.017257009633,-9.594358298501204,1.9148846021143362,-0.2315638016226173,0.0280590029782741,-0.04709408184295802,-0.007750232405545567,2.0
30797.999120454697,-9.575493225007422,1.8071041666948107,-0.2645693171890585,-0.010382042625188005,0.008222940581955399,0.00404386729759147,2.0
30938.015935445543,-9.667562411841779,1.7880222609695218,-0.2095800378453947,0.007779396432596957,-0.0436210558221859,-0.01345647413115754,2.0
31083.001001206998,-9.66742297912289,1.7316236506037581,-0.40059726390574585,-0.028246760843312405,-0.0928369479782263,-0.021491238168562667,2.0
31221.993957913684,-9.522537416396283,2.2276468728414565,-0.44033262178676247,0.002941369751776259,-0.008265795481306763,-0.02933535651975333,2.0
31362.00358338658,-9.61370324530196,1.9379657531835508,-0.15596936422132401,-0.018092148957532774,-0.05734257277326232,-0.00900481351629615,2.0
31501.004522665535,-9.51860641093106,1.6575324294419858,-0.1340420927132502,0.0967999454235873,-0.025413331374591716,-0.002348169926304038,2.0
31641.010684536654,-9.742647434893769,1.5859376062378878,-0.14861244509825047,0.035504407560759454,-0.015897661191603966,0.04455740046983584,2.0
31780.995473097373,-9.683621143488775,1.8403342623336185,-0.3577641479703753,0.009114373330029995,-0.03906404014553252,0.00917183372731191,2.0
31919.997115561713,-9.736078609356431,1.4913167655649984,-0.4559102790410782,0.04687674168560954,-0.05971041274624853,-0.013791354314613334,2.0
32060.007782858585,-9.6281157588644,1.8060796497880394,-0.3548341089842436,-0.0371985040803861,-0.025341192832535803,-0.024743703642500146,2.0
32204.998225073075,-9.718201130931826,1.707744134059364,-0.1444836627639946,-0.05420510830005457,-0.05624266513248966,0.006763913294895625,2.0
32344.00404384992,-9.599417399592244,1.608447046355268,-0.40439165697498886,0.03222359926356568,-0.07505117176607212,0.006590812243144201,2.0
32484.00757244845,-9.694526694556176,1.7255222789896243,-0.2528439299331434,0.03551929599474562,-0.020818591436650262,-0.02949918779625088,2.0
32623.980621201546,-9.635324832787342,1.889301949306512,0.05796783644713244,0.042504499627697735,-0.08717842109538163,0.01809892983336323,2.0
3160.997831995735,0.03827527265100027,0.17774197001648628,9.863467862561341,0.022971037334394883,-0.06334336199241082,-0.016886425393861232,3.0
3296.9992177248428,-0.014679249270362646,-0.057524400182105966,9.914374381154152,0.026377675317187512,-0.07189308948535997,0.009774918471789835,3.0
3433.9910951332604,0.06816305693978943,0.24933506671076933,9.770826851200962,0.005711838289423368,-0.07187679881390281,-0.0056449896457134285,3.0
3571.0097231486225,0.03944664789193838,0.15690070535357062,10.03437676897165,-0.008358824291480365,-0.012021946304132175,-0.021645730561052536,3.0
3707.9958988630124,-0.022512109322581113,0.24933127199265206,10.114446085739955,-0.026705811115586373,0.0026331247512203174,-0.01874657027131657,3.0
3844.007067025966,-0.017462909080073863,0.10730833250904641,10.118500686965445,-0.005988254589174127,-0.033948431395617346,-0.01692217044676625,3.0
3981.000349742423,-0.07928162620923233,0.02515934535299318,9.760601366864497,-0.019143074781609457,-0.08077197200061062,-0.009652359873478624,3.0
4117.972873123778,-0.01881887193502548,-0.11013879309093609,10.044814445408418,-0.00983691027451,-0.05654143419157794,0.022110149532010872,3.0
4260.990951686077,-0.07412913127748534,0.3173302380636481,9.859460267548272,-0.01112488053807283,-0.0060355739494007375,-0.009611549275851138,3.0
4399.014215185525,-0.09306249598529771,0.029087433095476994,10.077420407706546,0.0041291439029748295,-0.08367524568554173,0.004551688020696193,3.0
4535.993976956438,-0.06362584307102903,-0.022166447332194687,10.08122326587195,0.012509804919347287,-0.05072006750325966,0.018883684438998675,3.0
4671.986853250491,-0.044192646326282774,0.20389465591611733,9.913324354992433,0.017409584249295507,-0.0924598006799659,0.02082706747377081,3.0
4808.993407719883,0.03512204682729715,0.1812628952046243,9.810468005145378,0.019654907764501555,-0.08521415507971103,-0.009307671095960061,3.0
4945.997092653656,0.05748547942765675,0.013934206030012193,9.736370320651274,-0.009979836991241591,-0.0412338595040538,-0.003115166810019853,3.0
5081.9864118967735,0.055512970830543844,0.04924347375141262,9.95210635831861,-0.0024098044764796133,-0.054259196020264945,0.02125836796209864,3.0
5216.987366842709,0.028750656264816644,0.06646748082727433,9.785010380707126,-0.05447702942275989,-0.03036674965402927,0.014715048253002867,3.0
5353.005937408998,-0.07952510934084785,0.13234355022278818,10.044360355085145,0.0067810464680193965,-0.0011489730496802729,-0.014116620505657197,3.0
5493.996852067939,-0.001386576970902205,-0.05436425122971789,10.039854298980687,0.006436009064272321,-0.07213238129640223,0.0017669162745873597,3.0
5630.009408143997,0.16097554746311085,0.1351846921647663,10.236583487831545,-0.011814884035564582,-0.18543841865964017,0.03360042503643791,3.0
5766.019914372161,0.08828859683331479,0.13103641509820765,9.75645813526803,-0.02841792389146468,-0.08641867439597872,0.007063858332040785,3.0
5901.984060362114,0.14378425284131235,0.03962246169481547,9.875374587125329,-0.0168315854246619,-0.0303804796851413,0.013884298870507674,3.0
6037.988760245591,0.11530325270767114,-0.01881928160622448,10.210582799258699,0.021631563574260597,-0.024480624871529445,-0.0017016999376491264,3.0
6173.016427564562,0.1151615689413873,0.047031270162158474,9.826024189789887,-0.014887133739399186,-0.11424665939355606,-0.02927658147215075,3.0
6308.995887126195,0.26330584628469317,-0.049348296256706746,9.88785385584663,0.00493029419429121,-0.09785807732375373,0.01277230347204203,3.0
6445.006360429965,0.21081577506354576,-0.03236763441496063,9.857123611455906,0.009326341766326183,-0.024114953745051123,0.008466504433326196,3.0
6585.995910649168,0.19269971747147013,-0.22583485313642648,10.172041413388085,0.0197973751830863,-0.026442205262037635,-0.007917695397328272,3.0
6722.002549848013,0.2421098497116002,-0.19010129119221064,9.818522876916473,0.034962976979312284,-0.04910672802361417,0.0007468263569089316,3.0
6858.001157547636,0.2576059279626596,-0.028528049081265123,9.806922933101479,0.0421766910119969,-0.0734979232778,0.004699845006800469,3.0
6994.013372881367,0.2576284685033602,-0.08424810404504073,9.607807501124078,0.016213300707576702,-0.05812541129923892,0.02421431166962467,3.0
7128.987609062404,0.3794580848534594,-0.29903364204542754,10.5008414756878,0.18012679294037662,-0.08006276288219764,-0.03378512208603823,3.0
7264.993458849444,0.3197274291438886,0.17215489960317,9.274020910090409,-0.030763988863493522,-0.061877517576119256,0.06323086061600021,3.0
7400.990908249717,0.3775133267666922,-0.20954524236597205,10.226816761558423,0.02526954199996383,-0.014966687344775957,0.025622544272640595,3.0
7537.024704179544,0.356215562442257,-0.3485512643783544,9.789974094296186,0.07924055048292768,-0.05028032723358982,-0.021145053477391824,3.0
7671.99391635203,0.3137092191330253,0.1185651834710752,9.663893897122012,-0.002863871366040378,-0.04991699065004761,0.011507463804644702,3.0
7813.994328767885,0.37282033319133806,0.15066690018456372,9.818356904719884,0.025342666946326805,-0.04811770073471676,0.04192537841192687,3.0
7949.995108122146,0.40675566497958093,-0.11163248182244129,9.951934161479468,0.00944712773877043,-0.038977496578905924,0.0049342234800549434,3.0
8085.007880785258,0.4817576450384151,0.1780462476683283,10.121310176293617,0.021467788063916672,-0.05830841322608709,0.003400614027838551,3.0
8221.00413597024,0.5321198080587525,-0.17518542430183093,9.810990051827854,0.05281151451863251,-0.034130983787595395,0.022598965162381274,3.0
8356.987864857738,0.4173624246124166,0.030504903352020107,9.75344267433069,0.005797711591275355,-0.06685857103273765,-0.030121956507377413,3.0
8493.007790133,0.4810918374439985,-0.059096679169090324,9.902537757009883,0.024617909382099908,-0.04726842291466448,-0.018136969488377532,3.0
8627.993815129355,0.441963333217549,0.20365620361781353,9.817299993084132,-0.03409540199756183,-0.056987230001938054,-0.016704296788573228,3.0
8763.995350493577,0.489224393206183,-0.0013453717361227295,9.94927409354345,-0.03708440615846098,-0.05916063229835821,0.012607515591786146,3.0
8900.017959024899,0.536970895586961,-0.13121828416035922,10.105364423882003,-0.03923078729372415,-0.023409638178837715,0.04275774820113886,3.0
9041.00987285076,0.45803555217562353,0.026009097858590898,9.778129497342182,0.008926694438487199,-0.011171112460829214,0.00603133925205891,3.0
9175.99521508826,0.5039166419143128,-0.40584314111226916,9.875022041390991,0.05820750683947488,-0.005237073700989353,0.016179878196578137,3.0
9311.985420532372,0.43007141316095404,-0.27146983935423113,9.939163812756831,0.009609088112770838,-0.04418340246511317,0.006816432603075968,3.0
9448.003859457705,0.46927645887494324,-0.0800047299072544,10.172307607456178,0.007412524034440925,-0.07218296954424087,0.03875012639382103,3.0
9583.002611336993,0.4647332624117969,-0.3910791868667024,9.712450135487288,-0.008928911353970293,-0.05184868146922748,0.020664984814386715,3.0
9719.005138058164,0.4428544213843656,-0.17898422445977022,9.761340825107345,0.026587021231915076,-0.02089433633720379,0.021880629283521663,3.0
9854.995426285514,0.5876127941142232,-0.03931221985938526,10.106381670975322,0.029339745493407284,-0.06382117786409332,0.017257258968380755,3.0
9990.987860126479,0.5635552135629038,-0.06963632129345305,10.117355102366778,-0.017564066640379836,-0.023312919915836422,-0.03440700070227905,3.0
10126.00430576911,0.4691301029716916,-0.04537415697612252,9.749575798433451,-0.018896634614355146,-0.08333681729396727,0.043341996144865884,3.0
10266.989599511717,0.582306090964406,-0.27434251197290643,9.75903639847226,-0.014393417510221747,-0.0838576694635631,0.020601260746179545,3.0
10402.998050300355,0.5647928043043101,-0.25524580710957695,9.95554362365257,-0.025619565421081375,-0.03862985909992422,0.016424518802625167,3.0
10539.002886101276,0.5402305865221871,-0.3909172011128986,10.072723034623017,-0.03969816934103947,-0.032447794300735876,-0.029775447451504525,3.0
10673.986099481053,0.5508338382745364,-0.25305284658262384,9.983680637216416,0.013810963556891941,-0.022491244985798013,0.0016306095153819345,3.0
10810.029695214225,0.5533445672922116,-0.1680743066811133,9.967708102703352,0.015381389898489759,-0.008623367500349024,-0.03496164249116604,3.0
10946.004458555963,0.48198068343861245,-0.20133166722952553,9.879964532489213,-0.011237515088295503,-0.06717661565702547,-0.018270243540328145,3.0
11082.00724171351,0.5248184617821484,-0.09562151354733055,10.10661072934539,0.045622912665086286,-0.041072954944257105,0.009601000381542798,3.0
11217.002034286133,0.47760181142992436,-0.44305615745365484,9.905572524949747,0.018733846756464258,-0.0382584534290659,0.03277248420588495,3.0
11358.008061228418,0.6074277808928149,-0.21134219285801836,10.000659995591686,0.036655544066227314,-0.04264197911502562,-0.026942339549192503,3.0
11493.994538257093,0.5928940587048975,-0.11671247940611672,10.007672445355352,0.045267471347780745,-0.02777725838506978,0.010465078145873179,3.0
11629.014925553838,0.559403420575527,-0.03715091640993064,9.812072100109809,-0.004246432532505842,-0.046846283523866,0.0014065830035121323,3.0
11765.016097103855,0.5598531257915842,-0.1508566291729377,10.037355606720594,0.017715776787471656,-0.0329353594370177,0.01578012363763812,3.0
11900.997185896993,0.5962093269864901,-0.2927872368051497,10.130089678141408,0.022219292715933793,-0.03137385286259111,-0.021813592180834878,3.0
12037.002734531683,0.5206233421465257,-0.26314153921696304,9.958130476101474,0.014682832322260937,-0.05604529528078984,0.00792030603704467,3.0
12172.004586019342,0.5249793059100244,-0.4179866724602824,9.934586105451206,-4.4998648840407e-06,-0.03209037277495831,0.0121132600870766,3.0
12308.006664920107,0.5003930075532345,-0.3364179311656862,9.857237553855812,0.0209349749619202,-0.05118865686204276,-0.017317598006157175,3.0
12444.006630218082,0.5367197319692402,-0.2842832650399146,9.811229195473796,0.014055273602518828,-0.06186765432849755,-0.01453816775314118,3.0
12584.99327157794,0.5906297750607735,-0.08624857283827068,9.681929644380572,0.030096324942089685,-0.0650701922440037,-0.02360970232102044,3.0
12721.016316758181,0.5993163388585685,-0.3312104031792125,10.20085137538387,0.035981264502130954,-0.052866866610463976,-0.008177805958902492,3.0
12857.011239105032,0.5982185652626615,-0.22788138073489822,9.9307919407999,0.020816857338263193,-0.03540242156270397,-0.008642394637998123,3.0
12992.988634316544,0.5109538874145931,-0.5612139318943423,9.873655734474594,-0.009201717979388983,-0.046088748503043925,0.005603821918191471,3.0
13128.000075935775,0.5596808788862352,-0.40046823747791005,9.844396934579468,0.02137252301763783,-0.037112339439210267,-0.019587049805819563,3.0
13264.000532983457,0.4596172385224271,-0.20988771885593474,9.679798100149585,0.008042754232667714,-0.08596478431701927,0.017249681982194613,3.0
13400.008641322464,0.5939236197148314,-0.6063864387134121,10.13558178034535,-0.0018065190041561627,-0.058308272540521754,0.004988009439628445,3.0
13536.004039165173,0.5575030825607464,-0.5845230603475676,9.950185277868762,0.021566277951596633,-0.03714953464656852,0.003777282163696063,3.0
13676.00301072777,0.5767369323523873,0.12683942595576891,9.899599542773645,0.0192624875972607,-0.043837486066998096,-0.04266596218529201,3.0
13813.002810370994,0.5710723948389526,-0.3537707610710185,10.06729670566448,0.05544549964275003,-0.03255455794998911,-0.03886620346737312,3.0
13948.995314016032,0.6047144605443882,-0.34645589153175027,9.959140241766661,-0.0008467312581011314,-0.08129989636380215,-0.0042284167592139925,3.0
14084.003341802041,0.6717849754984846,-0.38536699212032327,9.736633199535287,0.01981699297000391,-0.05243676705457592,0.004083503072058031,3.0
14219.998777058277,0.5629642745603338,-0.09226161076380002,9.981192771975433,-0.0453292656437549,-0.07065697300325623,0.041660540068388,3.0
14356.003964291602,0.6112526260374691,-0.41045538164879497,9.913099186315362,-0.04141419527433217,-0.006315382389578475,-0.002880404631282751,3.0
14491.981307000771,0.5954676088047802,-0.5230065280600273,9.80940445643103,0.04036267296521312,-0.02369683727399058,-0.012731415326687413,3.0
14627.0180830371,0.5864988335829515,-0.32828899738222117,9.916887985778203,-0.016977974357976086,-0.03669522449401662,-0.008676981790494422,3.0
14762.999645748885,0.5144389264903682,-0.04372132481706604,10.113418116284754,0.003926344851735238,-0.01747668422598175,0.005536390258313753,3.0
14903.991263314565,0.5436816164976072,-0.5882518336150648,10.065464988363807,0.03403574508221938,-0.07935651082253325,0.0029044973988466252,3.0
15039.99717493576,0.5899097697786745,-0.5645699941678336,9.537826039388014,0.03908548725726827,-0.07328324605803531,-0.0011307236110862072,3.0
15175.000965272846,0.5560375381463223,-0.37879769989579043,9.710114734052231,0.0113251490422667,-0.06837081029789052,-0.018865829371232753,3.0
15311.004242768664,0.5799579746002372,-0.31011662093991493,9.836779031869272,0.009034792082863372,-0.04916629329988871,-0.00040736797482198274,3.0
15446.978025292752,0.6182924423921715,-0.283442335612471,9.921446175293351,0.004582208595129651,-0.023322253029629064,-0.018536991882667414,3.0
15582.998783190358,0.5571419791048466,-0.5491531177827774,9.97219223373218,0.013547957919032462,-0.03491783257452768,0.015660618826231182,3.0
15717.986490704925,0.5472132787689657,-0.41706724485508684,9.569998130318995,0.030791855856685972,-0.06279515402533471,0.029345989490432968,3.0
15853.99860212871,0.5820026681658715,-0.47704564139868316,9.957197731412021,-0.03210022995406575,-0.03856602786196082,0.0038390585648034044,3.0
15994.972490855353,0.6515328181686104,-0.7059378083868273,9.915754953834622,0.011416552635952674,-0.041192410674311425,0.005776625438088571,3.0
16129.999289444677,0.5317766905281615,-0.3763955457914944,9.87821701790281,0.03842529195639767,-0.07488522122599194,-0.013793821743436085,3.0
16266.01401324455,0.5911823117672328,-0.3683405858939748,9.977223141075944,-0.009500850569004845,-0.07188584236810192,-0.019231125559582046,3.0
16401.996768459772,0.6388589398792419,-0.67956444475348,9.910881240469653,0.00018138217004852998,-0.05036421596815024,-0.0068630643604043265,3.0
16537.9865944686,0.6660373074569531,-0.5048723533500541,9.900365457775068,0.009931193293907127,-0.05767812174508266,-0.009765096530002184,3.0
16672.989088768853,0.5978666780513365,-0.44616986357652255,9.88962354237004,0.03627095661379371,-0.009324997636594728,0.0006994022746252079,3.0
16809.00256694095,0.666575346300663,-0.2622363391387511,9.896899827127772,0.03772770413206222,-0.0454026388137077,-0.04367345823685309,3.0
16945.005355117744,0.6336036762941952,-0.4041863610828172,9.764370760316465,0.004622470270014656,-0.0422789743668505,0.037073307129748684,3.0
17081.01087970863,0.6985015578672431,-0.49812118370697334,9.981768058354712,-0.01920633774700397,-0.08632652650202928,0.020608092703334698,3.0
17221.000494021726,0.7045238012143534,-0.5276614746020528,10.097823425684858,0.007540372159116528,-0.04859909181966895,-0.014046198060644778,3.0
17357.00047068683,0.6313903010840417,-0.37778254005446077,9.714291381000892,-0.002220944928470492,-0.03254710335195393,-0.013735026425415655,3.0
17492.986117856253,0.6108991584345094,-0.5473099084577164,10.045276674653616,-0.023205145404128866,-0.04811009093613699,-0.010957075940460565,3.0
17627.99461460237,0.658206905155412,-0.3739828883475364,9.79319275925399,0.027265101190253414,-0.055383159318837215,-0.009535457657512333,3.0
17764.001466095593,0.6570359572289899,-0.33701699545678426,9.816456269868683,0.02070595746771272,-0.019135212381738462,-0.002400037156268036,3.0
17899.993310757607,0.6884478082274877,-0.5865525362980964,9.92087756550512,0.016098324741675815,-0.03880785165478216,0.016486004998715748,3.0
18036.011890327427,0.669576370320906,-0.5328390648383875,9.632728061236904,-0.0231872691260703,-0.045365004624686324,-0.037234578579218754,3.0
18170.998683051297,0.579859697618887,-0.5146741245501136,9.783069521779,-0.03376876574599701,-0.06878191622383605,-0.02780192107066961,3.0
18311.98006802983,0.6330941098048892,-0.3636787287943582,9.887940353607775,0.0010789477688913267,-0.00023553698072281324,-0.013514150956926955,3.0
18447.991523048735,0.6580664860234374,-0.42382133035218766,9.88914000664741,0.05003169945152271,-0.027823855624944046,0.010659256684362874,3.0
18582.997073027273,0.6979913341653959,-0.5127123280256063,9.99636096451136,0.02217831672411604,-0.013048397206004788,0.032822671693295946,3.0
18719.000653710696,0.6647684007895822,-0.5237654245094676,9.922975645730979,-0.006724479434080628,-0.03306138109404266,0.047976558359240466,3.0
18854.999216244585,0.6983980776590418,-0.632172858639403,9.835437066056096,0.0015244236164404677,-0.04822970277001919,0.013920933601494991,3.0
18997.985218388112,0.708648751941957,-0.7427747662475231,9.954583644750803,-0.08352536092667788,-0.03377674823032109,0.02461328738907164,3.0
19133.00597009811,0.7148530505688314,-0.626173877226041,9.946441330537018,0.0400784260313344,-0.03877650169530522,-0.02284691412984892,3.0
19269.00836235146,0.7071866692001425,-0.5181561492514429,10.105428625688834,0.03956601425609899,-0.005482206798899833,-0.010624275138906795,3.0
19410.997653860566,0.7452182995300624,-0.5912767852984256,9.85509323912398,0.0012755377970388912,-0.05932427672870065,-0.008546834681531617,3.0
19551.00650088,0.7160964467571611,-0.5793030970655908,10.183545076681648,0.03693049495638579,-0.0036192383944496937,-0.034918014784193624,3.0
19686.99414236482,0.70755301484251,-0.6572055074484934,9.857603753643643,-0.0005784514258934595,-0.05489621757126366,-0.014103472182614894,3.0
19823.018224431053,0.7075093879781316,-0.5940212519460399,9.731790895830958,-0.0133966446165942,-0.05398423906378587,-0.015043515093558587,3.0
19957.989515527872,0.7427232860057413,-0.7358872110422267,9.910724786742021,0.0112984051455619,-0.04687182763722797,0.009463788150437372,3.0
20094.01483084684,0.7406472909744612,-0.4518743955029798,9.840434425913667,0.0077904410557662,-0.031492134278685885,-0.030996777731518835,3.0
20229.99965120143,0.7096667570895561,-0.5247353212575254,10.05446010441293,0.007371907910841007,-0.05873884012698116,0.0019398641558904832,3.0
20365.98297057154,0.7536721993990207,-0.500582289635319,9.844620280126076,-0.004860955680231714,-0.05191498960683818,0.015712160440960514,3.0
20501.023721037625,0.6941302461917079,-0.7417799224460571,9.8668319544728,0.008289413866805432,-0.04131881024632788,-0.008994113297191682,3.0
20642.992419924787,0.7279248152895083,-0.5360251247775117,10.12376804565235,0.0015865494071390204,-0.03994432470519868,0.02197590995616238,3.0
20778.975056985626,0.7865640776099087,-0.6280999997128446,9.815791685612314,-0.0007768100700086129,-0.05270179070205145,0.025011606684638706,3.0
20915.016325580164,0.7246869782144336,-0.7788535876853842,9.885988005440234,0.0004757085051048463,-0.04147215980330464,-0.011533837307309362,3.0
21050.005486760107,0.6639523406307422,-1.617867259314436,8.765148543091732,-0.0724911842804319,-0.2779180355454343,0.06585417140155995,3.0
21185.991363321096,0.851783683825771,-0.6917205809580675,9.850764853686691,0.03130444541202308,-0.02852897286192548,0.018798328272848948,3.0
21321.999768840622,0.8003457561434505,-0.5368000944737379,9.811181617311245,0.011039498707868821,-0.03825574159905684,0.0006787857309146863,3.0
21457.98394858818,0.7705394557979439,-0.8214972009090025,9.883233999126013,0.014301185818526798,-0.014040764495421071,-0.006473837104086465,3.0
21592.985449161468,0.7256956732825858,-0.9902997845638962,9.885455415519214,0.00873672144450574,-0.035938080965197204,-0.008953192572882438,3.0
21728.979313355205,0.6924235290169768,-0.4559316128020022,9.519627825326742,-0.0040890464956406,-0.06563098195591958,-0.026233376095041495,3.0
21885.99234940966,0.782431459994733,-0.6417046821663793,9.840424316501013,-0.0003805416941021583,-0.08393453383869494,0.014742673948853537,3.0
22025.996699542895,0.7530436059520192,-0.5647770925266502,9.682821845664806,0.028332463061518025,-0.02991346737262369,0.0021182543435567646,3.0
22165.99693983924,0.8363271953677319,-0.786664598916833,10.149324012771803,0.03371527849971082,-0.03925516752974041,0.029746894821938416,3.0
22305.01609308975,0.802799556001786,-0.6736397310826223,9.701337279019539,0.03508970051674175,-0.040039237225279405,-0.006059997837019953,3.0
22444.99226753032,0.8311953937575282,-0.589199612774426,9.61021959564344,0.0041549198215986086,-0.04368196836265822,-0.016470624941210852,3.0
22583.997305153065,0.8509208574515389,-0.6519464037705264,9.644973346318453,0.05564066575109963,-0.03848565041394078,-0.0009720938077241123,3.0
22724.003251303526,0.882866361749806,-0.7132096102733921,9.937799703104574,-0.0006701434283809771,-0.009940859510664089,0.0011065554519958172,3.0
22864.018833007358,0.8789923974532605,-0.6812013745319193,9.805855135988196,-0.01574042827052711,-0.05266055844049029,-0.03349852580883717,3.0
23009.01221604326,0.8518824159820455,-0.5616143227100975,9.83202998984607,-0.00341444667647577,-0.03784047683007923,0.013629838428005102,3.0
23148.99670051695,0.7917748347826711,-0.8043263827216616,9.754185506740653,-0.031638329192303076,-0.07579571932216712,0.009581723277421288,3.0
23288.99815417759,0.8382028945183574,-0.8625717367046718,9.891001292546951,0.011517941759156974,-0.0795692580352155,-0.004120599865163353,3.0
23428.015354480223,0.8535884730697574,-0.46580836160673617,9.717128533115009,-0.0168977180581912,-0.07303602539403888,-0.04588697331177156,3.0
23567.983389214995,0.9208202534621432,-0.6888444087938176,9.89693845550951,0.014594075885355282,-0.06634224311335485,0.0076547298043222346,3.0
23707.979281233624,1.014595429516583,-0.6852428375143244,9.841977483818313,0.03746246455273739,-0.0317275670528719,0.023029083542554882,3.0
23846.98102866721,0.9293289713961064,-0.365389265362853,9.638103916585196,0.04999521006900787,-0.013390406230183768,-0.027016539138183207,3.0
23987.005104320182,0.8651441660673077,-0.6405754131284377,9.79930593512921,-0.002477518112021959,-0.0575882987587769,-0.03555392228661572,3.0
24126.005698488036,0.9457656548324286,-0.7227237857614087,9.765244012921729,0.020001598386951057,-0.07338837032418086,0.02055512921006545,3.0
24271.9968181766,0.9525955324593802,-0.6874538191291348,9.764442803489734,-0.00016352443218788342,-0.07222473370554369,0.004541184231111063,3.0
24411.993575986977,0.9049331145354371,-0.5613247214138068,9.805796251359345,-0.0015818837312035878,-0.024414987325717005,-0.024229240127832976,3.0
24551.000180147075,0.8623857081417177,-0.3213132532949746,9.868312384986828,0.015819373213777247,-0.039684446560370505,0.016480537798232355,3.0
24690.99780542133,0.8608659974754002,-0.7281687919476044,9.690918288940361,0.022466886257452072,-0.02311957586350146,0.0025160292464845592,3.0
24831.003961154373,0.8180524150747572,-0.4862719922116299,9.603422729925594,0.03379426954037927,-0.06126881045049214,-0.015906539679731116,3.0
24970.013161403924,0.9475267228251585,-0.5224750694176891,9.887054364205685,-0.013313610668829915,-0.058894070511309585,-0.0008674723042218107,3.0
25109.993130227293,0.9265823781231369,-0.6102606011138625,9.880527569257072,-0.01758764480346164,-0.041464716884751444,0.015581639418661785,3.0
25250.004507746486,0.9939892264199216,-0.7126111650573825,9.993392384785711,0.04520912558823103,-0.02998468727253862,-0.007080367748978918,3.0
25394.000485791406,0.892791582843545,-0.5553700486151498,9.593162587500387,0.003109711016107958,-0.04969198773227262,-0.029280833510038566,3.0
25534.00291728457,0.9214508326084361,-0.6571879893380596,9.727791941069844,0.027570862629066047,-0.05329794168231152,-0.008822975793132569,3.0
25673.004433517694,0.9534501877393503,-0.7183164046776971,9.907957031574767,-0.0007220069890978485,-0.030362879614913765,0.00970409702063242,3.0
25812.984672917803,0.9381705825238679,-0.5460170338597127,10.115684704177905,0.023132742203256337,-0.00439046880088053,-0.010933880577549737,3.0
25953.001080366565,0.9464916531576973,-0.3987819071103169,9.993954916738828,0.009994567678124842,-0.02192622298014743,0.0171950544575792,3.0
26092.010648634958,0.962558229609783,-0.6492895112289185,10.046880184882497,-0.0018536965376166606,-0.030534673432627495,-0.025340759089955534,3.0
26231.97994011797,0.9309750130440204,-0.6141150213840307,10.007315437264742,0.013369770320268723,-0.031348339696560985,0.013825003467657228,3.0
26372.00577257429,0.9610213573347163,-0.6584317900944757,9.903473494123807,0.012996272400457939,-0.03690293719555201,-0.026958095196120052,3.0
26510.99117841096,0.978320348899818,-0.6166842440916074,9.800402729023554,-0.010236067610394894,-0.02777175999142197,-0.023508146707983964,3.0
26656.021362074494,0.9263363122019441,-0.5847143647380844,9.91609028063536,0.00648850923619788,-0.019618063994356616,-0.003257178954063069,3.0
26795.00166901343,0.9529071489028008,-0.7121482074131698,9.910837994674813,0.006851816802570909,-0.04468121837931144,0.013897722918771635,3.0
26935.011060573965,0.9507444071129666,-0.7747950706872139,9.683681909765973,0.013904205447390178,-0.05252114745824879,-0.014532147096537742,3.0
27074.99172226357,0.9397191224808351,-0.7001299216092243,9.957517090726203,-3.686137277892742e-05,-0.02400123959963821,-0.01119536606383503,3.0
27213.983940278977,0.8960204003737882,-0.8134678253206243,9.733391982439962,0.01539401919352659,-0.044041530965545854,0.0107884512141639,3.0
27353.987851564063,0.9422131901633555,-0.6833562770748588,9.696153372810823,0.014554281503794765,-0.02859303385242937,-0.008663191732390602,3.0
27493.998067538898,0.9421114721140723,-0.8441700470864826,9.918658682412163,-0.0026008236296360962,-0.009107499069831142,-0.004452090382867459,3.0
27633.01187032513,0.9590880555065947,-0.5274723046390604,9.797378180295762,0.037769215576543426,-0.046720894936515205,-0.024142915299634735,3.0
27778.997516385378,0.9158790925984547,-0.6399915825407893,9.878543615475026,0.017210727622947276,-0.011077586323113434,0.01593595612690313,3.0
27918.005253811403,0.938950647371345,-0.8154536946736374,9.953602628290586,0.031649091684770626,-0.0070285611359827485,-0.0051761479233699195,3.0
28058.000370407,0.8550116448229704,-0.69632908468677,9.76670765617049,0.014937190679982894,-0.06091734602469642,-0.004561542748848147,3.0
28198.00526876078,0.9865080979753975,-0.5058895912317514,9.99610488163713,0.018453526185114318,-0.08536910141117202,-0.006750858621631458,3.0
28336.98753632439,0.9779013631214288,-0.605624852204499,10.037746996471899,0.04938294775530495,-0.04362407374665054,-0.007827918996703447,3.0
28476.994258538365,0.932988650202134,-0.533547657864609,9.882537099134371,0.02082791509061552,-0.04404559166505383,-0.034129913470525075,3.0
28616.994557218623,0.9079078551526227,-0.62236742654238,9.871933395425836,-0.0029575418082866092,-0.026439665408960113,-0.03185013873841471,3.0
28756.004444886818,0.9024380624302951,-0.7005168127513051,9.952530087757493,0.010175344069629296,-0.013223603791009704,-0.008662955067601235,3.0
28896.004325757815,0.8517045774668363,-0.6206933963709766,9.952640240115441,0.03886499808617906,-0.03769207234131663,-0.004800074204172685,3.0
29040.98916945512,0.8246471982757339,-0.702087627588486,9.7510107190581,-0.0284254179346785,-0.07286835288150123,-0.006421989433236018,3.0
29180.97716177742,0.8283382935565383,-0.6312931500872188,9.864259304642422,0.0030758144050196477,-0.052967003791995586,-0.0001745470234719896,3.0
29320.98361417654,0.8654039529727028,-0.6117548424600776,9.883000117230607,0.010289152212050947,-0.1020742745922441,0.0028151209916515026,3.0
29459.992563465003,0.8989530858662272,-0.7122966966574501,9.773703491232165,0.02732027935168419,-0.07729504413184785,0.003154517224997729,3.0
29599.98572010371,0.9195328476819113,-0.6479780035169603,9.737033358365364,-0.017396045282064145,-0.03483023828958116,-0.01023591856828872,3.0
29739.997342589377,0.896422797404867,-0.7235861426997923,9.967214379860065,-0.0020374200791729155,-0.023845755926063358,0.031162472334424415,3.0
29879.007899255696,0.8748413443306239,-0.6931768110710838,10.054070912086683,0.008649384101115981,-0.022229536058659818,-0.004614488973999511,3.0
30018.97480033841,0.932672035040104,-0.7136909703326976,10.061144128254343,-0.07200790557069987,-0.07451535242352601,-0.0003435246526522326,3.0
30163.992866590645,0.8547773029733629,-0.6118516201321497,9.776544006827141,0.02207178069453388,-0.025015021483247864,0.017535047863804096,3.0
30302.99348520356,0.9248266583374471,-0.6418233087386435,9.909959276178316,0.02530913846332949,-0.039360679188922505,-0.0014972526781778417,3.0
30443.01506812418,0.9151408292383761,-0.7570919789632206,9.951513541526516,0.02933359929082384,-0.03601792285367508,0.021225774040966823,3.0
30582.998941933212,0.81184489880102,-0.5628606443953382,9.988123157732225,0.06114805356252916,-0.02312630574541411,-0.025048269060749393,3.0
30721.989028458214,0.8633380420768104,-0.9454223878175122,9.764673444396555,0.047419585694254286,-0.09344105004661554,0.020035831264338957,3.0
30861.991494553004,0.9684709891773029,-0.33489835047391303,9.766172350382984,0.013282318650365605,-0.05738503343157619,-0.022299465153313214,3.0
31000.99777972247,0.8918465439645087,-0.6656977873337209,9.840051169205664,-0.00552296877998805,-0.031953104929681564,0.015556105732025151,3.0
31141.005164937058,0.8332499558829998,-0.44150169808043993,9.837783994932773,0.01698814128977047,-0.04637075920678379,0.020346568432463033,3.0
31280.992289209273,0.8687138613059283,-0.6310732140200307,9.881565195650587,-0.008683154532888766,-0.0680731374083308,0.008741222325922015,3.0
31426.009850303046,0.820584843520642,-0.708132370011875,9.737066805174365,-0.03060271076982019,-0.058574239808061486,0.023898388177042127,3.0
31565.99518801141,0.7990536349758273,-0.4803267291048157,9.672377380399643,0.034257340967471815,-0.06239166176852872,0.014713022846231875,3.0
31706.00488400264,0.8087242788082142,-0.47123606849430977,9.66818595988717,0.036586513895241285,-0.05513974327920028,0.0275457456037657,3.0
31844.988527148755,0.9126050918567715,-0.5294325108467961,9.684051965010056,0.036910800762367184,-0.05209837891599425,-4.196107728947438e-06,3.0
31985.009208200354,0.823827238516934,-0.48641141088782475,9.450796297718167,-0.027775209592433566,-0.059322803897186235,-0.04590801160483695,3.0
32125.000771776125,0.8811296522481099,-0.5772667030103872,9.803397048513434,-0.008464867578343175,-0.03473963641910583,0.07220545971078156,3.0
32264.00996305594,0.7198557854132935,-0.822112462289264,10.240070863974042,0.0321678423207828,-0.04838253324149054,0.02219424166319133,3.0
32403.989598388038,0.6752221121907978,-0.5014085148327578,9.918188718904673,0.04120281521052439,-0.10282047150513063,-0.024700261127263277,3.0
32543.02476856164,0.8286393392935062,-0.5275869553190181,9.483760487138385,0.0492366107766352,-0.10618955333518772,0.002025307395202988,3.0
32687.993168150722,0.9214311569190017,-0.642847908083439,10.010701476825767,0.056709831248787194,-0.016208474298667168,0.018142368374645335,3.0
32827.99261128238,0.9014995061759808,-0.28446746880795776,10.25055215481402,-0.0028472340934161747,-0.06204544654135757,-0.03831455818368381,3.0
32967.00343949338,0.8751353138042304,-0.3019885055999657,9.72220025216882,0.046807727222682775,-0.028984255541966382,0.049050517379492585,3.0
33107.00087475651,0.8935611237471867,-0.6552480690806073,9.903234628470779,-0.015879204257827066,-0.03911533955393541,0.02089886600758766,3.0
2738.987800332652,9.699404827927387,0.8698021884143368,0.3066096255413324,0.03394229452516794,-0.023960890828737556,0.03694922978578927,4.0
2874.9957859545857,9.686144102433067,1.0714710860352719,0.656716405858919,-0.017132513211882958,-0.022655980541086577,0.00032609010470497247,4.0
3011.998851429704,9.756998559808318,1.0083791528267554,0.5119526207735656,-0.012720315963099497,-0.028808510306878133,-0.019551421740982032,4.0
3149.0066193348566,9.667278302966402,0.718437848753324,0.5569364296366629,0.023014972027791084,-0.045918542139900716,0.0013964851833628846,4.0
3286.0122702892572,9.674112086768329,0.8078195572735061,0.5613071440568702,0.04422685532821321,-0.02771499981207268,-0.022572441294896002,4.0
3422.016618593659,9.657454316143975,0.7793744314214387,0.5800505386121905,0.01966453023183113,-0.044443207018662154,-0.0022437628290687297,4.0
3558.999154648319,9.713995792543823,0.9553769721916626,0.6176614247746005,0.02484458475140243,-0.04365996478529379,-0.0003218921424998828,4.0
3696.0082531031376,9.698282987041834,0.9501168617259556,0.619958999390951,0.015640647403087026,-0.038503847112964756,0.010642633893801122,4.0
3838.997577031198,9.742653847649992,0.9630916816064703,0.7834686281242711,0.040831322873480624,-0.02597471841260584,0.0057138313303890294,4.0
3976.0050321998533,9.722896868227743,0.9167445001240839,0.7126988166113071,-0.0012755379739679109,0.005632877087554807,-0.004868750096389532,4.0
4113.988631357923,9.680734357814076,0.9036968884919613,0.5819203907227585,0.02252570157486888,-0.03519586241310022,0.020136764425476596,4.0
4250.007164392589,9.70085233883219,0.8544792858777764,0.699535317177474,0.0034009770302269914,-0.042842652181313536,0.01430803149433261,4.0
4386.993151275562,9.648944364827889,0.7986346329950971,0.6091230009429144,0.025162568573112477,-0.05692385680523217,0.00756627701027896,4.0
4524.0156312859735,9.695355120910246,0.8380882264310933,0.6864862768100771,0.023722700436125285,-0.05287643482107058,0.004358678465694432,4.0
4659.977154589533,9.740196829546338,0.9236691820763394,0.8040229282569737,0.012629317890628716,-0.02731407778834282,0.020408852770216472,4.0
4795.008060601571,9.700437569085876,0.8007562660392175,0.8023970480227043,-0.003007247082384225,-0.02251764482864028,-0.006948680227687024,4.0
4931.005047969154,9.669546521344486,0.8126720422234341,0.7604293313781625,0.013706098582311418,-0.02279593757305967,-0.016133038826441817,4.0
5066.997866265178,9.70610455883134,0.7621050431482305,0.8225000506411174,0.012500439541107612,-0.04652337484134183,-0.010973488892918163,4.0
5199.000130433667,9.688462934247227,0.7701187109245538,0.6335074668030997,-0.0007160349116654305,-0.05992828842877458,-0.02457097211752024,4.0
5334.009797681187,9.666628081950122,0.8214655111584759,0.5632059757870452,0.011289627361236674,-0.04725806889984142,0.008863728040786683,4.0
5469.997266591088,9.701994442368656,0.8569987045424353,0.7445979024087198,0.035917379100411484,-0.05351583843918003,-0.010124360234948294,4.0
5606.019288661606,9.752278132331286,0.9608529740827687,0.7547287419372435,0.021979800766814002,-0.05243771237777777,-0.015423216272760887,4.0
5741.997392082059,9.747476875447722,0.9100459202895749,0.7098046710027958,0.017648567693811335,-0.020122326983185643,-0.002072977618570966,4.0
5876.981076314549,9.698963950585632,0.8226907609666743,0.648775281221787,0.020948933896717446,-0.03596879711038511,0.017358565968175407,4.0
6012.992616742002,9.640793981166722,0.730283893813396,0.6875090416271583,0.02232349241816051,-0.04753853006664092,0.012952933810741578,4.0
6148.993016758269,9.756452703243468,0.7873047284469353,0.7678450006617908,0.05338397614874578,-0.09295124422809715,-0.03180911031430826,4.0
6284.99590660004,9.696432463271654,0.7613429725775925,0.8402169570731737,0.02803882608972846,-0.03843311152569902,-0.0004523529310981666,4.0
6426.003164069994,9.702308296229536,0.9757351628772608,0.6970446258027276,0.007085551328872811,0.006492726234766365,-0.011328016675009819,4.0
6562.001147509407,9.60111999625055,0.7170009535089495,0.5502180528628753,0.0346722901475573,-0.040637885117940316,-0.015976952098038663,4.0
6697.999720283651,9.823230606758017,0.741287370462747,0.7449807016212612,0.0024978214353147407,-0.03298379166153968,-0.015649945729659498,4.0
6833.009726887443,9.652301655228314,0.7894021936385226,0.8119681746763879,0.03296795591092317,-0.04776407687293227,0.02866030309346571,4.0
6969.004869567406,9.708290333734542,0.8652065215064905,0.656180259568402,-0.024553747290343448,-0.03450105016118192,0.0031679029737653563,4.0
7105.01213611438,9.687206789201559,0.6948936457448868,0.8651934254498777,0.022169504503858812,-0.055345472207211484,0.012975561974959313,4.0
7241.013154872167,9.723078491120935,0.8073075225744201,0.813091441337886,0.035750652893705735,-0.02304230256330829,-0.00011686303066174792,4.0
7376.014632571747,9.699581545033075,0.8480976004451964,0.8781368481704511,-0.004771444249713183,-0.04155056265412617,-0.006406494230177216,4.0
7511.991517410845,9.72880105106584,0.8810819374956578,0.8694577162572272,0.008466749569421969,-0.034997719400985894,0.00033155119771238533,4.0
7653.006735080579,9.754320190061467,0.8657217045358327,0.8707779870525901,0.007064490256989323,-0.03885876713093406,-0.004727166808551307,4.0
7789.005559126017,9.676840339766306,0.7817919615010825,0.7934613594509924,0.006628255245921381,-0.02033551317299252,-0.017261411833574197,4.0
7923.995203493226,9.674042420183996,0.7616479527930858,0.7408928736476005,0.024974986543151938,-0.0374817131664169,0.007169418986370338,4.0
8059.996364196652,9.749486422838432,0.8863437754377156,0.8654068501198813,0.03629384457637617,-0.048173998438365985,-0.016901678772415742,4.0
8196.00801162709,9.730842569656135,0.8053865671179445,0.9367501191475597,-0.0013054407651001089,-0.020377208816498824,0.017996895187494595,4.0
8332.000825516461,9.712308299504722,0.8128132036693418,0.7943624748561975,-0.007304092661855604,-0.029874015085062027,0.012183743731627667,4.0
8466.98981127009,9.67672613585018,0.7114881905425235,0.7718052896827235,0.026329122111248222,-0.06909651029111455,0.019436013916145165,4.0
8602.994286287278,9.720850928124051,0.767869578864758,0.9120039396637801,0.021753923731541835,-0.033147477474883495,0.01432126177178358,4.0
8738.996202972892,9.648510379466797,0.6999187924723217,0.753813213773705,0.004257474103950773,-0.037846262635039166,-0.03721428231900845,4.0
8879.00490943658,9.675756667163103,0.7480082830125986,0.8020811997089654,0.021960206305587357,-0.06301575960066685,0.007065976120483441,4.0
9015.006975912871,9.681674669837756,0.7958024517400669,0.8804137544100236,0.016608094649137616,-0.06638071953572802,0.005730239094442813,4.0
9150.998353272258,9.710418269680353,0.7969073386041546,0.8774138596238164,0.018099748331897314,-0.058944453570970556,0.005862968355191704,4.0
9286.985361039613,9.707609876801424,0.7726306523341376,0.8522707712161806,0.02578956798326386,-0.03403911151345127,0.0016073697141898385,4.0
9422.000607159185,9.727468919331146,0.8322271565689419,0.9425353160748046,0.022121929682037685,-0.04239602526608866,-0.010401161262382122,4.0
9557.989091145186,9.747184509545322,0.7977247912543247,0.9112162775426428,0.019041891107654235,-0.02181955182839512,-0.013826197268709662,4.0
9693.987089548697,9.77451174684044,0.819193762971361,0.8674803574291698,0.01708635915424357,-0.056150576455208434,0.007748278916885072,4.0
9829.997012216048,9.658798995300588,0.6712409200792675,0.8638312638272094,0.008862046228423787,-0.0454921194924191,0.01678637638190759,4.0
9965.003895123735,9.683139495728788,0.7846296543353567,0.8976257389568034,0.005205564988903996,-0.03921343746096843,-0.010272233115114451,4.0
10106.00841988293,9.721343450992707,0.8539778509713872,0.9626609079684959,0.006873847970747331,-0.04164711859416681,-0.011388449140108859,4.0
10241.9928089658,9.684589656646589,0.8385983151220208,0.972396237718935,0.017098742654644908,-0.012306437473910069,-0.013825350399556565,4.0
10377.011744269977,9.655562362372757,0.6755116812348019,0.6998600658760642,0.003856050070610747,-0.040343968722928926,-0.04556072454730687,4.0
10512.997251284878,9.737825350621712,0.7058442837087106,0.9080540743789621,0.027786308952420503,-0.04825442080446015,-0.005206111150366141,4.0
10648.992190398301,9.750175740024732,0.8521240576854158,0.9473673336372407,0.004662060674244993,-0.019261525734112547,-0.014390423332988057,4.0
10785.00837967013,9.648680771482823,0.74755607899754,0.9173499742229807,0.024848769141831987,-0.045421263843079256,-0.012408816632965575,4.0
10920.010047592983,9.72935151769127,0.8546631575532048,0.8354601235754998,0.03291644108399528,-0.04537462585275471,-0.030787315502590056,4.0
11055.999844668708,9.72574131707021,0.8999700461549012,0.8490189107589513,0.04146568718368728,-0.0942050801182808,-0.0032255303638323183,4.0
11197.016193560987,9.588711378763884,0.7068318224644449,0.9672109797345511,0.023005728379442824,-0.02961939861551009,-0.01443365595035125,4.0
11333.001873357833,9.723197824116086,0.9685491545613477,0.9931737666122225,-0.0022023223166837908,-0.0426269880179233,-0.017839731003834514,4.0
11468.005282864213,9.726342840310087,0.8881143697638362,0.9097747931420027,-0.01556495734123368,-0.07841282729781314,0.003830688613425442,4.0
11603.983401879323,9.63320028601909,0.7052583427598367,0.8790178594745777,0.005581002133722456,-0.04684609607021553,0.0007596918554011854,4.0
11740.022395499245,9.660980501541278,0.9538934379890447,0.6919605822206952,0.025722912805795268,-0.09134615052586342,-0.006924234822254908,4.0
11875.010697804631,9.533245445450737,0.6555012637763589,0.6561618121653596,0.05062246796065987,-0.07629661945556859,-0.00026175320013088277,4.0
12011.002015049799,9.658424503854144,0.7218175499337216,0.8246422590662396,0.0272881216077564,-0.07901153639881739,-0.006179934500727872,4.0
12146.988636802707,9.682896523921912,0.7044047540361796,1.0059114885612512,0.02735601447558428,-0.029333311135314583,-0.00679028464185945,4.0
12282.999117285164,9.767880311144413,0.9004237789881525,0.9276791837348767,0.02915242873959723,-0.03466662841930417,-0.0018518086825182116,4.0
12423.002680544138,9.680922314372594,0.87020833915624,0.828642155825885,0.013955644312647971,-0.02136112197157184,-0.009087552702249943,4.0
12559.01127410367,9.56213481610418,0.5586146260707064,0.9112037282360756,-0.010878076023612664,-0.03843121650039744,-0.020785509920650643,4.0
12694.988677670432,9.863699242219216,0.991142684976882,0.8382589680010655,-0.014414211542592674,-0.03916521347361007,-0.015755922481281506,4.0
12831.009429584827,9.680776835971415,0.7080573596255024,0.9512263973616293,-0.009571144734907572,-0.02247436771672113,0.02542804808716318,4.0
12965.993119783789,9.66935207250926,0.724071092884438,0.8804436927496067,0.018854483189989543,-0.019429852511263505,-0.025131519192307585,4.0
13102.003257662382,9.71731270712942,0.8611665587686891,0.969924504182221,0.019652848186823134,-0.03395255147042026,-0.009658910301098972,4.0
13238.001656890818,9.680544353768397,0.8327054564209763,1.0137978644017926,0.029270492533840235,-0.05731488916958934,0.02726373181550122,4.0
13373.99422954452,9.678903489383726,0.824263289729488,0.9925838764379737,0.019366966324068258,-0.03953573771098622,0.01950575415384763,4.0
13509.012669766616,9.601936755145285,0.980079829664106,0.5539081144122018,0.25494157096521564,-0.08305425179153887,0.0003445650498442826,4.0
13650.009764240032,9.672823809161397,0.7720555724656843,0.8753531620082202,0.01521111584027254,-0.06064269756635385,0.016764097117631153,4.0
13786.010148558506,9.69617898445347,0.7867496055678512,1.003182470235325,0.04197381772180764,-0.0630133923687251,-0.00023323715434945581,4.0
13921.006208060615,9.616419429274883,0.712804795109246,0.7757564641848484,0.04936822917558783,-0.08157135186560865,-0.007878988218041397,4.0
14056.990466527339,9.699947210481579,0.7135710725846107,1.0145794239450552,0.0269261647657134,-0.03195551304149931,-0.008957259258680099,4.0
14192.990922267903,9.703379383602355,0.7727774099956016,0.979044700279471,0.013051204823681868,-0.0490108430765198,-0.014097346338367556,4.0
14328.99336848161,9.7080476213122,0.7936168091240358,0.9967417389382588,0.030090719106385774,-0.07132573332334247,0.0032461529169124995,4.0
14464.003668945914,9.763923085887903,0.783143616409727,1.0428342365523071,-0.003927472199610305,-0.03929832820125784,-0.004136759821897977,4.0
14599.993676351836,9.682734963530214,0.7355371308014119,1.0418940960069254,0.0018535504491709624,-0.01636795249137376,-0.011590291936042179,4.0
14735.994311110077,9.647943116302779,0.7482769730804824,0.917216451674659,0.021429065792367922,-0.056449904963355294,-0.011641348580483974,4.0
14876.998269883232,9.659778228453693,0.766763409688482,1.0319024946207944,0.015914340528047848,-0.051004271197382406,0.022373802425759263,4.0
15012.990701564748,9.672544377345886,0.7418303069989343,1.0844535228572438,0.011624404059136697,-0.023829695379629395,0.005099986157825878,4.0
15148.990369021156,9.745996616637692,0.8123168955736293,1.0943460016518185,-0.010477915275680481,-0.015137369857910024,-0.009369593884030603,4.0
15285.003118371054,9.692778580466259,0.7693936565426273,1.0401607184021913,-0.005974319410463556,-0.0319045326774107,-0.02192629865609249,4.0
15419.996792545378,9.651283739186727,0.7128891152090643,0.96607885412129,-0.013579499348295535,-0.006198531968590049,-0.003976371777247403,4.0
15555.989340611082,9.699597928331524,0.7837384260883533,1.0333007256596347,0.011577985756140073,-0.032386266968770124,-0.0016187184861718028,4.0
15692.007783142766,9.651191347317834,0.6870818430287476,1.0663099917955656,0.003102070268429611,-0.051419797077152676,0.008572823528228345,4.0
15827.98510784998,9.80224958519163,1.0637181247548528,0.9148089504263268,0.20246118326826854,-0.0996886499698239,-0.012298556755380061,4.0
15963.004118511406,9.727544719482939,0.7142336258768746,1.1792131516607738,-0.0044820593353688265,-0.049607720614817094,-0.011995672969900634,4.0
16104.006901734027,9.737945412469319,0.7656803587582827,1.122584555788178,-0.0038789078161654156,-0.012132703400021249,-0.023439654820159084,4.0
16239.994802228726,9.689551097062488,0.784431574090091,1.0402050792265038,-0.007665404352971293,-0.012249143831955942,-0.0092611160855204,4.0
16374.998066028993,9.692015454667843,0.7306449502759502,0.9271582209532738,0.03794890024386215,-0.03245940441042688,-0.009059806504170171,4.0
16510.989443266073,9.726660625399175,0.6946959558754459,1.105836127946463,0.018044030524032903,-0.03876676728183746,-0.023290045854532197,4.0
16646.982407006646,9.613577341740443,0.7591155435413456,0.8703636450418434,0.02938974657229491,-0.050229261267023755,0.007512135774081344,4.0
16783.008126193858,9.6068278289079,0.7569159763180603,0.9013912957709428,0.02828165192385414,-0.06270575434500443,-0.0004001752030018389,4.0
16918.00238912217,9.667691293582312,0.6938148001203371,0.9556688907292964,0.035380846390562805,-0.07822678004340561,-0.005811648285561029,4.0
17054.024689464804,9.695597504424411,0.7190849407626639,1.0969627255735768,0.022444035168554505,-0.06796090629335241,-0.009472464800582312,4.0
17190.00831422495,9.660017904920144,0.7448191595150444,1.05006685127504,0.021924746578258752,-0.02924235647412636,-0.019607268646362093,4.0
17331.00457901762,9.759884616106454,0.8149614427534874,1.0828212641560104,-0.0038728102772561555,-0.04721587590666772,-0.019040991577396593,4.0
17465.99706815436,9.712717682885073,0.7617357287822341,1.015867003507032,0.016508294677818516,-0.04862432163114248,-0.0032271450351251123,4.0
17602.003552794537,9.604515532942509,0.7021295401088845,1.0307462367416784,0.04361673620065733,-0.04467385366038445,-0.0020387672845644505,4.0
17738.007403385436,9.649175234066757,0.708142738190622,1.0598118582866791,0.02638897772108493,-0.03232994742756594,-0.005748698955464744,4.0
17874.00268232277,9.728723133421976,0.7864560203283788,1.1230462542746158,0.035911914319926776,-0.038965956033036896,-0.010754105024131336,4.0
18009.005165034032,9.715292894357123,0.7849894887466586,1.0727173454435444,0.023292834491268708,-0.018849737585050548,0.005624712385439998,4.0
18145.009448045843,9.659954882751348,0.7455222786852181,1.0188055017350532,0.013221061786709332,-0.0376328032831708,0.02462677402873921,4.0
18280.994609684483,9.685944063653219,0.7049101593061297,1.1218879912033275,0.0007055743349991615,-0.02251162635154061,-0.027046321549399704,4.0
18420.98785281177,9.658675483291098,0.6785855014869357,1.0420524142463947,0.03166910271182709,-0.04404750232604235,-0.00020141230902646955,4.0
18557.017230210502,9.695070906752226,0.6532854290993338,1.1183169502822958,0.03773048170261477,-0.0688808995264637,-0.01394926582901794,4.0
18692.998581265547,9.702190814852687,0.6471880006575891,1.1222945061920149,0.02660269855201672,-0.03758820703619758,-0.010070034973510281,4.0
18829.009567418816,9.740246827181558,0.7354761735568452,1.2305599542577104,0.04898186659206136,-0.059130163411919824,0.0011234032630804045,4.0
18963.992015478067,9.666755165982162,0.7900553893704041,1.0695383358338255,-0.006342289048902004,-0.024939156091009194,0.014278499333189589,4.0
19106.015191560222,9.630618641565109,0.7317506047367949,0.9931384716868215,0.015875659413441028,-0.05508208005919498,-0.027357464908597313,4.0
19242.024138342636,9.772713291938025,0.8197255807768593,1.1825002024930096,0.02163254106776713,-0.05551494351735307,0.004127093688285714,4.0
19376.99510944655,9.654037411603277,0.831740471197403,1.040911109921319,0.014752711529651344,-0.023577395775708374,0.010439503198424632,4.0
19513.025037265797,9.556268119456066,0.7177097865844224,0.9843272269214043,-0.0038634117077311764,-0.021282328161902484,0.0008970007175237962,4.0
19654.000968771128,9.656599161706236,0.7127999709945221,1.0195697901727845,0.010940817070797493,-0.07520310131724926,-0.012732572468156397,4.0
19790.00584359516,9.69707927777626,0.8363358788476265,1.264529274132713,0.0550944211993662,-0.05541720495314109,-0.01673162833342575,4.0
19925.00639132381,9.694401633221114,0.7917234872945845,1.111312069904625,0.040621631812891836,-0.030540423269612194,-0.024012344198830436,4.0
20061.002653651693,9.65005756667919,0.7511060357766425,1.089555771064219,0.01601118938800049,-0.02950564372150552,-0.00680782217589271,4.0
20203.99073551448,9.66649415076039,0.7699801036983209,1.0929063036192301,0.023804586635218377,-0.0712714626971683,-0.013005705172596698,4.0
20338.993789314067,9.699225003004864,0.8595160740392469,1.0947837804652958,-0.016089254687758018,-0.04392722747146038,0.0003732968570326515,4.0
20474.993784054514,9.635512003893366,0.7932636666922565,1.134292219199891,0.010938690283881369,-0.07089360573529674,-0.004672785142539371,4.0
20610.996547543808,9.775332340333193,0.9074706455258631,1.17579142669159,0.005584501474725093,-0.05138369879463075,-0.01870596563808286,4.0
20746.99448377898,9.704333951578453,0.8282826466423682,0.9645431798468882,0.008201787483388293,-0.019883755308938437,-0.011363962679960399,4.0
20888.00636359908,9.684141434173359,0.8519960340645683,1.0263516785508096,-0.010476424928800547,-0.02846995257494632,0.02425878672507003,4.0
21023.97397109631,9.620200952797251,0.756517830039833,1.0906319600832692,0.04056323988386378,-0.04733426412579571,-0.008253711917199553,4.0
21159.993775741557,9.67595679487682,0.8114385981593716,1.1033732816113941,0.022246175517319274,-0.027433047405718083,0.006998817994919953,4.0
21294.99442619674,9.674351759690088,0.7501978863273767,1.0182543198728118,0.03813624333669164,-0.042911209393574616,-0.004827856372578789,4.0
21431.000848534484,9.676349433715682,0.8021769109411337,1.2105087027143742,0.01395493943012741,-0.039688118765980857,0.012786759105453308,4.0
21566.994011876475,9.696420695684402,0.762393243245981,0.9395383864903205,0.019546097714839564,-0.04132109489145664,-0.006436685175592521,4.0
21703.007530617062,9.605040724962453,0.7340914380902118,0.899810488885782,0.021070858499718886,-0.04935985492475545,-0.0023907128331957426,4.0
21838.02070803182,9.628539064969646,0.829101850474704,1.00257316320581,0.02832909314935925,-0.03814588256187457,-0.010784349097292685,4.0
21973.99744071658,9.701016983444825,0.9216521871751319,1.0492500982491506,0.0388249097563557,-0.05322873063742395,-0.006746552534690512,4.0
22130.012002034815,9.699361904402528,0.8696605648177097,1.1271621531514306,0.03362167786169093,-0.04453749024504503,0.02163134788335897,4.0
22269.985509522678,9.66262713780019,0.7978607130282886,1.0926498522231416,0.015013614773192597,-0.048401519913031904,0.01765114270331871,4.0
22410.008981425402,9.664863227742178,0.7896169881423759,1.06872230439434,0.028562129299903,-0.06403783246852025,-0.003980804422450185,4.0
22548.990708200145,9.75564064484853,0.7992902344891337,1.0491210732771907,0.02851967098203651,-0.06143248313290959,0.014944864992017427,4.0
22688.99803720889,9.7309114727214,0.8074853017921686,1.2986307090676692,0.014568756362616142,-0.042205947705616274,0.021000068846850385,4.0
22828.99318759438,9.726417799520856,0.7342321261515784,1.2984306382313109,0.0011692488667188515,0.0015440360042967268,-0.012137730266048022,4.0
22967.994043120354,9.685346767934886,0.7641244001737273,1.0250798249496529,0.03046769806776649,-0.006218649300798089,-0.020911245067443168,4.0
23107.984272368427,9.727417133523453,0.8455390026661894,1.2229926385249978,0.03443163410840522,-0.048222472260999405,0.020187190766764142,4.0
23248.00455185638,9.651521904886799,0.7476374221686727,1.2572835170432155,0.006310745031360069,-0.050009369396062896,0.005098790674091655,4.0
23393.00919661698,9.649189285784077,0.7089669901176209,1.0954647304697094,0.027798255166549258,-0.05193485979130606,-0.01639400882525071,4.0
23532.98458023729,9.664443046564994,0.7946878276649249,0.9606263381825931,0.05681212713717989,-0.044748094816531254,0.01798291033414957,4.0
23671.991609981447,9.635161112058029,0.7478060028193152,1.1337223421366933,0.03656182526985311,-0.07283467265338024,-0.030524965699581123,4.0
23812.003089451275,9.751229666936704,0.7981004658012368,1.1944946395688134,0.02466919539104945,-0.04741400304690165,-0.02314038085321797,4.0
23951.999476793386,9.753867371990873,0.8360123437070884,1.2426449816638732,0.01186168817290674,-0.04940497839422695,0.02406584106140726,4.0
24090.98601588131,9.64282188190747,0.7682006147275915,1.1993937484201491,0.021338793545414955,-0.030195043516144833,-0.01845300233825211,4.0
24231.00330689946,9.707829166168912,0.8764644999338039,1.083526436492716,-0.007751092350084035,-0.04449459586124385,-0.00306394158464835,4.0
24370.996564187193,9.594461160308992,0.6795896608513806,0.9248510155637789,0.010881186526964792,-0.06782034053026502,0.026645259232512108,4.0
24514.97427012767,9.6314118335961,0.7838846147522928,1.0278115275431885,0.01893982473102631,-0.03267560562848632,-0.007795543484092305,4.0
24655.00450890407,9.692187523383957,0.8223441843524103,1.0713823131752886,0.03534298206699662,-0.05260037888191191,0.006058007987138826,4.0
24794.00052671569,9.687772542610842,0.7659859300980753,1.2329332860021769,0.0291853640203546,-0.050113103662632594,-0.01269144641882846,4.0
24934.007363069442,9.742143567912724,0.8327323012323848,1.1916413370836862,0.023882817850405868,-0.02289496167565379,-0.00929438513825243,4.0
25073.996248410716,9.67615359038562,0.7616189036845517,1.1060722744975668,0.01602763451652415,-0.05488076645781875,-0.015229796392202562,4.0
25212.99010486398,9.70892889864454,0.7419013023013713,1.1107552915453527,0.01152963928173675,-0.02659779307325248,-0.0013923267227298139,4.0
25353.00733599134,9.738315253394882,0.7452271266582516,1.2185667381580485,0.01645023448911385,-0.04913539082806243,0.006517179578229677,4.0
25492.975922342168,9.73726037849924,0.7745864330705248,1.1977649700800455,0.026884453135617718,-0.04491891493275996,-0.011179709002615945,4.0
25631.996532013352,9.682090140569676,0.7341243903128277,1.3701620306670708,-0.04944806735227262,-0.027212200134237384,0.01961126198592867,4.0
25776.98639827413,9.655874315513467,0.750232022382072,1.191009867049736,-0.011961230060290462,-0.033465757084481275,-0.010054752087580646,4.0
25915.991788443764,9.69507058438959,0.7765593135038813,1.1048007294019917,0.029379095045071246,-0.053802891122713414,-0.010869833765516238,4.0
26056.0204050745,9.70696028686328,0.7967345234547156,1.070237236158649,0.023126581882947528,-0.052265520657509446,0.03460423146951812,4.0
26196.00107113523,9.594956914288119,0.5728448520626328,1.0329710790412943,0.014691111604028185,-0.05681752381378711,0.008132064840629191,4.0
26335.00658891072,9.833551426482064,0.8974636777476175,1.1969221561934684,-0.06928846429234144,0.03212976402594012,0.023205516708670708,4.0
26475.005154160342,9.54286038165094,0.43072355384995387,0.9319414143728721,0.004649443808415614,-0.10716690457555662,0.026482953880537875,4.0
26614.99929376031,9.763461748128629,0.6069577340764655,1.1114440986973226,0.020920424875775823,-0.13060605286262417,-0.007757266338416398,4.0
26754.00496411824,9.740603913035597,0.5482514145469883,1.3210953093109103,0.00047478108282878763,-0.0566914013888752,0.021225697390228948,4.0
26894.004223623982,9.78173795731534,0.7347053345298711,1.0252945617372402,-0.02465618909537338,-0.01694790713561273,0.020606267053678844,4.0
27040.01587972208,9.655949767523955,0.5658153466880421,0.92367874056345,0.016459045192380884,-0.06860934286510816,0.013686794070460353,4.0
27178.99005848737,9.748096769480698,0.5794636835355195,1.1100447476645525,0.00042615399701065933,-0.026514372373721087,-0.01570401470563118,4.0
27318.988782222266,9.689573976966882,0.5387399670369972,0.7880123411194534,-0.003844943222748045,-0.06701053197517805,-0.01640966023448716,4.0
27457.997753244857,9.582093787603387,0.4357355862937719,0.9550945462353295,0.05877592880673214,-0.08431868070814014,-0.013633121212147655,4.0
27597.999002009114,9.772568645840492,0.7685868129444382,1.2171668067343662,0.045490013738542605,-0.06165381807203487,-0.04379843933934875,4.0
27737.990736237763,9.80500692583285,0.8356770068189936,1.1095307713867344,0.009758523598636996,-0.02109284321116005,-0.02109615601794941,4.0
27876.994666276845,9.670883910264816,0.7183426222342877,1.1120050904446948,0.0004771473263827142,-0.01226883337689875,0.019369687711702364,4.0
28016.99506278771,9.6861155054767,0.6502833439625577,0.9821019928206041,0.01569080239506575,-0.06598452229604891,-0.0027152701288522684,4.0
28156.995577037094,9.755543376949193,0.5963294483941166,1.1353050900673558,-0.03694019784067323,-0.01381558122649035,0.002325845295255965,4.0
28302.00326982353,9.668561097922119,0.5281259824226523,1.068579920470656,-0.008784134823021431,-0.007805075596020264,-0.007297273364719159,4.0
28442.0173298706,9.693937439914594,0.6353109834765376,1.1643027045307894,0.0654960981658496,0.01874678448353915,-0.04761955573578662,4.0
28581.98867632461,9.750983664828725,0.7014672140919066,1.175212028748166,0.008337069973917519,-0.06450105693518117,0.0220006025570703,4.0
28721.007945018326,9.609680854437613,0.5802387560244698,1.1213046671246003,0.014490940074418502,-0.06247310028963322,0.02372668134807108,4.0
28860.995469899073,9.708866260551,0.6621277914190107,1.1462061681568458,0.03320872531077945,-0.029666089568520976,0.015524520345832937,4.0
29000.022665290453,9.644782171879925,0.5572570200108572,1.1395427757609835,0.02277096558408186,-0.04785485355433688,0.006280829591785867,4.0
29139.994926397016,9.680946474904452,0.5921506457021506,1.0482250105513862,0.01594579606923731,-0.057937491121748945,-0.010212135049023184,4.0
29279.99867416998,9.646208478444759,0.5445334140591607,1.0880226391047054,0.011119809817132006,-0.05423976390890328,0.023497150737639572,4.0
29418.9944355472,9.681665089610801,0.7055744292072792,1.2073405399607504,0.04374474683610224,-0.07940785973687181,-0.006678021022635464,4.0
29564.995478413082,9.677434520149502,0.7671474714073601,1.0285317496158446,0.07394544415765733,-0.08337376557874285,-0.020006942251485735,4.0
29704.99797558536,9.741407488827333,0.692912053510878,1.20429985551812,0.021395372998572745,-0.049172266961134144,-0.03684571257925562,4.0
29843.99885069134,9.732580975526746,0.6890948381092528,1.2207041356147161,-0.006370936348008667,-0.046967356844491416,0.012639944741435873,4.0
29983.995863305554,9.60609082560927,0.5633745047502192,0.9005522235932738,-0.007150459942842143,-0.061476483643131526,0.006470898143235291,4.0
30124.007534468838,9.691616958903218,0.6600969615469171,0.9794554922937561,0.04659291781278843,-0.08387795497475496,-0.005127425448368405,4.0
30262.993461899187,9.68682007250855,0.6494524166771306,1.1183883258262552,0.041628583929563125,-0.056004344655778644,-0.004499942640526373,4.0
30402.999430582357,9.750468310041972,0.7159688758744585,1.2244246390357687,0.014146213903732873,-0.05317395469891829,-0.00170485392127444,4.0
30542.01658433637,9.732313276519225,0.7718758587911613,1.2393637891858449,0.007958357405628974,-0.02563770618652544,-0.020963212327997978,4.0
30688.002903721732,9.738415013800719,0.8268577560003063,1.0658240691207705,-0.0023227193687438818,-0.02270193650297179,-0.015428915667494242,4.0
30827.98680211583,9.735936697638213,0.7829087741690705,1.1826851237717968,0.0017470906789087007,-0.04781282858965264,-0.013564142687969922,4.0
30967.017177685215,9.65366572032594,0.5019497878915468,0.6847960256824296,0.026366271636130336,-0.10302978512184963,0.020185248641306098,4.0
31108.014792514183,9.60476538052902,0.39215345949104774,0.945677024758692,0.051097636876757904,-0.06313087154607239,-0.0255755093548308,4.0
31247.992988728583,9.769835781892903,0.686922243309167,1.1365416016569627,0.03965340546537849,-0.0160860017230814,-0.002923743161546273,4.0
31387.018521049118,9.750284066740287,0.8910870272677767,1.1200624205718124,-0.0042694758952274165,0.0013436538930207797,-0.00246649871590534,4.0
31527.001250093817,9.874781448386837,1.0067980242565966,1.0237218902042065,-0.009131034679680123,0.043032914364746676,0.042974604659666404,4.0
31665.975000889634,9.248663939695016,-0.04969022031086757,1.404104193631846,0.019060054932307717,-0.07520817816789134,0.01877335519142572,4.0
31806.00222309431,9.901067400165115,0.6781583467489803,1.2360258578688814,-0.028611648696778055,-0.03222807031328761,-0.058016959290137546,4.0
31951.018224277865,9.714834355033654,0.9226022655097226,1.2652004521637752,-0.003625166287600299,-0.011403249856612068,-0.02246668151915891,4.0
32090.017316953134,9.6336279544757,0.8173707100297515,1.0294206193330995,0.04547408388952403,-0.0637740266722571,-0.0047140885207831995,4.0
32229.989747448693,9.650398001173947,0.6815880951896978,1.2508567933847303,0.035710806927089396,-0.05070508227978556,0.00451588571902169,4.0
32370.006207988776,9.73681691403409,0.9471888273507709,1.2048414162968906,0.013745335778385893,-0.025302801920572184,-0.04140273917598232,4.0
32508.996705704532,9.742020436664605,0.9971262891441051,1.1900457960014397,-0.014586837420661003,-0.045666418870357696,-0.015238722182334942,4.0
32648.988208884453,9.58866057608945,0.6299271024292292,0.7411747710918889,0.03047872366255162,-0.06436579529709455,-0.014363329327796064,4.0
2686.008513743762,0.8661000685570595,0.3538899638643797,9.999543733716965,0.019077261322881307,-0.039501733250405145,0.001982818395874415,5.0
2822.007814046276,0.8667449826786265,0.3010789782384355,9.8137433002318,0.02699334060366568,-0.01843242007647246,-0.0033613554062285993,5.0
2958.004761492791,0.881027832121227,0.2643604158466955,9.962006027437212,-0.01212836053443605,-0.08254537318104382,-0.01444334487156176,5.0
3092.983713647286,0.8940873551055245,0.3492768230199872,9.923157485812236,0.00750350121690279,-0.07249384582157564,-0.006348994689741819,5.0
3228.9895516428387,0.8827716499861936,0.36429695015536895,9.806669303928386,0.010593131237800809,-0.02737152453070348,-0.014912911405809132,5.0
3365.0037446895685,0.8612313245805722,0.23515380301038424,9.905598716917934,0.01153757085313968,-0.04662503177286365,-0.021770653719785933,5.0
3500.008190678377,0.8471610054752567,0.3305307435965486,9.976392891090523,0.015640774416303564,-0.061315197322480926,0.003980542357324201,5.0
3635.999279443601,0.8974021171999591,0.3898521487629768,9.93210317591461,-0.001310911846191541,-0.0635596703715082,-0.012741974358156504,5.0
3777.0010157630663,0.9122816766608028,0.32897374464297524,9.970512330422629,0.017550836430014944,-0.0924041678450311,0.023220381640705036,5.0
3912.9981297497934,0.9017576325097293,0.312605488049614,9.956096310168716,0.03636496750564581,-0.05666910649138794,0.027274474926038662,5.0
4048.011894515417,0.9406274419379707,0.4089563289602779,10.00826707941115,0.013969779208589836,-0.04954073290058798,-0.0016062562650239129,5.0
4184.0077009518,0.9132793885173901,0.3025341628273992,9.864472411556081,0.026273481485021687,-0.042849603768143445,-0.006005397133152946,5.0
4320.0021119945,0.9366006540049859,0.3314345562803503,9.80252499012727,0.0145580496491404,-0.03344798152709408,0.00427177864287073,5.0
4456.003323230946,0.9154198429172078,0.2827044570037492,9.900065713594385,0.004295253986957966,-0.0539723329537387,0.0027384559093598937,5.0
4591.006206852223,0.8605456090856137,0.4295773501362241,9.998108054935571,-0.029952246353929294,-0.026322744661842198,-0.0077165428217147985,5.0
4727.013873087895,0.8934067737043524,0.3294421014511803,9.884807834391811,0.01875733559912531,-0.04198813452888467,0.01099820596668968,5.0
4862.98823543583,0.8775856664640493,0.19908777677752942,9.815973163472197,0.0036372525784638503,-0.04422488573952446,0.008532339030828735,5.0
5003.983632330005,0.9223499827939092,0.34670765417922206,9.87147956323708,0.0215881275093786,-0.07390463016659657,0.021799103662836362,5.0
5140.0083977650265,0.9697605820002322,0.23568999634581198,9.89049287704756,0.024493837679546836,-0.06097882170388247,0.011139790667430679,5.0
5276.002304341621,0.9379717309271188,0.2474577401100123,9.914385884324625,0.03699307884911548,-0.02625606117109955,0.024606310823466766,5.0
5426.9862481350065,0.9986763738113958,0.31458235929737505,10.005220329718643,-0.009146059349241948,-0.04045635951141221,-0.019866301110131452,5.0
5562.99916964376,0.9686401924249863,0.2495257504984639,9.694848369850463,-0.012212021166126527,-0.054281727549422766,-0.007225797789032869,5.0
5699.002113157507,0.9855482316139996,0.30907561031636643,10.071216481669428,0.024445471044522847,-0.041591126492366785,-0.0007696023278699845,5.0
5833.988559401352,0.9118868056371763,0.2978259514666815,9.944953762763998,0.0028698402471799035,-0.04701799099714144,-0.007273826236505462,5.0
5969.989847614258,0.9011920139014903,0.20994320232111346,9.784120084168757,0.013885730288070618,-0.027203476650674612,-0.013994106981404323,5.0
6105.999963656741,0.9505108782669952,0.29524072931566975,9.890319618686242,0.011184001209847859,-0.03905378520389684,-0.0009952968796148238,5.0
6248.024171825805,0.9288262143591904,0.26007138741594393,9.829196179854703,0.03415946870058568,-0.06854295719975886,-0.015611327554516857,5.0
6382.992145283218,1.0322316051053808,0.3293688800339691,9.901167445330808,0.030774641209919865,-0.09428691596486985,0.01920005506839221,5.0
6519.003262158367,0.9249025527347468,0.28394028675874144,10.078600052359649,-0.009601579433034926,-0.021455109470154703,0.026867536462078838,5.0
6655.014784519742,0.906602919766612,0.2890991588258563,9.880140007420964,0.00858427025752297,0.01247081770008842,-0.004784911185518766,5.0
6790.985717901303,1.0154249454343915,0.3811143289753096,9.846974658078883,0.029539265848376645,-0.060348082680509146,-0.041085994092217824,5.0
6925.995237752831,1.0110627921518385,0.3569299791836495,9.95345487390347,0.05149554924256346,-0.0652302786294299,0.013563533571885444,5.0
7061.9849340317305,0.9185684608543464,0.38677347945152485,9.962034967729188,0.0020010746661810754,-0.000512277152530634,-0.012381897419860012,5.0
7197.997134573304,0.9301172847270637,0.2722639005975968,9.937585319116947,0.01917159658732036,-0.006197285956024078,0.0007227369298887564,5.0
7332.994689699503,0.9122899397086675,0.3553032000972757,9.965278290294183,0.00567585235390369,-0.06326938831954437,0.010313023696572067,5.0
7474.9941961319655,0.9659690433331555,0.40830617291064464,9.857751847290585,-0.014352472526573548,-0.0389878122258151,-0.02716164097240139,5.0
7611.011537974637,0.9814455785212244,0.27751858796925954,9.769689504159855,-0.017469081548771536,-0.03455501276136005,-0.014709950862174366,5.0
7747.0164353187165,0.960802577207329,0.33564425242152074,9.815889414116626,-0.003711195184628061,-0.04637618723938478,0.0007422502996509347,5.0
7881.994600397585,0.974654343877053,0.2920634931435833,9.894910829325696,-0.0019158429603507213,-0.07691472667609409,0.01764938293216315,5.0
8018.009053238093,0.9470991601165097,0.1968695418940595,9.8689664411408,0.031859051495548,-0.019777707001604857,-0.022392968602128777,5.0
8153.997125651838,1.0202019398989053,0.3787820598811177,9.75096850008767,-0.003285025839647184,-0.021304922154767637,-0.014543777262311562,5.0
8289.996726705263,1.074364430687599,0.2990374089720108,9.768952394050899,0.007409757738650552,-0.04785901653078258,0.02509674486149593,5.0
8424.995042176875,0.9919206585377021,0.318857075933979,9.854131449709381,0.007472872358627587,-0.04817187166363542,0.026335241454553036,5.0
8560.986644915047,0.9622745539110149,0.26693715958767733,9.900222230948934,0.029431616747741796,-0.025534043383055836,-0.010150025327266258,5.0
8703.009218400908,0.9871284524252705,0.3763186125092203,9.887666707834484,-0.0019638523793801886,-0.03690581673130647,-0.005317496987993924,5.0
8838.007681160227,0.9437988083898049,0.26551340822041686,9.833405846388962,0.02043579697604876,-0.03289731886768141,0.0032769068554377293,5.0
8973.983236995098,0.9200101777254192,0.3681091305661464,9.98972141665157,0.010912360988246859,-0.04214966068634714,0.009319105582964646,5.0
9110.004209105386,0.8767687392301067,0.3015432460449137,9.821210463942082,0.01782848421828822,-0.05373309951751372,-0.020467063940461907,5.0
9246.006269284206,0.9673325594482717,0.3322524427114911,9.751626313978946,0.009853868335945759,-0.09059310198272401,-0.004798087161101543,5.0
9381.006484071117,0.996168215095312,0.3262588070292895,9.804240146231866,0.012382593472871394,-0.02365405529441392,0.009273626062775441,5.0
9516.999692183726,0.9613890564896336,0.3524033078638255,9.933102564540329,0.002116806119303954,-0.03494355180963332,0.00944371090150385,5.0
9652.994719374625,0.974690323446992,0.30420241064308523,9.83691281491084,-0.012119100324165737,-0.06636038403467844,-0.01648753022806364,5.0
9794.005260616552,1.007054690717672,0.3194810600713702,9.868662704826704,0.03747051396728528,-0.04661209088743864,-0.0134596518757155,5.0
9930.018093638106,0.969244630673078,0.36647260182690333,9.90118980908365,0.005905432099180475,-0.029641852375645934,0.009171954504322734,5.0
10066.004439515631,1.0099379424476154,0.28251690869171614,9.926656047672761,0.01368030826162978,-0.0010405360821016689,-0.0026498554596579445,5.0
10201.991686528294,0.9626224976690814,0.25841228356449786,9.671308427973258,0.015656634404445195,-0.058781944706462974,0.00856211019164119,5.0
10337.016966869562,0.9928447443212478,0.40903809145275916,9.946222739557632,0.01820242835571492,-0.04954905630983699,-0.025232305860548657,5.0
10472.979286972177,0.9746843483560049,0.31467382511837577,9.871732939504193,-0.0013553929589866362,-0.030426570769548085,0.009769221302735635,5.0
10608.998478353735,0.9423953474878579,0.3437800306764221,9.65971091304657,0.008630076864850037,-0.08186354797510227,-0.009100212500098214,5.0
10744.99268379719,0.9761973481411788,0.3558554848079396,10.036747335662417,0.024551735765349792,-0.03427164819661132,0.014605343957651284,5.0
10879.986023650208,0.9436099334182655,0.404417425489169,9.881754308832699,-0.0038865355968340422,-0.032250796481002805,0.000914129772954297,5.0
11021.9984613527,0.9709628197828196,0.296207663638035,9.689857257247732,0.008137829774598974,-0.05621986552685944,0.0014787170153889781,5.0
11158.00858478289,0.9732374214281345,0.37264582599862206,9.88102106230869,0.037507030917097096,-0.04808033388716564,-0.020751568053123587,5.0
11293.008842850444,0.9679859120573283,0.34896638036201416,9.921340818954551,0.012904531933395882,-0.05061887141534714,-0.005579036586992913,5.0
11429.005192086406,0.9524634856397094,0.39390338844067097,9.791371141279527,0.02729353489741927,-0.0685938655195408,-0.01186003372643744,5.0
11564.984938122121,0.9444374267827305,0.31398084226727674,9.889344047192186,-0.0020258811115208292,-0.059657795157928205,0.005780777516205014,5.0
11700.98321485896,0.9186912614020136,0.3624508270697919,9.903139183409078,0.035233965803846135,-0.02434062162630775,-0.006455857508512568,5.0
11836.007465993916,0.9436447144921141,0.378010127839659,9.8001199793388,0.0032698610613770946,-0.03905163766010404,0.006475397494453255,5.0
11971.999187221281,0.9233299206327185,0.3418675602364334,9.917317654974001,0.03242172758580222,-0.046697850307222795,0.006873247847025402,5.0
12107.990437796536,0.9378682455259347,0.46458813746196226,9.906413367237523,0.025103953690322908,-0.06676004673867998,-0.00371667007421387,5.0
12249.974735130194,0.9335022332357497,0.4019866221083419,9.84742584115894,0.027016612825811148,-0.060908134375554784,-0.0027919987007648636,5.0
12385.01496270025,0.9138396250842856,0.357620868537093,9.946915264151427,0.0069496030982622485,-0.059069572862702785,0.017730091801028566,5.0
12520.99176692857,0.9260816067789622,0.4464198825360498,9.92619133869963,0.02938327394936725,-0.03829396621079638,-0.02343650580566276,5.0
12656.993371678585,1.0040542248618116,0.4492244934530565,9.847952848454703,0.00043613182615123366,-0.031034845204073912,-0.016775782601536317,5.0
12791.996441287749,0.9481054431551346,0.36620310601324746,9.879383772706559,0.022713308113119796,-0.05964026323198191,0.0017991577606017504,5.0
12928.002516561344,0.9090143657514078,0.3736145990032927,9.859174777993148,-0.0017998362339204403,-0.04533234829594631,0.017451511709101312,5.0
13063.986673030568,0.9871119324900923,0.3434268934269782,9.865695840001072,0.009671742604682792,-0.011465162119107137,0.001491825957510635,5.0
13200.002019975884,0.9743084707273961,0.3877376168005785,9.807098757748859,0.009252149655348294,-0.0658745390975614,0.013532603643717592,5.0
13334.998090800562,0.8846662259461825,0.29208823479556784,9.719097824842992,0.011046533638298214,-0.03680638573604878,0.019729967515801014,5.0
13476.991786082635,0.9124021702490407,0.43302045332495565,9.861268587124046,0.021575824434845757,-0.06867901117651547,0.01446817933726605,5.0
13613.006885194074,0.916372433419925,0.3019104809710174,9.98234445140602,0.030452822047141694,-0.051759706366195944,0.0023264644640512556,5.0
13748.994488017022,0.9272989035965135,0.3506015011584147,9.824815707395562,0.03278523968655545,-0.04973203592649672,-0.005858013193683599,5.0
13884.004836918817,0.9514873063281036,0.3995450571890274,9.945828115175635,0.00809428773909211,-0.027091548135548423,-0.006719599452678658,5.0
14019.981770679546,0.9165078730303365,0.3472796595025378,9.883637528070766,0.014943448911626968,-0.04470294491651056,0.0007654669297403618,5.0
14155.987471372437,0.9495362182694891,0.3925976449487408,9.8526000175612,0.03144673868531259,-0.055221176958667434,-0.001268729252472824,5.0
14291.001791589297,0.9621927286241261,0.3715017996307076,9.836396115008974,0.00521658606354399,-0.013561854708586027,-0.02261958616975933,5.0
14427.000252386162,0.9431378892995858,0.36146507792554655,9.801113141941306,0.0198252889881553,-0.05012027165258121,-0.007988158453240269,5.0
14568.978028657584,0.9155284655862591,0.4383045413974221,9.786989968728792,-0.006539693099804089,-0.07278118055246431,0.007674634402141755,5.0
14704.98373072147,0.9062122736147393,0.3746958473975539,9.943597078842457,0.021473303132449894,-0.07494750499203315,-0.009960656005200566,5.0
14840.005795478708,0.9630644152229919,0.4522172520671934,9.824137742937038,0.02645041998347638,-0.027467722174590502,-0.028367525268454347,5.0
14975.999198329931,0.934852359473334,0.44291737114661417,9.856085867831517,0.023629732150030957,-0.0314519386053416,-0.019691732691890916,5.0
15111.99445770383,1.0349752699933408,0.3958371855288714,10.053962636198925,0.044516384224262254,-0.07693983757186432,0.023795975962155838,5.0
15248.005568238168,0.9965948644380584,0.5286217807751635,9.385094040751602,0.0026913549446811224,-0.10778189629642418,0.037986031808709034,5.0
15382.976230242128,0.8509117166072819,0.46237249390693064,9.801306181606277,0.023162401375111635,-0.06862369334947965,0.021757450695790704,5.0
15518.980622847846,1.1720180247199112,0.4961957300953439,9.623755618761757,0.017219349783071245,-0.0498108394920445,-0.007816687441629055,5.0
15654.986389133277,1.0688880780505712,0.5582196208684429,9.64854153773866,0.053706982761522935,-0.09456619333689585,0.05411748701219997,5.0
15795.999253805692,1.0656388243227566,0.45921557938545504,10.244908135855583,0.0052659440928618855,-0.023896788024171098,0.011605404206417346,5.0
15931.998215347201,1.1113621869139072,0.5702249713740758,9.948531026014209,0.005793957369032398,-0.02486110935850585,-0.004972423686016449,5.0
16067.988077522572,1.0878965761499115,0.48322225858636575,9.846492613697448,0.016149012413323026,-0.13918020805210113,0.1595691037773287,5.0
16203.990401492958,1.1207559871792019,0.3502745159807168,9.391063358064184,0.07706613340560958,-0.04039250930543432,0.04580659005361218,5.0
16338.992664507698,0.7857490584910443,0.5256679298407311,9.860740028653124,0.009345139023905094,0.033815167821711754,0.015055595648723049,5.0
16474.996013815467,0.9271706511873433,0.6224981565793686,10.096742376299373,0.05293505066880198,-0.005315917319287222,-0.03691645944771237,5.0
16611.002859876506,0.7397513169344705,0.6375535999001779,9.865803569626047,0.03317381787970381,0.012128165651506562,-0.019917683673260682,5.0
16746.999049446298,0.4052379285654345,0.7773660173292789,9.883571091956604,-0.038688157613576815,0.172903739199718,-0.0173708706798522,5.0
16881.99602422742,0.6019329602674521,0.5423748809945339,9.924244048655096,-0.009540814948603444,0.0986518875581768,0.025117319923967762,5.0
17023.001706604155,0.46193823156211056,0.5270342849958116,9.724247553901698,-0.02406364030609047,-0.04825392028847653,-0.053525966225875535,5.0
17159.008276638695,0.46730958855953525,0.46342075745234107,9.768629046896523,-0.005926146942017579,-0.05599569378390936,0.05758612515604803,5.0
17294.001959632722,0.6922292966362538,0.4805925905451005,10.064649654055854,-0.08363491772301646,-0.06203918838056525,0.04645785771889838,5.0
17430.014614721345,0.4762107719740489,0.33544799099168454,9.428707429045119,-0.037390089650966275,0.00215653278040058,0.0769606117134157,5.0
17566.00765527892,0.40690424809907416,0.36612831356528935,10.142747554151052,-0.029297542284584126,-0.033778905516252844,0.06670635159257045,5.0
17701.992806198832,0.440044847108155,0.2937870413955819,10.086600952269121,0.03860954487822225,-0.04642332602818414,0.03429432057908024,5.0
17836.995395729104,0.42476231461948066,0.2119477925968056,9.76571456114841,-0.018252321744279813,-0.01901355907874968,0.005435742321550648,5.0
17973.011020514823,0.4342634601151075,0.40509515680325014,9.864886424576916,0.0021487173311800023,-0.040827722321730306,0.0178156742564936,5.0
18108.981556457966,0.45719764661350976,0.32436375767156406,10.008551432951556,0.011486231552762302,-0.06117083235771278,-0.0006177005232138569,5.0
18249.99330143151,0.46865283737629077,0.3488732750352556,9.728935112348076,0.03252138478237039,-0.04038622598007698,-0.013806985165489746,5.0
18384.993689113267,0.4491842258905041,0.4597638687508261,9.835867489889852,0.013179363899537175,-0.053107808591232965,-0.0029890280451893496,5.0
18521.010905030154,0.4355961088614221,0.39498376919402206,9.857353136300661,0.01960717204840318,-0.058641338118610456,0.0011757688694240952,5.0
18657.015295507677,0.5124100862222745,0.5073129919928491,9.563682041090832,-0.002950788834962985,-0.09468132679476655,0.01608334935153669,5.0
18792.01611847832,0.5315551015871226,0.2120706729275391,10.050888981478119,0.03102739182314521,-0.03889755541852868,-0.018110142893008038,5.0
18927.99437235279,0.5663212953968759,0.6512052460112134,9.913671096068807,0.01899501475784807,-0.04236632067527788,-0.025922172606275717,5.0
19064.000438995427,0.6017633908208612,0.3928590744578453,9.719943529489173,-0.012397325241419462,-0.02948334833848842,0.009029783316861937,5.0
19200.02323266944,0.48250131112431077,0.369767656650504,9.899788377801508,0.027887015627554728,-0.052324624121876176,0.02705091629762428,5.0
19339.99595943523,0.4729956157540917,0.3551054496113665,10.03060799582244,0.07111396133268512,-0.05602898738520807,-0.004842161674844258,5.0
19475.9976369749,0.513393588491738,0.5926695924856947,10.01971749320763,0.002252362654188056,-0.06240563907862407,-0.022157338278011057,5.0
19611.9885619967,0.584903210479321,0.5912384895626379,9.652881575360219,0.018557053027019984,-0.06251104280606878,-0.011501498788991522,5.0
19748.0054428662,0.5669510611442033,0.491632174934678,10.109710666042812,0.017431961622217104,-0.038329919234798816,-0.019844275220811114,5.0
19883.013455741562,0.4968128021024078,0.506240727091354,9.852118653521538,0.003849829993166699,-0.03230482518715669,0.019280645678521773,5.0
20019.013145326164,0.5011758847625222,0.47126550216557117,10.067702935942455,-0.014294692784590493,-0.026259290462692573,0.005037107919395031,5.0
20155.01205949708,0.5634030529464793,0.5014323945965441,9.975272601756478,0.010077146763614592,-0.03750695925547999,0.012115119770481167,5.0
20291.00564246457,0.44471035417975524,0.4026831133956816,9.94240578986721,0.05240752135130786,-0.02025317019948024,-0.0012296349604932065,5.0
20425.997060452333,0.4324724579136032,0.4822546336112774,9.91632748359578,-0.016628102141401813,-0.06991181135212585,0.01248876125036404,5.0
20566.988258226673,0.4325452187270209,0.2956428299891606,9.65143373427388,0.0007406378137183564,-0.09257956353520025,0.01222454411865347,5.0
20702.996664792445,0.46918353775159793,0.7328407903427426,9.881213940610778,0.012325074892898778,-0.02925602243150888,0.0038144489873065427,5.0
20837.998436397986,0.5425181650155445,0.7689689975773353,10.058967349754283,0.00472419988906093,-0.07762815256371043,0.010943415320245498,5.0
20973.99307505656,0.5460354246997215,0.373471781099945,9.855639154444475,0.041964756285553996,-0.04994467497621314,0.0044077936272922166,5.0
21110.006634661517,0.4802079528457796,0.542654158398495,10.01203547856203,-0.0006603802753190474,-0.024590670756941903,0.04066641180530681,5.0
21246.005311177014,0.46149808299444206,0.5777056154063366,10.056681954334637,-0.022798266061947008,-0.034782489209042304,-0.026013807984574946,5.0
21381.00356886416,0.5062792562708498,0.4185804899565462,9.798249841052112,0.018704876341699286,-0.05381778859656956,-0.029629001407982847,5.0
21517.00671102145,0.5596397903843919,0.36032895074004745,9.861954517509155,0.05686280533111639,-0.016114291881153243,-0.06236665516211906,5.0
21653.015447310056,0.515125555301218,0.7048665562300772,10.087059809343856,0.005961633149720269,-0.03410861469409927,0.008733682649133713,5.0
21814.98789148622,0.4459584454240107,0.5503696558189081,9.717389577527324,0.017245926473813927,-0.0507091709090966,0.020394000495341576,5.0
21954.98246547356,0.49384906370919274,0.44807913772583563,9.818759922366622,-0.0007806144679445266,-0.09304687612323384,0.006719219275071138,5.0
22093.99166787427,0.5149035368548146,0.5236549181913008,9.814518898969325,0.02494508506090171,-0.044060087462377225,-0.004512844161602133,5.0
22233.979425822214,0.48754469448650123,0.500578927534227,9.879091329817932,0.01272193735252197,-0.05072463133440563,-0.013234339688879196,5.0
22374.010444121588,0.4636697410232109,0.48315903491067613,9.834595058600728,0.012602344676954069,-0.035081955541881586,0.010322294119251809,5.0
22513.01159895412,0.4406687651019148,0.48662919609507027,9.940041960471907,0.004145154472102436,-0.05301047088575426,-0.004174165513589781,5.0
22653.008827952115,0.48713885810572205,0.5720747321547093,9.894040078763274,0.00018807128380969346,-0.04308387632171226,-0.0054295980490050855,5.0
22792.006129588364,0.5305680822852621,0.5199419521890143,9.865403385235265,0.0003868106959612288,-0.014551134271223377,-0.00999590548596875,5.0
22937.992921383397,0.47452705632637726,0.5097229209529605,9.76893689852456,0.0003291277556847608,-0.054374398138362236,0.023880766293548007,5.0
23078.003120072834,0.4215485282672118,0.4926058051631379,9.929658729969095,0.02578883952876817,-0.055799141687199634,0.019774648871815424,5.0
23216.99906743312,0.43582496116661185,0.44553063199380744,9.893997770365832,0.022906700997713986,-0.03367999209299044,-0.027005413692375538,5.0
23356.991610957823,0.4240714616679359,0.46519038039675104,9.874660392530076,0.004424122731675941,-0.030540270829525252,0.007715489947292651,5.0
23496.99641626023,0.46378704849961905,0.6176443351134756,9.932240375863794,-0.0019053806770526014,-0.04546333629093371,0.013809200584347536,5.0
23635.99183156529,0.4311543293129417,0.43784837351678496,9.788198915763337,0.018883771767773925,-0.06746103267975287,0.0096298762667398,5.0
23775.9915090509,0.45794112633031503,0.573192875837835,9.997086225151621,0.05066329822343924,-0.07780517124222351,0.007718476294324447,5.0
23915.992258989834,0.4499734597860848,0.49880237870110555,9.886421962912546,0.014623616068397592,-0.04691169233768195,-0.004782845932655922,5.0
24054.998457744354,0.43328071010771996,0.4376587807043277,9.942307900260404,0.025519361787252125,-0.05548184842970424,0.005667154072081753,5.0
24200.010066991956,0.4414876169929576,0.46239188342813325,9.845604649259704,0.015061023829407704,-0.05742220044368236,-0.007132800963584195,5.0
24339.015519272114,0.4466134967800402,0.532960927447819,9.990084341198123,-0.004828211475204176,-0.05700840191907668,0.005717898223499234,5.0
24479.007965084864,0.40020529493876145,0.5521949953792885,9.926894573599588,0.029256698110356263,-0.049227762665417604,0.013993826918368481,5.0
24624.995153537107,0.4236122076990386,0.480701451868282,9.898968625406892,0.011541041490366477,-0.03675637262601925,0.0026787181852000667,5.0
24764.009261555817,0.4021998061602251,0.4894012526713322,9.82914914753499,0.00225291379057621,-0.06552745279168086,-0.008895486759082074,5.0
24903.993419575967,0.3929131553849797,0.5467419000786601,10.030496226061075,-0.020861395825165465,-0.06331427538290137,0.017705526548374324,5.0
25042.98912824662,0.39711600816657644,0.49464624035028865,9.885129517305788,0.03119709247397699,-0.053167834956570584,-0.00532221144835276,5.0
25182.99606140294,0.37904209474671335,0.48577218083264867,9.975888370524187,-0.002850134450094786,-0.035041911217329795,-0.004731612623719057,5.0
25322.989822601157,0.3971450876599991,0.5258322847378726,9.927636439145124,0.013997530286369594,-0.03896945062404685,-0.011171642341434843,5.0
25466.990559973463,0.33649392155544655,0.5296662731150465,9.898856559720267,0.0012129823134864283,-0.06297193611429863,0.020897538425216636,5.0
25607.00828016056,0.3845635247210605,0.5194929742739256,9.949762625519286,0.007975071768400031,-0.024181847656067467,-0.004760610434181129,5.0
25746.987837624518,0.3651218458092808,0.49833933543875103,9.81046744529529,0.04306066025035635,-0.06304535138967218,0.029906508366063275,5.0
25885.999276003226,0.3806950985103571,0.6813954839266201,9.965790690268275,0.010907022665882312,-0.046805190370357505,-0.015475836165151156,5.0
26025.990396512265,0.4122884648097861,0.5089280198613776,9.876175508499843,0.0038035551155682,-0.10448877097090672,0.011853830180516325,5.0
26165.99342497219,0.4589829192083137,0.5592036145111179,9.91149810768931,0.03619302054898056,-0.022535133419179336,-0.0033811383844601435,5.0
26305.000144098754,0.436310409555152,0.47521845501696874,9.9549642056258,0.009363402305830637,-0.0418514717255884,0.0046493431934354085,5.0
26445.006043880978,0.4627091158733876,0.5965034830572306,9.746286160053566,0.01845776048485105,-0.06715209905420393,-0.02813955189076596,5.0
26583.99268622146,0.4394554915716211,0.5141497713381329,9.870228935804802,0.022924214885318147,-0.06449071111843697,-0.029626921426079908,5.0
26729.99398103289,0.4242296420647062,0.5997916169451875,10.063582901795893,0.0005042197940602181,-0.0876125314061056,0.0022763452009611387,5.0
26870.99273777459,0.38542598437364733,0.501201309225174,9.917020765828543,0.0263736489666026,-0.013051672240200042,0.012131148981493712,5.0
27010.008616598214,0.4631006203021754,0.6346700612137193,9.848890821008792,0.007505416325482976,-0.04409864397819481,-0.026174290608639572,5.0
27149.99694254853,0.4524521951176654,0.5900972420425104,9.987704808424242,0.03193746782605772,-0.0413017559870336,-0.008169228101760384,5.0
27290.019289326698,0.45374978070514305,0.6405837040934836,9.824210815541125,0.036068637006877,-0.06836220415861897,-0.01105640572679482,5.0
27428.99140584711,0.47239982832905497,0.5891125183417915,10.10418695817884,0.025611687025979688,-0.043135048491577274,-0.029398699862895443,5.0
27569.005963425112,0.4816714671290576,0.6678030335585736,9.874339587003831,0.015085768536308697,-0.048233936352307015,-0.009974936741301814,5.0
27708.008916533712,0.5031388542973302,0.6807644811974958,9.954160937872084,0.012954453028171229,-0.07148281446627619,0.008998481769143488,5.0
27854.00502890231,0.4748016967969295,0.5584864179352363,9.922881653195375,0.025173282684545203,-0.032646659342668236,0.009503772341695043,5.0
27993.98728774585,0.40866935731722204,0.6554713544855071,10.063125117549427,0.0051160119190772945,-0.007967910358240843,-0.0062497512082970354,5.0
28133.009959677045,0.4524900567775339,0.5804562044623874,9.867014916443699,0.002130909255782798,-0.058026110382497297,0.003347196536678937,5.0
28273.004863680366,0.4539383173712339,0.6229695748567434,9.852053427897589,0.014851039351086151,-0.0555547015367611,-0.00662414562425025,5.0
28412.990642876077,0.41085395436403166,0.5738555324697402,10.013002819840981,0.0057981966543409185,-0.04051929360429724,-0.01016543761690093,5.0
28551.99313767462,0.4186949464214416,0.5213425075659361,9.958747231419427,0.00861725832655397,-0.02337377809287929,-0.008116472273983159,5.0
28692.008426519715,0.4243301072196617,0.6167370620943021,9.732107569576177,-0.0006868410162759171,-0.04854759528742954,0.007048578014397216,5.0
28832.006298813187,0.43338990443392345,0.5653024397252099,9.893117795635268,0.010076988417237318,-0.06274376383809899,-0.003510084263126634,5.0
28971.007502266108,0.4092226798169701,0.5676428398890078,9.963177689574515,0.04770873306723548,-0.07067052238400122,-0.011815459332371471,5.0
29116.01071208657,0.45805509852746,0.5856396044160953,10.203884058129717,-0.016041397023210023,-0.027481045203177883,-0.025500916822614725,5.0
29255.000007584415,0.3848713646396414,0.3444912452852723,9.791839407922485,-0.02920290228927078,-0.0709550304240202,0.039241624183535474,5.0
29395.00967001315,0.4134385042383506,0.4972179406158581,9.804411288114286,0.0006463739654526896,-0.05137855833476037,-0.008465634419664308,5.0
29534.993049290966,0.47101215534124174,0.544335730797866,10.023740011135022,0.006379346826848132,-0.06447232230008718,-0.0026403603461164675,5.0
29673.9986367332,0.5051638836458974,0.648687700483231,9.827581637751756,-0.0001157657965454574,-0.013766072103859208,-0.023902186417692,5.0
29813.99469791548,0.4982337536028305,0.39729829310275055,9.89479309791524,0.02780749045810157,-0.07376993493283383,-0.015400132632225678,5.0
29953.996094826696,0.47938002188564,0.26340359051621554,9.952475142311902,0.023565059116383975,-0.07447224944198945,0.007915055250292485,5.0
30092.997766271004,0.5314650721301026,0.612478716417849,9.96117523785188,0.0030648243554815334,-0.029381975391578916,0.0008757972635541184,5.0
30232.998729393497,0.48842992176878436,0.4261210877092299,9.862728369630798,-0.007634626706658944,-0.001606267333667947,-0.021584432184376973,5.0
30377.999987971813,0.41813999235072913,0.5424232523100319,9.841464962877874,0.012378690680703443,-0.0632310714127422,-0.0020542586852955653,5.0
30518.000188381207,0.44477456206041693,0.33215098697804224,9.810803705121781,0.04824478268378144,-0.03490781348863333,-0.02635876899163642,5.0
30658.002409321078,0.5164984961274618,0.704644601277868,9.904472203690837,0.030270460988275873,-0.06481841005852496,0.011736202005743197,5.0
30796.996524516213,0.417401998135863,0.5228896880986155,10.050821595010136,-0.01136891737211493,-0.02062105370709767,-0.004635953843781586,5.0
30937.007360503983,0.41098543994791864,0.47350898624066184,9.959681818269447,-0.02439349253215061,0.004053135961161023,-0.004105834458159152,5.0
31076.99599887848,0.3979768595042522,0.5043916112028138,10.014032679941346,0.01810869844831359,-0.05837787575957838,-0.02976546882773645,5.0
31215.999391839574,0.38489124952374004,0.4516599534384677,9.85149332208778,0.02658482253562319,-0.042517151040479796,-0.0013393277820221608,5.0
31356.019019920215,0.36405766674568873,0.5257888651767846,9.961955506345216,0.013161498499546644,-0.05949691017224829,-0.0043172964197524845,5.0
31501.00999565233,0.3421568101445213,0.5291209170531869,10.003187669473466,0.01576458614440424,-0.04052046779093473,-0.01556014366167973,5.0
31640.99523425718,0.4486776662942234,0.5069086225066803,9.821396502669728,0.03341073078633654,-0.035916348643880006,-0.0049435714576013725,5.0
31781.001225265416,0.42167229576723214,0.450390813840056,9.908268926662426,0.028585487290395773,-0.052261453487779115,-0.0021257030008456634,5.0
31920.019546972326,0.3810808691712476,0.5443673604385881,9.96311644818625,-0.0039464262098005635,-0.02350228920774011,-0.01533133608652323,5.0
32060.001707983516,0.4045636083273538,0.5286345446883408,9.935693594465985,0.028119200562233892,-0.0385005819275503,-0.010936540181359443,5.0
32199.99510522262,0.33186327169563834,0.4603888030480428,9.879325752167183,0.02721901146053878,-0.05327384774515561,0.022720181564846148,5.0
32339.003162428406,0.4081704459389891,0.4549166561744466,9.82505192437214,0.02730775294275826,-0.04220362762608704,-0.018473598056560576,5.0
32478.97150846487,0.3953198026712749,0.4767303171168248,10.130186905753678,0.00714411113835641,-0.05321470610333273,-0.0010708886032294658,5.0
32619.004378815986,0.40797916350434327,0.4617413585102729,9.872286335643814,0.003046622613481444,-0.04427388715320314,-0.013370505322347131,5.0
2784.996290502234,0.18912601162146533,-0.27756152071227985,9.917151742497374,0.015728491549163927,-0.06236398243854526,-0.03393427369805699,1.0
2921.996625732512,0.4074990284419589,-0.3697870628889201,9.849187895876415,0.07937454575780518,-0.04652381915912588,-0.09681878438306034,1.0
3060.000420539106,0.16809209697846417,-0.2271551485148664,10.183608711034587,-0.013143468682310132,-0.08481400838210595,-0.005060982462948574,1.0
3198.0043928087844,0.19518248878405217,-0.15078671612893982,10.474443134566846,-0.014302597586818502,0.07170410926229344,0.028270822232318624,1.0
3334.9917020178086,0.07297829878574552,-0.41394139086945964,10.040613590263254,-0.06132554656409443,-0.0790117296712074,-0.05065413191786226,1.0
3473.004344959781,0.20073344217189026,-0.5833556949817739,9.629522795274806,-0.005679129834944829,-0.047417666622557045,-0.027419478229312302,1.0
3610.9931057279937,-0.062329440742099715,-0.529763867542082,9.76605483089041,-0.049970003701740276,-0.08333656045580774,0.0016443231028964406,1.0
3748.982612268886,0.3136960152782586,-0.28230189366157565,10.451601437112632,0.014361666056824216,-0.06436825313813159,-0.0049762183847169746,1.0
3893.004733322378,0.02477682559948173,-0.4652638975248569,9.684272371862964,0.04989086846466166,-0.04722801085856252,-0.0033979848612940085,1.0
4031.0119681864685,0.3483375709413763,-0.47041769896075536,9.879857889639032,0.11019309896999574,-0.1232843177450583,-0.01312564150257453,1.0
4167.989870329332,0.3992846956712783,-0.11668182437695351,9.3352002878839,0.015431913635309435,0.06555231201803781,0.08243275896917347,1.0
4304.996432288982,0.3342232979671607,-0.31310434856286246,9.877703213683864,0.05079454161920227,-0.09591093746109597,0.06061984278633943,1.0
4442.005532835034,0.20393648767726968,-0.38290644871991986,10.069288223391615,-0.0370923543188152,-0.025145188032231872,0.03272024572762404,1.0
4578.977694802609,0.23712297884238814,-0.4029339021845965,9.870895651761813,-0.06389834474072181,-0.030144835764796988,-0.014322262312593712,1.0
4714.006236223487,0.25353119630404036,-0.539083224732732,10.005669060338967,0.11760262446353978,0.03514449191416952,-0.013182775452127819,1.0
4849.996557326446,0.09321824782541147,-0.45203330787546675,9.926898689507642,0.06275308891501112,-0.02037207024061087,0.05100702301180398,1.0
4986.016847777447,0.12022727345076324,-0.5141470497255818,9.7537335810153,0.11918229910529697,-0.08197864938926766,0.023909779352491476,1.0
5126.002176994115,-0.01823326059540582,-0.3045358735107126,10.077868742813719,0.087114028439638,0.016363933806738132,0.0280825842083596,1.0
5261.995170287498,0.043110333297384014,-0.09350584452222156,9.903901479049557,0.10441014351502984,-0.02691635447683503,-0.0036380176990216243,1.0
5398.013662367865,0.04931958300689509,-0.23104663466878592,9.750383924002895,-0.009856415954264812,-0.03804157169709771,0.057065604366033404,1.0
5534.007155251691,-0.014021723669520142,-0.24132916647910221,9.789699234966271,-0.07221347501912151,-0.08456412963238738,-0.011592674910902764,1.0
5668.993769625865,-0.046606669532764475,-0.3621123725655846,9.771972897309817,-0.12782836872308287,-0.057843266632040015,0.022848904350597343,1.0
5804.979668683328,-0.02372190676374013,-0.4136200825681911,9.874169192210518,0.08013312176639774,-0.05450569335653501,-0.01638584177126954,1.0
5941.001955486961,0.10620156866300118,-0.3788027005460049,9.794207562109925,-0.06263320753960804,-0.08290233195781119,0.009822441976083765,1.0
6077.005716765888,0.08638944230506047,-0.3617825097124791,9.88143512816856,0.006899454657289863,-0.03771375604998289,0.011612133521296598,1.0
6217.989867718922,0.08305668361202333,-0.38113357420456834,9.951225645891185,-0.015304660501474403,-0.02654305664708127,0.0007746849113866145,1.0
6353.992540366398,0.06585903094549014,-0.4194481070470983,9.986193647751449,-0.02472846124339864,-0.008434852614187815,-0.008935185839436538,1.0
6489.9816473930505,0.07439958712124121,-0.43892947525014386,9.9365158191353,-0.017529574795143884,-0.03148631224756113,-0.02179615529352995,1.0
6624.9983117677775,0.08596605440164229,-0.47410297533619333,9.930292223038991,-0.013364428361319139,-0.029014063466019323,-0.007093703257827004,1.0
6761.000559697408,0.10280323123261477,-0.46865666105415626,9.832454385659519,0.01420867980159744,-0.041989845733331706,0.015620309687495705,1.0
6896.9887247228635,0.04996573014104292,-0.3911087726887436,9.93951468851816,0.002113805445979499,-0.009561618443356007,0.006439679140142119,1.0
7032.98725330435,0.01360161104178466,-0.46800981484686743,9.859868363588614,0.025101957319912355,-0.03788995741682653,-0.010195862682796899,1.0
7167.99717112316,-0.05684365184354864,-0.5539908825355953,9.877470796007174,-0.04149040625456225,-0.043876813665774304,0.009611262727196106,1.0
7303.996910921561,-0.01562638371784131,-0.5176924247282542,9.842324589075057,-0.018991994404591095,-0.04337825543044334,-0.006897655455258294,1.0
7445.0042568235895,0.02246581278823222,-0.5079844023651026,9.86049817874037,0.0784484132815206,-0.08988558706609492,-0.03121608313600075,1.0
7580.997192627165,0.011773947849581964,-0.4664291483585865,9.808331556790309,-0.003579019289169389,-0.038678667090845435,-0.019210243339349904,1.0
7716.014401298138,-0.0651511575996101,-0.4210369385539668,9.917428703276261,0.02043951825238316,-0.01596897787559649,-0.022403159380417058,1.0
7851.99286708493,-0.1613987106913569,-0.5060533044850241,9.780703039186761,0.08126752743672123,-0.023829875680714572,-0.004676928224300084,1.0
7987.989495323601,0.037636290267610346,-0.3563283684875599,9.958929982584458,-0.06164667543922174,-0.048091604020006194,-0.014264874313815536,1.0
8124.014285572413,0.011323238831854012,-0.3756424373939433,9.870820735368753,0.02919920807174074,-0.03981608717942558,-0.0206218042997706,1.0
8259.00134182467,-0.013228690506426088,-0.4077688546873066,9.894922465040299,-0.0056436519581173055,-0.027601930198084698,0.0009215017270267699,1.0
8394.998876416024,0.02802298983288358,-0.47834058464915485,9.832701238310278,-0.021596074020769226,-0.041026351650397454,-0.019710931695392273,1.0
8530.999104063158,0.030781313745478416,-0.42943869256365086,9.847288806157287,0.03471747993737986,0.0062567337843246525,0.022676653546058995,1.0
8671.000939252552,-0.016373953710264035,-0.42300438854845107,9.910581825311269,0.015917669740709267,-0.04624666277227621,0.004170780443071391,1.0
8807.009703753469,0.01083578604958824,-0.4134789817917216,9.95004871111281,0.019935501462789683,-0.04578450301494984,-0.019123826529173066,1.0
8942.978267303284,0.030868611161946013,-0.4824320654484778,9.970074796649916,0.021260448670425505,-0.032748002372662094,-0.006045706817280987,1.0
9078.992335662524,0.007850609747788234,-0.4344635699882943,9.937936997936461,0.024175037722998,-0.05765929328578493,-0.01365162997248644,1.0
9213.975668428884,0.038674103081857904,-0.4452011002608113,9.845438591437828,0.0017399716398118015,-0.035382961747533664,-0.02386226037558986,1.0
9349.999538805852,0.10305746314299143,-0.4338226351750942,9.994191473398017,-0.03096353529026017,-0.03075059306080274,-0.0019149641965208659,1.0
9485.99301066504,0.09056946308225253,-0.5382298570761515,9.864469252523191,-0.01817191329521851,-0.0610142134966646,0.013693342033672621,1.0
9622.00507031341,0.05866992882083653,-0.49856744586431895,9.957388275330235,-0.019311138516459884,-0.05034475046751707,0.016196062590247286,1.0
9761.994154111879,0.03066488742615432,-0.6853380933048023,9.713717171944571,-0.030339373031173324,-0.046963661088460694,0.03291519903961623,1.0
9897.990520009107,-0.052891617132725666,-0.6086208137224085,10.013456504769506,-0.036423577851987694,-0.001633862657953904,0.006716275768238623,1.0
10033.993456294244,-0.015316088434304808,-0.6941265416454132,9.801728558686769,-0.0382886850984884,-0.03553389406863211,-0.006080670512113525,1.0
10168.995097629168,-0.09949052182607798,-0.6310768658221698,10.02506530741576,0.03629315375155637,-0.05016123202235333,-0.012744975255206691,1.0
10304.999929723755,-0.10856818892889426,-0.6950340460589461,9.85643245472422,0.011984936085125226,-0.03933301426901769,-0.026249371420135306,1.0
10440.996576750305,-0.06063519283908438,-0.685666908631458,9.95440395150415,0.009563547676438569,-0.05562324450922525,-0.027238579401649456,1.0
10576.988341762471,-0.06148261352048398,-0.6785232263202851,9.948735299011663,0.017440852595502553,-0.026700035960820653,-0.007970492733319987,1.0
10711.996405122225,-0.09038064689732755,-0.7194073982729335,9.868342876117891,0.04366026692287741,-0.038172453875172846,-0.0017063084679614544,1.0
10847.997899340418,-0.06880285768562841,-0.7080568100691076,9.96927889394493,0.015268637555893265,-0.058926384502248096,0.0161439127032829,1.0
10989.00488331633,-0.07336372641331516,-0.7230821324668613,9.893456214693783,0.020972568777777426,-0.037241951759851157,0.0017127252975234933,1.0
11125.013864409264,-0.07547110230238065,-0.6105662532518749,9.900906094169688,0.017505969803921738,-0.033694126747368915,0.00405295044430051,1.0
11259.992532309969,-0.05181771636150985,-0.5933526027514435,9.94844754010565,0.010252042092978177,-0.06605297653201841,-0.0019477643670039006,1.0
11395.995542642906,-0.08078098978451854,-0.6468547653747087,9.897526333028834,0.029090347071389078,-0.03935584799568886,-0.009186724790965566,1.0
11531.990687623025,-0.04206903678816303,-0.5254876256408306,9.957022705053216,0.042073996187707116,-0.021984431663590123,-0.01729091133770504,1.0
11666.989485589962,-0.02272961376657188,-0.5397196518732912,9.903685394660267,0.03635386285125518,-0.036532315639639115,-0.003146676986088,1.0
11802.981684879785,-0.08498619999125541,-0.569623297589083,9.98346690694823,0.007054464248365147,-0.04075963724444365,0.010603353862537438,1.0
11938.999864681567,-0.021968267073418285,-0.5175988538083466,9.948274028187665,0.0035719189152188446,-0.013059252990102152,-0.027080896587384204,1.0
12079.99116806145,-0.01911508676202069,-0.5381006248347288,9.894020548017494,0.006902073600486817,-0.040480655456287123,-0.002299965769818785,1.0
12214.99198786955,-0.012378375012991782,-0.5611526327548163,9.93328645317023,0.02921676719468286,-0.03382967450783509,-0.017292359129634186,1.0
12350.993090336637,-0.05376686709489928,-0.5876746905598491,9.86996725209706,0.01776535670307052,-0.05381560495474805,-0.007029965890193647,1.0
12487.021614814168,-0.0350629731079857,-0.588935621473224,9.994947002857591,0.007193264767267519,-0.04912624787106931,0.02325419342834881,1.0
12622.995722352807,-0.0008319427031733641,-0.5770088225298609,9.831202491889382,0.021133128492278358,-0.039063987510562066,0.008712979115526542,1.0
12758.013369529714,-0.0217549359054867,-0.5858852007872309,9.95988305559789,-0.004437708049050032,-0.07088590697282889,-0.014623824343607289,1.0
12893.992968331158,-0.01781818260950039,-0.6740877132713486,9.905860306528197,0.005662222489062175,-0.03282176755496829,-0.0026898014413499895,1.0
13029.983364398287,-0.0496639823874119,-0.6145075553119014,9.922132946614466,-0.03149512620325846,-0.037762904242775036,-0.012699872546825749,1.0
13170.99130160652,-0.035824365401165674,-0.6493243896874129,9.910744255883122,0.033743529578236495,-0.0450151126241414,-0.026263345118630994,1.0
13307.00551593244,-0.09063486645754855,-0.6556240294578226,9.911813680387745,0.04719316641784168,-0.018129802799251842,-0.0013256604418007373,1.0
13443.004287470229,-0.08449082446176416,-0.6336756988114557,9.865111207493918,0.012360427824647543,-0.00695374517255966,0.021384684305289753,1.0
13579.000924034093,-0.14442269925970072,-0.6300081675970621,9.933450293038039,0.03783322691298076,-0.015080273796502197,-0.01615931360894683,1.0
13714.006537830337,-0.10441130157022237,-0.628876355427775,9.84003852054266,-0.004841608887289369,-0.049617493366032245,0.0005748983670414149,1.0
13850.013046386874,-0.09904735705504053,-0.6074779576270514,9.928991361229109,0.023593211510304996,-0.04429899283773978,-0.01048273114372886,1.0
13986.007433356119,-0.08122944584900567,-0.6137650991942084,9.921918760647724,0.02417148414939813,-0.04150507627653677,-0.011019874804504294,1.0
14121.986381386445,0.009365294863918421,-0.6256875805079819,9.816203679620388,0.031165844848007836,-0.06344580536840055,0.0034202910785170776,1.0
14256.993564925826,-0.06853581015579709,-0.5042933555620065,9.920374678963077,-0.015848074948884724,-0.05134250864340424,0.0026146401338182444,1.0
14398.994529132111,-0.04730149343454327,-0.5365518145972914,9.905342212179734,0.02218115516332169,-0.05813037000466912,0.03208856608997998,1.0
14535.007104455917,-0.026647195325606932,-0.5367863267512764,9.903332134643584,-0.022001886174423,-0.035512440727554447,-0.0018431650834833248,1.0
14669.986618515522,-0.039333750923397214,-0.5701736968448671,9.918616339586785,0.02497026772337799,-0.05258617574660341,-0.013666732226094437,1.0
14805.997977900986,-0.011925216148138048,-0.5807507746618699,9.8842194489545,0.01843987753973312,-0.05170250783582025,0.005517475920533758,1.0
14941.990436850312,-0.03842764245291696,-0.5552982623044608,9.876154286187944,0.006583587595228154,-0.049886578568761664,-0.006939596253706911,1.0
15078.012976646382,0.0053809365389051135,-0.5826934047931318,9.824463767276805,0.019059264152374987,-0.09687016977175981,-0.0074832217162269215,1.0
15212.994248156641,0.014877605012470154,-0.5393684251675922,9.921535689401098,0.030917261126316063,-0.08122901577488596,0.017765087824358393,1.0
15349.023939771807,-0.029128083289920854,-0.4978696983746863,9.909807618950152,0.03433600893062538,-0.07869512513650347,0.03280761222480772,1.0
15489.995751880799,-0.025566413417047514,-0.5448744813871675,9.870809951746805,-0.022689611330596698,-0.06744580902003214,0.006405521461077302,1.0
15625.012709394874,-0.005687883388557486,-0.512383569631657,9.911631075704065,0.010171846449465201,-0.04800921497904768,-0.008099288839765111,1.0
15761.012896585524,-0.03004004825996807,-0.5523209006032019,9.873976459321526,0.006737436321313176,-0.053047150484015454,-0.0018989079805156032,1.0
15896.996602819945,0.013532518502374849,-0.5618395371711132,9.89742354705451,0.0068160644431018895,-0.03734765631174001,0.008646523671415992,1.0
16032.991561761428,0.03832589559484649,-0.52506161879969,9.910966348040477,0.02914728810000883,-0.0558545511833583,0.02590159028616373,1.0
16168.011611634001,0.03220342531131709,-0.4921037659427268,9.900160466609584,0.014691006627256118,-0.037283747358891034,-0.0010268348691066936,1.0
16304.010042883194,0.009685115161672777,-0.5293589551418982,9.914564864004275,0.018213148261481467,-0.04528414300243559,0.026966188263213953,1.0
16439.984252557897,-0.008993740648056985,-0.5033015226929518,9.851964663580025,0.03320397447529662,-0.053681757643165955,-0.00491992423421796,1.0
16575.9982193286,-0.01700206711879535,-0.4810445009618384,9.929007708340617,0.02267157761121095,-0.047919226794676674,-0.006491056018240335,1.0
16715.98337581242,0.00402594225600445,-0.4077959903316608,9.941408218129435,0.01714299461663394,-0.04591970034313659,-0.013381967380268383,1.0
16851.969588996035,-0.01424212749516499,-0.37681943841193594,9.860711658983746,0.08231675077564485,-0.061284631535541575,0.0015151810758835108,1.0
16988.019319087372,-0.0067835310782562025,-0.2093685106598959,9.94307375895767,0.09515198253191919,-0.020657315136984964,-0.01790342948820109,1.0
17124.001195736488,0.02009644133189552,-0.28471723002215404,9.79508985804076,0.053461281941928965,-0.05632834930534719,0.0010375765641578306,1.0
17259.004697736895,0.033185751832768465,-0.21469049590422248,9.942110451310457,0.030751151891404607,-0.061188723523878864,0.007644114869367944,1.0
17394.988691272723,0.06757686970703591,-0.2346805075484878,9.864225527708006,0.0024402503826881344,-0.06416173893711502,-0.018329842379723668,1.0
17531.00427450131,0.10068864190616537,-0.16720043859134076,9.919979973686717,0.07763635432957282,-0.04687453087182737,-0.020666231106122205,1.0
17665.989042216275,0.10570112623188137,-0.19508107910375205,9.954482297277293,-0.0004778506245179015,-0.038059321966556446,0.006126015244767849,1.0
17807.031872920703,0.13105123978531355,-0.2047025449069628,9.915391056255157,0.03467075759824061,-0.04989693973583177,-0.008112928782797608,1.0
17942.988563315175,0.09610282430591306,-0.1342620711778417,9.948961768220578,0.07450938629986444,-0.003720263088668513,-0.002141291510194094,1.0
18079.008685205878,0.11853151225019627,-0.1020040136676104,9.973458466376703,0.038279459230783776,-0.05043205540150424,0.003917953817329983,1.0
18214.011295758002,0.0613008156990389,-0.12426641373783483,9.96969078678643,0.029152834319866126,-0.024713166438902635,-0.007670722387551249,1.0
18350.005564832907,0.08667937669642795,-0.12094448372148559,9.928895041347399,0.010625516639799572,0.0007441034256162971,-0.020723350145575484,1.0
18485.99560348502,0.06802729185524355,-0.13849374049320134,9.891117981969623,0.0185087452956479,-0.046761795711323835,0.015205171520904217,1.0
18626.995823526384,0.1173719877398795,-0.1108151201397584,9.974962538462625,0.0030152606544062654,-0.03707130804002366,0.001064977809149811,1.0
18763.994643083744,0.06991455226554688,-0.07755205395774242,9.977098222997657,0.012577440155813172,-0.06958347969473551,-0.03504535039620871,1.0
18901.007996424425,0.05683485839715013,-0.1108867456001761,9.874559489979859,0.018735060623765017,-0.040312953206015655,-0.017145074132634143,1.0
19041.99864793909,0.07916780423361419,-0.052089088042588196,9.95396904220991,0.04799501373108891,-0.06053433502420932,0.004202912489158823,1.0
19179.001739948304,0.1302593163210314,-0.03837474301245359,9.945593353500842,0.011185055146220656,-0.04067187278380167,-0.019223079608884305,1.0
19316.00853632066,0.11656643521508929,-0.08823025261592972,9.919433121807334,-0.0036501458057431185,-0.03830660800290576,-0.007161733863089397,1.0
19453.006553990203,0.09644011527634089,-0.11521250597667487,9.816438209671759,0.016020958426168144,-0.04827056676344443,-0.005958553880303067,1.0
19588.99559582561,0.08201283271962698,-0.11076535674422332,9.877439737583435,-0.0026829703154489523,-0.05762552043037816,-0.012093132433438236,1.0
19725.997274638852,0.1536482319240863,-0.08068785248637891,9.87570095804599,-0.004023878344835445,-0.017522082917995323,-0.0027278638973063482,1.0
19862.99447817297,0.1224025914778143,-0.10506906500668658,9.94796101177169,0.008261593718032869,-0.056527425358578735,-0.013393135553257407,1.0
19999.996090776487,0.11794166804151245,-0.13045243951736069,9.85646700563965,-0.041108573890895,-0.05057046112162773,0.005671597766575375,1.0
20142.012289777253,0.10832720936865102,-0.18904556495195338,9.81528668701415,0.051491008891930895,-0.05367635034655324,0.016873624669371413,1.0
20279.008535271627,0.13881361476146206,-0.11522783111735284,9.871773565312276,0.04390024062576502,-0.05687306795200531,0.01658834961623246,1.0
20415.00100267367,0.09688327248648528,-0.015124788274470946,9.943554223830377,0.028500336168770814,-0.04117825741374414,0.017303716898940513,1.0
20549.992335245093,0.14120354893136253,-0.048019318381582486,9.936555248572432,0.041431505485549164,-0.06006265665896708,-0.013534831391600138,1.0
20687.00174278257,0.13435379804014427,-0.049347319438380145,9.967380974566085,-0.0008608990825551163,0.011522466029767992,-0.03607054706476957,1.0
20822.98955586443,0.1347414564317343,-0.08578527279132173,9.898634545037124,0.027335634854202123,-0.06340750241661097,0.014800275258909139,1.0
20958.98604358501,0.1164049143363778,-0.016284542156216376,10.025903903834491,-0.014695671066249963,-0.02656747144865551,-0.020572639087157493,1.0
21107.985667992147,0.15286694397047607,-0.08213902962041218,9.876953746402325,0.006365451181980793,-0.04086676147075181,-0.01316255298832258,1.0
21243.996788612658,0.11079066821047177,-0.08372786706595918,9.912659624210159,0.0077603921041456145,-0.029676485962326356,0.020185354692924113,1.0
21421.99592660267,0.12081705974774108,-0.047343908814498556,9.864356757208686,-0.0010674735145196788,-0.05770956914475356,0.0015358256080483593,1.0
21561.983402971924,0.11611107201995233,-0.015429450976251258,9.902788411349373,0.018789252667945056,-0.06209027897424922,0.0011194022812041006,1.0
21701.996522446403,0.172157454021413,0.04441512906710291,10.031736693953185,0.02998203750476357,-0.06130741520248464,0.021453263421807697,1.0
21840.998188656995,0.10505292970801282,-0.035684646617956985,9.87524247392282,0.040718667634855106,0.0022617108901568234,0.03547251141648171,1.0
21982.00862077434,0.09992212437073701,0.04965092179119213,9.921920709996405,0.021893552487082215,-0.026794748690654596,-0.016316273117772152,1.0
22122.006263991192,0.11114552418048827,0.007948046184641918,9.84176585080202,-0.02077641462069544,-0.035106998282483086,-0.0008503260073438885,1.0
22262.014443615277,0.10814980342013587,0.0443132443901236,9.940677953463942,0.012354215897128476,-0.02064345380325498,0.008126995996425435,1.0
22402.009625194256,0.0651837379509206,0.055964381414711474,9.866675571505015,0.0039356033949080145,-0.042753241007595255,0.014142867489234823,1.0
22542.001173791337,0.09813197461362184,0.09633744119178991,9.892702167019333,0.013437883277529922,-0.027201546105619315,-0.002800837646529373,1.0
22687.987398763595,0.12901205199776566,0.06684547306991942,9.929947151155204,0.011838757927969543,-0.03955949815404204,-0.03684863053136445,1.0
22830.006501618038,0.1482039519307623,0.07073965145616122,9.983357639015447,0.004766175224295176,-0.03961662919283455,-0.00457395677126151,1.0
22969.004869192835,0.14729366015653567,0.069073436079287,9.848928353494564,0.030449333390450462,-0.06918351689745392,-0.013960436933424882,1.0
23108.998262899087,0.11738969098819287,0.02959528061695665,9.9930653677723,-0.02162764224038352,-0.046397136616131505,-0.02179854795545422,1.0
23248.98541380613,0.14250430072358364,-0.003012726332490342,9.90429915615534,0.002169460693143295,-0.06424433615697638,-0.00464279403563137,1.0
23388.01738078714,0.13105940954356654,-0.019736264269277944,9.95888265258921,0.012377585505347092,-0.04227629095722441,-0.010521693026846036,1.0
23527.998817334716,0.18177439119161584,-0.0050416767968881745,9.967073656211381,0.0066033278528346,-0.05578516152791222,0.021203644772526814,1.0
23667.01186625943,0.170852160692395,0.0162796728729442,9.927204183920022,0.024738226338265588,-0.05027920655697735,-0.008005848538525774,1.0
23813.017102297254,0.1567666103881159,-0.028446384933443262,9.91397739166657,-0.00894069841219855,-0.05928774657977766,-0.016381099285367646,1.0
23953.008437156815,0.14308751028124894,-0.017048894491532168,9.924011155120294,0.04648385924421661,-0.04778032470020914,-0.002627785280802861,1.0
24092.0099699508,0.16193653501319216,-0.019434395342429762,9.897759107699716,0.014988032724850862,-0.05581657163793746,0.011127243815620755,1.0
24231.979723607725,0.16218346092872507,-0.07252890487316771,9.932646426523194,0.006147451102176113,-0.059576766626650346,-0.026987216387948036,1.0
24372.000607578342,0.23631744421143713,-0.05878528097742316,9.946009427217497,0.030486601199866282,-0.054796704966753415,-0.0030339793163284678,1.0
24510.999226741184,0.214038432755008,-0.10391881074256579,9.89788875362545,-0.00930430647671535,-0.05386336123561235,-0.007821190180808719,1.0
24650.982666185675,0.24335431281395406,-0.12512947647267142,9.908787726095541,0.019063511219891954,-0.05611157718832233,0.013062778331947028,1.0
24790.99618164557,0.2619525628297516,-0.08572837698034733,9.883134992141642,-0.011388889219101833,-0.04641492846362051,0.0127024539932504,1.0
24930.01306260968,0.23974588429614688,-0.1174659054895502,9.909603584646693,0.0026197260502810755,-0.04934166820288478,-0.023498798437583797,1.0
25076.011391401167,0.20104456408319943,-0.1139329521229028,9.942172230812828,-0.0015531984740171242,-0.043630539592702605,0.017330692110302037,1.0
25215.01323467789,0.21053465303240487,-0.13447736193345375,9.892122796399766,0.011443541168620569,-0.03997939863460168,0.007810500584436952,1.0
25354.988453713322,0.18970739537077694,-0.073107205615929,9.91339604904078,0.003176915515583718,-0.006416126646745474,-0.018883954621045387,1.0
25494.992899511355,0.21097892752979475,-0.10926967072313028,9.856136815149979,0.012894739408763867,-0.04575006040003242,-0.010155791093434601,1.0
25634.00941999849,0.1878886471409221,-0.13237490898489648,9.963856827759184,0.03614817334464473,-0.04711454915724375,-0.0010272050382064567,1.0
25773.994168226618,0.2349442738941195,-0.05074923160312944,9.865668627147802,0.0261686765648169,-0.030307961232920753,-0.024952695313602995,1.0
25914.001068044272,0.21243290381761093,-0.030192099236469618,9.92418797636964,-0.008668046284374618,-0.0489085963292227,-0.003464165660230022,1.0
26053.006964374006,0.18369058830674503,-0.04359637005791766,10.006223302110888,0.005970892902801043,-0.03088744408147848,0.008071815762519127,1.0
26199.005189174688,0.1700850304069081,-0.06921844470672453,9.943122658859126,-0.001842958907881176,-0.052889272653165356,-0.01344949013273401,1.0
26337.97600901195,0.1957829278679393,-0.1374089775039487,9.843726195430715,0.02260459636053473,-0.06376696796479356,0.008424393735558908,1.0
26478.006127605415,0.22046549631937498,-0.07781570584709936,9.885173883967703,0.005210032803233871,-0.05088743375655564,-0.00014413640465759314,1.0
26617.995125430352,0.20800379735195465,-0.06725047277412986,9.919232729619795,0.00396887724051393,-0.05761623452950181,0.010335095914540732,1.0
26756.995185487005,0.19406698629462732,-0.09456805730392168,9.923481560213782,0.01869288912787807,-0.0443222121035184,0.0022633194070700905,1.0
26896.99187843267,0.18160209956558335,-0.10613884033160322,9.920056882863644,0.003126851628108089,-0.05643462197278647,0.018420629959515572,1.0
27036.995288702023,0.18294823574720104,-0.10830050132067441,9.934173534452782,-0.046521189409948774,-0.03623206557061073,-0.02503894258210985,1.0
27176.006998942266,0.18567914991163656,-0.09970649573048179,9.985562550425698,0.0010287535690567421,-0.028425153480198067,-0.009047175099862876,1.0
27315.98392149444,0.1844732514635225,-0.131734493511893,9.911409116002075,0.008268548868411586,-0.06551105733916958,-0.0007075516009233539,1.0
27460.990630583132,0.19866303699712007,-0.11548672444577282,9.95969306058776,-0.023504941853627562,-0.0522960795763668,-0.03351815472450922,1.0
27601.03125086641,0.19918209460482264,-0.18776421329680146,9.950894169978246,-0.004245818866843489,-0.06347987516511215,0.0017535836755292514,1.0
27740.99125035595,0.2127944992070429,-0.18080431957059878,9.894619698905974,0.04526309284700703,-0.04008778250025811,-0.024998003648382283,1.0
27879.999153958608,0.21551310519767838,-0.1480752055144355,9.936946090842694,0.014969179540472947,-0.03863115891489431,-0.012019614904674005,1.0
28059.005245179087,0.1647260638397659,-0.12649171095880002,9.900433531571498,0.02745008419153606,-0.015835686886200493,-0.01886369989834045,1.0
28199.011056851035,0.20890916336088106,-0.14688604009504197,9.921545168637076,0.023886258311911313,-0.02079188421473854,0.007204541337468463,1.0
28338.0030509206,0.18286791192341303,-0.15161420730686806,9.922744280688713,0.05347660407201046,-0.024649435572128543,-0.005182944487406646,1.0
28484.99931205502,0.17399659586117003,-0.1122316363483722,9.938205401861111,0.024725122488517163,-0.05316366529442829,0.0037871592216383106,1.0
28629.99767192073,0.19720841542183,-0.09662739126091481,9.935493353631918,-0.009504705191585451,-0.047715020048911407,-0.015791054441580236,1.0
28769.99989614308,0.19949240734714466,-0.17177748171829058,9.858900975003406,0.01132291278603642,-0.05510396182197563,0.022459037838204507,1.0
28909.993976197657,0.174450654206169,-0.11969112500264933,9.967009181169479,0.009171580595291407,-0.05385707922956039,-0.01910899495423346,1.0
29049.010621261474,0.15950069073717968,-0.17525587552818278,10.002129393346193,0.019513507124266465,-0.041040455409469996,-0.007591143934096574,1.0
29189.003477913506,0.2218727440311565,-0.11544013912256566,9.874536454567904,-0.0056276614904775995,-0.047072650663508166,0.023538595614058862,1.0
29328.985481819065,0.17639725783588964,-0.15784791526862632,9.876777368726195,0.0017908878082540667,-0.07159274918443112,-0.004100373882637622,1.0
29467.984006551153,0.2461759260527388,-0.15827096349620776,9.929300348454065,0.023244258398080277,-0.040044738847939174,-0.017894790704810808,1.0
29608.000259830413,0.21852344398366141,-0.10263905763857802,9.950312931438642,-9.72508236499113e-05,-0.04242950293069308,0.00029428551385577404,1.0
29748.003810525202,0.19130516477281045,-0.1563282802794804,9.87598361812393,-0.003684463382876239,-0.013051182494342504,-0.004257973407323782,1.0
29893.004729856377,0.18695177947704372,-0.1420953014154369,9.86140060076494,0.01106684457576518,-0.0549107354427931,0.004298531742424323,1.0
30032.990285009902,0.21754356033701988,-0.12255395451358471,9.974349561793561,0.005191120950345505,-0.04148811242049429,0.02795020165603363,1.0
30171.985452981393,0.15738136909189523,-0.13373713968888265,9.923733497887085,0.03513673359058475,-0.043174253883955085,0.018369465641198176,1.0
30312.997017046386,0.13808109281894915,-0.19720422539671537,9.868102254087388,-0.0038285691755125814,-0.050282735901205924,-0.008160813360532112,1.0
30453.994454261752,0.12519414600198578,-0.16659613537400567,9.876557330759066,0.03860825153100775,-0.06300704154587057,-0.016952262921579975,1.0
30593.0161589445,0.14702979023913482,-0.10917208652990794,9.990394393864634,0.03347938559588969,-0.04435653038462878,0.0014383790683030941,1.0
30732.993769951616,0.1873075855253639,-0.09598825355096309,9.980063504688339,-0.011319652646614064,-0.039348091086493155,-0.04077191894513365,1.0
30873.013667524407,0.12223330765321805,-0.1759969393105267,9.918030670634282,-0.0014839649882502854,-0.010119019773089075,-0.01797683395689934,1.0
31018.000947804285,0.15034258736564596,-0.05030270602214124,9.998631680938587,0.014765956082556724,-0.040826257407539854,0.001532384950796477,1.0
31157.983977311455,0.13278205111971653,-0.14470827298460634,9.953026166867858,-0.018963840186916554,-0.054381471084820006,-0.010619652806840687,1.0
31297.011904091916,0.16291242011245036,-0.16348355342653692,9.951913015155972,0.018712338471594227,-0.058813733779949945,-0.0023189748408267916,1.0
31437.001313661523,0.18711924641949013,-0.15498216220005054,9.917812020285439,-0.005600896211778784,-0.036990465354836265,-0.02131476704775416,1.0
31576.99698256205,0.1959210941555627,-0.1401059679827506,9.931671309145921,0.009123387386385313,-0.048490903203255276,-0.003098356334293707,1.0
31715.99222301307,0.20682702334105718,-0.1583839409309001,9.884372421137941,0.007818681265718809,-0.08610974541012446,0.018312624604780014,1.0
31855.977874136366,0.21563694146384813,-0.11928907910736761,9.96560319729119,-0.007744739445503278,-0.05103608651409108,-0.023295481258743256,1.0
31996.00605901313,0.18830073975335906,-0.16901256054500688,9.933690024818175,0.005259889270659409,-0.03415774249573606,0.009243934823110974,1.0
32134.998453283868,0.19546656852345462,-0.1435374549346188,9.91187042261932,0.011666769573720887,-0.0714591899220379,-0.009687142226055604,1.0
32280.993049723154,0.2127350242272844,-0.16294074264572297,9.853661325174881,-0.0013774081178528968,-0.07241999432924066,-0.01576334524126664,1.0
32419.997454258188,0.19547092355326162,-0.18469536219083066,9.916406701419984,0.023412249206019586,-0.038906161308108506,-0.01314218988380849,1.0
32560.012640405475,0.1546530281012501,-0.13911073283244477,9.897998717605294,0.03295866201564395,-0.04858886846919311,0.016591792208231607,1.0
32699.99180948926,0.23959384639805617,-0.15159388173178667,9.884571412755164,0.012795973708201158,-0.03387259157755483,0.017535581722260753,1.0
2663.988633980129,-9.694497376292198,1.7153775905973045,-0.5673053049142204,0.03298536772457206,-0.0640241371468016,-0.018233617835156785,2.0
2800.0026197054653,-9.678463644227364,1.6462603916755645,-0.48068211894582474,0.02312061099411782,-0.021415070230342694,0.0493330338352752,2.0
2937.0108458038735,-9.554381940001583,1.6764964700393643,-0.5779016641566465,0.00616294667197599,-0.008434098460368909,0.05971770599404236,2.0
3074.002199370123,-9.615101148431508,1.4745381782495073,-0.37268584908870883,-0.07145255252040607,-0.046746778868389495,-0.059480425084213,2.0
3209.9994598274875,-9.685774537686626,1.9040541376354045,-0.1118764385323743,0.020315718289166486,-0.05502416270704425,-0.06495244126803976,2.0
3347.0056619298384,-9.683907960651315,1.6541688131689358,-0.41097235334466087,0.06270876810130978,-0.07495369687410036,0.0189741786091632,2.0
3483.997477024213,-9.54975161648264,1.8404088599986206,-0.5348676006956945,0.05616892982060552,-0.002783608994360081,-0.013533083647295021,2.0
3621.003123791924,-9.757054446973425,1.7030658471755789,-0.20161279344228666,0.05226997544626356,-0.04150678660507379,-0.005593367353508365,2.0
3763.976783087324,-9.72472333397214,1.5101546415187797,-0.34864668189650355,-0.013266943555191752,-0.08073469011548519,0.015323824203091505,2.0
3901.0072302692492,-9.561014896133317,1.6303089262221555,-0.6431602307786869,-0.029026977018940938,-0.06423243581173307,-0.008705200539358433,2.0
4038.0052827234367,-9.812827607207726,1.3881697359833371,-0.27166732924791914,0.029433997849726837,0.0014350018845316196,0.004868294845974622,2.0
4173.992231054641,-9.637591315220506,1.8640318610912923,-0.281798505552418,0.04426070749709016,-0.026378806359129984,0.03923241728802523,2.0
4310.997025987024,-9.634032808635098,1.640354775834223,-0.30794313565734294,-0.021066754962020793,-0.038106428599813204,-0.010160112029300323,2.0
4448.00033925543,-9.661277435488367,1.4785199016431383,-0.5788484635126143,0.027527720800578914,-0.053240154605854184,0.025596631967566993,2.0
4582.998294047194,-9.750597436998259,1.476375262272558,-0.5422430727717511,0.03426354081895341,-0.01741280551906874,-0.006246144579523102,2.0
4718.9912802848285,-9.63758752303813,1.8802662212836108,-0.40218772501250105,-0.016370066519558298,-0.05523292289507232,-0.03828050278268961,2.0
4854.981566087902,-9.618625959209078,1.7452315916098358,-0.1683187157423375,0.019715505573131738,-0.04798021439567731,0.022253096363018303,2.0
4996.991519804594,-9.639023443633981,1.6584519745220434,-0.3265590665255926,0.024577022568513986,-0.052826573010709865,0.04816336548323643,2.0
5132.997477603137,-9.650026956635676,1.5935605928494803,-0.3913253589243394,0.00043704295347676413,-0.04892163245911676,0.014795858354172521,2.0
5268.996053947704,-9.639639111297116,1.7482323018506332,-0.45609079999100166,0.010073112875777982,-0.03583941833180873,-0.010815987073788514,2.0
5405.0042165879595,-9.628603396977375,1.7674612815131614,-0.400707535240052,0.018153968859258535,-0.030592423152925662,-0.015252863734192317,2.0
5540.998065544925,-9.600645326826234,1.6757701015484534,-0.15707997276353453,0.01564034395461774,-0.016723967072057873,-0.03282354483454493,2.0
5676.00405510742,-9.613846806341492,1.778132657592386,-0.28470992373204373,0.01644013262458533,-0.03634453988482431,0.023141837550639973,2.0
5812.0051631362085,-9.640076072531878,1.7516284761526897,-0.30750577290999503,0.018957626197629817,-0.06276153834635324,0.014687779561368675,2.0
5948.008659483075,-9.607673256143926,1.5771531250299138,-0.3443978801308277,0.025485366959869048,-0.06456159576857178,0.001643301047305245,2.0
6082.981481134863,-9.702492124582589,1.7438529587114961,-0.4919292245484229,0.0038110437088814684,-0.03217320433555423,-0.004977386645541515,2.0
6225.006492908252,-9.561884038509934,1.9786604441570266,-0.532523152956029,-0.005964249403767598,-0.01916084320204235,-0.0071973919281910805,2.0
6360.990297354231,-9.648957873637368,1.6285829797070817,-0.4928350168888176,0.017923899962848926,-0.031549224344856776,0.01866867355817953,2.0
6497.008576789604,-9.62182249049682,1.8224101763738165,-0.3722312797688921,0.006913969376201906,-0.02331980722600587,-0.017084642093027153,2.0
6632.005359534831,-9.622470623890495,1.8224686890759962,-0.40538874746309617,0.005422281186357989,-0.053920295364645106,-0.00981891461242592,2.0
6767.990862512101,-9.68558627698183,1.6666203011607696,-0.459890848360819,0.02140926762025232,-0.04488403189331689,-0.0035323064879310777,2.0
6903.992608264579,-9.733360367059843,1.591463230184753,-0.4219133919093635,0.038608170162170705,-0.06610565066649432,0.017329816929847405,2.0
7040.001009897426,-9.650929140885609,1.6105910900043023,-0.4457180316390508,0.032434667160129424,-0.09168844933910247,0.006453023311269825,2.0
7175.009807322616,-9.678898941128946,1.665766821713723,-0.540455712960682,0.030454731771951793,-0.07892032980704704,-0.00428253650201915,2.0
7316.001456311978,-9.619282512981446,1.7172199664866583,-0.07123914123879019,0.02357216147657201,-0.07337290941393015,0.027397083804177585,2.0
7451.982443256515,-9.66662525640548,1.3876335431972238,-0.2571056196214264,-0.008138288873547143,-0.08689900424384434,8.04644487165345e-05,2.0
7586.97901295795,-9.662572237201662,1.7193693580764018,-0.7817908918086234,0.022890305620019296,-0.024649336752392233,-0.022075239910405282,2.0
7722.995874994607,-9.635730713782268,1.831018694751498,-0.15089758575510745,0.01807941709592089,-0.011753921839193117,0.01967578233250728,2.0
7858.998548610304,-9.647363660660176,1.610498088424624,-0.1579696246390743,0.0011398655299837647,-0.016726253738084593,0.038040101442383865,2.0
7994.993654323655,-9.705803227246038,1.8038339535805354,-0.6641953391248181,-0.011953454545327705,-0.05142105173465746,-0.03886913336431749,2.0
8130.006759859157,-9.6761778020305,1.635962808511969,-0.2679524256689553,0.05312484130105524,-0.01834873154381652,0.004205039114852318,2.0
8265.99965126041,-9.559139030691982,1.8383250392327044,-0.16280129209779357,-0.011660859224088148,-0.07134724725669588,-0.03924247384889912,2.0
8401.982818099525,-9.663676471039425,1.6795029304505884,-0.31573349611776275,0.02980302666655862,-0.03994598330743223,0.0013536453822464742,2.0
8542.005455438466,-9.585644227651686,1.7747463131379702,-0.235948775003714,0.0019058769683081714,-0.07086755412160602,-0.01261444567103584,2.0
8679.001846668663,-9.540312018721979,1.8032883782667148,-0.6547294695642425,0.01678517776925112,-0.03634371796645303,-0.007384113978291704,2.0
8814.992084947151,-9.759409366458682,1.7949838346726157,-0.08804229653508583,0.029112141173399417,0.007930436075621746,-0.014989259536004445,2.0
8950.998287277036,-9.60134721363791,1.9301036318241527,-0.22524774336011594,-0.019797520466262077,-0.07973239598769154,0.00497125009553433,2.0
9086.008055963588,-9.566169565620722,1.8500360454135836,-0.4878195660187754,0.012639546106527578,-0.04282988245580178,0.040574079208088684,2.0
9222.001120823448,-9.72826085941239,1.5223519703468014,-0.5173049780831971,-0.019089227901418447,-0.004940889423453864,-0.0261005126285835,2.0
9357.987814800155,-9.681394927056564,1.8049306247230152,-0.44581124750854395,0.014665230003794912,-0.039656234944992395,0.018089311489836994,2.0
9494.007830584442,-9.601125186067833,1.99966175486547,-0.37749103126831535,0.02175070000174798,-0.03269850998228307,0.011589528066146907,2.0
9628.996990840758,-9.588719760129111,1.902840158200808,-0.2615454189456751,0.005935353712001605,-0.03613150960460281,0.008679722361671584,2.0
9770.002624953482,-9.65359917014467,1.7169573141284455,-0.4703569164773871,-0.005382480975443079,-0.06244632912065227,-0.0009164563244269453,2.0
9905.994517356665,-9.586853991333685,1.8362455268063138,-0.4671911906551757,0.02484698226190446,-0.05304759612712918,0.004488657869746291,2.0
10041.003188649114,-9.660197587070133,1.9105229296716828,-0.17187287098956208,0.009713371239290974,-0.025528086956696096,0.013083139815763391,2.0
10177.023202184844,-9.691816216321754,1.534311514344313,-0.3827929402095529,0.022847398826828704,-0.08792051419600118,-0.006931058019811023,2.0
10312.99018920191,-9.620268538912208,1.7623592544911841,-0.5014467597057276,0.01915229496358538,-0.04510100831247794,-0.03484923413386972,2.0
10448.994904076479,-9.572353899838363,1.8989888599094118,-0.3388145656980217,-0.0008868107868473641,-0.032338009374452935,-0.01579327791864366,2.0
10583.977376420165,-9.594118603028143,1.8622660399658861,-0.2316837795571044,-0.014093078506224406,-0.022649609082669074,-0.006532652421105555,2.0
10719.98256855428,-9.638784189226762,1.7778309272110262,-0.3991346394623941,-0.0017020528659655206,-0.051481320392666195,0.01441002093625702,2.0
10860.998460893657,-9.605980390776592,1.8549078738790465,-0.37685734590777303,0.023875913527463707,-0.02588769837453632,-0.010180777749771953,2.0
10997.00654160804,-9.624493802045743,1.8144405882446406,-0.4861239513058128,0.029396490939113142,-0.03693407943405002,-0.03498161815917721,2.0
11132.005339308127,-9.622828292015113,2.020925698713701,-0.5366645844825122,0.004879318600694695,-0.008542027112433055,-0.004097165944036628,2.0
11268.014975700236,-9.740940787360117,1.7880662546713133,-0.21345656177959368,0.0015085522361099864,-0.07354917929015856,0.03939766856321118,2.0
11403.985720028208,-9.650607214702537,1.589463725126883,-0.4726649358129372,0.017695791858953484,-0.0744935191227289,0.008288227537526933,2.0
11539.999640539832,-9.697907643295967,1.5492873617460179,-0.6218365847065072,0.031096024017678456,-0.03994613317870651,-0.0005497113657498072,2.0
11675.015304183618,-9.731620940353944,1.622697735566422,-0.23860125227153692,0.010658802775620053,-0.03265466302625415,0.004882256057555294,2.0
11810.992295253864,-9.579194233017875,1.8116692890885522,-0.2823611522983488,0.02524478799319668,-0.06749212416159271,0.0042601489380579595,2.0
11946.999339959333,-9.668524241612866,1.8062799232703153,-0.3929448339656629,0.00613788226941427,-0.038717457467794,-0.010849421011340721,2.0
12086.994430633207,-9.624087013011776,1.8784555575172786,-0.4755434396122435,-0.0028643845423091487,-0.0674227010999807,-0.02524263074598751,2.0
12223.018614597564,-9.552052445021069,1.5880015351559869,-0.3995846956364785,0.041745939561605584,-0.0379665685260964,0.002544227888414076,2.0
12358.98154440602,-9.660593743745737,1.7601684764778533,-0.29899295110779545,0.0534221785398848,-0.03961046697682731,-0.001052117591422515,2.0
12494.994862791253,-9.574443801203934,1.8329017830225152,-0.2832885981450854,0.024315064352580223,-0.03239971501656654,0.024555443707406532,2.0
12630.015022785532,-9.594465069267775,1.8511985501509758,-0.27147909122730096,0.00593773563589212,-0.013291765271053588,-0.013875152261316179,2.0
12766.004369653629,-9.59086348401697,1.9069483458286836,-0.3065267871749989,0.014512099351553781,-0.05414878581996257,-0.013977153941139667,2.0
12902.001905237268,-9.640894436887221,1.74095315580924,-0.3544655482882944,0.02416809967073286,-0.008716191726518586,-0.016168767144426454,2.0
13038.003736323077,-9.642993801540296,1.9007568796256802,-0.43749705555992185,-0.0003580494135134838,-0.051740666492750914,-0.006762111343002615,2.0
13173.011670955872,-9.584873706268567,1.7812678760436869,-0.37965223896873074,0.010296457280555863,-0.015312593873971768,-0.02268111293917582,2.0
13315.01057036226,-9.592830780141469,2.003453832810089,-0.25677379499933806,0.012434245758706037,-0.021620313944651387,-2.8159479698757536e-07,2.0
13450.998448389702,-9.614064842157916,1.5558927306723902,-0.2849918679106342,0.017350938379424825,-0.04370201938220024,-0.012148605348592901,2.0
13585.98757485473,-9.652789536697698,1.748314318685157,-0.37984199417906883,0.010865366783908013,-0.01983261101866077,-0.02260288048581685,2.0
13721.995925027577,-9.683852587316162,1.6043442454274544,-0.25713776307525205,0.05229137354472524,-0.025241400641370617,-0.00021478223537175394,2.0
13858.006757002036,-9.685943626128084,1.6923745145846605,-0.44551377564505534,0.009580195408548492,-0.02451521539701963,0.012515410165989373,2.0
13993.995732516121,-9.687851884351355,1.6144939202868003,-0.3089927154249072,0.017100144819028978,-0.004147402909013895,0.00465336954663018,2.0
14128.997741659437,-9.699358281247484,1.74857369985554,-0.3272604670787004,-0.013393452697820152,-0.047920511041078646,0.018885400778768543,2.0
14265.009494370996,-9.702305296233522,1.5810827248029289,-0.4504080700366935,0.004810708853694178,-0.059989969529753544,-0.01794340662823052,2.0
14405.982353244035,-9.635885133505301,1.8729024430854966,-0.539197396354107,-0.002365828248098252,-0.01917642303758008,-0.02933897674088355,2.0
14541.013064996287,-9.628887218675624,1.745547587439468,-0.3800821083949731,0.008632746943308468,-0.0384167129877713,0.002593772089574097,2.0
14677.014707326989,-9.589495884833378,1.780272261199791,-0.3254778082441668,-0.002432425765023008,-0.028680575377010284,0.007869191359206851,2.0
14812.998956077883,-9.777336402487604,1.759936841697463,-0.2476572683250885,0.0033911979440851875,-0.05681008980511639,0.0011586452650639337,2.0
14949.009389463992,-9.725257867864643,1.631164968240273,-0.6003219603557765,0.005014366172506466,-0.08033962703792925,-0.0110264606348253,2.0
15084.004973561658,-9.707012385965163,1.6622318299100751,-0.40854147974380006,0.022704171791011623,-0.058000975739362276,0.010284898675702108,2.0
15219.980174360888,-9.71240930472165,1.6574272986631842,-0.2678785751385608,-0.04195524136479266,-0.013086486948905846,-0.004784296433484016,2.0
15355.993277484165,-9.621969320423366,1.7777833810905215,-0.19617175652521812,-0.0178478540469624,-0.055643971572829166,-0.010498430173654889,2.0
15491.986701362586,-9.708885277540503,1.6684065407269109,-0.24987728201890788,0.02871684381445846,-0.06866334462267631,0.01979732206087345,2.0
15631.991144878253,-9.542252462118949,1.9548438813660305,-0.5140525641100767,0.0052684227976497675,-0.060596487861344375,0.011854832144498947,2.0
15768.018001044913,-9.591851988204233,1.968927209404583,-0.2763319125607136,0.008951745315195473,-0.05273938248590062,0.0054069120533316185,2.0
15903.993862662635,-9.643265619177773,1.647786295359287,-0.3956236742745338,0.02671886029883881,-0.05075563865133232,0.005231859526718202,2.0
16039.990470302691,-9.628881649091214,1.6003494686133042,-0.4620072393458661,0.011039645718628237,-0.06619869684007829,0.0032633865164948656,2.0
16175.005213084707,-9.596593172645642,1.835986391282707,-0.27831166709257366,-0.00010317073749683831,-0.0397371799359441,-0.0449103098803756,2.0
16311.004296691095,-9.635404154922881,1.680198536366391,-0.3135950982754799,0.0071468656313718685,-0.044419893580607,-0.02466429324463864,2.0
16446.982853565423,-9.560152261790158,1.9381054020505184,-0.4859672283971133,0.016600538166975855,-0.06292680156155323,-0.005242047384264956,2.0
16582.997799991495,-9.62656867242122,1.6977028483925087,-0.3376041641100242,-0.004561987938130062,-0.04235127799163103,0.02177050203983493,2.0
16722.988265432832,-9.655890713976865,1.7030676572952215,-0.4525485877933556,-0.01773681393947737,-0.00772926325413675,0.014203191209246614,2.0
16858.99256651353,-9.684794409004873,1.617223714390327,-0.3801588556782855,0.044408771177607546,-0.06384473908098742,-0.0007453206848394773,2.0
16995.009229054285,-9.72320302322956,1.6718790075137258,-0.358818846092831,-0.02357874192996447,-0.0371940441622922,-0.03702083621846994,2.0
17136.98656157875,-9.703931136108023,1.9444552472921184,-0.44613243461434426,0.02373519024225755,-0.04930879248962788,0.02485846007263951,2.0
17272.99911335882,-9.736177773896097,1.46434624557525,-0.28791414848207864,-0.05487797260675095,-0.0903582766723224,0.01781249192967175,2.0
17408.993638969503,-9.613696163943441,1.8166975330334119,-0.6542362339899102,-0.018232185800813396,-0.033723453286051475,-0.030473491073302553,2.0
17543.994934142826,-9.650435961645508,1.9651344335715262,-0.3975693744689841,0.00776924622272011,-0.031857593584579964,-0.024766919853232025,2.0
17679.999572386485,-9.630200867031235,1.8464644423873073,-0.15800998217747342,0.024190921825783408,-0.025326490167145315,0.03336042439787698,2.0
17815.98838487547,-9.592802630386958,1.701571013353017,-0.3576326936249464,0.0189608157716707,-0.06472228722088645,-0.0059356560361242,2.0
17967.003267405555,-9.581169679969637,1.9869235837338723,-0.26401055983659816,0.022497158627751892,-0.021827226725975837,-0.0179570653694549,2.0
18112.995977438175,-9.602484790931811,1.6326167764834678,-0.3108942179089262,0.03492511755536,-0.07369836749940809,0.039098840054964126,2.0
18248.994566763624,-9.622987706577073,1.8831684565949716,-0.5771329751535643,-0.030894055886817175,-0.019469686445442787,-0.038929412922759206,2.0
18384.000719641517,-9.642117615041482,1.740821208878777,-0.20787575761150162,0.01809348462880435,-0.02695340262335064,-0.01197465027933563,2.0
18520.021752418008,-9.776334052881626,1.7212954872813033,-0.3759964480443202,0.020625306117486985,-0.06482268565570377,0.012199454934387973,2.0
18656.015038136393,-9.680045047764706,1.6557657369827135,-0.48261108429588323,-0.008718529617468466,-0.04951411672528363,-0.027189216649929307,2.0
18790.98322747729,-9.651721485627542,1.8930679709128095,-0.18581300582283636,0.007970797764135949,-0.01704801581569132,-0.023676937087381097,2.0
18926.972294633604,-9.691073572911545,1.6891704273130124,-0.5634506630645041,0.013371715214912346,-0.07441928637332586,0.05311509737821696,2.0
19069.005229102982,-9.656444860983546,1.6989881315057676,-0.34737448370254626,0.005665909494524061,-0.03364852619454111,-0.0003127022494561661,2.0
19204.999571409135,-9.642532144334057,1.7828730392782406,-0.32486167228677804,-0.006775335823549962,-0.030341587174051814,-0.023307038649303773,2.0
19340.018462823755,-9.633897181105496,1.759209362041372,-0.49577199263152677,0.04295598517158696,-0.05586124794723774,0.007470606864389126,2.0
19475.99220810142,-9.670159804716121,1.6096619170525306,-0.38834321855731385,0.035923488522646534,-0.04176714214649196,0.015614612951503237,2.0
19612.005758266372,-9.662806782781663,1.527811552781621,-0.3203340814603646,0.020650650278988925,-0.03094886617588737,-0.005417977790211859,2.0
19748.004560335667,-9.648677601741653,1.8221119735372397,-0.5238637164031683,0.008248683544694324,-0.012566087537729106,-0.04495090294220182,2.0
19883.00412447842,-9.667308258080567,1.836806149921072,-0.18703732927689823,0.008834936900931475,-0.021519360997277397,-0.00914027314573261,2.0
20019.009062197456,-9.704305734963603,1.66558219124858,-0.2676570190075961,0.0034868991902915645,-0.07022431935472595,0.0017731966686102807,2.0
20154.99688924956,-9.56736806904382,1.9030052354776903,-0.45146352265639245,0.03565535190013122,-0.05113704201274744,-0.010346753189861321,2.0
20295.00681402404,-9.689205030831827,1.5656092858874453,-0.0916381043592823,0.030614396550312273,-0.054705627423598184,0.018529003766815027,2.0
20430.995099979544,-9.64130854829448,1.595219389960559,-0.45045107453919,0.022809992915930128,-0.07226895786028953,-0.01248338448301076,2.0
20567.006140509624,-9.616048515722206,1.8322323045076514,-0.35015038573728957,-0.002199114069094465,-0.008522513287010652,-0.030198259602545297,2.0
20703.018204498203,-9.698324110833118,1.6213341838510043,-0.223049646013858,0.01119076209385246,-0.051987157087084214,-0.003917485346790428,2.0
20837.990920889573,-9.687665154260939,1.5179532925647716,-0.3914018094919663,-0.02361035430329278,-0.05670242499258215,-0.002386813654012992,2.0
20974.002008152645,-9.664139428292776,1.741534136700266,-0.306048420338527,0.04356787073999649,-0.056328466979267716,-0.002951234046361052,2.0
21109.99594008909,-9.618450799859945,1.8080494500645647,-0.41174948968755665,0.009522961699577212,-0.04319857197680437,-0.02721203542848303,2.0
21245.999543674105,-9.611297849673404,1.9799961192443316,-0.26679244321953044,0.003244108360089597,-0.021212043236164057,-0.011748954963092317,2.0
21402.99126500115,-9.583380969553465,1.445881399359707,-0.2567675522262667,0.014956698531709906,-0.07780869838950746,0.053383413406055825,2.0
21542.008607286232,-9.6688598371501,1.4699860014377866,-0.5963826966698148,0.027793811818462313,-0.05307736795724949,0.0129201079985059,2.0
21682.00992348968,-9.610322855423382,1.8673194564210953,-0.3433027867701011,0.02162104957000875,-0.014481271578490941,-0.018735992804874632,2.0
21821.981683861628,-9.614607527080913,2.0609698624380473,-0.36499180811007276,-0.02340144147439514,-0.06561220112499147,-0.06852052112199679,2.0
21961.013573275635,-9.604073537475902,1.975826148588774,-0.15254017681326648,0.003703685112939303,-0.03464935164597308,0.023295728595481475,2.0
22101.012277182115,-9.63403982934308,1.4440099047035064,-0.47663073473802686,0.00900732255347545,-0.06930718166332875,0.017486991876391383,2.0
22240.995864213346,-9.60252610201445,1.6238603038699826,-0.35265579759355176,0.04577001079456368,-0.03415196367212129,-0.03139127216727414,2.0
22380.011505796425,-9.637047641733878,1.8973815189657708,-0.2818281616947422,0.01453113949627915,0.007856929251110905,-0.04326049356416565,2.0
22519.99060379862,-9.642253525366556,1.6907986001296933,-0.2496924540237914,0.013326208731676384,-0.06901840591645943,-0.01276180286465177,2.0
22666.001033141267,-9.653941696471337,1.7488613490345628,-0.49234961594840015,0.026167204503069374,-0.04423050021629361,0.02369212260443721,2.0
22804.9822943468,-9.616972291719017,1.8106416858622665,-0.36992065206646346,0.0008510939366937876,-4.920257815058614e-05,0.028319729458602998,2.0
22944.98972318781,-9.613657717438413,1.7639379280665377,-0.24919537263519614,-0.005332407898017273,-0.03861873344494206,0.0010575627797524858,2.0
23083.991587346933,-9.63006625459114,1.8227088485129672,-0.2647838444731401,0.030432850656161015,-0.021220404045191193,-0.008448879597922936,2.0
23224.004005016268,-9.639217474227781,1.7267656429281193,-0.30035392628611435,0.035886889866128,-0.048380462593246194,-0.030126454625097117,2.0
23363.981611560288,-9.576673562933655,1.9805483413886533,-0.49533297408714044,0.015892523069123914,-0.023630557351841837,-0.017194208927262637,2.0
23502.98634994652,-9.604846399663057,1.69823468900546,-0.42670785129034156,-0.00744846318943575,-0.030956073709763655,0.04850449642327948,2.0
23643.007341330955,-9.653965714962178,1.6462735881979016,-0.32947405926328355,-0.009541466748377279,-0.052889356986990294,0.0016139920591590486,2.0
23787.98799995994,-9.559077762163518,2.108616078105051,-0.3901319340736679,0.008039622680322264,-0.010359314163310965,-0.0563219815006356,2.0
23928.007894329035,-9.594176145301041,1.9612649058797893,-0.30415147739760606,-0.012516301780623582,-0.049388417371537464,-0.009977560654546575,2.0
24067.997673241192,-9.625841848916028,1.7211456225582158,-0.5197096146013065,-0.017360493302836132,-0.0478628081545743,0.01281014219047676,2.0
24207.996082466518,-9.640996452430286,1.742580263505412,-0.5802810540635006,0.014622198799670076,-0.062055692778410255,0.003169427098055798,2.0
24347.000069777576,-9.597690684269857,1.7957497228605954,-0.3366891575864754,0.02605315875808223,-0.03073090499411982,-0.015355027078372847,2.0
24487.01715701256,-9.596935687614224,1.921903124948398,-0.2771831758471867,0.016865311179480223,-0.04354536893237932,-0.010487957907268596,2.0
24625.997020351555,-9.61132741960685,1.9555953801774681,-0.16124960841980174,-0.014160840683301463,-0.028073210740817037,0.022771094357497055,2.0
24765.998209373152,-9.665866499163116,1.5897006687094497,-0.46297527950341955,-0.0014284312137401354,-0.05255252143969349,0.015062510422547783,2.0
24906.001632365227,-9.628056157539438,1.7842020087408437,-0.4552631520866712,0.0195826078773555,-0.02197808878672555,-0.027199529834824224,2.0
25050.988312721736,-9.65519655038896,1.834416758006808,-0.24707004228158141,-0.0017477612824920103,-0.03822444901903434,0.013914272274931699,2.0
25191.007495046426,-9.650972924026506,1.7923672211637425,-0.39845654825337323,-0.023272054375592644,-0.054201568597636036,0.004847665068446361,2.0
25330.98126695683,-9.579574928792274,1.6868746233092604,-0.3704208741052454,0.021534141078810576,-0.08241341050815626,-0.005424872560605186,2.0
25469.992867743105,-9.623885814866398,1.8417533812301328,-0.4173529553844731,0.030389377606063073,-0.02898074934778495,-0.01990378620222737,2.0
25609.99060405042,-9.524948934615386,1.7960799784043429,-0.20490185568570418,0.007213185255404902,-0.030816793375158528,-0.004521409331129997,2.0
25749.996012377876,-9.660493736591075,1.691418846479963,-0.2931836421842076,0.008112855794742269,-0.04545585159019175,-1.2390556386194314e-05,2.0
25888.98428810371,-9.58013112653553,1.9792105499854293,-0.5145640850225108,0.016114310663833977,-0.0523470680361308,0.005777603164117167,2.0
26028.99733597746,-9.659078540256717,1.871483680083618,-0.2438675930104521,0.03214542737087833,-0.06004392425398108,0.0130828890573416,2.0
26168.01134700533,-9.598349780731894,1.9336474362287996,-0.8056734773476613,0.041038799726682146,-0.0453132447638434,0.006319595759711352,2.0
26312.986717059026,-9.58555359339877,1.8505907499622132,-0.37590862004863923,0.04423144122411322,-0.02641689464879624,0.027636830613982994,2.0
26452.99258538402,-9.693965123171708,1.6952635325267336,-0.33653080937619256,0.023590359645099892,-0.03729495037368898,0.008700686203343367,2.0
26591.99956803134,-9.579456976742803,2.0167327710624448,-0.33462157129912284,0.04202746840681952,-0.04081627789158246,-0.027543360848740622,2.0
26731.997091382807,-9.594557243095155,1.9680247519512495,-0.15607479118931458,0.021667084970699958,-0.040759972247234766,0.013818733780573786,2.0
26872.001830913556,-9.6720505587166,1.7495650560707279,-0.6233419210763066,0.0140561131014415,-0.014939729431801422,0.010557823045421697,2.0
27011.003469788546,-9.60686343487114,1.987648372580214,-0.36431431917445123,0.003244841843934163,-0.014322114042121345,0.0036590397106162323,2.0
27151.010029663736,-9.642472603696676,1.7510357799136984,-0.42916198620610363,0.038491032680468676,-0.0482987180028935,0.0028092174465925547,2.0
27291.010475282335,-9.610163357335948,1.9701732245866441,-0.30708329927896466,0.0030237385116981003,-0.018649053742135782,-0.012134255776612528,2.0
27435.99616798171,-9.638213412698255,1.8065998423131089,-0.4197229609671489,0.013298267242052362,-0.04932442446617214,-0.011335259954846456,2.0
27576.005884980183,-9.598960993260313,1.9262086992530842,-0.32671882619631576,0.048388839005646715,-0.030020419977873546,0.0016679243992761235,2.0
27715.005624255064,-9.593705960872452,1.8839602051840532,-0.25923099390145316,0.03656199686062871,-0.041003053663138694,-0.0006513126370532574,2.0
27854.99889441399,-9.625064706864798,1.7477446576038005,-0.49505156287813595,0.03269072063367219,-0.056817581163702835,0.017446176069747216,2.0
27994.99640630018,-9.622188676090854,2.044994318450032,-0.4423167438640677,0.011307930868425615,-0.03389864770245971,0.0038540575382136613,2.0
28133.98718543753,-9.574333022502422,1.9065098249152919,-0.12033662906063278,0.014974826530909051,-0.05889650817842638,0.013288067388329886,2.0
28274.00422992618,-9.657121557658543,1.6763421374692768,-0.5343301805754195,0.013499021546949331,-0.0842832008585951,0.004652285485671377,2.0
28414.021407534277,-9.551558199509188,1.997205367513199,-0.6002727613169946,0.044299332357042094,-0.03184221811753623,0.011744818894433474,2.0
28553.014994708203,-9.70261662671782,1.9194245389111664,-0.17646948435774715,0.02482313689878567,-0.019011917413338866,-0.02685727149809139,2.0
28697.985185448237,-9.673217644973432,1.9695026132324926,-0.3314100964371691,0.002964950360073427,-0.05956207689979462,-0.01902555678604719,2.0
28837.003717530268,-9.599950560981277,1.828525498524782,-0.5226992787653489,0.019369327253151467,-0.07055426406617102,0.02401735715940473,2.0
28977.002806857825,-9.604803680343469,1.8104798067159762,-0.34939601269605763,0.048318004115077105,-0.0300819328738607,0.02003050784603993,2.0
29116.991459588524,-9.644199733358665,1.9772709692495714,-0.2955824063996494,0.006446509960275738,-0.034068348968494165,0.010176998367608004,2.0
29256.009131948817,-9.662033996380915,1.7732486483449195,-0.43634763090964546,0.009785556660625354,-0.07639784143919968,0.013573967278455577,2.0
29395.99757326998,-9.673644810082063,1.7030918241023851,-0.45486074976463287,0.035466353012739295,-0.04282829832122574,0.016467454032766095,2.0
29535.99707493814,-9.517281769418682,1.9604576823574924,-0.39263302435210856,0.06489539494051765,-0.03870165473747492,-0.022722851273516007,2.0
29675.02300427485,-9.584713828639426,1.9890289531251886,-0.19485082002230875,0.05209831914754214,-0.04791617625819057,0.003026115048778203,2.0
29820.004917740465,-9.643282555340498,1.8906939842288657,-0.44286826912382327,0.0017518916044253806,-0.025285364040383933,-0.032821348558186234,2.0
29960.017550766624,-9.533921107424343,2.0477145039859885,-0.3152225171146376,0.045723222092224104,-0.043214347384665404,-0.010270319583688292,2.0
30100.00737648528,-9.595845944462722,1.986094414068047,-0.3587645899944026,-0.017096770739950935,-0.04283359204584611,-0.017055459507301623,2.0
30240.00929331428,-9.605309620981155,1.8116711839149608,-0.28991356802309587,0.020102309081829466,-0.0812112359463214,-0.022715022762296262,2.0
30378.97070171988,-9.621335708806527,1.7249910455751398,-0.48338066063800406,0.010879976102143769,-0.029172771954498484,0.016085411086120396,2.0
30518.988917987703,-9.620336862447903,1.7070760758008567,-0.29666800696105566,0.0005279997993314765,-0.06606936728359473,-0.0215032553607351,2.0
30658.989450612233,-9.585741989250133,1.9368699912223863,-0.24190196600984123,0.020993040762210827,-0.06981300343076285,-0.008037399558322774,2.0
30798.00750936569,-9.5768946280571,1.7870614698494178,-0.26460367720394473,-0.002792151979659259,-0.004068924058722951,0.008910238139019007,2.0
30937.986247429682,-9.68603526016411,1.773848402569632,-0.22512499004370382,0.021225736190741626,-0.044449280528866576,-0.008846570414407957,2.0
31083.00092876828,-9.662905365545743,1.7183583386329337,-0.3957652310610216,-0.01990374381109621,-0.09914578645498327,-0.014280394912376863,2.0
31222.007306207466,-9.522537414827628,2.2701929767120226,-0.46729140543169306,-0.006165721382178649,-0.004363754680573542,-0.006106102008457428,2.0
31361.98569038426,-9.60814439171472,1.9403732647111114,-0.18360506100899993,-0.014748301904837653,-0.036150447537757965,-0.010294126903132387,2.0
31501.001157013634,-9.546241292403078,1.6548234989925488,-0.13343905648994628,0.10678989682966086,-0.044291707687854655,0.017829797401566427,2.0
31641.002206142057,-9.747477423224131,1.5917696318825654,-0.1699272320645,0.03938649576061281,-0.033043420840697724,0.020747047988972655,2.0
31780.988389976555,-9.65796018350669,1.8476837410002116,-0.36810852321228127,0.00733030277884862,-0.04747256772966738,0.02886138467899134,2.0
31920.001226736815,-9.760983814979571,1.4819351416857651,-0.4340675423301901,0.03963443234051324,-0.07683176613906746,0.013069426949747387,2.0
32060.01919431242,-9.658294570108078,1.8020910619274488,-0.36847830409095506,-0.010715756401282596,-0.020841578622459073,-0.01073066096681052,2.0
32204.999318430844,-9.71963118754528,1.7158233003642724,-0.15605440171433627,-0.024160660718637008,-0.032889844608908377,0.006552760374508009,2.0
32344.001599644722,-9.627399343563974,1.6051121011614018,-0.4216358320518171,0.012290533266408218,-0.06564691744212929,0.005675034477742296,2.0
32483.988643337776,-9.702620036398999,1.6981449312412242,-0.2440422372813888,0.035806639975381006,-0.017615254549004745,-0.026087095030217156,2.0
32623.9906930958,-9.625024470214068,1.888313799139363,0.05484480545851749,0.05332879014478452,-0.09394504351982669,0.006985705723042168,2.0
3160.9970122938876,0.06374660295912464,0.17006830682716859,9.87187427332451,0.020558069769003175,-0.06471156945087984,-0.02011497508215801,3.0
3297.0070124420627,-0.029093905917644804,-0.03092892949060148,9.918438693552137,0.020040543174190913,-0.07096091333907902,0.0020235263869292754,3.0
3433.9895833369924,0.06056567945782067,0.23742338174209332,9.777471232349761,-0.008075285611552827,-0.07300399936759967,0.015996498419878418,3.0
3570.9985284355857,0.048985186349484906,0.15581309705730015,10.020289210020296,-0.001310089510772639,0.007357755213423417,-0.005912649868264919,3.0
3707.991787703774,-0.0256035329090659,0.24374479883227074,10.10407212028123,-0.007524974899226748,0.0025799092224668887,0.0023229387305209364,3.0
3844.008024658499,-0.014016114044308694,0.09950742227652394,10.113180163227689,-0.022593674889395246,-0.0424905519467988,-0.007504467689112403,3.0
3980.9970035942697,-0.09366500407698596,0.039806719745912884,9.764083338201813,-0.007353950210959155,-0.06739602105557976,-0.01972179471502237,3.0
4117.979728346808,-0.024092514587236907,-0.10422605336954378,10.031634245567501,-0.016130143976966032,-0.028341418719091967,0.02003107912978417,3.0
4260.994062285481,-0.06198849579082354,0.3077768272711969,9.822417990000679,-0.024562906965894447,-0.022911690151143683,-0.03575163192799102,3.0
4398.982709283627,-0.08715926735568483,0.026093207965116477,10.083173147884303,0.025731609259624654,-0.09230102932813801,0.005744695888554903,3.0
4535.991774848933,-0.07674605714814094,-0.002637008133554085,10.088911148232562,0.038649909745293816,-0.048447585027751885,0.013027144431671966,3.0
4671.987946952264,-0.04828108667727381,0.18842315951555713,9.923088792570393,0.01967922760103131,-0.11454821550473612,0.040996405692322525,3.0
4808.978195857415,0.023700924503127576,0.17423891754129717,9.794332822770048,0.02540418770942913,-0.09071281893853257,-0.0029389998740257744,3.0
4946.004564078861,0.04829336844299145,0.015107999303202719,9.7537551737756,-0.012361906176434068,-0.0625273160582708,0.00880568128558758,3.0
5081.995489937184,0.05046910231710745,0.055158544534363474,9.966511424607317,-0.004122604309615295,-0.05527259908596133,0.0010812518428178325,3.0
5216.9980942962875,0.027076043105602073,0.06486500101744472,9.776082763609606,-0.06152251288895713,-0.041187039999434315,0.004918720502209869,3.0
5352.998718215095,-0.0849690128658782,0.1358945849212072,10.044382907536725,0.01637927852471272,-0.003713209134839114,-0.016603649341567342,3.0
5493.98404811758,-0.018225571276829305,-0.06011238911669382,10.042490644046707,-0.004473104245076659,-0.06536165139764535,-0.00883524828113924,3.0
5629.991607056802,0.15488037285167144,0.1321192170581514,10.237582235987933,-0.012392213679617485,-0.17068749967431934,0.048352803941418505,3.0
5765.978645935385,0.07776931364823118,0.12181978873235878,9.772697493505264,-0.01797374683227805,-0.08795058340425423,0.004484496419104353,3.0
5901.99752705077,0.15429785694717135,0.06189405438904531,9.840976296383841,-0.006278494659573425,0.0027346933358713705,0.010950856939582549,3.0
6038.01411401236,0.07782098001156253,-0.01423209679061206,10.217252826960559,0.01480940581525427,-0.04139703142241504,0.0037031153471239046,3.0
6172.996232346741,0.10229808471662812,0.059258447480040374,9.839618820855788,0.0026408682396878566,-0.12763769018733212,-0.04599475545232285,3.0
6308.989485835164,0.2846306825716665,-0.04854400195194374,9.884532115675555,-0.0018330617252808302,-0.09958886255175722,0.012628118921443448,3.0
6444.997750629156,0.22251077619584872,-0.04681942730310997,9.852547218234921,0.009978096003522946,-0.014134042904558058,0.024447309969676874,3.0
6586.003141141264,0.20268335241166355,-0.24628611502061162,10.172476232743167,-0.005143480111572481,-0.03401551586473457,0.013995533599466179,3.0
6721.97686677549,0.2526454331348665,-0.1969781351045555,9.829173954331885,0.034756481036233945,-0.033170591429116845,-0.005068022204644,3.0
6857.998030802868,0.2534548088850224,-0.03246448205853252,9.804628720037488,0.029529557877733106,-0.06361227336636839,0.011917832736026835,3.0
6994.026916125838,0.25694400436452447,-0.05250163814047176,9.62683241036201,0.009961276943231212,-0.05481448315882728,0.013869510110492068,3.0
7128.99064803557,0.36705645969164785,-0.2823374906477653,10.495242503925969,0.16129372759363692,-0.07493514362923481,0.0011861642505816244,3.0
7265.00661374466,0.3156834576635193,0.19348243627747505,9.281398687593287,-0.03582541226671406,-0.060367291300608535,0.04492996729612263,3.0
7400.9953549754055,0.38429877205132956,-0.2225675752192569,10.221262854387202,0.04874892323524595,-0.013205702992087285,0.0006810093701517662,3.0
7537.001904601151,0.379530000982506,-0.3500181192409524,9.794169992292296,0.08813814517421925,-0.04002260942790905,-0.036368062824574096,3.0
7672.002420384451,0.31911637264445963,0.10540963756011469,9.667536046302594,0.013435335469750304,-0.04227197117238622,0.010714058092075688,3.0
7813.987224657992,0.3514094365184024,0.15821147986844358,9.807607885708151,0.04079137017451037,-0.054016133458955826,0.025068848618316812,3.0
7949.99881069293,0.3999667077391374,-0.12413946538093543,9.965189635509036,0.010083753602114245,-0.04891270357571166,0.01834432695028674,3.0
8084.989250449309,0.48216528504672906,0.1659729543935931,10.117816319060466,0.018603984690444306,-0.05434316846653003,0.010078197495788917,3.0
8221.004447901061,0.5352752511651458,-0.16018794042831808,9.806644578538945,0.06537528402380179,-0.037200414553528405,-0.004235212544303039,3.0
8357.012520246039,0.43404265834009503,0.036912154929795445,9.732590543060944,-7.424162840642754e-05,-0.05333776739613998,-0.041863632453323536,3.0
8492.998544041437,0.4911486798602726,-0.053621558079656434,9.895657896749514,0.027561311930570355,-0.04453377899967908,-0.0019408991739511966,3.0
8627.994124741266,0.4446601985093628,0.19956579289542012,9.804432783571574,-0.010679910710154035,-0.0623461083643184,-0.014911413620582877,3.0
8763.982730138781,0.5112760278301497,0.031385769321795355,9.958240725083805,-0.022246136261193355,-0.045781745782233284,-0.015975715000584503,3.0
8900.005085702873,0.5607589630970443,-0.09019310820800817,10.10582046868506,-0.032713398197248,-0.045880899178456495,0.03557157017653306,3.0
9041.003850467127,0.4537732974758424,0.0544449900935375,9.777269181671352,0.0016624377373554789,-0.037542729072894826,0.0018065871573656918,3.0
9176.002016204044,0.5059485135699883,-0.4221574344751811,9.888976967815408,0.06587521431595625,-0.01751308170580886,0.0424551275723885,3.0
9312.009086015956,0.3894304850182006,-0.2732147817569202,9.952744640592835,0.015496867100783523,-0.038625280275906976,-0.0029453954965989325,3.0
9448.003263168106,0.45634272795817693,-0.07269695563953807,10.163222650915936,0.009942779928918401,-0.0761560410535667,0.031032080471515226,3.0
9582.99593785376,0.4974464632780967,-0.38542387464579214,9.70872268464051,-0.023604734804480755,-0.09775992766530633,0.032044346096102475,3.0
9718.996577253392,0.44539886343775303,-0.16373075491299227,9.741550641842505,0.02564081651622192,-0.02461669947082386,0.01762007209433298,3.0
9854.995000409823,0.6039940046343691,-0.04480996860887821,10.103679895427204,0.03253193280301724,-0.07281658985365858,0.03173939733777403,3.0
9991.014530311688,0.5677026838191918,-0.06571204312803895,10.135935123986378,-0.002094453045671226,-0.03867925537752218,-0.040791244834467125,3.0
10125.998928104542,0.45827545041383894,-0.03551012547547262,9.76532610758028,-0.02322151027484008,-0.0807289939825942,0.028462429458658876,3.0
10266.996266591348,0.5650151715719296,-0.2657737367607006,9.736030048220954,0.017719327648090727,-0.07988311214190308,0.024531197807618844,3.0
10402.999714387046,0.5548272454556205,-0.2744626899730845,9.94913269860721,-0.02329374404936634,-0.03772029592716991,0.0064726865813942245,3.0
10538.980954388786,0.538999925210566,-0.39831021357171714,10.066078352614932,-0.057770440501222715,-0.01457633448152556,-0.025543169513488284,3.0
10674.008221330398,0.5687809917357509,-0.24512894936911434,9.971357217329928,0.01284447714729573,-0.0055135550378295015,-0.013788651672277896,3.0
10810.016209856658,0.5572810583688095,-0.1428355735681014,9.929548349464351,0.01223128882676279,0.000431197474392636,-0.015380379728609866,3.0
10945.989199431471,0.5146617452506791,-0.20469044523374938,9.872688768332305,-0.007118909632941835,-0.06130265024260404,-0.022597007129064806,3.0
11082.010871168592,0.5400340663352414,-0.09298456168734533,10.113492053316149,0.036450556754370485,-0.05293059578789601,0.02705350064098566,3.0
11216.976268066519,0.4748459211733958,-0.4507701767352905,9.914489050124349,0.042813965514277734,-0.07518697629000282,0.021081292769672407,3.0
11358.001354812886,0.6005888893030253,-0.22548092561447972,9.994031861954058,0.05389804937748107,-0.03804511755280223,-0.012892243363150296,3.0
11494.007257532003,0.5930537452871819,-0.09202279303612902,10.02105264725407,0.0428487415272512,-0.038941023577961524,-0.004383007786973626,3.0
11629.007377225238,0.5663818079907337,-0.029411217238144337,9.809113020072639,0.02683062792961071,-0.02727091824312613,0.0031048490916042643,3.0
11765.006458347192,0.5461671029703723,-0.16984748883906753,10.037364520104957,-0.0043464049312383094,-0.053349235615516306,0.005744969358126474,3.0
11901.004025694188,0.5937702678210843,-0.2912746028398961,10.139172380650141,-0.009071055207698511,-0.033004480817152904,-3.504805147811667e-05,3.0
12036.984283651711,0.530679774844557,-0.28946545643744653,9.94718143880223,0.02354176800808011,-0.05023442269657652,-0.028742169796636734,3.0
12172.009236772483,0.5301075119702265,-0.41586594366190294,9.922438328155923,0.0049083691868956735,-0.04291823431276286,-0.011465532107048912,3.0
12308.018150090747,0.5048239715980269,-0.3484625744135213,9.837832630558806,0.02151953425551357,-0.04313870236702181,-0.009065438064939738,3.0
12444.014626430997,0.5150539920931919,-0.29331892396675235,9.831613479525483,0.01973072798543294,-0.0678558628449942,-0.019705462301982266,3.0
12585.009402742457,0.5774092908219546,-0.11148582186295232,9.685558895615797,0.021361335608937864,-0.058627379199558925,-0.021032647406573488,3.0
12721.00027411581,0.5795886841294944,-0.33382904334061425,10.17821752987594,0.039365541571906096,-0.01952026276395771,0.0037600471796913324,3.0
12856.987640396912,0.568758247907306,-0.2374346720720025,9.929552594253206,0.00618665604544296,-0.04741227010775345,-0.010995661390791563,3.0
12992.987476301983,0.5093617926945101,-0.5608668019681369,9.861560562447144,-0.0072747296165984274,-0.05117808138510411,-0.016640886492745217,3.0
13127.985648184555,0.5432715562830702,-0.41169859980303475,9.85884496216617,0.025269540089428815,-0.014935407145363913,0.002759890987120509,3.0
13264.000448297309,0.4655919047859299,-0.22180145592390194,9.663253625248899,-0.015188710737232635,-0.08768808084427147,0.016852840270962618,3.0
13399.986841595048,0.590990632303648,-0.6161026073868595,10.151088797874115,0.0008073714243365998,-0.040786994568238505,-0.004553097340115098,3.0
13536.010903791119,0.5512316097282373,-0.5775835061867649,9.9723180960851,0.03127011640111412,-0.05202759987156861,-0.019474822705464166,3.0
13675.987131832562,0.5655588671994717,0.12191273303657923,9.905927935303593,0.0029561084891825485,-0.047160027172202,-0.05012897531654509,3.0
13813.005358639633,0.5707936967059848,-0.3425468598927275,10.060527512171491,0.04206586430520749,-0.007441896411774531,-0.055305326093686207,3.0
13949.012151979781,0.5777035980705993,-0.35166865742537395,9.934141489729608,0.01462309690060457,-0.09184669563953002,0.011978699778536085,3.0
14083.997533104477,0.6592393170290177,-0.3789773747514107,9.71717550619092,0.025972130944050306,-0.05233646539126137,-0.0016121292458596763,3.0
14219.99743752919,0.5556675924018836,-0.0721597541124215,9.974970038861265,-0.042235760310646506,-0.09667320874939467,0.02382929790681735,3.0
14356.010994904549,0.5929014768759941,-0.3950708323370939,9.896792611166788,-0.013779708522657174,0.00939062055802,-6.636226690235334e-05,3.0
14492.014077253883,0.5938472035319556,-0.5296503898921012,9.80935513268271,0.019693748781006357,-0.02235640552567273,-0.029095237810426798,3.0
14627.001808956302,0.5987064523348253,-0.3176657402020155,9.917244336118673,-0.0034527824786149226,-0.029344294523282317,-0.015391251486034815,3.0
14762.99172602771,0.5027000883240225,-0.031367430620961326,10.117163463862072,0.014457886330970988,-0.020239441489013816,0.008597833695812759,3.0
14903.997859174613,0.5382819474045426,-0.5705372118197889,10.09431460364943,0.03179415520415924,-0.09301322342783806,0.009778501669694628,3.0
15040.008769008298,0.5960898477303921,-0.5474255956827329,9.527682592557985,0.05565321348176432,-0.06757611711661357,0.004216060979529921,3.0
15174.990734527975,0.5599859846412224,-0.3626978826337622,9.73612055278591,-0.009389473801925216,-0.07302348591916684,-0.03140183125859955,3.0
15310.996791929603,0.5982454009282575,-0.29790301240008626,9.842703019121158,0.022425748789642073,-0.055628873250322855,-0.009441151678789974,3.0
15447.018039620041,0.614528204862809,-0.2902668461384299,9.91767821422499,0.016967063857204867,-0.0341767135317138,-0.010778678385403941,3.0
15582.99511817455,0.587107899515551,-0.5580441456038415,9.94512476899843,0.036989310948043676,-0.022116400374557407,0.012610182954838104,3.0
15717.984924709695,0.5251375230578909,-0.3983636638145842,9.581181392795635,0.03478160651521268,-0.04843245633832179,0.03146568060705335,3.0
15854.017719133111,0.6011791608977968,-0.4785178503125361,9.95224046407258,-0.011943481096119368,-0.04334380665000968,-0.030038135247052223,3.0
15994.989778762945,0.6356257625173818,-0.6873552661331377,9.931509664051584,0.011192771539967637,-0.0428710870834198,0.01745485933100357,3.0
16129.998213418929,0.5472211667527651,-0.3772258163320956,9.878771983613088,0.03957313405713266,-0.049009578245497204,-0.01985589806967376,3.0
16266.00065011908,0.5941027627611329,-0.35232405051916477,9.989310067852092,-0.0289575631393765,-0.06360966585926807,-0.013774829371665175,3.0
16401.9703435047,0.6364202947539294,-0.6733807839174047,9.923133496934904,0.0076065795423685325,-0.05744284178037466,-0.009378116574420635,3.0
16537.992788258936,0.6688279032899614,-0.527166734678288,9.892570759746844,0.03912051173276267,-0.06020824574108804,-0.017201424378555055,3.0
16673.022517956335,0.6088973628384189,-0.45067410920893336,9.889642805079035,0.019325952810836097,-0.03618376439196691,-0.007188152910338067,3.0
16809.005858209588,0.6712096162198945,-0.2633205645933815,9.89778844427577,0.03338175597652436,-0.06207673124337953,-0.03826710150863291,3.0
16945.002605994436,0.6347926720323036,-0.3944600269334915,9.744232411728836,0.01798745146315568,-0.06181700832826575,0.029389747739486403,3.0
17081.001548794513,0.6908656906016523,-0.4786911019752749,10.008163819371571,-0.023607368989124966,-0.07462346941133709,0.024954911459003144,3.0
17221.000982941325,0.6936850007081754,-0.51433891473819,10.090552680069134,-0.01833497285233018,-0.043323288683976814,0.0034619327180773697,3.0
17356.987540653558,0.616773721094287,-0.39096960828463573,9.728438431160086,0.0023061057278709503,-0.029171142207008064,-0.0009348923212706894,3.0
17493.00447704588,0.6281297209327209,-0.5455051459208501,10.03678600725566,-0.020314803918259725,-0.04221278973577931,-0.02305164163564444,3.0
17628.006189725238,0.6890331180434836,-0.3678412803438705,9.783863198471627,0.01583684045734718,-0.06966879621833165,0.003783223607012743,3.0
17763.987986054366,0.6376310090948256,-0.34884625466902686,9.80158060855331,0.0052395958570328185,-0.049424954251417734,-0.017832994194869757,3.0
17899.99734081821,0.6619738546904254,-0.565629997301902,9.916681165988972,0.0017836470509371592,-0.030301912408418664,0.016392324886986234,3.0
18036.002398597604,0.6741737922906833,-0.547504697521895,9.62586514275839,-0.04167859752683883,-0.046394573526725845,-0.027484532950775388,3.0
18171.004877082258,0.5807578695704433,-0.5197449768639096,9.794405067016617,-0.025476882279426932,-0.06520075197490266,-0.012835069754962876,3.0
18311.999934960833,0.6186116019154578,-0.37587914264264655,9.874950197050357,0.019174701796867127,-0.0072650684203767035,0.005160836500485402,3.0
18448.00923407615,0.645845615482644,-0.42548017200801835,9.902557169910214,0.021850676460923767,-0.0443627653668616,0.01320667050636554,3.0
18582.979774009207,0.713400992861563,-0.513745048540773,9.989255448586853,0.011705133678818003,-0.021251934035161228,0.02501526376821403,3.0
18718.977242493922,0.6539999438605288,-0.5137900715741828,9.933435080824161,0.0015012402499208896,-0.039751472193957645,0.019254984573094713,3.0
18854.991432008646,0.6878445330051903,-0.6335067919455779,9.825003795150414,0.0032205932484153273,-0.034806504660657114,0.012476956021984408,3.0
18997.994001215247,0.6986610726079321,-0.7369770765714312,9.950302190296364,-0.03457240573824523,-0.04092337910592481,0.002089727049631123,3.0
19132.99006702347,0.7147076545015784,-0.6090860540686941,9.918940356025008,0.034692061134609715,-0.0383086844671282,-0.035620510127658,3.0
19269.008018804376,0.7185426498218027,-0.544599218491325,10.078051636279099,0.010599185463968706,-0.010340719960171054,0.011237675425117189,3.0
19411.00574034903,0.7425067327388873,-0.603173313058096,9.844055207614867,-0.00402988702962262,-0.034421640639697056,-0.01057170347273105,3.0
19550.9818353062,0.7421893434375323,-0.568079007982701,10.174890067491358,0.009702742633936707,-0.018716303138509718,-0.02044435777126175,3.0
19687.002022223445,0.7019812589107722,-0.6586320828857329,9.873366476915114,-0.0157268279452201,-0.05960331638469697,0.019858743032183216,3.0
19822.98749161395,0.7014145132344095,-0.5738921948782413,9.719692282973234,-0.02344850722785848,-0.03296142269512215,-0.015319769929354445,3.0
19957.986516526154,0.7320796696747032,-0.7404305865000111,9.90872903722559,0.025669269288688696,-0.0390310959794774,-0.0014783868335535738,3.0
20094.00778629212,0.7359734368091344,-0.46568058548984675,9.845084785985218,-0.004007081823228857,-0.05049316205238606,-0.02883736547343059,3.0
20229.994774654515,0.7099841850163476,-0.5165182410670076,10.07090454340792,-0.0007291815616600084,-0.0629328599654936,-0.004302320750149476,3.0
20365.993460107966,0.7568779930557705,-0.508267563310235,9.85172191043233,0.01745379371996367,-0.05315307729070927,0.03183642048003839,3.0
20500.97709866544,0.7165717711524255,-0.755909615866147,9.861220120009918,0.031344852712726516,-0.03889235418774278,-0.013607386639138862,3.0
20643.00462623088,0.7287719795113594,-0.5502977212908771,10.133092848112817,-0.0001511070463823809,-0.04848993900455221,-0.013313642540712609,3.0
20779.00660742661,0.7845917064879575,-0.6268592216429841,9.805474712301404,0.025883132791661576,-0.046856087111870524,0.0025633745360721743,3.0
20914.987887956635,0.7534123258924326,-0.7502556387154549,9.904346631579918,-0.004348361722722826,-0.0555760771067406,-0.0318707649112937,3.0
21050.000402662485,0.703201047157272,-1.610085592681974,8.756461235433802,-0.06022752273787883,-0.2581851364724232,0.05009482974261836,3.0
21186.013470517097,0.840344771502049,-0.6690876202483426,9.856288173370967,0.018330864163604504,-0.02213581585563972,-0.014428599226906844,3.0
21322.005973181043,0.8271252021587343,-0.5630698883033265,9.811863819898443,0.017673644182835034,-0.034607257906706455,-0.012387026212657058,3.0
21458.00513570195,0.7698024413519412,-0.8148943861815382,9.870953468218085,0.007358715941944696,-0.031626999160379164,0.003095442056133375,3.0
21593.00621234433,0.7042534579224022,-0.9744215079574257,9.868640005596742,-0.017436870737526828,-0.03295997676335876,-0.02145619610992594,3.0
21728.992596403208,0.6960625969178525,-0.4443351607669602,9.546414698548404,-0.0005987724820204686,-0.06953633469908578,-0.016755430418282317,3.0
21885.9963794669,0.789688441706046,-0.6439800069942271,9.860176787921313,0.012540224443825949,-0.08062405815448682,0.005112063564611101,3.0
22025.995298323247,0.7429949682622387,-0.5618246777115764,9.676621529284063,0.04314891101069416,-0.034779943653851786,0.022253595206912728,3.0
22165.99913300424,0.8639609382707676,-0.7985056219872768,10.138756469833197,0.03375795882681247,-0.05072646340252199,0.008431726611384898,3.0
22304.996593708944,0.7917032861889115,-0.6697378539037437,9.697867332749302,0.04349152340186766,-0.057092306222914474,0.002160801523908611,3.0
22445.004521578638,0.8435780930249434,-0.5961819572439896,9.612882160471534,0.01018501927705762,-0.054085532939888756,-0.024693759796883014,3.0
22583.999199792648,0.8463832184887444,-0.6605204693778365,9.631059271667993,0.03844238071818939,-0.04862659223486204,0.012185840718964745,3.0
22723.9931349131,0.8616989945414689,-0.6859083675501393,9.937608908801714,0.016962548761840588,-0.020029496270265835,0.014090300860722566,3.0
22864.004331747507,0.8823642929846338,-0.6806009158041454,9.809539239756575,-0.04763964787955763,-0.03732137155375847,-0.027280693301143216,3.0
23008.976203258124,0.8599126246360059,-0.561649068925634,9.829374816377019,0.008899644995303872,-0.027786562738495245,-0.008147340131728633,3.0
23149.006592493297,0.8020396784835003,-0.7794048203811039,9.75889177473375,-0.018907643614105633,-0.06758870399199009,0.00017001236232597845,3.0
23288.992117591937,0.8742870945319254,-0.8561831455886608,9.892108183166739,0.010344365045773206,-0.08901044435215318,-0.007503335505055211,3.0
23427.995864924957,0.8549980980886166,-0.47445123452433163,9.695392237907168,-0.010757348595522227,-0.09651607212752343,-0.05389368001534835,3.0
23567.99453254639,0.8913405593960502,-0.6987169231208564,9.880519878174757,0.009395077009718351,-0.06449016476626562,-0.005331869634990417,3.0
23707.992392299966,0.9955011825858454,-0.703262960217915,9.847783230996132,0.07186473746047424,-0.05189012577620241,-0.004262472125456876,3.0
23846.990393671673,0.9244745536081077,-0.35139068550926017,9.661072352026864,0.04040838775523403,-0.02125947421615089,-0.029438829740858402,3.0
23986.989343378442,0.8509694550019641,-0.6438741368336165,9.795674270662921,-0.0012571469654257122,-0.03784223861752717,-0.02833721379719104,3.0
24125.99652791375,0.9689110800853905,-0.7159973663728131,9.784782912012268,0.023085231771233884,-0.08977774358753236,0.02697331159571063,3.0
24271.9808607814,0.9532966727861055,-0.680908832843811,9.760472680205789,-0.01142230069245203,-0.05191849676205269,0.008299176269178433,3.0
24411.995044878226,0.9300593814610705,-0.575859085658634,9.803874062171484,0.004392403288925134,-0.030870693167287244,-0.04429232776023036,3.0
24551.004685750187,0.8584082231846242,-0.2988023991259992,9.859097268886032,0.026299138125257394,-0.046755302609864775,-0.007245575823888807,3.0
24690.99426040751,0.8802578716801573,-0.7017252601184704,9.716672052993102,0.016428139866685152,-0.04410421927781413,0.011844883404407402,3.0
24830.989968682105,0.8068701053355409,-0.4956313503291536,9.615209163591375,0.03290921784990761,-0.06894947556335895,0.003084080023576551,3.0
24970.003686715227,0.9252631485448359,-0.49451930811429157,9.88868660809999,-0.014968235371651048,-0.053743748285671245,0.003406032271557331,3.0
25109.991389686467,0.8989026405176465,-0.6169771885563526,9.878575836501719,-0.018743290782459673,-0.051252043574982,0.0022002714311452976,3.0
25249.99779040064,0.985863004681814,-0.7086086987796194,10.008461059492504,0.017454928089629788,-0.02717528463366339,-0.012186738624014759,3.0
25393.989093916774,0.8847156682641153,-0.5368323888048717,9.586778852047123,-0.0035590877066898107,-0.043773407995607305,-0.014886830847388781,3.0
25534.01031961557,0.9171188987034976,-0.6707316558499841,9.729750270917737,0.018911735261480687,-0.043909874940951964,0.003922257968537599,3.0
25673.013996802874,0.9593552653235622,-0.7085357994605,9.896819711374285,0.032214143896449075,-0.059188000150878765,0.005915577661595157,3.0
25813.010004898333,0.9514131013676683,-0.5458625576191277,10.122243477145632,0.013757498477030075,-0.037267343905713284,0.0010156772380910495,3.0
25953.00736916227,0.9526922891368736,-0.39339495522635276,9.990252356684632,0.01897913511131112,-0.01689120087026101,-0.0005055479292984915,3.0
26091.99722464333,0.9311188338210926,-0.6510660818334622,10.048587273367804,-0.004944696364579111,-0.04636049656254735,-0.015857506910457803,3.0
26231.99953297893,0.9540022786431428,-0.6236572739190211,10.000536568718644,0.03139334087153989,-0.04374655302056563,0.022982412906032236,3.0
26372.013750544676,0.9660532851696897,-0.6532291941562539,9.865830751281461,0.020480297637829895,-0.05746123698509945,-0.034817520325572164,3.0
26510.992350804438,0.9782943652138374,-0.6189941548865852,9.786403193230134,0.0011824362965393484,-0.029087251314832314,-0.025482641381878453,3.0
26655.975676172373,0.9284291730859742,-0.5959272009782817,9.913889193231043,0.028064852661515465,-0.005960254682184866,-0.0007769748704251297,3.0
26795.004944293993,0.9522671426764407,-0.7294538527734744,9.898374954404025,0.01686948812039007,-0.05843127506631566,0.002162530415622105,3.0
26934.99100732291,0.9542417711424176,-0.7621146536322279,9.698669117813912,0.006692093245544334,-0.04838889933218754,0.010250330845703537,3.0
27074.992664308123,0.9496786816086933,-0.6675048161664987,9.952586067923562,0.018999485917126333,-0.036240307569945174,-0.0012712947496938752,3.0
27213.993771136047,0.9021380116159655,-0.7743983482934137,9.71052119643126,0.00786073588336567,-0.038924738074022684,-0.006237231172244817,3.0
27353.99867042607,0.9568169970439503,-0.6902956419921255,9.701931065922757,-0.017117492383385117,-0.033520787493375254,-0.00416156723545345,3.0
27493.999546583032,0.9206442503456315,-0.8434399763047252,9.90079134104094,-0.009441276830231115,-0.034287250376886694,-0.0204801896660339,3.0
27632.99334667214,0.9580254069274949,-0.49215460921529797,9.789842710294261,0.041371308670823156,-0.0667231755058494,0.004645706102689932,3.0
27778.990188995544,0.8966774014569936,-0.6497084552807021,9.885251668332376,0.018705034961298384,-0.0285789360441666,0.009599189466111845,3.0
27917.976746111344,0.9364416264857452,-0.8364641974138659,9.94941998504201,0.04312445297185311,5.488083534994589e-05,0.003505575527495981,3.0
28058.00580818891,0.8356907426006064,-0.7041952170820024,9.78074970002373,0.011219179385504189,-0.06249914138112995,-0.007133109224092949,3.0
28197.98928120232,0.9901655736832853,-0.5234061868092221,10.021757414490155,0.020388715602921572,-0.06713564198812424,-0.00206004905672974,3.0
28337.006840238417,0.9968696711959256,-0.6097321948663151,10.036860194452618,0.03395366710874286,-0.0067632198486940725,-0.02344752508034833,3.0
28476.99378493381,0.9314067494238614,-0.5421982007807723,9.891825074263188,0.01577494736239011,-0.05859947080313846,-0.022088532424406983,3.0
28617.01567246147,0.9147881547273277,-0.6564153645352561,9.877213660511519,0.0013129334308807652,-0.026973789677743134,-0.017588641532893273,3.0
28756.002619504263,0.8660890756026168,-0.6973643841714758,9.94539273725719,0.015951674083220006,-0.01565578269919141,0.0029375731370201116,3.0
28895.9964741281,0.8527725709293084,-0.6625142030212241,9.979250759992606,0.03735213316942774,-0.038757125201033055,-0.008480262216426795,3.0
29041.006707388122,0.8222098043161269,-0.7185207078538203,9.760414968777082,-0.025243442258705926,-0.07313066452817028,-0.010376297468790454,3.0
29180.987698138826,0.8307591899587402,-0.6399517879274349,9.872506582367665,0.008553897232057387,-0.07150749040026033,0.004765160138261112,3.0
29320.99888583425,0.8543414044262243,-0.6147202301686348,9.886024519358253,0.004514656808770412,-0.08431953460333706,0.0014690479496179804,3.0
29460.003339779927,0.8807668999494555,-0.7040759839092119,9.737534268071759,0.036983991646023805,-0.07352564335249627,0.010292261351982386,3.0
29599.992823878878,0.9168115723322139,-0.6567311450093042,9.716124390058992,0.012383060867467514,-0.04173918271095413,-0.005190117449371073,3.0
29739.998136300215,0.8749156049857981,-0.7202129855733524,9.983131054856186,0.010460607174160383,-0.012328994332099172,0.0015420164942263263,3.0
29878.998940148016,0.8953814447125061,-0.7030071412628147,10.061110672480728,0.02402752910089195,-0.001911375707492964,-0.0007939019724200159,3.0
30018.99806157618,0.9171359320822488,-0.7154440489309235,10.043013745891681,-0.08913516315422676,-0.09842658992846683,-0.019054883920626417,3.0
30163.994365126102,0.8563123433816803,-0.6128106167779941,9.775215918841116,0.02597753692990945,-0.022992588464699367,0.025638868968770448,3.0
30302.981230184952,0.9154072144316971,-0.6464877738274829,9.892922107763646,0.028130348802588676,-0.028534586371790214,0.012659579055020888,3.0
30443.006042720233,0.9068034180359557,-0.7686004977047038,9.96542897550508,0.021550083257238395,-0.03448161850579006,0.022870662075135793,3.0
30582.99125773756,0.808490819589481,-0.5619102442428024,9.991688208391855,0.03794484602029375,-0.01184967019275628,-0.0038841880225719484,3.0
30722.005635813162,0.8842222571628067,-0.9436918651532137,9.78645080858698,0.04689995643575414,-0.10676271494585707,0.01818099071840048,3.0
30862.014470037975,0.954772804178444,-0.32941906663436554,9.755368105207248,0.010765937022092534,-0.0360054732070813,-0.03674040947937758,3.0
31001.023812436662,0.9067404831622146,-0.6778249436843374,9.846814615012516,0.01958578047705389,-0.04164571375554757,-0.009542006791266355,3.0
31141.001445150647,0.8354338238987843,-0.4525785884986162,9.831770597952708,0.0294736727844099,-0.036456701436516775,0.0029088651249239658,3.0
31281.016327977348,0.8670819037067659,-0.6364309804632217,9.89545324863415,-0.024482809425137465,-0.06825001652110758,0.021938999312759118,3.0
31426.005907034345,0.8125953034778819,-0.6974566986385905,9.74514754851848,-0.04038008172390885,-0.07675089183195576,0.006001395880314493,3.0
31566.008582522736,0.8006366840142415,-0.4863011673413331,9.669573876081875,0.02165557994940549,-0.0653991019220628,0.01442284278295431,3.0
31706.001815507334,0.8233485534190076,-0.4823243777109432,9.670331007732605,0.03588836457619079,-0.04354684891796458,0.004469535140000813,3.0
31844.999494476688,0.9108977850696214,-0.5212365751430096,9.68786072222792,0.027731221436462155,-0.07309418878993446,-0.0008708723330328482,3.0
31985.00706442472,0.8159609737043049,-0.500320737353339,9.456863626378224,-0.0190426796390261,-0.06651766637127061,-0.03775640540702111,3.0
32124.998786352957,0.8995514860548961,-0.5715505867448752,9.803987722362546,-0.0016161708029859998,-0.027909159750289177,0.04963276908596472,3.0
32264.00832900447,0.6950448694616637,-0.8247239381286011,10.232122799636572,0.019393018763634865,-0.04374239859760739,0.03565097799829311,3.0
32404.001893523844,0.6740868376759206,-0.4940595556679284,9.901764864223678,0.04314075058143565,-0.07796850194617783,-0.006754719076138371,3.0
32543.006010775283,0.8337065147944728,-0.53363460514653,9.470696284163513,0.04767394184498706,-0.08009515651926495,-0.008416886059171014,3.0
32687.989320987523,0.9251644215565507,-0.6436283851754945,10.010966192104954,0.021706782734353905,-0.010602114139830358,0.024045022845881128,3.0
32827.99697652173,0.8883493112501489,-0.29070558978823235,10.246382314290576,0.00230143273484824,-0.06364923491763627,-0.019617224063520067,3.0
32967.013830705415,0.8766358929275997,-0.28491744768511545,9.721257551722495,0.03518963501124132,-0.03394635699972757,0.048121224792719755,3.0
33106.99439981089,0.9006647268072867,-0.6518127444050509,9.882691401066781,0.007132773586146409,-0.048970063184302026,0.029229300707639922,3.0
2738.9934621747884,9.687302122043965,0.879890185977537,0.3038883292629457,0.03205673862462981,-0.05187713327517433,0.05235612629058062,4.0
2874.992651256508,9.672312090762112,1.079214116190907,0.6480574489223567,0.010612923482185775,0.0068107874604252,0.009626326415991288,4.0
3011.9837867337747,9.7633143526282,1.0054998402517787,0.5131233862959945,-0.013957262677618992,-0.046185181311866816,-0.016292861572764175,4.0
3149.0077291362627,9.685815110333952,0.705022867578722,0.5520258323899782,0.012525659286032694,0.0003676564740886254,0.0012818729586276697,4.0
3285.999863725392,9.669481780954937,0.8153654308436618,0.5642245773437319,0.03539600119929316,-0.023459872284861943,-0.02490599325815929,4.0
3421.9848261036477,9.63746279395352,0.8077367547225884,0.5738153629064624,0.010807278600886107,-0.03344109186641351,-0.0015767850663031776,4.0
3558.996843656921,9.71573324519088,0.966552449278707,0.601093304278973,0.022691658912725576,-0.0626885132767304,0.013177082723479868,4.0
3695.976814671966,9.711704436771873,0.9476810732633598,0.6176725591041087,0.017644837307968238,-0.04159014791430721,-0.001474296016594722,4.0
3839.001825355705,9.780560010105384,0.9674761289481347,0.7858972021253331,-0.0012064078930692232,-0.02177067911949732,-0.005680155640309097,4.0
3976.0133726239974,9.713282426087803,0.9417402084647871,0.7067163571337135,-0.019021927437840154,-0.013642341706423219,-0.00848990210208614,4.0
4114.004082573256,9.678176371636152,0.9219938363272623,0.5841779369150644,0.005233326892583026,-0.026483442841368412,0.0008677586350461799,4.0
4250.007368606264,9.689621068570036,0.8477870464065815,0.7146830189228414,0.03381807246751268,-0.017283753444774258,-0.0044728568211831535,4.0
4387.003234481854,9.643296251460121,0.7944255844061363,0.6004683706769935,0.02341575829517075,-0.03869807445526162,0.008802391532947224,4.0
4523.98569280884,9.703204430039928,0.8394061302085335,0.6983349782841242,0.0285325263257422,-0.02002816875684883,-0.005618868293722674,4.0
4660.003498568069,9.741965203851652,0.9098820168932441,0.8159849868642814,0.0033713266571905555,-0.040679618178783766,0.011613718081528683,4.0
4795.011065050227,9.715357109580458,0.7951177731149484,0.8078532196774554,0.002589443732454237,-0.03213039071904142,0.012230430877113325,4.0
4931.000842515405,9.66798163318648,0.8034079528816981,0.7392462847788639,0.006450514850326622,-0.05418634430178435,0.010631196811189587,4.0
5066.999341895419,9.695111090618056,0.7660671963208163,0.8275927423454048,0.015710754404422288,-0.04698845273296391,-0.015064172642418328,4.0
5198.985619863212,9.690840355845223,0.7560270321134267,0.6245410652560195,-0.0071036554331316394,-0.06007666720967431,-0.030570612330770828,4.0
5334.012940384792,9.660094872597119,0.8004198932797695,0.5299101193942097,0.019480738800363034,-0.05035600767662041,0.018546352310305422,4.0
5469.997832992563,9.710455654529627,0.8562267311108293,0.7554616813419172,0.011245382429173756,-0.03743355606880097,0.004511735741761794,4.0
5606.009408960282,9.756359021111841,0.9528629008775593,0.7513539887956607,0.027813818683527097,-0.024140984292397652,-0.002729526977067517,4.0
5741.9889392653695,9.74109272363618,0.907958000113255,0.729059747218228,0.009353582256557543,-0.0407771061895031,-0.002455780119848081,4.0
5877.001348196026,9.692939262170066,0.8128234576837642,0.654536921111621,-0.013227311428051917,-0.031826698562720315,0.00715597797135452,4.0
6013.028322766459,9.636110146237648,0.7471599916933743,0.6725974799745585,0.011688274096051068,-0.05795590640409158,-0.010011819743261692,4.0
6148.980830534959,9.787825782879446,0.8144716278200179,0.7575286745893757,0.022182493012374658,-0.08451933555545134,-0.011848884590479402,4.0
6285.032401937016,9.706053186623715,0.8019367047761761,0.8270587418658532,0.03938338817762574,-0.037387170528907006,0.010561068398909938,4.0
6426.004073963968,9.692796108354926,0.9660988455580946,0.680557152668829,0.017187776346034852,-0.008157732580196416,-0.008830383863879228,4.0
6561.998870457299,9.579113087772003,0.7286320968060856,0.584377728236168,0.01625606753961094,-0.05126450931808102,-0.009807186984156075,4.0
6697.997757585948,9.801973239845331,0.7449458072131996,0.7619892331652444,0.008176120201550596,-0.04614475830981291,0.00454449894426553,4.0
6832.995450977763,9.667318967165338,0.8120181083791358,0.811130555592213,0.004423092623180046,-0.051897343200503966,0.028554968503201775,4.0
6969.00138412253,9.682917300470624,0.8411539920886886,0.6398155729920953,-0.006501085594333551,-0.04683892872908347,0.003172462592666538,4.0
7104.982607717059,9.674235216791024,0.691623217171364,0.8823454677537395,0.004345525085621465,-0.03267836641191552,0.024674060127588306,4.0
7240.977654785368,9.726410818795115,0.8264264910664681,0.82979106269336,0.03734834929678432,-0.03325331426179514,-0.016132499637484844,4.0
7376.009568245923,9.69624893593432,0.8372499269425291,0.8878401927303511,0.004850394615303107,-0.03886079127592867,-0.013048607135385356,4.0
7511.98904465703,9.71714825294218,0.8565507140582486,0.8751518248289459,-0.003294614040714365,-0.03303880739020489,-0.007472685712798192,4.0
7653.001232316623,9.751498266305566,0.8645819711796437,0.8816850398298524,0.006707892895131857,-0.03570341188266717,-0.010845098010141193,4.0
7788.992648956074,9.675137581324304,0.7801244136054452,0.7835653955460123,0.0015393579942973258,-0.0314492056640212,-0.008109249301358234,4.0
7924.005462799482,9.681414819182098,0.7762337907796188,0.7584003147317754,0.0045822949062396855,-0.04892524030133893,0.0005652271426153162,4.0
8060.002598495852,9.722548524355465,0.9038626655594829,0.8630128875361204,0.041164249694085615,-0.04992807628419191,-0.018428734002355705,4.0
8195.995865310028,9.728465898935822,0.7769405035107761,0.9569510919793839,-0.007686810619234148,-0.03752322347571244,0.0059002805093614635,4.0
8331.987101942543,9.732949680010728,0.8088704048608112,0.8022151178760516,-0.0033950134447270908,-0.050589556030064355,0.026158472232080836,4.0
8467.007132489854,9.672961323928565,0.7154618876850408,0.7538175534113606,0.027683418561012987,-0.07414878488448183,0.022130693752981614,4.0
8602.978756149532,9.715339581158734,0.768006393174355,0.9003568993020528,0.012487872477042363,-0.033000205526349545,-0.0031771118132555612,4.0
8738.99937862037,9.639175543068797,0.7219735242580014,0.7182736191623765,0.03020912434992336,-0.030263829163502863,-0.008963322580736871,4.0
8879.003680429174,9.657121406575305,0.7616752761595909,0.8019727166585034,0.03777820750701704,-0.047592707233784386,0.017171491437919947,4.0
9014.992774203929,9.683002063429678,0.7953262132297637,0.8683939318926952,0.02734299337875033,-0.028398712184218706,0.00826281845823674,4.0
9151.004096449482,9.690727034677165,0.8093760101856968,0.8697175868422168,0.001806131218489702,-0.04819865683138581,-0.014729843756762454,4.0
9286.99159464261,9.712760563918698,0.7810518402804364,0.8727572466343572,0.02028789224269522,-0.032708497405079646,-0.005428277648611755,4.0
9422.009758776458,9.744282089603596,0.8407297776372141,0.9359438644192882,0.0025285123007365885,-0.03951478591905966,-0.020205046015544487,4.0
9557.988559298565,9.745839950708474,0.7923159790742104,0.9349750652432571,0.008296148470057222,-0.027723592098351055,-0.007433085017240023,4.0
9693.980958040345,9.750986792466842,0.8272716366301239,0.8705762409159779,0.008899436489145927,-0.032149638175365,0.021217852833175035,4.0
9829.998176256113,9.669602961289668,0.6795777798228421,0.8487429827160216,0.019363272564003355,-0.029846653824925715,0.010925752239446928,4.0
9964.994567801736,9.685816020412434,0.7493336193120321,0.8921787456234128,-7.259004903018256e-05,-0.03317950116035735,-0.004473960110122901,4.0
10106.002810843274,9.731087447893385,0.8544122120770669,0.9796689832720373,0.014795112464294432,-0.047749689579386016,-0.005770212373242283,4.0
10241.993076589612,9.664580723494106,0.8241794512650349,0.9835492523662046,-0.009880347749995102,-0.021181184633454756,-0.03263741253891916,4.0
10376.997576466674,9.643485170131543,0.678719152839594,0.7016411663528926,0.016962233488432222,-0.0401204916614157,-0.03527141240506104,4.0
10512.988351468692,9.736037365243913,0.6990027838847641,0.8971546833454151,0.0033475638208730627,-0.062097483565263824,-0.008240536754711845,4.0
10648.993574874197,9.75330720210238,0.8477310859942833,0.95137670019944,0.004521077256963853,-0.01485198627110146,-0.009770388540199121,4.0
10785.00556177168,9.628793687586187,0.7333297338147535,0.9135521231507382,0.010876316815739891,-0.018084944758236826,-0.00695750320909359,4.0
10919.98168009873,9.705060992766386,0.8511032169748339,0.8156961148275017,0.02403782671061383,-0.054749061110315154,-0.023752762284526465,4.0
11055.992677645232,9.717427617335652,0.9160478843674186,0.8546509066555605,0.030829043088529233,-0.08059039652118835,0.019864698249410586,4.0
11197.013985105135,9.602850126894186,0.7339077693254344,0.9633519885277395,0.02485577870077835,-0.02512511659582165,-0.006962247032477739,4.0
11333.000985868874,9.72858470135168,0.9762025844137998,0.9963490982770801,0.011918342982528224,-0.043424310853536215,-0.015635707134112935,4.0
11468.009269549919,9.706179071765554,0.8947741004363249,0.9336692415066329,0.019277390814382265,-0.06235338707535661,-0.019781797420001114,4.0
11604.002282212481,9.638773615810885,0.7009083729176195,0.8811246846303699,0.014592650225574601,-0.06779004669265092,-0.007594491316102956,4.0
11739.996440631441,9.646733213816486,0.9488997542694614,0.679051257002754,0.04572522475726293,-0.07798330234279915,-0.023076675536019366,4.0
11875.004298051037,9.514903190409129,0.6235880412746474,0.6791329592532818,0.04031910803621619,-0.08042984158642826,-0.0035964059472108957,4.0
12011.002697009259,9.661348407232342,0.7209248417901768,0.8064361134480769,0.034840311309526265,-0.07663176458431291,0.003204017265131098,4.0
12147.010515592692,9.679414517407348,0.6886363888515182,1.0140080661848576,0.005338461464837416,-0.01663328329638929,-0.013822774635278859,4.0
12283.004003050602,9.758496618651781,0.8969227790443043,0.9275583536480719,0.019593062864255443,-0.03875940386384371,0.0010276895284292357,4.0
12422.987855407384,9.685853213301394,0.8930852839071164,0.8593468271068536,0.022955358856753493,-0.020302572769495358,-0.0053071721308055216,4.0
12558.982961253621,9.552220260591955,0.5644134502727542,0.9192253758653688,-0.017180722963347106,-0.05365174061315178,-0.017717765435336347,4.0
12695.003178145276,9.870457289519445,0.9823517575221415,0.813018500733681,-0.008033382223526748,-0.03546618406019484,0.002396263480583381,4.0
12831.00498103506,9.672412493195575,0.6980481558414097,0.9303603320301418,0.008356467888935128,-0.023378758260676688,0.030360065444910714,4.0
12965.997177602503,9.644276348811166,0.725240613002063,0.8487677704497116,0.04264191495065748,-0.043804885145379203,-0.018703304802088937,4.0
13102.001744966898,9.710365281927746,0.8617673162364344,0.9505753476006502,0.01725288130034833,-0.031163898531301023,-0.013000589492882129,4.0
13237.998101795452,9.708673141501555,0.8234199888624019,1.0092157184840418,0.02359492619561328,-0.04775448123663694,0.021851869649015313,4.0
13374.001470314503,9.680097600254408,0.8241664235923335,0.9957798929721133,0.030882991974876997,-0.06740194349744992,0.017184309946359215,4.0
13509.002861243316,9.628505021907765,0.9663258792132293,0.5463250047134903,0.26138493816730246,-0.09330448050853901,-0.01812091243540732,4.0
13650.006640428517,9.682062073837645,0.7734180149390448,0.9072119046358387,0.030215351445621902,-0.08192297676359934,0.014122467169829515,4.0
13785.98949944739,9.67317238533907,0.7763848335828142,1.0095642632899269,0.046034074322756295,-0.06735037627915252,0.005821478154400749,4.0
13920.99089745949,9.630990512580018,0.7161377188050538,0.7935378228256018,0.020088573138421804,-0.07882561948136783,-0.008446125946380525,4.0
14056.99657323736,9.709048158543013,0.7063931041472657,1.0142485918304716,0.0276740442001133,-0.026538762800490178,0.01205524881016642,4.0
14193.029222821207,9.699889860393544,0.7546602917363744,0.9966572583130632,0.014942916768829194,-0.0424423958722833,0.004493626531011628,4.0
14328.99894158486,9.718983754061616,0.8041489333765417,0.9964459694020747,0.009740096291505103,-0.04373030244484846,0.003964568224034556,4.0
14464.00829975405,9.749862272485291,0.770538775539506,1.0350365484121982,0.004421073535177703,-0.021011374699523744,-0.009242539885884022,4.0
14600.008044818711,9.688630524885609,0.7175911058876436,1.022355842861781,-0.005566425159659137,-0.01471697798604043,-0.013207462804413374,4.0
14736.021145371813,9.624905042973223,0.7558950199184786,0.916150244633624,0.026605715527096223,-0.04942337877671337,-0.010764706752206872,4.0
14877.007243852944,9.660995378807186,0.765372041262479,1.0346832194376767,-0.0027062998580330557,-0.04280445263728316,0.030544987742362126,4.0
15013.014071128935,9.663836368423048,0.7408881822883987,1.1006957163487385,0.01748501047088456,-0.03708735500457834,0.0052475342017465915,4.0
15149.00208028097,9.741368626995271,0.8233955982543216,1.0955132112775907,0.003968733856353055,-0.03321810171328662,0.0012427873195537185,4.0
15284.99947361529,9.671189064699243,0.7681470923502737,1.0506153692846782,0.012354846719649653,-0.02672502164149762,-0.01632675760918477,4.0
15420.010656739687,9.659105721475127,0.7070657772353779,0.9715917764695337,0.013422227769222628,-0.01533544009448302,-0.01546349061861313,4.0
15556.003041193733,9.70499426342013,0.786400306130017,1.0344517236381545,0.006873083241569172,-0.04510114030107453,0.004206112805705065,4.0
15692.012214379527,9.643244722527243,0.7064605020210256,1.0438339835548964,0.021831120783437984,-0.04245967744037735,0.017040140802970307,4.0
15827.991072100325,9.794760565558354,1.062742104407653,0.918025827162869,0.20652197954465915,-0.08784548793276249,-0.02312096000467883,4.0
15962.989430478097,9.749289625240502,0.6903449848196281,1.1791300348115734,-0.0030210968236957705,-0.044297049785235916,-0.005454714707679239,4.0
16103.989894454762,9.717305159733067,0.761700348897897,1.1080483178753557,-0.008165836041911113,-0.017559382406607284,-0.004518653841116757,4.0
16239.972643788746,9.672376973046884,0.8030868668054727,1.045076996736093,-0.010991546625540038,-0.019907230187988692,-0.0018466851699124151,4.0
16374.993393063038,9.674717887239451,0.731144281218569,0.938850298713582,0.01082093340068794,-0.06641500785983315,-0.00920451322779195,4.0
16511.003996226373,9.718153126934439,0.7155183100631642,1.1166888014473841,0.01608755699889132,-0.01936283703469,-0.011944462341325636,4.0
16646.99128592362,9.640272380544115,0.7511137074258937,0.8943241832242301,0.01597091359247729,-0.05036476050553541,0.020312951537388272,4.0
16782.99609069081,9.625641422951388,0.749454561985355,0.9083797114627318,0.02181222985822596,-0.06420274676480865,-0.012826203864984892,4.0
16918.00570302744,9.65149652254283,0.6962523051545659,0.9542528654602503,0.03403183694680537,-0.06391116240048245,-0.007146151954308622,4.0
17054.025147593107,9.72270591314134,0.7021771854949584,1.1103585140011905,0.008786414906507578,-0.05772308307519966,-0.0007041700078412696,4.0
17189.99454468439,9.65471161170031,0.7188841579350073,1.0551794358948825,0.023619884992532512,-0.03453581217539912,-0.01563843243983499,4.0
17330.98870232913,9.74994496038682,0.8154099776438616,1.1037425871608828,0.0010410237546426746,-0.03836073413418058,0.0033731732118521935,4.0
17465.980442167944,9.694320484951408,0.7521280550741349,1.0100641363497935,0.025582069079922522,-0.03250563667107296,0.027742925911812502,4.0
17602.004842575876,9.622873454807232,0.6922320121915968,1.0479967588167503,0.029591333390009914,-0.03737158542734547,-0.008782048965639631,4.0
17737.996171534687,9.645802438068982,0.7423322215094881,1.0630584480245575,0.02959084122825918,-0.04881627556153795,-0.013967710539000536,4.0
17873.999582267228,9.71467736909873,0.7777856122194613,1.1136537065024767,0.01539505938933658,-0.07240038425826473,-0.025107906096417415,4.0
18008.991128608955,9.705884977075836,0.7706920057480685,1.0988887492851256,0.021001020463597458,-0.023095492890725215,-0.00782787301103782,4.0
18145.01089772103,9.652911103190641,0.7716011642607661,1.0039181933071688,0.007143546581849004,-0.028234864403845632,-0.0053224044709520545,4.0
18281.004051486907,9.661663914958755,0.691191245755568,1.124678595445486,-0.007591698796329071,-0.04703301134898359,0.004587207333960373,4.0
18421.008530150553,9.648383380938178,0.6731502650073744,1.0233211653771803,0.02742624191306838,-0.061667865825720244,0.021409026413138712,4.0
18557.007623898015,9.704410938375423,0.6334263558143196,1.1237240729503954,0.030878623025339093,-0.07365131748815155,0.0029703360707999203,4.0
18692.996742359166,9.680281194623182,0.6781334501079977,1.1348969821292116,0.0311109977725418,-0.04168210857767519,-0.0058772207859043146,4.0
18828.993738530247,9.752977917268838,0.773325515857151,1.2520149931139064,0.05602287720244993,-0.04639822192580802,0.005784385819777835,4.0
18963.99333402627,9.657395475500689,0.7827795322187225,1.0760411361770472,0.008958620180396181,-0.03605664385047328,0.006435818464725096,4.0
19105.99558925015,9.621607576480454,0.7383414172934388,0.9908439298468823,0.0031528579087711723,-0.057358851971938116,-0.023001033145041337,4.0
19241.99378031213,9.787824780258372,0.8271029266582381,1.1668290167843414,0.014284806021878671,-0.07272322647483007,-0.015036359922354272,4.0
19377.006237562866,9.653823888464661,0.8331243971558139,1.0300423653419473,0.021821239391716592,-0.039788941805853066,-0.002945372380180738,4.0
19512.970789920033,9.550416833982183,0.6796341891230049,0.9687870272142104,0.0031439821990066784,-0.0252769215596806,-0.002938826926920977,4.0
19653.991234743873,9.67189036542818,0.7301976347591399,1.0409863301815137,0.017070841872969405,-0.07282631516075448,-0.0021326006089298567,4.0
19789.98353320255,9.724266053147728,0.8239547135735076,1.2612511045783694,0.03024189633701628,-0.064639075723403,-0.00634139547470741,4.0
19925.000358496258,9.692664695050333,0.7899477507262328,1.0879116056359204,0.03813597358996811,-0.02895697190798668,-0.004964306966670174,4.0
20061.01011150551,9.644678506520204,0.7515456061169198,1.0693000315170187,0.018785475104385125,-0.051897381677090036,-0.005641683148574052,4.0
20203.990189538777,9.678423045708838,0.7852007007068154,1.0958275598321092,0.01703944827691874,-0.06653569176569292,-0.016228490802978578,4.0
20339.014920085905,9.693105221280383,0.8751124074988977,1.0925830437438484,0.0010907074713388959,-0.03482824737744744,-0.012275989250097138,4.0
20474.998856213333,9.649402384021213,0.7718135089218027,1.1146990174868525,0.011118943701914612,-0.05403593007178392,0.009911407472569413,4.0
20610.9951125362,9.764715970268417,0.9126822859031412,1.1709068573613484,-0.0011805261123136834,-0.03237736993717756,-0.016500531225822256,4.0
20746.990421470404,9.714868586863984,0.8370687908682694,0.9776194744661597,0.01864290741171891,-0.011423379230684148,-0.015523995470183703,4.0
20887.994962194603,9.668749922541274,0.856797067861472,1.0323447753206814,0.00970210068746758,-0.03692355785981857,0.0017412599231057795,4.0
21023.992908166187,9.606150844913154,0.7614334348655388,1.1097159616751813,0.02513285257732571,-0.041874062184261374,0.018440482212069696,4.0
21159.988972425603,9.705315359949298,0.7991366540093024,1.0993573472874083,0.02031661911476165,-0.030242714484636037,0.00308580658742361,4.0
21295.001165096844,9.680335791983808,0.7513398897401999,1.0263302351410677,0.04684734854001751,-0.06409401284418387,-0.0091407672908637,4.0
21431.017064976746,9.698567410326325,0.7791460208196751,1.2162634667251175,0.015970020071522907,-0.05309021965494087,0.00816301664550133,4.0
21566.98834119307,9.690264431593462,0.7552817200442972,0.9492519001457759,0.03425539560903271,-0.044639229324858344,-0.02591386384956123,4.0
21702.99235564108,9.6097605166459,0.7303226836281997,0.8887748868597544,-0.0005104017869068136,-0.04622933633687569,0.005479414903787297,4.0
21837.987671609717,9.664611955614026,0.8331944459026416,0.9948246376319886,0.010790049174565906,-0.03474274441348491,-0.026076017524684386,4.0
21973.990229700867,9.716673737603866,0.8956690970002608,1.042341767718505,0.021521222747705588,-0.058557372333004745,-0.0022495028056978175,4.0
22130.02188427501,9.700700789077281,0.8883248994933809,1.1193814699145106,0.04066138282351652,-0.031972543423225426,0.013065727829765807,4.0
22269.99542051437,9.657416882748338,0.7913350819038867,1.0896363341308246,0.02482265162483503,-0.050804390192546324,0.003701162788455134,4.0
22409.98422026654,9.668947379179983,0.7825300968934193,1.0526342940169915,0.012595373580054104,-0.045610895245336514,-0.0014388932323096517,4.0
22548.990054064216,9.735280181564626,0.8085047724970574,1.0383535705358922,0.023706453033922166,-0.052643917600200645,-0.009355946240837371,4.0
22688.98529077944,9.713652090445853,0.7982266078053679,1.288618533908544,0.008422138146705394,-0.0233565404696672,0.011918906618992158,4.0
22829.005033707188,9.727916309996866,0.73775189478594,1.3229611860649688,-0.0006953261616263498,-0.015043519105396906,-0.016062013520117092,4.0
22968.011569793864,9.670663284350086,0.7429683227146073,1.0299930587208193,0.01622015707785253,-0.0009161791914368536,-0.030252073238408415,4.0
23107.996455311204,9.72153317628372,0.8652707787210624,1.2195489029939584,0.02698448698426562,-0.061940740676845046,0.019078163748444066,4.0
23248.003433839855,9.681938116732246,0.7335826922897034,1.2623798856667257,-0.006688161182442728,-0.04085800334150264,0.02502609772486631,4.0
23393.00074706519,9.644819618877776,0.6950568600630684,1.0867715667109912,0.02874580120758535,-0.021321859141481336,0.005444046121632993,4.0
23533.005943948938,9.687040623730004,0.8120120805703188,0.9488763416896372,0.027238261272763836,-0.04896641729435042,0.030848801651748105,4.0
23672.0112379232,9.624588759254657,0.7370460361734629,1.1415566046600079,0.03575288377715318,-0.08365545104592512,0.0030338458587902506,4.0
23811.998886789792,9.752024251033195,0.7905137881768969,1.2247233857789663,0.03277333093886577,-0.05963209670287118,-0.018193556202495874,4.0
23951.989231811545,9.737778822056463,0.8235827956456379,1.2461040307768505,0.028315383393738392,-0.03933432209486184,-0.0005679929672619721,4.0
24091.009241455515,9.65696520488917,0.776028881772976,1.1860385111639289,0.016277629540109893,-0.02745962627969339,-0.0028672527065779357,4.0
24230.992787052197,9.713078347444624,0.8946590774211663,1.0956605085984488,-0.005771526171356504,-0.041329621393761826,-0.004901155706140645,4.0
24370.994883170664,9.562645761693362,0.6718704403062542,0.9459312162493696,0.021704877341886187,-0.05840714764045112,-0.0024978448343008957,4.0
24514.99022984857,9.653692415262844,0.7650719965339949,1.0234333148680728,0.04002892997087698,-0.04388095442881365,0.01308475395878755,4.0
24654.972063607405,9.681135403501171,0.8094764240068505,1.0874770726881913,0.03523042739347114,-0.06469548837080363,0.005815752031063244,4.0
24793.983891368378,9.68260599741897,0.7807912783774899,1.2152416456747455,0.03552043340924079,-0.0553176319437683,-1.8805237832140043e-05,4.0
24933.989839607526,9.732481694783079,0.8213369649969245,1.2054181272179372,0.017311573313250294,-0.04273955729173553,-0.010800281315007328,4.0
25074.001690652927,9.677688275972907,0.7556320476178221,1.1120544822860117,0.015775665229848856,-0.048615659205794644,-0.004818673971437811,4.0
25212.979100277837,9.683033427063451,0.7662673543494931,1.1139162772507356,0.0036059112284860086,-0.028158710213027186,-0.002143321466941358,4.0
25353.01697887758,9.727455839522765,0.7437266433031212,1.2257799407085543,0.02384441728348465,-0.03155572309705546,-0.005080024239268987,4.0
25492.986401220405,9.721626381728587,0.7708765818129465,1.2148926971227665,0.028072400756436886,-0.029050171351474342,-0.01863242558388073,4.0
25631.9963961881,9.701815976817686,0.7308583483793691,1.3843467996003038,-0.03291328102391829,-0.024681750054745797,0.023051063154839138,4.0
25776.98500017982,9.652246672753687,0.7268795259632347,1.170434491880834,-0.01765453761690078,-0.03263313102218867,-0.006035344422269237,4.0
25916.000697633695,9.675991604519233,0.7726701810170469,1.1032703255160543,0.03867050218077978,-0.029918047113438807,0.004883158826613212,4.0
26056.01296501644,9.691474827202251,0.8078683409848413,1.0773052600805035,0.029009332229263312,-0.08130314152006467,0.031010656078962515,4.0
26196.010047746313,9.58762733435409,0.5766287753242715,1.0335540569307924,0.038753369283209126,-0.05040762925308805,0.0021489348249917124,4.0
26334.994375530645,9.8226947632354,0.8867717300204855,1.1790994387367415,-0.07315158097504597,0.01955442252898228,0.0004285879014818794,4.0
26474.99591441922,9.534767877780876,0.4309943328446517,0.9365482807709491,0.022143470709050445,-0.09687366127324014,0.028160930490956172,4.0
26615.01284613412,9.744719768066355,0.6384433852078066,1.1189035068952766,-0.002011527457343356,-0.10429417114066032,-0.0037319413686885965,4.0
26753.99943543369,9.722509442996097,0.5790345889190146,1.3041222772831067,-0.002199682622154969,-0.05207056367308766,0.02772106319042804,4.0
26894.01034814716,9.784113693937284,0.7135389073517384,1.0190786600394381,-0.019594314317982538,-0.033029766449171875,-0.012524021025268124,4.0
27039.99892892665,9.62808064780012,0.5383763722525253,0.9341268859872325,0.021206905444048834,-0.06367294213750158,0.033271272671672146,4.0
27179.00186883043,9.743100508806677,0.5754370141787493,1.1127252435008568,0.018774256374710203,-0.01890833168974881,-0.025424528379627588,4.0
27319.002689879286,9.6721075951112,0.5170298340881885,0.7581764214641795,0.025462892761774696,-0.018708946742591458,-0.00345629607675392,4.0
27458.020341022257,9.586236258043986,0.4260182620013919,0.9563161341947776,0.045328745680228225,-0.06038007637017873,-0.005928050946054218,4.0
27598.00817895536,9.7794437080071,0.7615717086578285,1.1970552950056879,0.06592987455978792,-0.06640722680113857,-0.05941758085230436,4.0
27738.00947796894,9.784483977970703,0.8178477829111888,1.1174014557034437,0.015385828287918145,-0.014234216521720718,-0.0074882340061831545,4.0
27876.98232691996,9.664907807249381,0.7261385798756759,1.1200073518073945,0.010781724732194123,-0.03456613470720711,0.02647955433667759,4.0
28016.99861964907,9.695967771536008,0.6604770048464421,0.9852713391404924,0.019710170078005625,-0.07805929763814827,-0.0008035318074112578,4.0
28156.99238154286,9.74127665520142,0.6021025124808056,1.1455840270703341,-0.039408962920760585,0.005586623606258692,0.02151760513702149,4.0
28302.00002064183,9.672590004349875,0.5010420333390257,1.0516182784588313,-0.013400889956913643,-0.006932544053447421,0.006059494721146875,4.0
28442.0019720276,9.704584389376087,0.6446767103177005,1.1429162436938642,0.03882743004196297,-0.0012176813249808783,-0.046950307367229084,4.0
28582.00695212714,9.741806780351329,0.6969999020057148,1.163723192409203,0.0078218816079936,-0.0627706589391829,0.00784155143315025,4.0
28720.998397003248,9.646750023234953,0.5599962104349229,1.1267548747829326,0.008767718499529386,-0.04860770973474022,0.01368994380995607,4.0
28860.99432564069,9.706023275791924,0.6436794295314027,1.1230739639509777,0.056753875920553594,-0.04377173083316443,0.0075720073920279365,4.0
28999.999225405154,9.640747811880061,0.5467825914294682,1.133727858175788,0.041260151333296746,-0.049354698302326215,-0.01102052964486299,4.0
29140.005808266054,9.702489301272857,0.5930938560283976,1.0497561731132345,0.02720943513251525,-0.053735215888998766,-0.00120721213843107,4.0
29279.991955679307,9.643271834245757,0.5468454482188484,1.0395821670946022,0.01676773890801417,-0.0467534311196875,0.032151786048287445,4.0
29418.995022928393,9.68917606451667,0.7003925980279874,1.209121966793667,0.02104822031690085,-0.0859186546166349,0.006475746171918989,4.0
29565.007656198937,9.663199762276657,0.777003403654666,1.0479984698240628,0.05898631969816082,-0.06456281538041973,-0.015966819229669152,4.0
29705.01758961296,9.732724699393387,0.688513675180736,1.204579962185349,0.039920199860267236,-0.03614742491781612,-0.04550724238273121,4.0
29844.001982915066,9.751125485009892,0.6930191561576033,1.206319469853408,-0.0007578500173341685,-0.06248062437409339,0.02116366215837862,4.0
29983.99751132276,9.58937041044091,0.5674518139178497,0.8970474134239962,9.982922515225465e-05,-0.035667762036764014,0.018353624668381023,4.0
30123.99339287203,9.669271921914934,0.6572985954891225,0.9662555957234207,0.05107943176880756,-0.06751556476044619,-0.009458261667395796,4.0
30262.987497193728,9.694029453571721,0.6501308956136463,1.0888194775562958,0.041723890060582546,-0.043361009303967836,0.0016207616734513048,4.0
30403.0107131756,9.751626030529266,0.7015885836125625,1.2266593228699962,0.022191425722595814,-0.04706629999335251,-0.007507847412542165,4.0
30541.98898962081,9.744014822660832,0.7797923959919765,1.2334161831698538,0.007025667678024189,-0.032304716086283075,-0.004002083557191713,4.0
30687.98346104946,9.733931856119527,0.8371624267442859,1.082557624064557,-0.0005683182806736937,-0.009847175887993593,-0.01861347894667453,4.0
30827.991543005537,9.734618140640265,0.7762272038062642,1.18416758723876,0.016597644969498816,-0.035531679696532814,-0.007113484902868606,4.0
30967.002980921476,9.65177547527049,0.5084269951648599,0.7047966752163942,0.035490812828207464,-0.09811221338704641,0.011584789760583747,4.0
31107.99295865545,9.591395440809979,0.3923571607794382,0.9567544150967313,0.07430136634760116,-0.07353402721674077,-0.002810842468298457,4.0
31248.000053091233,9.773307491732156,0.682008622918618,1.1302601615791412,0.0315983934548143,-0.019287393254762083,-0.010729551681004285,4.0
31386.98747814598,9.744527683286428,0.9067567125561453,1.1492080998478644,-0.01646084502505746,-0.010400583467476172,-0.013905144802823247,4.0
31527.004049034083,9.865702869443604,1.0054512489684184,1.0084036843373856,0.004432049924593561,0.011511810723847889,0.049259297931965235,4.0
31665.987524961405,9.25728952861151,-0.03471864119132318,1.3776494532301324,0.02079096690546345,-0.09730871221894882,0.02141773173538111,4.0
31805.996266231574,9.881449916319744,0.6750277610652019,1.2434537072705303,-0.007033163249637206,-0.014959038961912174,-0.056789619742167535,4.0
31951.003424842143,9.714487733875375,0.9264285515299041,1.256459835525711,-0.0039349340434313386,0.015630156106439096,-0.011281529363508723,4.0
32090.001375563097,9.632915889527409,0.8401407941977049,1.0219754891222095,0.02180565612125965,-0.08717478895528534,0.016061087144063513,4.0
32230.005166067207,9.634707392376166,0.6900693661188801,1.250942314479801,0.0367522717237374,-0.031729133283087914,-0.006249868242917211,4.0
32370.002054700166,9.735679207030786,0.9262081606972704,1.218661183371085,0.03082536973534136,-0.0524507567937079,-0.032001079168519284,4.0
32509.006079516177,9.76330814128554,0.9900061749631517,1.1910152554548596,-0.02271021130277383,-0.030843375466539074,-0.014776777926759351,4.0
32649.00052955893,9.61201861159193,0.637813235902354,0.7172769661105504,0.04271489620596815,-0.06680215077517511,-0.0019483809364304488,4.0
2686.008472879999,0.8652349499293772,0.3666478762111778,10.010001642000354,0.014060638936323132,-0.02906280959178124,0.004865195298265058,5.0
2821.996387645371,0.8483685507393467,0.30519920905385606,9.809430428152405,0.018772905725068782,-0.030587815095236753,0.013030189546054134,5.0
2957.981026592276,0.8858540363247314,0.26844905565721655,9.968123096031132,0.005630263360647181,-0.044634930823896295,-0.011887996684223894,5.0
3092.98705225107,0.9042822842700581,0.3453760777574607,9.91315382560731,-0.004076568862418738,-0.04581874953362595,0.011177514555752914,5.0
3228.9973889977728,0.8911376661921351,0.3630968137146225,9.808839705049385,0.03321554840033772,-0.04123642952733561,-0.013472260506684534,5.0
3364.9972721809663,0.8573180593085294,0.23718173745224327,9.922704801812202,0.023618411727759636,-0.04413011607730779,-0.0012464141319847842,5.0
3500.0008909392677,0.8339861938985439,0.33375774243114614,9.980710768944004,0.025478078724598823,-0.05135408983620627,0.004453569308464947,5.0
3636.0100095788757,0.921832766203202,0.4029919189651188,9.93839984348242,0.0034197489885965026,-0.08059520227007676,-0.016101214188295503,5.0
3776.993961520495,0.9184326524594589,0.3217534801615185,9.962855064708084,0.0031830832600919937,-0.08960309981854268,0.012713255769863952,5.0
3912.9919773997535,0.9073494228702466,0.3239756400799549,9.953900819603996,0.022859650048064076,-0.04449092130770483,-0.0009973237840186304,5.0
4048.0190951796653,0.9306838768385007,0.4014577066218283,10.012441999044164,0.004864391629081824,-0.056346085907570516,0.013175339780994048,5.0
4183.997624995507,0.9010426712393387,0.3065613706680261,9.863273405113238,0.01949850594673701,-0.0666564716156935,-0.0022944772265033205,5.0
4320.011471228216,0.9535460314930506,0.35269506768904574,9.790993139441445,-0.010176015451157431,-0.025775358098734814,-0.0011019265468324064,5.0
4455.993524763992,0.9101154935446198,0.28017924688890317,9.887184334436103,0.015758578557434347,-0.05341311020707929,0.0031293157070703096,5.0
4590.98710323687,0.8844728652627248,0.4109263161914541,9.979130203473552,-0.026331220359143565,-0.0053377916878872365,0.002039959170760277,5.0
4727.00536900775,0.8883306930444029,0.3010864469536502,9.866465536759272,0.02403580849402194,-0.03747387123237756,0.003413520135696287,5.0
4863.003969877424,0.8805444881478044,0.21387194526404182,9.794008782319594,0.003556974668018828,-0.056014948209280706,-0.018033419349026424,5.0
5004.000884061943,0.9342248695771586,0.35499692567161756,9.859940832830638,0.03821063632199571,-0.08248516372368664,0.016720694613849486,5.0
5139.992939882595,0.9830142617189893,0.24575053204879557,9.89014906469731,-0.006119044078834185,-0.052703693006962246,-0.00817205443202802,5.0
5276.014025699742,0.9384853596463657,0.2547119466313653,9.901068379143537,0.008840168134827204,-0.03907668212958322,3.433210886624521e-05,5.0
5427.0137895393245,0.9720284248799043,0.27877934330366777,9.99521874263554,0.0012737767765792175,-0.03148255186691185,0.008153663473208738,5.0
5562.992547131889,0.9733033372832179,0.2493507760480465,9.709812301494127,-0.008494280210182288,-0.06061556967958662,0.00625257329167039,5.0
5698.998833615149,0.9857553221442554,0.3013594830383441,10.058897115808717,0.033059828553373076,-0.03713269251929522,0.011209997774855875,5.0
5833.995890797861,0.9086510781011422,0.3079215553199112,9.971607857834723,0.006775827685402015,-0.05071580477830656,0.0035817767509123072,5.0
5969.984976570539,0.8971969421295651,0.20515582805029903,9.763959594947407,0.013551653207649932,-0.033824966047722844,-0.010987469820738545,5.0
6105.996742013911,0.9552131406489441,0.2574995076716414,9.900657183938554,0.009753992632685216,-0.04577234694536795,-0.014307156794606347,5.0
6247.994357365767,0.8918713785108071,0.25095093578788574,9.82822055762493,0.02775354883611514,-0.0538599376472691,-0.022139723744807015,5.0
6382.996541583609,1.0235943090763304,0.36040496639955233,9.899139485111977,0.027008705717553205,-0.11328099157618686,0.020869372562332116,5.0
6518.992701749914,0.9171071209471877,0.2890326646297766,10.092073100702606,0.0046285122352408255,-0.03933207625322715,0.026692338073592302,5.0
6655.004309494246,0.8935120983523627,0.2832264261571632,9.866513874775386,0.002500523860035165,-0.006525464323908872,-0.001173658638312158,5.0
6791.01007446575,1.0244212641839976,0.357840222602556,9.877799078293853,0.02672465695033154,-0.06881268598265954,-0.05479477685622147,5.0
6926.008731411522,1.0344556958459934,0.3644067921043438,9.949507163014085,0.032365778535405655,-0.05051535050428167,0.02074966934701052,5.0
7061.992617759423,0.8991308584848572,0.3954885594397828,9.96632331272082,-0.011497036473167828,-0.011244353530089795,0.006982978654359295,5.0
7198.003598189033,0.9243406737333982,0.31130611341090103,9.946103111750507,0.006075306436232982,-0.04193870739070885,-0.00110329758400061,5.0
7333.003879928332,0.9016128129250586,0.36138400025332723,9.95758672347162,0.002458695179426827,-0.06854327873636229,-0.002223525415752581,5.0
7474.996737453569,0.9798477658769076,0.39275689383221996,9.868361110465948,-0.02518352977615086,-0.02677978723125726,-0.0004903354616928039,5.0
7610.9969615726195,0.9632329524567139,0.28130533029540916,9.779603416112746,-0.036265987310903594,-0.049623875534156384,-0.007993591639365014,5.0
7746.998069815052,0.9785378921936037,0.3323769848376048,9.813264332473112,-0.008247710308776905,-0.05821907472387541,0.011952739231707088,5.0
7881.9674648383625,1.0084502445648478,0.3280419977628751,9.88877171987264,-0.003609585590839768,-0.08952683083738601,0.008479301202039925,5.0
8017.997694992905,0.9472621533191463,0.2050163758127639,9.86184472902152,0.014626791620173784,-0.05129347803402249,-0.0072818768103613245,5.0
8153.997746000878,1.0358438251292983,0.39592382910826623,9.750056202963208,-0.0008941606303873099,-0.021293392002274678,-0.017681417314723565,5.0
8290.006832477779,1.0595918109042077,0.298830817800639,9.781520411932023,-0.010461166965908751,-0.054269963832431066,0.008493746660964793,5.0
8424.98821171832,0.9879823596533711,0.335286077621315,9.863016137233936,0.022344562946713505,-0.05317122800050058,0.01929226527517226,5.0
8560.990056217768,0.9625617619264496,0.2818674168911201,9.922862731302532,0.04792157665540945,-0.04546738433982377,0.007146535189354458,5.0
8703.003861330053,0.997080958588877,0.3776337796905396,9.878373424890231,0.003125189013780219,-0.03836021856885115,-0.015227496187273634,5.0
8837.999271390305,0.9531988641613055,0.2716204564365714,9.847306417844246,0.041758031584193715,-0.02986701498327091,0.0033111393852469292,5.0
8973.99153009519,0.9112856596422071,0.35018140453637553,9.970784238031701,0.021001024772873526,-0.04057873184713592,0.009391783047813337,5.0
9110.005806077586,0.855102816670819,0.29706932894573523,9.82317808563944,0.03169859636889838,-0.04051322200819678,0.00010217587019606877,5.0
9246.002307850249,0.9815891824293262,0.32432295046006465,9.757284111405273,0.00951117050713375,-0.0819483494579787,-0.0073980647172805485,5.0
9380.977394093425,0.998095549386741,0.3208105914812624,9.810854620741587,0.01484981888526961,-0.035608897403813296,0.009486308681828398,5.0
9516.995249264104,0.9578802193731948,0.3489113399569834,9.9484263117392,-0.0019632454468120944,-0.03018664170602176,-0.005937119217912186,5.0
9653.008027098744,0.9817225502823826,0.29174337443629317,9.817158594028198,-0.015497653394516404,-0.06424202342671889,-0.009489959211985838,5.0
9793.979351094506,1.0080525504330131,0.336892882232763,9.843130684087479,0.03879218803203659,-0.03641077686379771,-0.003241853324732377,5.0
9929.994554593844,0.9850138035697278,0.379001025067491,9.910706719201382,0.027239775911884704,-0.03211196622360851,-0.009409382288833512,5.0
10066.000378662635,1.014770407424063,0.2825519456614476,9.923951377182057,-0.008528246069182423,-0.019657958478865912,-0.0032631650585660424,5.0
10201.986224326793,0.9759672279571888,0.2669874485148263,9.704429446351549,0.021145647677753517,-0.06455995982650185,-0.0013852799916678816,5.0
10336.973652629782,0.9770444589545181,0.41200655118277946,9.94803884460895,0.019997559952174747,-0.05048927780306486,-0.013483234416764632,5.0
10473.0047565388,0.9666278929718155,0.28855323875798133,9.883435099971086,0.0061490544442377735,-0.03846905810199543,0.00568407807368081,5.0
10609.001645623704,0.9547825491998859,0.34130021352005985,9.676115498214147,0.006388139480640066,-0.0862134976554512,0.014071428235169072,5.0
10744.979958503563,0.9883640497098827,0.36726497185505097,10.062418862082072,0.014392163018961462,-0.03173828286388857,-0.012656579347870909,5.0
10880.002542197839,0.9513621159166732,0.3948737642555389,9.899419104627363,-0.0056797834567815396,-0.022742204066091596,-0.015662124223209086,5.0
11021.997310595634,0.9943920732911524,0.3033701034327368,9.67036480193958,-0.0012022522953931023,-0.0494843742335778,-0.01203378318510144,5.0
11158.016163699527,0.9918433588086639,0.37283936316635574,9.876576945009504,0.03789783163977374,-0.0710243105585833,-0.0040941841762431146,5.0
11293.003271073603,0.9836810848117599,0.3294366784799774,9.933834483204492,0.005499540072983871,-0.05897043627863043,0.004701837003666685,5.0
11429.001699045242,0.9712503119757208,0.38517849882318334,9.785264787424161,0.012389962027028889,-0.05869339646240882,-0.0029111689347381983,5.0
11565.002578461635,0.9342025569947132,0.31551185472206345,9.852088212504222,-0.012982448005141051,-0.023036545317765996,-0.008890320986593855,5.0
11701.005799562274,0.9179390007607735,0.3547574460980372,9.913556138346689,0.05195901724067984,-0.02236422056916698,0.006365353078375904,5.0
11835.998399977323,0.9583108018364779,0.39379271917054093,9.823138433068548,0.00044800756498449007,-0.017630603636092056,-0.016965903316603113,5.0
11972.002134639271,0.9151914672388168,0.34892842106460087,9.910269443606557,0.007874223688749639,-0.0396464276311151,-0.016167437883403732,5.0
12108.003069502409,0.9300382532466006,0.44775755481391977,9.897722934367927,0.015117791470857319,-0.025410210949668697,-0.007384719798987017,5.0
12249.994558998409,0.9349757527169442,0.376272709206525,9.849621458246386,0.005415448232576457,-0.0572327975720225,-0.02502479642109076,5.0
12385.005371029314,0.9259999089527469,0.34694538486671495,9.943657088637556,0.0010526788766454438,-0.058256539025643615,0.004506264343327404,5.0
12521.008789397238,0.9236302957533467,0.451189300733128,9.926737367124316,0.010691264104337997,-0.0529182624315591,-0.0013414327023555488,5.0
12657.004205826812,0.9966103364695517,0.438025350294276,9.852836752197323,-0.015619921352345833,-0.025695338781638873,-0.007544621610471584,5.0
12792.002016118513,0.9290760784901112,0.3557611424668391,9.902272135339919,0.020360771224738238,-0.07638007472892963,0.006014744012873732,5.0
12927.990346949042,0.9479956569428294,0.3794348743712302,9.817670953584944,0.010078913678862638,-0.05683755821310582,0.008338415970388783,5.0
13064.002238054205,0.9744707049758226,0.3354913664822953,9.854030225387934,0.011584202652608337,-0.029551552743251955,-0.003385948551278688,5.0
13199.99407804506,0.9603391880081825,0.4003974765523359,9.837119915040276,0.03933049069781762,-0.058709198903168495,0.002932924576465826,5.0
13334.982789491154,0.9068898341017956,0.32326967797310335,9.74042254864388,0.01276600677040827,-0.04349771385949053,-0.00954586669494355,5.0
13476.992799143494,0.9057488618439389,0.43324904857945834,9.860411206572058,0.014406565243171767,-0.05623827015035019,-0.0016386126560297147,5.0
13612.988420215897,0.9008053515059201,0.31300794336868937,9.966600476778087,0.03276964680318462,-0.0445926069759192,-0.011259830997426529,5.0
13749.007347946152,0.9058320889916064,0.35689296061166276,9.829783904540394,0.02687187767771201,-0.03289918375607368,0.0223647295222467,5.0
13884.008576149638,0.953457399893631,0.4116044365632407,9.964162137073608,-0.0016100394718981037,-0.02729024861370942,0.014085586099444715,5.0
14020.005452671254,0.9568721320749456,0.3545442906118693,9.879526760788442,0.008755156250314033,-0.050753339837820155,-0.0290407327127281,5.0
14156.001518491124,0.9532042029249279,0.4082965886710511,9.851775286334119,0.008601074611347763,-0.03982611926176105,0.004675024097069411,5.0
14290.994603007603,0.9991266365967398,0.38659588472697626,9.8440906467794,0.004323995711317525,-0.010720358192265694,-0.008242678079361652,5.0
14426.99142153286,0.9559927072897162,0.37785452734101443,9.817941669801726,0.014524182234287116,-0.04725301808150236,0.005454665742398107,5.0
14568.994129729112,0.9357022854098564,0.4417947872269221,9.772082212837285,0.0038474435960670515,-0.057602015320379014,-0.0032605106955217234,5.0
14704.987448684838,0.8993090313506993,0.3371429004884801,9.929297207640206,0.017553260420260505,-0.05604585936959284,-0.013074443660767708,5.0
14840.000984275166,0.9676939818896695,0.43644823891541884,9.809026133588715,-0.0006029337755219403,-0.03307701662638351,-0.018178328214455915,5.0
14976.000489187947,0.9293895663240841,0.43363656160732594,9.856372500525554,0.03751246806681103,-0.04676870793469684,-0.011164030643615184,5.0
15112.00038820776,0.9996257672050626,0.3992741712396744,10.0725382529802,0.056706380823336615,-0.07785217674519516,-0.010171695164807067,5.0
15247.989691419432,1.01308540520215,0.5199633499628272,9.383637287706001,0.0025380048681725494,-0.08546672158785576,0.014444708220201,5.0
15382.994493900467,0.848577063730146,0.46360492644505885,9.81904230938705,0.024470632739876503,-0.07901839765936156,0.005558444710997857,5.0
15519.000207116052,1.173474943472552,0.49210633633575346,9.635255356836245,0.01354252318393217,-0.03406633037429537,-0.018444169801649084,5.0
15655.01945209456,1.0493483734000402,0.5613225742834534,9.648019322336639,0.034466158822119036,-0.10117708405514277,0.028982767299348802,5.0
15795.984922212763,1.0602901504998887,0.4686847220324299,10.260337921135811,0.017326484318063377,-0.012628501183773512,-0.022557142077860207,5.0
15931.998686967487,1.112334436204232,0.5666064378461008,9.921737825077114,-0.01907893162007406,-0.03710873923105466,-0.010609314665919066,5.0
16068.000048036205,1.0996512265051708,0.5063478743079335,9.858115787735416,0.017911414001135932,-0.11844178112693668,0.15278123227225066,5.0
16204.00025239227,1.1156335308707972,0.3732721476666531,9.390827915626666,0.08231589560995005,-0.06916223440296987,0.05222828119447592,5.0
16339.007839242584,0.7915177779106594,0.5079255464454016,9.863853700304226,0.034080345686105865,0.06098573842659095,0.031035400809769936,5.0
16474.989421726674,0.935534978273586,0.6083813154576929,10.09646943109698,0.05389682820412337,0.00022771173433971866,-0.03623197623660756,5.0
16610.995551852404,0.7524466933492866,0.647158071079988,9.85672591252294,0.026937436401776434,0.02755273497502712,-0.025989231344770564,5.0
16746.995762833274,0.4156923802510941,0.7588059575089995,9.888197612583998,-0.031481137278769944,0.16243916100494518,-0.0005641458462393588,5.0
16882.007317584612,0.6167340996538367,0.5618348845200253,9.927091433617406,-0.01818941987410902,0.08007222369888016,0.013097289059100169,5.0
17023.002722406258,0.46388566697950484,0.524703683277046,9.737903524624185,0.0010041887320973832,-0.05841977029961285,-0.05005226155328076,5.0
17158.996918954657,0.45964881494981424,0.47920598963490896,9.773580943772862,0.004739077430996374,-0.08006975760056607,0.058938006668572754,5.0
17294.00941421087,0.6905097399003579,0.4996864230462248,10.085314745705206,-0.10682002379029555,-0.056889965648515735,0.010454723161877148,5.0
17429.981958985583,0.4586120015374598,0.33656513612121564,9.450960773360272,-0.04088446173126772,0.014081057164629086,0.08855919745942345,5.0
17565.99161301078,0.40253932740610765,0.3558900131215202,10.145131635045471,-0.016705256768977165,-0.03978394013515948,0.06705232053504674,5.0
17702.00844711514,0.4090681123274522,0.3102479982969541,10.092443780830646,0.039945979161927804,-0.055021997893356885,0.04774404227755254,5.0
17837.007461606354,0.4146899463891366,0.21568462831796875,9.750298011625024,-0.021097251241904667,-0.022722342199419272,-0.007015893463853428,5.0
17972.996868972605,0.44897967252061044,0.38382928559288276,9.8673514874172,0.010091769181500423,-0.06014489002612621,-0.010771430756462549,5.0
18108.98932104506,0.48489006703655196,0.30548476880332376,9.991129885844616,-0.007378687315697169,-0.05413513293007572,-0.007545529239640589,5.0
18249.994477715063,0.47315438272990024,0.3224923465709523,9.741746274873519,0.0384976493965841,-0.0460031510139064,-0.01966115967531435,5.0
18385.006136237283,0.44367751250434023,0.46171230570781885,9.837618237049771,0.01920802711460713,-0.06323784634356622,-0.007292591657932048,5.0
18520.994087042596,0.46269676996646186,0.39010325925209904,9.8536849294172,0.017673254135594927,-0.055578243894238176,-0.0050382253924383304,5.0
18657.00374531236,0.5067383239635888,0.5169939416729902,9.549758781854905,0.0036445438447809185,-0.08261545948465183,0.019669602699542977,5.0
18791.994076299634,0.5061233898266414,0.21394184059148616,10.057421908136439,0.017480827298576754,-0.012560940133075146,-0.02277304776189444,5.0
18928.00076695728,0.5658300252630283,0.6523332419483252,9.922144000092404,0.007758494161192039,-0.05206980512831023,-0.03067825557425538,5.0
19064.006555900058,0.611731106659484,0.3523813414391932,9.71475818398234,0.01682389757714687,-0.03043708896734237,-0.00026255980787436267,5.0
19200.00160903869,0.5066416052510024,0.389962294540235,9.884184619196061,0.03297474847251005,-0.053451670245001345,0.007839403404763,5.0
19339.98771186191,0.45224790111973356,0.3284503034297313,10.048448395013207,0.0564539780681997,-0.033226745347195365,-0.031941020968882794,5.0
19475.987876601015,0.5322746594778217,0.5823995901480126,10.033815760252818,0.00944250106028372,-0.04860136114004065,-0.025819028352399003,5.0
19612.011420559807,0.5880015478533821,0.5992408971668123,9.673233293611638,0.03371856288468201,-0.06168654067111927,0.001998988654120566,5.0
19748.00679154844,0.5773779856293915,0.4647559184174717,10.101592141862493,0.015964206826361686,-0.04255444345273351,0.008669952389451322,5.0
19882.986040593067,0.5062537264684263,0.48749673058946585,9.835010258922043,-0.009171296572893931,-0.057583591486306464,0.011288942943379444,5.0
20018.983890171086,0.5017811607724667,0.48616930765883903,10.072822884945959,-0.026304320382897314,-0.03166629313488173,0.005083717697529277,5.0
20155.02662854808,0.5382598999768885,0.48326476927022277,9.971085399128105,0.026992152189790623,-0.02675912873686116,-0.010706023280076712,5.0
20291.002493070013,0.4626454108723144,0.41178180896589744,9.94266439838206,0.0175842476728743,-0.019168406105725785,0.004376097291335498,5.0
20425.98849473105,0.46150316187091917,0.4898860973926777,9.917549820797724,0.00826107387554823,-0.06526432847442663,0.006148944380272185,5.0
20567.005974659063,0.44449906934728783,0.2973725220610864,9.645194535400176,0.02897066422470457,-0.09617555323174394,-0.004180479104857545,5.0
20703.003333936693,0.4761047681804653,0.7301502511332145,9.88158840798611,-0.006716452224021504,-0.04489063670843775,0.004417724507362076,5.0
20837.994232949157,0.5323323494485355,0.7569486046070831,10.065194162516901,-0.002864538547734061,-0.09756381263412,0.02268288304328949,5.0
20973.99247892816,0.5703832200334287,0.3628125532347837,9.891374334483977,0.02947851387264286,-0.037970894773128976,0.0034854477454555736,5.0
21110.017099823086,0.4811759879527755,0.5511658977789279,10.021171593647292,0.006663269871013664,-0.04222299765711001,0.015382477666876275,5.0
21246.004763632813,0.4721726406215147,0.5743889154235478,10.0420385236655,-0.023439095347082575,-0.06053211820638135,-0.022650804188686546,5.0
21381.00382634077,0.5037714263317697,0.4176081201658483,9.784352988559,0.015337614859484903,-0.0550408682198341,-0.015840726409827314,5.0
21517.00395599145,0.5384243399211628,0.3762739011547812,9.860350723199069,0.06861700917614709,-0.013297757990893602,-0.04529817827090111,5.0
21653.007588610697,0.49003667080323043,0.6925826761921815,10.100450375991407,0.017340520185616562,-0.03511490734408534,-0.009269017559526983,5.0
21815.000463313136,0.4635955368185818,0.540930140922154,9.72517869214096,0.011540625045293114,-0.043561244379235045,-0.002071896329285563,5.0
21954.98085003814,0.4632332831087204,0.4342920889037036,9.819624780383565,-0.015467718222247037,-0.07816810323400884,0.025853443436989098,5.0
22094.012083783324,0.5093112426627473,0.5250709339861324,9.81593174756323,0.015643090325239535,-0.04710241001164119,0.012230570059647236,5.0
22234.004354655754,0.45011284915321925,0.5035586356269453,9.876669720176054,0.035013219913478534,-0.04351458269797076,-0.003974407434520622,5.0
22373.996163608725,0.4470934023667035,0.46458823533862537,9.831569805229254,0.01581872690277358,-0.04432736475310646,0.004077650965583631,5.0
22513.00081966011,0.46441054367985,0.478389442129408,9.950626141926046,0.04234589590623027,-0.04896991193971437,0.0032453179150285305,5.0
22652.995413014833,0.48533825440284156,0.5582471941438671,9.910125633283517,0.013936067675150541,-0.01907748920632702,-0.004347405975270549,5.0
22792.025841843042,0.5187766875092267,0.5139116778299245,9.849531105626257,0.005342105947487572,-0.020598729370168597,-0.017235466290655387,5.0
22937.993341968504,0.4966468541719012,0.49558162459143745,9.78147975789317,0.022933650296185104,-0.02161354259611208,0.025213946310673637,5.0
23077.991570075905,0.4313495814131148,0.5048631300284332,9.89238636153302,0.02919922805397484,-0.049171163507553975,0.014738972915402038,5.0
23217.005273815383,0.4600493544110013,0.45871915520598655,9.885844842358729,0.03236213431799651,-0.05001011874449964,0.00659566676640219,5.0
23356.996703477293,0.43918223988463007,0.4585091627247688,9.878116614656088,0.005402362162969406,-0.03467449512643626,0.014371132907309965,5.0
23496.994938191612,0.4526656205299041,0.6267089537698614,9.92381468036505,0.007701968626477775,-0.03787048473840598,0.008540142144844843,5.0
23635.992831423966,0.4302971056120718,0.44990335675961335,9.77780059914973,0.005803749068178655,-0.03489105942864964,-0.001625403545336454,5.0
23775.9980011821,0.44926864502647773,0.5727026857689307,9.995900544717488,0.017981900546610505,-0.06504714420609892,-0.0037239119498061603,5.0
23916.01707491428,0.46364830286158387,0.49186789809965337,9.87536374204759,-0.0009068211056153249,-0.02682457587083426,-0.0051063747041401614,5.0
24054.999324172895,0.4245289330335709,0.43281091497416885,9.937300832666924,0.019843542268082184,-0.03553563671196188,-0.0028471500327393357,5.0
24199.99234011072,0.42198285865330487,0.46525952755951117,9.856728095815289,0.007100169719541417,-0.03718913706956608,-0.007078368855679971,5.0
24338.98716593022,0.43607611366031795,0.5276922249233919,9.986916265405412,0.017250024889272773,-0.030902128202565948,-0.0047415271879848574,5.0
24479.005572388844,0.39673860536325983,0.5438320569782724,9.92961829561942,0.010763237313634757,-0.03781362143444817,0.012077797003495209,5.0
24624.98989113526,0.42399327810243725,0.4785249533228736,9.871547814933466,0.018989909468663944,-0.012203683594938711,0.014806052210156182,5.0
24763.980283746965,0.40671607455537634,0.4753107519357997,9.825990923719287,0.01924384490575758,-0.05929929910502037,0.007280690906172012,5.0
24904.00431397045,0.37869269271100947,0.5312751033422229,10.021627604562088,0.005138195042252674,-0.03439845501588404,0.025809883824911728,5.0
25042.99546924834,0.3826275078248706,0.49439199594303296,9.882054319589386,0.017589047928045384,-0.056006645450598726,0.004756493575838587,5.0
25183.006214050092,0.38051589355663445,0.46431859344206733,9.960497881255247,-0.0031016313468305657,-0.043490532514077265,-0.0036162703309372004,5.0
25323.003225830405,0.40066843055380746,0.5201075187753239,9.91628537568589,0.006283094129827795,-0.031025198002205424,0.00692914241715104,5.0
25467.010453315394,0.3461610912692244,0.5318497071073225,9.89317630367645,0.005065610687668933,-0.06955374337703045,0.010241306910930227,5.0
25606.995108754043,0.4147945175985522,0.5180918336894862,9.95139950232584,0.011775465912223847,-0.015396294890076065,-0.011578054041221399,5.0
25746.97817489315,0.3451711194780581,0.5062937426429891,9.810269508420655,0.036022051863379506,-0.02402024573301587,0.02509784484508392,5.0
25885.99514218503,0.3987749625675942,0.6725030532121454,9.94689994009375,-0.009700101540510729,-0.06857017931937313,-0.007052237772472207,5.0
26025.987578219538,0.41742592419021285,0.5011134147808389,9.861245948600018,0.005749341036455396,-0.1256293320865018,-0.0026444122832165744,5.0
26166.0014885172,0.4582660723971268,0.561643822345456,9.89875737395113,0.013289816786851712,-0.052931587588966905,-0.00392762347136808,5.0
26304.987172421825,0.4378326037804995,0.4713457126862426,9.950627669174574,0.007546276055911012,-0.04431736644033524,0.004643348125693624,5.0
26445.030521803325,0.4605701289736073,0.5991299537620085,9.743691068127898,0.025835275099011724,-0.04462002665865885,-0.019825069197036787,5.0
26584.007742445865,0.44570547162775037,0.5173280833421586,9.866747913432425,0.02566042898105337,-0.07806822396613151,-0.004922855396776511,5.0
26729.992639240754,0.42719508403354256,0.5952245097619187,10.072670665736172,0.01245607734065064,-0.0583959547647188,-0.002875244749092619,5.0
26870.98542514803,0.41366693996510995,0.5117809164551546,9.926076792532733,0.007965661822894616,-0.015497575831215272,0.012113227934410676,5.0
27009.98779396166,0.46490588888588863,0.6403375064483042,9.83717759725524,0.005116398445568332,-0.03442696426556305,-0.02515357566884475,5.0
27149.968951572333,0.4424987512840855,0.5822781662452985,9.984917042265822,0.046883762215533496,-0.03657924446519186,-0.01718469470153628,5.0
27290.005020580706,0.4368307309215251,0.6487002001948762,9.830341187858966,0.030351991947647306,-0.0646978165217483,-0.003984634849217664,5.0
27429.002908844293,0.46388618383445657,0.6095740661799175,10.105596825301756,0.02254725726746232,-0.030383027637794567,-0.01846416033455284,5.0
27569.003165253136,0.49185379723575573,0.6609982651613092,9.87588216261214,0.006697664124487608,-0.06323305304752405,-0.0018532400904928575,5.0
27707.988634798432,0.4972193053638905,0.6805375465831125,9.952223647470458,0.005722979618261659,-0.08985440582335744,-0.0061972908409300715,5.0
27853.99856166196,0.47699205249529797,0.558351774631662,9.936727563151743,0.019187436813754087,-0.0025956470663417597,-0.002094250133528959,5.0
27994.002737400217,0.4149338817766298,0.6935007784578511,10.049203587500307,0.003540216548651832,-0.006100694476982459,0.004955493582757086,5.0
28132.999468524617,0.4414979113877071,0.5901610797599142,9.870655529323063,-0.01531457780737541,-0.0466589105352548,-0.005499103711273386,5.0
28272.993539565712,0.48422694442259145,0.623232884575508,9.833251952831448,0.007228528811317063,-0.051984414217112675,-0.006448262901710307,5.0
28413.001520369355,0.4098820292561504,0.5921408334253154,10.00112140413962,-0.005132016813825676,-0.052501933365898985,0.01563721391310963,5.0
28551.988335895447,0.414232320456906,0.5083207774448583,9.96271615599545,0.002612318615085424,-0.013966264971863892,0.009790594161158522,5.0
28691.990317801054,0.4136462180494867,0.5935257075752446,9.732142569339093,5.9537625625715916e-05,-0.04847622748257902,0.01778402837243043,5.0
28831.999439687574,0.42638627523272277,0.5694054893702261,9.88574687821912,0.014917913288942116,-0.056622388517081616,0.004976064015214856,5.0
28971.004956124212,0.4221960991143605,0.5807812015826629,9.95330895234016,0.03887503621734721,-0.07403864031092895,-0.006123711635749599,5.0
29115.999833926442,0.47289906115554875,0.6091984363914935,10.20503085810813,-0.007325883989116177,-0.0069746668797354226,-0.0007894470221227177,5.0
29254.974933253085,0.36548374012370294,0.33000324649586166,9.777614757693584,-0.021935005028848622,-0.09134233601112693,0.021792524105385354,5.0
29394.981032317246,0.41652443623409335,0.5009041133872382,9.816948303798208,0.002643717647754008,-0.06334862727045862,-0.0329688661128638,5.0
29534.998174211603,0.47383970387131263,0.5630733650477289,10.004376108230836,0.020542659509285046,-0.07147858025861407,-0.020486167042081782,5.0
29674.00941044289,0.5027726200266376,0.6261668444997857,9.817236677191644,0.009374846580784225,-0.011713237388910303,-0.03557571005423797,5.0
29814.01188750718,0.4859832098648838,0.3745808526747961,9.88551616128543,0.049876566469716964,-0.05280054151173227,-0.014934003155487556,5.0
29954.013493424198,0.4700359057433546,0.27244690130508936,9.933075126313899,0.026702120415043416,-0.0527190423953802,-0.02232075698613816,5.0
30093.00544135867,0.5198827527959218,0.6282758247960563,9.928899580303991,0.0019257922554574368,-0.04731069173237951,0.0014052987015021555,5.0
30232.992751632562,0.49809036379461347,0.44562521559029655,9.870712954357277,-0.007044288912222044,-0.017210812001738286,0.002036043014793438,5.0
30378.00597346344,0.4343465588999416,0.533874596568157,9.830481121422375,0.001618272850240062,-0.07658845427883815,0.020014797325422225,5.0
30518.005039515898,0.47152948681476725,0.2992711458830363,9.819688781708914,0.04320960952238221,-0.027968469139466604,-0.0205986521137249,5.0
30657.987365631194,0.5071348199175751,0.680314639357763,9.89330266518547,0.03399054822958671,-0.048421420719081794,0.0005458576636947171,5.0
30796.992879501646,0.40859372952094636,0.5295154607463675,10.037414065214367,-0.020601077003914166,-0.029695956863226975,-0.006229902183079774,5.0
30937.004977650362,0.4261975153210382,0.4745812872623467,9.961373352679441,-0.01887032390563408,0.010434173854401891,-0.0028687367508153116,5.0
31076.986416779808,0.40375024997440057,0.5126809192328283,10.010677958749676,0.013614099646501272,-0.05821786863712266,-0.011985636575833665,5.0
31216.000040443694,0.36740740919904674,0.4407648589052043,9.824085103217389,0.027938568759734696,-0.04522519766491131,-0.009680430779965325,5.0
31356.012068640797,0.3717069269442916,0.4989907298523831,9.987339853180886,0.015529545740243856,-0.032365317008582396,0.0025065361314267178,5.0
31501.01636273875,0.3536820289400085,0.5346333382568422,10.000535550770683,0.017252508254009508,-0.04564082510788483,-0.018867647960819797,5.0
31641.010275402637,0.4251897161281902,0.504420445460063,9.851474373949742,0.02068636530490697,-0.062176951644133276,-0.004581588799933225,5.0
31780.994687360886,0.3892346023396065,0.4346268552965241,9.913759679175172,0.011368035185541964,-0.07112771138630497,0.01999040043981995,5.0
31920.006121061353,0.3742433081291566,0.5582355209397495,9.970264276744587,-0.005393868761745247,-0.019282610040943123,-0.024311316603839686,5.0
32059.998421020915,0.4067190261967111,0.5329224279820315,9.94485775396931,0.005159737332989905,-0.035351059800623245,-0.0005331305534272798,5.0
32199.98626735029,0.31241833654412104,0.45259212888327316,9.88441331319404,0.02719364114269512,-0.043996678280673523,-0.0010379169416960374,5.0
32339.01524229435,0.4122714770814773,0.4741079860016802,9.804425244053942,0.011612242138577355,-0.032239417041607765,0.006235393595320703,5.0
32479.015220502573,0.3977280357709867,0.47415356570074646,10.13297330666246,0.0031100716960875503,-0.02268401664457371,0.0032402393519596596,5.0
32619.000172721244,0.4271622969114284,0.46935682380352794,9.878435531199143,0.005644291930392288,-0.028062518101986147,0.00041560580779918983,5.0
