Time(ms),AccelX,AccelY,AccelZ,GyroX,GyroY,GyroZ,MagX,MagY,MagZ,label
2784.9681213173913,0.15571864858260615,-0.2867492177577941,9.912175176642466,0.0337812695998837,-0.06748277687728652,0.016166977428016708,12.186737324219997,-21.351889578833944,-48.41182030550214,1
2921.971158872753,0.3555277822584057,-0.3625834155435875,9.840459539385296,0.0590683148279793,-0.05679943461919914,-0.11657561921863648,11.774852028248667,-21.54725816124094,-48.93173339381369,1
3060.031080786519,0.1391623857830119,-0.19987788323514782,10.16853313278628,-0.025235359351054424,-0.053694099656516295,-0.031188233655145028,12.625351926621553,-21.557534549685997,-48.705068982698315,1
3198.0012326675787,0.19165497549157332,-0.13536247611629101,10.505665813659537,-0.034027934542048804,0.07005296527147413,-0.026206258479638932,13.11107771942819,-22.08415388438085,-49.468038513569184,1
3334.9809402800242,0.07930920968398544,-0.4451201848818162,10.048599924257356,-0.07191496981683629,-0.07694433483929253,-0.003534543205265548,12.89381384675243,-21.58237570228238,-48.10003576304837,1
3473.0276412609833,0.2360436880559715,-0.5814484680216772,9.631686677852231,0.021004598325661497,-0.04899936387482449,-0.04290613318631587,12.45100009660421,-21.736532087778528,-48.960891991714156,1
3610.984187549123,-0.08574714082640118,-0.5288668870961473,9.770288941861667,-0.09059496513070255,-0.08127509004756975,-0.02511796555215385,12.766234713820678,-21.570266076136605,-50.12523345196987,1
3749.032594617143,0.2940343801053338,-0.24877100644432673,10.482396298212198,0.012570254960486867,-0.06259412866827754,-0.01875837127900782,12.10829982427061,-21.4884320307419,-49.82653044091716,1
3892.979576415389,0.02896601557738529,-0.4617266615159122,9.646116006997998,0.07736909582187737,-0.06891857443413381,-0.005856710348780814,11.73216324289215,-20.683672795484945,-50.696579597024765,1
4030.9706497595516,0.31445029584983003,-0.47004995788592197,9.882069024230432,0.08667241079798424,-0.1058985801612119,0.01485692807789309,11.767364379491852,-22.208690363760233,-49.26060364839189,1
4168.007057602074,0.39331868056423297,-0.14136145748721302,9.33552036526646,0.007383853763920355,0.08620698239850566,0.08602376068958115,12.51503468662204,-22.329507418484507,-48.84113635302932,1
4304.971082703973,0.3285987588452398,-0.3206521394247642,9.881822306231996,0.02359319464167852,-0.09727111824537253,0.05505262596885589,12.274678993428486,-21.613596694731307,-49.69579612052603,1
4441.970535592298,0.2075309152809862,-0.3777529832840156,10.064218127198629,-0.037428229804544,-0.019050397801308648,0.05388262172423556,11.611102232110825,-21.806043852480943,-48.62625424345002,1
4579.005769159555,0.2309409426723651,-0.42154138062288404,9.867720096039408,-0.05294480007730443,-0.04907073324160192,0.03238130277668747,11.843540774124712,-21.737839869978547,-49.643177740734814,1
4714.002059552538,0.2914245167270655,-0.5151573999117524,9.956995961096087,0.1405132282614843,-0.02108469743229111,-0.04072208798682475,11.666296517963442,-21.46037757711812,-49.22214139122147,1
4849.977067539633,0.0934651287490228,-0.4462567999021594,9.921443692877805,0.015859875882259837,-0.0346554471931699,0.04453814700474562,12.944345751674469,-21.210810791585743,-49.546918503796405,1
4986.019317223888,0.10217094373373421,-0.5344741139609721,9.73250348306737,0.09278047065792402,-0.07189096340440833,0.025533093828770295,13.287041437220012,-21.430913865468664,-49.8593228127819,1
5125.991789656697,-0.01791286257272159,-0.2945390441746946,10.060043558824226,0.1371194178789282,0.01348431768995186,0.04485542872903641,12.805842870282705,-22.714455467296865,-49.6794547187139,1
5261.98887643229,0.07064479602596226,-0.11131043198414314,9.87667716975715,0.13655026555189942,-0.014443015333535722,-0.028689611352169624,12.29216789913302,-22.963752176648956,-49.3213448478255,1
5397.987221599708,0.05701179882512428,-0.267285094610867,9.745193561063974,-0.02821067382918321,-0.03022508248303557,0.06818469641305837,13.461155177488978,-22.959910709648543,-48.74615878023343,1
5533.998374843693,-0.02834846949406399,-0.22247949293319813,9.79171729871344,-0.10807963648995272,-0.08544361140815934,-0.027911172854527957,12.770253661728004,-23.027979849189112,-49.189674607339214,1
5668.982943711583,-0.03453022691464038,-0.39628505111829426,9.761740888323297,-0.12696903785087968,0.013919395033341948,0.015413738985994099,12.882679383562515,-22.041647914286486,-49.63207006884108,1
5805.004149949644,-0.04358885956570792,-0.3669567932123552,9.867542850200696,0.04289906595260064,-0.02882721574072355,-0.04486667268290596,13.626138974901759,-22.592057781085302,-49.96533680016796,1
5940.997512637129,0.13888921432984785,-0.3389703913817578,9.813326784919543,-0.10078649257673561,-0.10988740652694898,-0.0028611101287071557,13.273384881891223,-21.81062624763642,-49.773702609048826,1
6077.017231915579,0.0800485448926337,-0.36824369059732853,9.881243241014166,0.017636922876169286,-0.0748755030874131,-0.01311738990122112,13.29766014646631,-22.43197432422715,-48.99243967717085,1
6217.992939893943,0.07484325722903262,-0.38401780843906386,9.985149874073928,-0.050901735242566026,-0.05607356226927818,-0.017603431814026082,12.283911809582138,-22.276554740473724,-48.54565120958624,1
6354.0150933367795,0.048173384128642714,-0.4435700439508226,10.002288153145159,-0.01733669515348408,-0.02714184905218824,-0.03402186236050409,12.419731642947497,-22.40948857384323,-49.31475810540426,1
6490.006470994563,0.08699479926032228,-0.44139385729283365,9.950910910115367,-0.0434226869195998,-0.035792543009130914,-0.052240440924019776,12.44802375410245,-22.09885616757234,-48.96284449072825,1
6624.973676100897,0.05654114914969178,-0.5130159481090261,9.957474621219191,-0.01589184346432743,-0.00551004047585375,-0.03373219441298634,12.92178655449198,-22.01597980838908,-48.39625011519267,1
6761.001836331344,0.06459149879306937,-0.45088585644707885,9.813617688502257,0.012778303127696776,-0.06683464329097337,-0.02482418935756458,13.082708893674724,-22.018501201118323,-48.51518477846214,1
6896.971744322415,0.061859459357732766,-0.3828127911732346,9.982293797088026,0.0049393482163057525,-0.04715418668480017,0.0003096522763936995,13.416544180296643,-22.021240480697035,-49.53924075343484,1
7032.990473855917,0.02547859122892024,-0.47529657334585135,9.868897152133632,0.0010855775637616779,-0.07852332211163739,0.003277818858114041,13.585103585710497,-21.886978127038343,-49.613431867229025,1
7168.0044215834,-0.09210456431899554,-0.5579304018813781,9.889065504045911,-0.066840888339096,-0.03434989468508794,-0.006454847442443234,13.362178817354563,-21.92299300456725,-49.908867017206994,1
7303.976079798926,0.02859296891343707,-0.542103543361153,9.834458464856823,-0.05538226294403771,-0.026330162611436482,-0.0073803278252653455,13.869055848059201,-22.894645626971304,-50.11279951511908,1
7445.028351197501,0.04200349932186214,-0.49497923516131354,9.847489008905848,0.1297935945127458,-0.08629329970083886,-0.0179903315887245,13.458645462423688,-21.830631972617674,-48.86425661107849,1
7580.97274780038,-0.003037120607777245,-0.4399137898994471,9.821774920602602,-0.022496587448026916,-0.01920350907478997,-0.0011499391082644285,13.183031995726502,-22.47779276279368,-50.001548610098745,1
7715.979319044848,-0.08560522622412982,-0.41451161330709696,9.895486192367388,0.007491957058055987,-0.03457177589225663,0.007810767573784014,13.835512368678982,-22.279432616197713,-50.35809537523518,1
7851.968863087939,-0.15802349853278727,-0.4878281797062181,9.804564854103246,0.10882686159389575,-0.058736304584830416,-0.02938493536849544,13.703523606362037,-22.67055215790172,-49.91439539396582,1
7987.987538112598,0.039472514359313725,-0.38105901551910454,9.962551582894806,-0.057775174460165016,-0.041146188895617525,-0.01889007131167799,13.797634630263248,-22.193646108442742,-49.618091748599404,1
8123.996640833867,0.009421652595552282,-0.35729823895138946,9.861216949236361,0.02332807346319562,-0.06885807443845685,-0.04421854521321781,13.308091682432897,-22.19932600849952,-48.82250476685942,1
8259.031366603045,-0.01277630138073746,-0.4349740796440076,9.900217457169346,-0.010646373343198812,-0.08300615384131457,0.036699052153927096,13.782043655422916,-22.393291056951266,-50.31363821515337,1
8395.040273970928,0.015535446695393246,-0.48391913839716616,9.827170101548095,-0.024275595709022484,-0.03309005742166478,-0.02534970885385504,13.718318501404731,-22.44535193273432,-50.19270357912075,1
8530.964973702663,0.013464641695890952,-0.43236866665498175,9.865892571356168,0.0343927440268247,0.008824913654071394,0.003719498974760177,13.724330795803136,-22.95003068312239,-50.54712777554817,1
8670.998762629288,-0.017293046118794647,-0.4083420373232901,9.93106106927439,0.02418918899878882,-0.018250337593516422,-0.02127274934879838,13.035564659417872,-22.09581428585603,-50.09420214954233,1
8807.013197636415,0.014993445130690623,-0.4136845150055892,9.936399388310756,-0.00989535742916786,-0.04555817992435586,-0.014490617389725746,13.655731610302862,-22.563940889808883,-49.77750081147126,1
8943.005061286627,0.04699647326893151,-0.48464625328931,9.93878497878466,0.0321126278348167,-0.0627920249228698,-0.01940368126112188,12.360703317064628,-21.81719754541268,-50.21105529123633,1
9078.995576419944,0.03481579255061133,-0.43310963471419517,9.919886129490616,0.017482493455000195,-0.045721120044324236,0.01843786161793781,12.765444174838628,-22.080469393603206,-49.26033632703335,1
9213.985514242755,0.01855454827860864,-0.46605284943303876,9.85003896997441,0.02671038198243765,-0.03996544426726752,0.001312263775270264,12.23139001714792,-21.792311460881734,-49.511302518069556,1
9350.020151200108,0.08739862392897105,-0.45232512709741846,10.006725794237811,-0.03321602722025591,-0.02305470723838861,0.025555744259191937,12.773544236935276,-21.74173619990721,-48.63097429824105,1
9486.026365393856,0.09250269584255291,-0.5285553165378741,9.86205240012161,0.027581459464181432,-0.08349062108982233,0.006860767133647019,12.810242306866721,-21.255619300952585,-49.82137599194043,1
9621.999993957712,0.06696507778173773,-0.5012645506316029,9.975878273730435,0.0010256682992340236,-0.04058288025241047,0.029498611295717077,12.85606235997095,-21.33869427269395,-48.491170632692956,1
9761.969597947058,0.0158838631482664,-0.7369572050958764,9.732569236252127,-0.07047244784377459,-0.047572717100070314,0.011429604030239264,13.224700664571458,-21.223119979488754,-49.123198311136846,1
9898.04058452539,-0.05067081153620342,-0.6399878822220263,10.000542248134822,-0.02766273192329882,-0.009924766626406843,-0.019520525136777638,13.28040799423326,-20.91619906108974,-49.604485472427385,1
10033.998709865067,-0.052719683563302734,-0.6990408601522476,9.80632376453018,-0.06878150565702906,-0.06489031499935621,-0.01708757709586177,13.25203741349006,-20.47683761943711,-48.968053874899496,1
10168.986311296818,-0.12685482679068547,-0.6315982036642551,10.02234676829504,0.04995975848297041,-0.0913844176914746,0.007392627022248513,13.059294058056725,-21.036807654027314,-49.79311373111851,1
10305.029084014961,-0.10681674751219916,-0.6893189620736331,9.853216852268586,-0.01290443576693684,-0.05223477873604468,-0.025384405234840125,13.492617415715337,-20.63147700890046,-49.18356255734838,1
10440.996284750263,-0.09319163332803566,-0.7371271201584951,9.969057652229884,0.015506188252667013,-0.059380945940201595,0.01587884333070271,13.551152483204623,-20.068131313137787,-48.35375284559987,1
10577.03177456355,-0.05798802022892274,-0.6768132128700983,9.917426249552697,0.04002677351120657,-0.019486396940455585,-0.02366213596002511,13.140543190801628,-19.928770966958297,-49.03923977954488,1
10711.98630310326,-0.060634188787213404,-0.7595109053436613,9.83554112032945,-0.029972156665840945,-0.07905875073731437,-0.023459920911797633,12.876180586491682,-20.809653618722677,-49.250126430279266,1
10848.010779225206,-0.08200560554189992,-0.6950348346376904,9.987937564843365,0.011742986445662199,-0.081624726637293,0.027382388596478176,13.936563440205205,-20.879781465206317,-49.17630444135672,1
10988.996582392328,-0.06775818796960857,-0.7405188922260378,9.868079757219947,0.07737239346135688,-0.013969680768253057,-0.011224638466993252,12.977526667245805,-21.259874767905508,-48.41864382935303,1
11125.010492882042,-0.0842650063708562,-0.6069734776369196,9.882264957710053,0.03125574289270485,-0.05890603970904699,-0.025415155440812964,13.733671664992974,-21.201275931897943,-48.44640866627075,1
11259.973147021086,-0.02485425309595671,-0.628237025590659,9.898858311951873,-0.0003577914872223446,-0.060275861950799564,-0.0024423827064657105,13.374751319372022,-20.849448968142074,-49.45448572893918,1
11395.977742797564,-0.08020371790061695,-0.6586864710774942,9.889950089025483,0.010359052422052054,-0.010161361930451841,0.012063242020057333,13.449476133581866,-20.63312498599782,-49.14489856057159,1
11532.000344567403,-0.018871088521412088,-0.48806795332945224,9.942876659612956,0.04687872070050775,-0.0003472955161600001,-0.009469688172087603,13.570729118711254,-21.63976196886317,-48.92653610682092,1
11666.998930975335,-0.014980812845343857,-0.5847571761110746,9.905899179864605,0.008086596595863086,-0.02823284258691233,0.01841642090654391,13.443848235245262,-21.38562722092308,-49.30912706918981,1
11802.962973453707,-0.03707774938169286,-0.54754304457541,9.991473879326477,-0.05344869986467077,-0.045309638036978336,0.011510344838660745,13.217089575568513,-22.019982583277425,-48.93634028451888,1
11939.048141344398,-0.03806770373575268,-0.5785966527942519,9.925366554264134,0.012539402370349145,-0.04963708670925964,-0.036908988718508694,13.35717277236514,-21.4669656526745,-50.023925997094665,1
12079.94737412752,-0.017967237649032904,-0.5054410662793685,9.922966114642282,0.004742738316147338,-0.03618237917742577,-0.032773907532547324,13.6915408406979,-21.256139700140967,-48.86743207447982,1
12214.971865825635,-0.034983551314844166,-0.5440122757670259,9.95253110418279,0.038237024284651526,-0.04556346486646855,0.02380209168147885,13.359575876436827,-21.593623649299293,-49.549158544811675,1
12350.997926470487,-0.049275088521062944,-0.6090383113039758,9.928906700510394,0.02306567983430121,-0.025695946377735486,-0.00021305742122248477,13.989607238638564,-21.052635672780575,-49.305859737258196,1
12487.024598870375,-0.06421954011252329,-0.596231846478181,9.958603829047584,0.05089147470173871,-0.07160761519652066,0.0014614427810535377,13.923773526187045,-21.861697340259106,-49.05251106665732,1
12623.020136618012,-0.05116940994619577,-0.5879301089689795,9.838934633241934,0.012401639088143625,-0.07759096356612834,-0.026077762046666095,13.762383955673105,-21.54260354487697,-48.8572232770989,1
12758.016575691694,-0.02530178501263647,-0.5704017142605132,9.9346398743029,-0.028412308954860778,-0.03186628994824141,0.006340670519196073,14.104725847616086,-21.13866374693583,-48.78954341255871,1
12894.012204851611,-0.03347955719394654,-0.6564598396931872,9.904182773152014,-0.010751086617494628,-0.05970165131351702,0.019805619189819774,14.004254529415043,-20.885472074989078,-47.70700642129591,1
13029.971413387215,-0.04582134763638337,-0.6197374088664072,9.919513928593197,-0.018143393541214605,-0.07066448549368967,-0.008485040414442865,13.806335869806373,-21.11643399751276,-49.68249287136092,1
13171.001485348677,-0.07267635025276775,-0.6708223365498552,9.892233428880203,0.0333817347625403,-0.04742237767504537,-0.03376971543459183,14.02096515136861,-20.932636949871288,-48.84357543463476,1
13307.009331916674,-0.1087619253800883,-0.6331060783927762,9.881283745144144,0.00777958449893712,-0.03455103836184973,0.007442365130060523,14.016545149798425,-20.533829432123614,-49.10058115982327,1
13443.013851510112,-0.039641484491284164,-0.62328620935513,9.89635255539179,0.013420741998558926,0.0061172515700485385,0.017458141589831347,14.376826226835606,-20.47963033747611,-49.01590860906103,1
13579.036475165412,-0.1781988568256879,-0.6322564710990863,9.967460696895039,-0.002336587316054673,-0.042484267472355466,-0.018652257564468658,14.801989639970957,-20.947614717824006,-49.00154093633034,1
13714.010405304469,-0.1225749208494655,-0.6032740906003667,9.876162908797147,-0.01532260288621619,-0.05919287584439356,0.01228600668482996,14.23615321706962,-20.875979414204533,-47.80016367088833,1
13850.003645374934,-0.08394325131395433,-0.5907544136600654,9.930458317485002,0.017679193197787386,-0.02296246714671405,-0.008908115145695599,14.42052719643569,-20.92158769992899,-48.4238414448005,1
13985.997264403286,-0.04328889186659905,-0.6220464797406765,9.94285573380788,0.013686957898230328,-0.03428129491869366,-0.018191440100796163,14.481313894417063,-21.168519810064275,-48.59114978320347,1
14122.028126306594,-0.01852409095087166,-0.6090805513695255,9.797710589548448,0.030062626116811566,-0.06099457898880651,0.018610594472412593,14.421795373995574,-21.798368831987904,-52.04243394700041,1
14257.042130024138,-0.08003833857023669,-0.5395997333779625,9.91002396620316,0.04420837384802379,-0.071181709593985,0.0378140120154215,14.195650668267994,-20.723616831243763,-48.40162595422568,1
14398.978327816043,-0.07660522620989892,-0.5397372398195601,9.910210424165344,-0.009882641457135962,-0.06029223861208644,-0.02288107082119645,14.639564858360455,-21.567225433777974,-48.67516863290483,1
14535.027322786238,-0.04526113842790378,-0.5509318822899767,9.887780285834678,-0.013518128599105431,-0.03212001369551512,-0.00898172774615456,14.643178651671862,-20.938429834912014,-49.127501632676314,1
14670.00253372318,-0.07791419804857516,-0.5728077367731462,9.933992217996883,0.01878631838570873,-0.0499782792139529,0.005964219610578802,13.890772580782201,-21.65770066305175,-48.951819526474814,1
14806.020905882024,-0.01778828229333882,-0.559921163594851,9.876365832104726,-0.0040490565688012905,-0.057726763677110264,0.002298465996735088,14.610506734086036,-21.654222845067643,-50.03621906015022,1
14942.005673135724,-0.030402770746828914,-0.515651660684801,9.865792981121198,-0.010320878348597814,-0.018041302234523535,-0.012938019670462016,14.611644607429968,-21.99767215252353,-49.48338969073774,1
15078.016952059244,-0.02112770073420375,-0.5942951148307759,9.770640287638074,0.0712475129359743,-0.08082580149989449,0.015752389473150986,14.076147365079784,-21.653089100450188,-49.625318465253294,1
15212.976952710402,0.005927205378729158,-0.5583932774858537,9.952903965816198,0.052034691630527485,-0.10228337528025858,0.0067706769843639955,13.420756476923248,-21.7476918344267,-52.395654467916756,1
15348.992784633612,0.005705313326261533,-0.49613921473877665,9.89890476162987,0.059823344064521805,-0.061328510088691446,0.03407856373903063,13.221560464442382,-21.817685780611445,-49.79294604041053,1
15489.970984043413,-0.029379278532041614,-0.5437096073539046,9.862903414235507,-0.012736757985210848,-0.06966389435699458,-0.010249987921620709,13.346715873130403,-21.660289751431403,-49.075273119770785,1
15625.011315628513,-0.008253313490962158,-0.5746763111938211,9.910990044411196,0.023584595815933546,-0.04384060553458712,-0.014757098641913331,13.90224100922126,-21.801866083314287,-49.58198838596534,1
15760.992469578263,-0.020942321370382985,-0.5556699914832033,9.887690743898931,0.027554111362513626,-0.05317958172130807,-0.026352782508689953,13.753713825569992,-22.207908100207153,-49.351440308394416,1
15896.997931440746,0.04884503686311448,-0.544078920227281,9.896337966397226,0.005402463368414427,-0.07443935413608424,-0.007984475321169209,12.83403305440082,-21.99196140304301,-49.94244102778834,1
16032.975543212735,0.06518462092971555,-0.5499656946265961,9.820416518234625,0.025577273121498566,-0.03134932828024886,0.023338148843296345,13.32628493709725,-22.227894603034464,-49.65290282555736,1
16168.007827575391,0.09766523412808413,-0.4909440298129331,9.925201687658152,0.0521446079593872,-0.008692661430141056,0.012321105646723679,13.331331889142152,-21.416951269171253,-49.913323784299855,1
16304.006597968768,0.028750228159825007,-0.5269205827846798,9.908304900320031,0.034539301238552526,-0.06291876581890274,-0.010048522626256141,13.065224326431087,-21.52960899902747,-50.00098490419592,1
16440.00528607964,-0.02718979636479668,-0.5278396990654095,9.845440747047123,0.018824933926321424,-0.06045990988250204,0.0017773760530914186,13.330001367603938,-21.554314087964293,-49.66096144607138,1
16575.982245338757,-0.019399075156114172,-0.46477317369995896,9.906955845775322,0.036421825495853,-0.025275036858744805,-0.008788926376948107,13.183486444550729,-21.72926346065801,-49.81018940516078,1
16716.02653351184,-0.025108679091093395,-0.39757555463366506,9.956551770123486,0.021058602060571825,-0.024042513065531883,0.010509846492009063,13.362023524407217,-21.972173943162023,-49.02001827469243,1
16851.995990992764,0.0003101729598032774,-0.37421599695201985,9.867102632432703,0.10967476164304499,-0.07047462917839009,-0.033804188553940615,13.1940486222682,-21.94508041339381,-51.088048576311905,1
16988.00951314136,-0.024569994066109525,-0.19804573112257584,9.959612371465541,0.11883687914376159,-0.010553517338553059,-0.019198322609400936,12.937560453559973,-22.61703017101038,-50.15139937208421,1
17124.010460528087,0.018762001836343457,-0.26213928411043724,9.817656074452621,0.047207006121673604,-0.03905382923945327,0.010963384888213575,12.900906585536974,-22.445174108447105,-49.499314234710155,1
17259.018110897512,0.04413159965174351,-0.2310901534781972,9.93397286158812,0.01521910786419728,-0.003948452324048866,-0.006650656124698772,13.390739368149815,-21.94223029647101,-50.59185751795506,1
17394.99272040825,0.058644191165013154,-0.2125492915702476,9.857816020176736,0.03730621624904129,-0.06704233086695759,-0.0008554774494118223,12.909916352619884,-22.730059357599696,-48.871017072380205,1
17531.006645723137,0.09253778623731508,-0.12259912548961738,9.938870349479275,0.07442409834058487,-0.05647292002128067,-0.009913521670241747,13.03077292985991,-22.66377118496721,-50.70754954222806,1
17666.011306433527,0.11336417981507067,-0.1893305863240993,9.959287770957943,-0.02885127248724937,-0.0690543959419539,-0.048490267874692065,12.675685055994421,-22.60246778321731,-50.368743927566584,1
17807.01837887225,0.11841299983502478,-0.226242101053197,9.915309200843334,-0.0012145567026577882,-0.07673479776497573,-0.03012180889720027,12.95036758895131,-22.68612001282356,-50.248970983750745,1
17943.016843706042,0.05413401565479663,-0.15256704298609206,9.97216353706442,0.07220854026897383,-0.047032281244059906,-0.019513739515679467,12.566472460559273,-22.62065433359302,-50.110291264651856,1
18078.996048962206,0.10681821857068435,-0.11543952803808227,9.991979565126234,0.0247926809302909,-0.025394918709804086,-0.02066141101002123,12.738930316340209,-23.41126809264655,-49.155946139619836,1
18214.017512123573,0.0815186697480948,-0.15011316789158755,10.009811327911105,0.036013431552333906,-0.0007901012003270565,-0.012766906814452321,13.226253143127742,-23.321680903540635,-50.41795705557569,1
18350.007551456205,0.10460804997830246,-0.10702853240725771,9.911209635404434,0.028854142338059892,-0.015428629342845453,-0.023479264769283786,12.452243596178567,-23.882674137142345,-49.78171103554181,1
18486.00508667383,0.048173502207556375,-0.09292358558510479,9.876610683710584,0.024525543074910172,-0.02261704482881569,-0.049355966417359586,12.906423318413955,-23.86535044511644,-49.876605278162444,1
18626.987587372245,0.09337072859195525,-0.10109324163315928,9.956318156214683,0.01660996272314764,-0.033519519129701095,0.005211291796356092,12.314269618082204,-23.863612534980902,-51.32142265013624,1
18764.013657862284,0.08379949691915993,-0.07988604828935414,9.982111323714117,0.03723758281171463,-0.08344088536529953,-0.027586397312600704,13.059958328868165,-23.35301949068011,-50.44647397817997,1
18900.96322898698,0.0741544094693768,-0.09799335277985054,9.858286764449735,0.01744172923941237,-0.03260146608113328,-0.0026541746499429693,12.751980204459871,-23.545368358271716,-50.5465620717184,1
19041.981026202488,0.09731502747540528,-0.02475940422340324,9.951862298180867,0.05014624968735355,-0.03301079651074176,-0.018551100521415592,13.250819034717237,-23.349402413576815,-49.75039274328202,1
19179.003914009554,0.11637251701508813,-0.05022605998099377,9.955044964630293,-0.03670891710898625,-0.03487628149586866,-0.03728498727061264,13.146239562530456,-24.226538742431053,-50.3420543474763,1
19315.975389280193,0.09941182217382465,-0.0939599884668848,9.9171797077812,0.02823085743833585,-0.06795766918863065,-0.0024167281446755475,13.044473120618528,-24.167497037416013,-49.82715943902053,1
19453.047105315447,0.11483944173535722,-0.1280709663221307,9.815266868604652,0.044011442217063726,-0.07144288333709276,0.022185502099399602,12.227143781273346,-23.50651235914247,-48.44972555815177,1
19589.012485916894,0.07021755284119577,-0.1241651916112782,9.938954458421405,-0.002242119297406522,-0.05503301314256997,-0.01730458832066464,12.652909317095304,-23.206005088589556,-48.48717586513649,1
19725.960035551805,0.13671501285579607,-0.08410366164142524,9.885057887928824,0.003015969789913062,-0.05754192521202666,0.005337790588535903,12.622981729745801,-23.531625219568607,-50.22455443426362,1
19862.94910276471,0.11487194262017277,-0.1156272154533515,9.951924079448142,-0.010455464143762395,-0.08511511065989294,-0.05660760522292299,12.485767785850351,-23.453456803508274,-50.054889484683954,1
19999.99213411837,0.15187300252272753,-0.13673017587285713,9.893088979423432,-0.01552495473003622,-0.03322394596405235,0.007152399958124442,12.264465440061754,-23.378853880305,-48.96973312465399,1
20141.993722250132,0.11842417886053877,-0.13931008607153572,9.825547757988904,0.04868540056162951,-0.040961871592310364,0.02151716813826369,13.140461631469337,-23.527921561937227,-49.1684564676173,1
20278.97988216388,0.138409519193002,-0.1397535600903987,9.846187860529973,0.037377412954523404,-0.054567475400580774,-0.014618870502954824,12.662241855337077,-23.56765889395882,-50.18960853609199,1
20415.029483597576,0.1122464027745766,0.027279109739227547,9.949827794382632,-0.006986294347181882,-0.02640392820082669,0.02718935370743605,13.116731082692107,-23.88858708768318,-49.74004935534941,1
20549.971856652686,0.12078223642034347,-0.05725149794300406,9.942838240198569,-0.01227574153388218,-0.035491039909249594,-0.00809337080880692,12.438121691091881,-23.78026355327916,-49.23342923091386,1
20686.97331508104,0.17813623082761731,-0.05317163981709105,9.949937927666102,0.03567732537652491,0.006930176966001863,-0.04794251148889755,12.694845814976942,-24.100968074613576,-49.19347484440103,1
20823.01305171642,0.15726738729731946,-0.10131911626954565,9.895562749351557,0.05023505080108773,-0.061365309819786884,-0.010871622423360473,13.280062014780354,-24.070506571797406,-49.60798151428511,1
20959.040395356256,0.04665780414282283,-0.01638421160142215,10.03551190917489,-0.01104060083823974,0.0029632989630474535,-0.021512292378294277,12.965995841330741,-23.842606206495795,-49.76766163329786,1
21108.01215161609,0.17097235619821735,-0.0827128448290233,9.851930391325029,-0.021229697347783086,-0.03513606279872759,-0.02446699729046981,12.39628134728132,-24.28120160265546,-49.58346545083607,1
21244.01564054614,0.09067605754973167,-0.10711208196080055,9.906615214833117,-0.012641493406372073,-0.04713688612735924,-0.010315694551310489,13.035308949416347,-23.965959619264776,-47.97119961533483,1
21421.997244779566,0.09502187431084434,-0.06304395096047792,9.878936509873686,0.04151705324032956,-0.05048838967772798,0.014398093722993697,13.00801009702151,-24.153318853961213,-49.44769050098611,1
21562.01649848857,0.1293406130734103,-0.05659608413203951,9.901894848983698,0.005759828497445196,-0.025831854811451987,0.02936094771423468,12.994187559116726,-23.702315101234593,-49.75989944956909,1
21701.998717849812,0.18191548739041966,0.03768730211227631,10.03028542180188,0.011929368813300206,-0.08064285429998404,0.006552149368214613,13.465403197021129,-24.28399408087408,-50.111929046895234,1
21840.994321525297,0.11127323489560023,-0.039193022235564035,9.862819045228767,0.033390050754750794,-0.02173074455186934,0.06526136891800413,12.72754425405408,-24.626198371844612,-48.90900794247491,1
21981.99160377367,0.10317733360139046,0.05089082585928626,9.91392731674544,0.014522522312683193,-0.08869758827507478,0.015173424962367385,13.798609933480083,-24.1637954126116,-49.42202926909733,1
22121.97843200888,0.1264904332899321,0.04122514361677386,9.783872371664083,-0.012579758518350604,-0.070936747869009,-0.009696163784966506,13.304569115710475,-24.503283041769972,-50.054156289721575,1
22261.997381517533,0.08893214179976135,0.03256504169090837,9.96952841794324,0.05696583264684168,-0.052687364163688355,0.002383226352322015,13.482307232070696,-24.413739506364564,-50.024992236425206,1
22402.035352553754,0.07337115786487708,0.03598334480363559,9.84106787078339,0.026675806397382845,-0.026429083604559308,0.014675737064411706,13.463219972877765,-24.1038001111924,-49.15275010462631,1
22541.98733984329,0.11164064753042788,0.10215998971738902,9.894200903474237,0.03255612317911941,-0.02479680148815312,-0.015748636806433024,13.427033796032273,-23.838236564680663,-50.14535115664828,1
22687.984991094643,0.10830679312028502,0.0864772040657848,9.95723367823262,0.009273210101711001,-0.03724329581896007,-0.010894470067399473,13.669718590925491,-24.38464348142146,-48.98502033170542,1
22829.997358595552,0.17317798694742015,0.045660634864604074,9.961683917312804,0.028143833757067728,-0.05054499778492201,0.02565855754512656,13.951017470208894,-24.099257260729242,-48.80612595542398,1
22969.01995316799,0.16061363695740047,0.06390594779561146,9.845883287285863,0.01622017810521352,-0.07651788077219855,0.025833531617032127,12.927766839590662,-25.017390666735334,-48.98381032160976,1
23108.97423826539,0.1461045792620008,0.03557060258032514,9.96841046492206,-0.021165345170991827,-0.04624341974333836,-0.007713688556663269,13.773167671860877,-24.15040805496712,-48.46436415378292,1
23248.991362781064,0.1605763926649117,0.00878693962866766,9.927684705100672,-0.015058870176390508,-0.06430098540052252,-0.006606593341244266,13.56585443850417,-24.298789014560228,-48.87362101972301,1
23388.024249914033,0.13562622001972593,-0.0033011167127413596,9.94072367325064,0.007731434166559691,-0.04453239016155025,0.04239800394686247,13.559157298181178,-24.148444587162718,-48.787056692690726,1
23528.01830634927,0.21921175839988563,0.028332898818803326,9.950278601430629,-0.004983290872966483,-0.04348109086104726,-0.000819265090891623,13.134101556864666,-24.342251332589672,-48.084995118990584,1
23667.009823081204,0.1851773160846161,0.028499049815691548,9.904701540540925,0.039178565051393076,-0.016340587415125625,0.013827559174830261,12.774456137979886,-24.300987232758608,-48.23395598705067,1
23812.998005570975,0.11352527205598376,-0.006945863350888704,9.877746227897386,0.02931198187409283,-0.05806387863166125,-0.03557010290012873,13.395720785918511,-24.120249360955412,-48.81076962759181,1
23953.003211424,0.12888871663561025,-0.036167222973942835,9.942242118955248,0.03592810132170114,-0.04809126006875229,-0.02638302252588276,13.480909467058181,-23.83884914690369,-48.64530015446764,1
24091.9810438691,0.17035436715184904,-0.027043812880508777,9.87397670340441,-0.014724673590733182,-0.07922841587751596,-0.016710160494049036,12.047928665752162,-24.0385559408588,-47.40988035044431,1
24232.00664166668,0.16252731770311157,-0.026211993595861533,9.8942027822725,0.024647737463507277,-0.061919381315015086,0.012920381459449404,12.151467752097087,-24.19156443729914,-48.4597470356499,1
24372.009136308105,0.2560688832810086,-0.03143554456208731,9.940721039075767,-0.007343077196950464,-0.03993017011843294,-0.05437856097924071,12.549418363984046,-23.695646926925097,-47.17037832217026,1
24510.97885328335,0.192781926248638,-0.078936847940819,9.905456499812468,-0.006279504532057683,-0.04879984619537268,-0.0057933386117991715,12.654717560506112,-23.832224291868464,-48.441696046998715,1
24650.979687363895,0.24499828894709463,-0.1162106719223533,9.935835331871932,-0.00010074781257239196,-0.06718045151225227,0.000705556644736468,12.405676801524073,-23.91836544971473,-48.61954288740183,1
24791.010175252508,0.2530484177511064,-0.06982976940496227,9.883681803561569,0.006499283102147025,-0.06634163888121128,-0.0476622662577096,12.406224655855661,-23.47507779422046,-48.47789529066044,1
24930.022927635113,0.19726315171687955,-0.0911903064694549,9.890312439525301,-0.005793587637493594,-0.014676073746651563,0.007148142447507539,11.95769346941989,-23.274888301535178,-47.22654525469317,1
25075.998363146005,0.19891939755966567,-0.11169077387124388,9.919106940525806,-0.008578690935155764,-0.01136982700899039,-0.013171948444589987,12.432078573953,-23.696474901129015,-48.07189451905066,1
25214.959671260538,0.1972123142945507,-0.12551075194876585,9.903548992891974,0.03441523637555879,-0.07462305770908612,0.004417836988149218,12.340861672815896,-22.681483651878143,-47.464126753923956,1
25354.99046273011,0.20761837384744927,-0.05272255410043825,9.91085110864395,0.03753944900275277,-0.03781267665812461,-0.03619342889378596,12.04952569554957,-23.161012300848768,-48.89977107226196,1
25494.96201131797,0.24312788939324712,-0.09580747610918927,9.855579975673328,0.01463681588976915,-0.036567341424047564,0.01082210191730374,12.455395864855658,-23.34237778078674,-49.06799778259784,1
25633.993053461185,0.18792566269606867,-0.09381796710268284,9.938766991634527,0.033413311136897494,-0.07089610789138692,-0.017145718073530245,12.86074449305397,-24.17496793872807,-47.79271458754971,1
25774.002759458835,0.20720882218536815,-0.048558666462288576,9.865664640100249,0.0276412015445656,-0.04579241864657123,0.02417109288246462,12.445002131504413,-22.961411259651868,-47.92298708271987,1
25913.99521234316,0.20335982716231366,-0.00295861340079338,9.930105917111234,0.017014945066446102,-0.059987440415412686,0.00748958008478587,12.245660614025583,-23.548691482312574,-48.687787609752256,1
26053.02265632762,0.1609655504452069,-0.06529959794833141,9.985203045916519,-0.01839231184668296,-0.047488694440008306,-0.007039409638205225,12.242284442538264,-23.351132640334793,-48.310621739525615,1
26198.982807847777,0.1650390500320451,-0.03777062817927698,9.952660998252005,-0.00487056774973214,-0.053071157074674795,0.029863918635991978,11.644955517090146,-23.4790582239109,-48.705389711345184,1
26338.028339294076,0.17052184150432934,-0.14364885674631792,9.859675913777979,0.023918371476826183,-0.04409519199060715,0.05242179591128066,11.939585984538885,-23.741283726755704,-48.373479474287265,1
26477.991390983134,0.21780014859863386,-0.058837261694846724,9.896323879251868,-0.009182855078405565,-0.060300161291985496,-0.017347372463223935,12.025971929276986,-23.562140110179307,-48.04673448751875,1
26618.02562726337,0.2250902376220249,-0.08479553736972563,9.927015699637293,0.016790716754696525,-0.07126947160292357,-0.009911355037874613,11.725579548060786,-23.933490625286147,-47.88252860985735,1
26757.0086071648,0.1623794759364493,-0.1094469880887817,9.884836633317162,0.0005913647954376019,-0.042136333026374394,0.003300968625809867,12.189390989862277,-23.269438926453994,-47.14745276653705,1
26897.012397966202,0.1539983528114971,-0.08288418612850143,9.908923713767189,0.002967991382700619,-0.03789242035762886,0.015392813594367167,12.330938014952286,-24.11358195278986,-47.819353635978395,1
27036.9888460853,0.17766950809396273,-0.1080737071625955,9.944257304805348,-0.04530723894790553,-0.010307909561361878,-0.015042479342332538,12.552572009582299,-23.204726462272173,-46.76101512544476,1
27175.987153177906,0.14050962448193102,-0.10471872762268003,9.977898671756135,-0.008129509093898375,0.009228770098612572,-0.01644635437528926,12.231274496834931,-22.95436168920185,-47.829325635215625,1
27315.991797897652,0.1897862488007137,-0.14169783827546828,9.916789417226429,-0.0074734454065750345,-0.04369058599061788,0.024193558040127235,12.515617192649419,-23.135160063519592,-47.99059082898055,1
27460.96524461704,0.20281317955882425,-0.13351568266818248,9.9505332199347,-0.04838487213472147,-0.00540945329104439,0.012607898432833983,12.134068318191,-22.562171196064103,-47.52073329204367,1
27600.97726338018,0.1908625237490578,-0.22187994847324846,9.914412738863449,0.00033017956306585663,-0.07812225582209945,0.01891165243660897,11.983745959597492,-22.622655173477014,-47.6755313584994,1
27740.943418305695,0.19137086565764935,-0.1802772604293838,9.903863467803799,0.03515109257651983,-0.05459585754688074,0.0004269775102970937,11.816188109746088,-22.77797272590807,-48.225502573054975,1
27879.98171942729,0.20972217867377047,-0.1005149569194239,9.94144072523401,0.03039419661922913,-0.06017179483811479,-0.0052888257391737175,12.177330992897243,-23.12007367340822,-47.99208620393848,1
28058.97768899577,0.16121751815001592,-0.1298016817075612,9.896653480946954,0.018659017463198226,-0.025775204086628627,-0.013867634501508604,11.61810066751195,-23.25452627448109,-47.79549326545312,1
28199.02840089889,0.164062473436433,-0.12434339255596355,9.934483975170586,0.04700219879493743,0.02100308022270869,0.00871308654072289,11.94124836836884,-23.27812363414611,-48.43131389410776,1
28338.023911438035,0.19008615226102848,-0.1883882571742232,9.936683684705072,0.0013434934407712045,-0.03204143135646437,0.0009756353831604169,11.873066182609517,-23.230757337250775,-48.17031425881136,1
28484.968918424616,0.17016911046196334,-0.1023915463421715,9.938767007326858,-0.013705284608706157,-0.06265726433484803,-0.0050092397880250146,12.065222173566326,-23.568926907209743,-47.77184646267187,1
28629.977597021378,0.22604291182999456,-0.08078628849478878,9.939859338255081,-0.0017578965801321343,-0.042255657822222285,0.007584868987362541,11.003886941857322,-23.912640256963297,-47.90855676234842,1
28769.96959932902,0.18492298881053637,-0.15966464877613268,9.8450050349042,0.03935332228876884,-0.05731129614932617,-0.00029293901535285254,11.804953549697576,-23.825311990691663,-47.58624251181718,1
28909.990870186164,0.17758670901687532,-0.12979872080231225,9.949884781345634,-0.0303169173704297,-0.06348256998646185,-0.003175800203398621,11.196722852200908,-23.901290715964567,-48.822752060469604,1
29049.009238071772,0.13391029597540788,-0.16086882171266545,10.021339315280425,0.03135443092233181,-0.045560594782728496,-0.001313589405296285,12.511187105516683,-23.64649695093213,-47.973285555805084,1
29189.004621282387,0.20764728036967048,-0.11127802196924566,9.882514511201697,-0.012249564743870326,-0.07777879505383202,0.049713211798189605,11.584197835005373,-23.81317156778811,-47.57800482715106,1
29329.026817207556,0.18803418883321027,-0.17244184586277805,9.856219426459461,0.03329888513899141,-0.06670197439135168,-0.03684085336716617,11.80398520321136,-23.499877967471196,-48.22953662873314,1
29468.041847343273,0.2137372634643521,-0.14510999949580358,9.899104912942775,0.0255979308907422,-0.06230741419776458,0.011090979246111009,11.780095194609743,-23.72823426901624,-47.50684547280908,1
29607.99243080956,0.24970828091555536,-0.07648301074746768,9.959287292245934,0.009600840589189424,-0.03135088270743458,-0.002637549817518298,11.60574704106982,-23.178672450177967,-48.45956868928698,1
29748.019115258274,0.20070154878168753,-0.130484955098467,9.893067552597833,0.05683211949863688,-0.052540715837026374,0.00019417880385309415,11.62206719699824,-23.547110230338674,-48.18545554312127,1
29893.014661753597,0.18830579777026507,-0.1744183303408841,9.868835128770007,0.0342281267524874,-0.06363236303487378,-0.007411008734428005,14.707199921772329,-23.7473276596866,-48.01051527563517,1
30033.030031835133,0.20227794199755772,-0.11925734265266619,9.98321673485487,0.02693153416535147,-0.04728186018454138,0.04156292775912778,10.95307446134731,-23.945535373785752,-48.77410501904134,1
30171.981107562697,0.17050082235873834,-0.10515881487433429,9.925991778960173,0.038869166546279074,-0.05339027228492694,-0.028612653670772002,11.574521048319394,-24.295071138125635,-49.72063006794519,1
30313.023087864527,0.13698305998067642,-0.15280750903360127,9.830208634121107,0.010769729373283458,-0.036897348323370494,-0.00916814553823331,11.727762635664241,-23.769682460048635,-48.587322849520746,1
30453.99598699944,0.11647737076941246,-0.13213718167350655,9.86647518577679,0.019193297398367275,-0.010167425982216089,-0.007143129805318369,11.25159817600974,-23.473088961725953,-49.59829669958439,1
30592.99376820194,0.16671917413091306,-0.15355644165349455,9.988753623951775,0.03950244824713748,-0.061277927128582904,0.010767625167242334,11.774383164902167,-23.47143338911873,-49.236372326105055,1
30732.982660991318,0.19347574304254117,-0.07813570964682943,9.953470813962353,-0.0036430793221503607,-0.03388831309696992,-0.009259421542601634,12.536901821511819,-23.944250368439032,-49.77592030089429,1
30873.02432714993,0.13807355403404578,-0.18123572959351353,9.924609597458504,0.012966270165111045,0.003921771266834566,0.007729581424129344,11.940184874417813,-23.989857419231505,-49.33801642228364,1
31017.977532070166,0.16426332655004855,-0.04037291137796765,9.971473817394386,-0.004079579679529944,-0.05118006291041486,0.042470863752494876,11.731754641467171,-23.863588560219412,-49.647240027439935,1
31158.011757821543,0.1622262781413893,-0.1418141593220824,9.957939484448739,-0.027829511968089832,-0.014359095583365154,-0.0027628871426929134,11.304626088699967,-23.59803273912716,-49.55448198204512,1
31296.952790243173,0.1701582160432488,-0.16350491291818214,9.957404302198297,0.00393764294323041,-0.017144960796890287,0.0050900717107802695,11.128283194418975,-22.842094262407453,-49.302016776096636,1
31437.043983710468,0.16266693527442097,-0.17453930037638202,9.967383083960001,-0.011347757938154651,-0.04117734446414333,-0.008100848414510458,11.695960131843341,-23.188675849582943,-49.74934707592718,1
31576.98947412135,0.15763449363757784,-0.17395474911304887,9.897491143725741,0.023434142536379966,-0.0352279268828251,-0.0065133018912837265,12.43289485432301,-23.648175870847748,-48.88942428386323,1
31715.992641286422,0.1744582698819971,-0.160952067824499,9.909842537956854,0.011163045047914946,-0.07900016147564974,0.010109344044517776,11.46917470333051,-23.157258377350114,-49.36836393279321,1
31856.002798522895,0.2036778700895012,-0.1428533352342835,9.966079804731667,0.01846595284778067,-0.07306934250676324,-0.008006729030864442,11.342076311893882,-23.478115330179758,-50.17012148976544,1
31996.041956240788,0.20594551025740696,-0.2071213505576879,9.966211617154524,-0.00936702806061117,-0.0443814102685606,-0.014491518346564012,11.37872648103321,-23.74217269685537,-49.42961671134155,1
32134.98068568005,0.18795244775573752,-0.15720486618945534,9.918890794093809,0.015386959615822426,-0.057089329281627715,-0.05291386379422193,11.49817556923862,-22.82867870680317,-48.4170113082123,1
32280.9839539489,0.2205075987354558,-0.1746874438862485,9.861835136797579,0.05288424430899029,-0.039641977084453384,-0.014217952075439215,11.632658612380327,-23.074822319304904,-48.78861278382202,1
32419.977896458997,0.16881101146533073,-0.12331263348890911,9.872814825884479,-0.01431649268546005,-0.06501973509446458,-0.005976966078548503,11.141342615428664,-23.50353569720086,-48.98990563237666,1
32560.01076886075,0.17888589881313538,-0.14396768456357498,9.897871440952654,0.04821076944430771,-0.033843459110772404,0.03028525224243908,11.650489187565643,-23.50204743443656,-49.857621691333016,1
32700.015539876378,0.26615863051955185,-0.17499374030497125,9.888732106044534,0.052053499131354666,-0.03234335742693944,-0.014744473382653278,11.937344675100276,-23.734557017558085,-49.77060574542866,1
2785.025481519323,0.1679337229107935,-0.33395750344791236,9.9378177717601,0.013960052899087798,-0.07403439841969113,-0.02594881280191654,12.257327941059064,-21.39688624784097,-48.38713737156069,1
2922.014848236402,0.36727091069091167,-0.3429909556762552,9.844717625162156,0.08025626706629012,-0.03026913677803458,-0.15097778890765046,11.776135191509258,-21.526367534354577,-48.95925946874452,1
3059.9940064857574,0.147533868557701,-0.20222630841934117,10.187918598506652,-0.01991356552730537,-0.08275512147464024,-0.016091054913001335,12.600771004368212,-21.55897351909306,-48.707948198889525,1
3197.9970067146,0.14937617886273707,-0.17112311194779145,10.473992260388927,-0.027220694601538135,0.0799125426733285,-0.005314480599589029,13.113015795796803,-22.15041826241276,-49.4470269485597,1
3335.025509572595,0.08412196486261345,-0.3972119758046622,10.054665864594961,-0.0488976838879903,-0.03449710563045333,-0.007229350703517378,12.8738813074308,-21.60382155619423,-48.079543604470686,1
3473.015177791924,0.20703098393682023,-0.5573213714846337,9.632811981650466,0.02107058144237256,-0.046064452352937456,-0.046996833953164646,12.461733505352873,-21.730636698081472,-48.962654518983115,1
3611.024651112494,-0.0433521823376824,-0.5362172064030025,9.758939562910074,-0.07706672388777458,-0.11884618016064286,-0.05401469219346097,12.761914742956268,-21.547124938723456,-50.16533755816523,1
3748.9663820007827,0.3093700343852376,-0.2800730938540015,10.470566968846907,-0.02854372292248977,-0.06530785682550037,-0.04290118403769597,12.115768280165852,-21.465745842709605,-49.86473425045386,1
3892.9873282773583,0.029459845449790172,-0.477520627948189,9.655829199060651,0.04035075894034125,-0.0724131369113528,-0.021437860170314363,11.78803669049874,-20.64571073280998,-50.7330857744549,1
4031.008722424709,0.3376748808758971,-0.44122914087848286,9.856828538797878,0.06663004137088029,-0.11144649051336977,-0.04000711761258535,11.771763018306517,-22.186170105154993,-49.194755501250576,1
4168.002364166899,0.39923937360620365,-0.10830514712094537,9.392543965948681,-0.0041972760331715495,0.06285198873401962,0.016085904313929474,12.514981562257066,-22.340472095524,-48.84106213828139,1
4304.980165081735,0.33158894807614087,-0.3089896704870669,9.886161368156317,0.042321699809562754,-0.11339905939861099,0.048774422635617716,12.233303329636264,-21.56575143589858,-49.70923623422807,1
4442.027178541522,0.21989671061419697,-0.3585089882458007,10.072240180800334,-0.02891465473365124,-0.046300858202136086,0.04328860552204697,11.624838860906435,-21.802452436961055,-48.6343716486531,1
4579.0201882706,0.16041533647682452,-0.40563008005727974,9.846592740102373,-0.08087975715991655,-0.060423760625413485,0.04128906676376816,11.851989153939606,-21.728547522183753,-49.684523875951356,1
4714.0165449421565,0.2281043600533319,-0.5011173299178692,9.980981436257059,0.10927508673064522,0.021320558196704274,-0.05189311290727019,11.664611543686084,-21.476204349469086,-49.255162100686036,1
4850.0538666200255,0.08427930403020148,-0.47528167574894964,9.92020720498205,0.08811282830202319,-0.03311766289783103,0.014613228683807704,12.970445127229816,-21.201684565887856,-49.59384852433787,1
4985.939463005685,0.10687030810665595,-0.5384147734797423,9.741254276705767,0.10843374098383479,-0.0240782227244584,0.07042780630990012,13.308047517432424,-21.459383255119377,-49.87446216363883,1
5126.0037940042985,-0.016002484041294906,-0.28451735107973686,10.066695048600614,0.11493119072454684,-0.013271051124184417,0.0367756368729953,12.795365802568202,-22.743150318274356,-49.66170274091846,1
5261.941147116138,0.015525689603242734,-0.10044880429580579,9.89421586720196,0.1031577002668103,-0.060948383685954254,0.0014313472849383116,12.30055695057083,-23.051138090198762,-49.35858836599235,1
5397.970642537785,0.04288862546979764,-0.2531543459360754,9.721001201663409,-0.02261017090502585,-0.0173968912931386,0.05778901592964965,13.493690161375252,-22.997293604736182,-48.73670212324935,1
5534.0042549284135,-0.03446708995108678,-0.2298537909791935,9.757384121116592,-0.08514724623093804,-0.08887809018742038,-0.02006976166740337,12.779887117581477,-23.03998109075136,-49.19943178018345,1
5669.030189040791,-0.06950412921753682,-0.36569148612285773,9.760133012912727,-0.14422052267617363,-0.02993501180289242,0.04799263898782912,12.849102329096429,-22.013801264068324,-49.66601132272145,1
5805.001235943101,-0.01850343463375479,-0.3852101011117521,9.85685819635958,0.08506508298194372,-0.02001540829297133,-0.04188435414278946,13.640601714196388,-22.639394295690746,-49.951860179034,1
5940.9808492986795,0.09473945528968765,-0.38185015049352733,9.813177265040155,-0.046806855293364744,-0.07991051377833161,-0.03829343045575078,13.229301876910084,-21.82208184058486,-49.75217357646458,1
6076.99925180825,0.08059948598428625,-0.39125036681436015,9.892903444788145,0.002902144216784893,-0.06380938309352578,0.002902976913935334,13.28835259798207,-22.443268166576697,-49.00584021751966,1
6218.013867974712,0.10655209467952553,-0.3960686401774604,9.962014607808038,-0.04028596312881526,-0.054862385893287964,0.022674990165592795,12.287174415226918,-22.311475555170073,-48.57197627352929,1
6353.973749531685,0.07345698707162493,-0.42358223900148817,9.97415667714481,-0.012161495854881906,0.009869182402346627,-0.037561195942790074,12.396467008780608,-22.382206361091534,-49.331830090146546,1
6489.993586964924,0.06784325818380434,-0.43201334521065987,9.93631424616573,-0.006327432727741629,-0.029297485624501567,0.017221331926159773,12.427476970473213,-22.121396207932673,-48.97454354236665,1
6624.989661414201,0.08808488980804693,-0.4652124854408385,9.936029309064448,-0.020354665550815557,-0.006094547676386922,-0.004669681583631053,12.908618543067458,-22.024558184192017,-48.41927768833937,1
6760.977187193774,0.0757412712737895,-0.5182720754747002,9.800250988802189,0.051024518190743766,-0.06450134791550664,0.045792551646846404,13.064583578814753,-21.99771605862274,-48.506762533343824,1
6896.979067475454,0.05927683934875707,-0.39369600316786924,9.953677445677428,0.007312606079896404,-0.012461966163684203,-0.0012991032704094954,13.373746946852709,-22.056047095869165,-49.52010184085475,1
7033.023383340236,-0.002590814774622711,-0.45644831894502735,9.895640013127554,0.05837039409384421,-0.03695024418503978,0.0016491488710727521,13.58197235022195,-21.89980997204674,-49.620337037131485,1
7167.979219732757,-0.04818644151735495,-0.5608285477243167,9.883783509100859,-0.005168156567971681,-0.019464146632295214,0.008135729544350063,13.339897648246952,-21.94988080401834,-49.9359293774243,1
7304.017412593099,0.018396299365008494,-0.5076271647217269,9.875252878529507,-0.02255569585333149,-0.024548388732966504,-5.932030161783918e-05,13.880058333028781,-22.88172494296835,-50.084694279315215,1
7444.996893953829,0.06722842711108064,-0.521126800047645,9.8535012687922,0.08882379135514483,-0.10305431863763136,-0.026120095680082788,13.426047520880308,-21.81635967980996,-48.896050620304976,1
7580.981969731277,0.02862223328436605,-0.46092306420785556,9.79422152361354,-0.004196806040284815,-0.047887511439455625,-0.02537589980860684,13.189988923579207,-22.425078962015682,-49.991505170841265,1
7716.034439652412,-0.04387830328128083,-0.37661575319407203,9.909917046938162,-0.0026367609417316884,-0.014509338677584176,-0.009307968235211884,13.864142501791097,-22.255079827449116,-50.357392520920925,1
7851.968667255342,-0.15019060213357202,-0.48541060138624403,9.767664919799103,0.05866182034457446,-0.048990588087285326,-0.007703527706418433,13.773841854141564,-22.6923445875147,-49.87181284776527,1
7988.010220882583,0.062406419010463426,-0.37852601436350103,9.964157455765886,-0.04351475982194796,-0.06171606079581808,-0.030255699287264064,13.798236619966215,-22.1769231029443,-49.604725509797355,1
8124.005940074908,0.04761905039772585,-0.4248399471176687,9.851876430137755,0.01836915931983315,-0.050988306491774577,-0.032786128443759575,13.303682336260955,-22.218188396115615,-48.852568946630655,1
8258.97988290379,-0.025195948232236472,-0.39615800291093384,9.915010242055768,-0.013419705953904562,-0.06402433726969883,4.10614516018217e-05,13.813397621381462,-22.347679155247135,-50.316342610724845,1
8394.987492150014,0.011585138087216755,-0.4782259359482415,9.85518593306158,-0.039823377098405575,-0.056269136456162674,-0.00495593081226667,13.776288464090168,-22.40824955442023,-50.202227860193055,1
8531.011440953902,-0.0019260136667811729,-0.4561172972223867,9.878406957443286,0.022682060165666353,-0.025887032203191388,0.010896646204495953,13.762052134954535,-22.95415533422158,-50.486849115584064,1
8671.037106729445,-0.009816692243574418,-0.41326693727010805,9.944864131211464,0.018655074693922493,-0.039108351242803846,-0.0075143476522370745,13.066843175947362,-22.09426065884067,-50.10183219737204,1
8807.000557204763,-0.028665765109300984,-0.4289785645270019,9.959031370321453,0.007049615076949875,-0.08256073730904859,-0.04784365120365483,13.621318027181127,-22.541254341550026,-49.80106087764881,1
8942.976946114757,0.038305886941495,-0.47207781705444885,9.96317949471278,0.047806646138078376,-0.07385147260191642,-0.017821540155688778,12.40180239076519,-21.856548160115572,-50.20249831498719,1
9079.02008299356,-0.0054027457915487576,-0.43155972120430247,9.915449308815205,0.020009267959458725,-0.09555093656978562,-0.039159797551903346,12.757203597663509,-22.1315130830207,-49.25865360130195,1
9214.000725108528,0.04793902046832353,-0.44559456427079136,9.849939510638832,0.03210024770606534,-0.013520260397557356,-0.023295759293791636,12.212535403370424,-21.7820738025382,-49.512226306842805,1
9349.99946990953,0.08957637067361397,-0.43935468271554584,9.999117649552241,-0.02706136165883209,-0.0716036338097423,-0.036052189456619047,12.77592971262716,-21.71892231453073,-48.64162908373922,1
9486.035728357665,0.09383592381472322,-0.50935048086544,9.84597796753731,-0.049437136099880735,-0.09926515506568645,0.006565939031363252,12.798605036890235,-21.27527423268688,-49.792070485845,1
9622.007524522543,0.08438967223582357,-0.539121517061106,9.965589240694591,-0.029483341010972407,-0.05249077384305794,0.03056213876334732,12.878562121039533,-21.296253533773008,-48.52275497074161,1
9761.984173423129,0.030403130959514742,-0.7275111774068962,9.732153318862704,-0.04170812568516408,-0.05067087723419486,0.029273961903005803,13.237460915729148,-21.221607062493355,-49.11264637284629,1
9897.985161746878,-0.06618392919139988,-0.6089716072841205,10.00579225957828,-0.047769426414358475,-0.03002333155075803,0.014476572871552571,13.30012019695211,-20.95684431411996,-49.587227321759514,1
10034.028647856565,-0.03655980877704731,-0.6592664033036054,9.786585634641584,-0.00047308543632750835,-0.07014341838868343,-0.0054232262542011364,13.266194568460376,-20.447310154664923,-48.9468661150311,1
10168.99784159256,-0.07684615056999541,-0.6403467550146076,10.029347497725817,0.04975089855871154,-0.03378656499011022,-0.023749433668775098,13.039847831236477,-21.081332088757975,-49.78097607591817,1
10304.98473169477,-0.0767395564550907,-0.6682671402519519,9.874418391106687,-0.0074407968272989095,-0.06124499035689077,-0.02734309966452521,13.506578844244684,-20.637668096538047,-49.1823875784883,1
10440.98807067757,-0.0640061485998277,-0.6919614706817436,9.95754229127651,0.0011759998967156488,-0.030714757577200484,-0.013247572166616959,13.58154076917777,-20.059194833156504,-48.35994550784735,1
10577.011164466985,-0.0972235842642772,-0.6661756335771541,9.942497382361474,0.008021072549554989,-0.0174143725626497,0.036733607447500725,13.16561862816549,-19.954185045638592,-49.04141909209774,1
10711.991990019444,-0.05620270673961133,-0.7198421168775848,9.84321493907741,0.013508763499314954,-0.06482112884150991,0.01731254402270181,12.942248881852892,-20.792553993112026,-49.260640877033495,1
10848.015108251437,-0.11065293639276,-0.7139514539242557,9.989914059596373,0.0309091392854408,-0.0921352431188669,0.014242645884401718,13.92207739387445,-20.877470554544697,-49.199991079687244,1
10988.97816137312,-0.08324074127431146,-0.7240621747676999,9.902239047322153,0.028193431606397194,-0.04632717606214627,-0.033240904198303695,13.024046302874533,-21.278372532808355,-48.41479661315621,1
11125.010843083963,-0.06963309239322174,-0.6151751769081498,9.875980987803038,0.013680192678085451,-0.047107810643374166,-0.0267625234317076,13.765743139869032,-21.187223612627793,-48.48158112675946,1
11259.99825636723,-0.051854047399535017,-0.58763831762148,9.905828601602826,0.006678129230843638,-0.02842349529950671,0.0027810069239828502,13.41235429381755,-20.81009755434067,-49.46342016122392,1
11396.008592748183,-0.06439508191188362,-0.6350686872174086,9.925427096980412,-0.025625028608744955,-0.038918543868366844,-0.04142994897683884,13.430886465360793,-20.676254648647742,-49.11334141696593,1
11532.005948397966,-0.03884649032466884,-0.5346165488031057,9.965913318368218,0.04762001674045472,-0.030011498062582947,-0.02644566791963975,13.602744275748258,-21.63808793913233,-48.92495169426934,1
11666.996369921691,-0.02460030177415507,-0.500841750848747,9.89879629397035,0.04116423307536502,-0.00849454123035705,-0.02298910388212503,13.44099946556141,-21.371619709185993,-49.335770349024486,1
11802.99651974238,-0.08198614595588079,-0.5842359975448589,10.017243386767374,0.008145889233752288,-0.04610072154447466,-0.00565206265105069,13.203210142138515,-22.023244469111305,-48.926043553199754,1
11938.977328141165,-0.0043528397181663925,-0.5142459637945065,9.93791113884927,-0.04482718544887639,-0.047218350367739845,0.009449238311230743,13.373838556814704,-21.467580057981884,-50.01432638373068,1
12080.002676604847,0.00762491923275166,-0.5268453073251088,9.860600279633761,-0.021424926115341657,-0.04793341084498355,0.007110946220040624,13.763821295552349,-21.29740312956983,-48.84901790664133,1
12215.013568237733,-0.023835775010025588,-0.5671628728211308,9.948158521744485,0.030874693214653845,-0.020554624686193047,-0.03925018522620393,13.360372913829826,-21.599411766735287,-49.54256320391084,1
12351.024339096355,-0.0586600790806322,-0.5946754738726108,9.890663914884152,0.027395880630287032,-0.04817563965610327,0.013132647965378146,13.953061949845218,-20.996832392077447,-49.321470766057274,1
12487.010638323984,-0.03841595914520668,-0.5916711329237047,9.994299431678021,0.010962545947074959,-0.07976331948437514,0.042923950600272355,13.934780073797404,-21.864161265754507,-49.01245887317245,1
12622.972303084398,-0.020818315437381642,-0.59029601496252,9.81498759618922,0.04222942061261809,-0.028743693001501036,0.023442116661396485,13.778495824882363,-21.492583065773815,-48.84921601171589,1
12758.02019398417,-0.02426217135578576,-0.6051273638677235,9.923704157809802,0.02100271196115988,-0.03064352784790663,-0.005757234075806894,14.128009383747003,-21.14762894754167,-48.77784771938047,1
12893.99758057678,-0.018852168828202037,-0.6320401554456595,9.878241983200379,0.0014616294453938202,-0.053163371579152845,-0.006409248885595728,14.000916602988655,-20.920233300640675,-47.72082560190778,1
13029.991370376025,-0.07940847119058045,-0.5885580431946107,9.899305781939333,-0.02652522972051154,0.010289259096994633,-0.04670695461244102,13.77423149946105,-21.094346236993076,-49.66432199043241,1
13170.98655333736,-0.021880958843871572,-0.6705796691839316,9.897525550197628,0.053825753012336934,-0.06480122288590096,-0.003486773313560577,14.013952411406425,-20.946056622429094,-48.82183924276532,1
13306.997827951318,-0.09680693721207922,-0.7128205775949682,9.87469933571643,0.0303917580678061,-0.055417887258623115,-0.010313955219913514,13.990158740594621,-20.505872035517406,-49.099281194357296,1
13442.988824109865,-0.11233362607029553,-0.6485527714210725,9.852595232531154,0.015425859692757901,-0.025044496770249523,0.009670410483340145,14.37393520435589,-20.496214290633134,-48.95065661605477,1
13578.9925089377,-0.1845520424616449,-0.5912705136256191,9.941750512182072,0.019632661833975527,-0.002155164313938557,0.036844089231938625,14.777081549923452,-20.971978130284835,-48.99354567098207,1
13713.965723086329,-0.06547016836337749,-0.6120608649771232,9.832154001482762,-0.015965083765553466,-0.05750113727191386,0.04376335397282524,14.254256734093035,-20.91818748029755,-47.79021578706198,1
13850.008412256186,-0.049645194411406725,-0.5512266267432592,9.925975631607805,0.005298064808943579,-0.06646930456323968,-0.016131495259466958,14.42310634100669,-20.88731894724219,-48.41769543907166,1
13985.97638818381,-0.11436797863842543,-0.6353792713306671,9.920977849463245,-0.015788869047514836,-0.027023200232964218,0.01738146577858368,14.520285984684438,-21.203351730981748,-48.582020903671705,1
14121.970758382828,-0.004267965060177117,-0.5964780547955452,9.78196041824927,0.0355126327117148,-0.09920911377494691,0.00866960202718722,14.437071652001242,-21.82855634065909,-52.02778325850113,1
14257.001073354417,-0.042729380799215955,-0.5075027273283024,9.879755605731855,0.017659981837381936,-0.034439806592861145,0.001909687331668919,14.210767725540105,-20.689157889807493,-48.42958323072129,1
14399.018742878465,-0.03172776876180858,-0.5138930882864862,9.8969249310475,0.002253566528535655,-0.04513530198594327,0.021427790780513715,14.637684932148664,-21.613835880452477,-48.68607192993617,1
14534.979314353752,-0.04601529365396256,-0.5340811946303804,9.902888468929076,-0.016849383714038522,-0.032152007351066714,-0.03708572803184888,14.691379436385592,-20.936398662457076,-49.06876437717171,1
14669.989720874777,-0.03924992464061159,-0.5511925104617702,9.918308124885057,0.006176474431030181,-0.03972675468002001,-0.062173471743984056,13.856713754212056,-21.659005981630564,-48.93214538856137,1
14805.97803487265,-0.06544078302955543,-0.5585348685862942,9.90327452283362,0.007122880529252701,-0.05045781414998913,0.002168590066330992,14.622393111013038,-21.64076772585652,-50.00306696907556,1
14942.003486833593,-0.011055442524964,-0.5776476481706992,9.918016044581284,0.003863236541400891,-0.06278955083137107,-0.010635487812867602,14.598655098447072,-22.02194778329666,-49.44696288040995,1
15078.01321211411,0.012811202985615047,-0.5767033387344995,9.83295686301774,0.03495578052080954,-0.06703116109791998,-0.024888562204251334,14.075814364330743,-21.62779305036186,-49.67063905474331,1
15213.008804292262,0.03565024914960662,-0.5357406776235186,9.938945500771739,0.01571945762476154,-0.08171072567724268,0.03756714385401446,13.40018034101515,-21.713143322381807,-52.38464568773661,1
15349.035916944646,-0.008638487326824788,-0.5202082260710988,9.908416486763528,0.06677319627642175,-0.007904604710835194,-0.029924184586481106,13.236539176546952,-21.81460811409262,-49.82120136345953,1
15489.969826383402,-0.029627826185812882,-0.532003607840881,9.890280090385412,0.0005693495504437924,-0.08711745969060067,0.03973230513563625,13.348598441982942,-21.647242758875446,-49.09133736946072,1
15624.994677322471,-0.02862182901937047,-0.5411473644883603,9.908741220748693,0.034196771387116964,-0.06762150599306667,0.002799276923093616,13.891370358923375,-21.79217084358915,-49.55058113082576,1
15760.955504783538,-0.029904204875105502,-0.5416898836832738,9.87458231380358,0.038901293128619625,-0.02094578832360483,0.025741661037324896,13.750890776412678,-22.174014830235826,-49.368090477189774,1
15896.994876905628,-0.010335900663536337,-0.5467142477976514,9.908241434729517,-0.039544588439984873,-0.09980293137510061,0.01489913599361483,12.855722503715768,-21.954368843149055,-49.93624941396222,1
16033.01266383595,0.03300806521270824,-0.5247724700316729,9.871210927038355,0.020159780560485178,-0.03725263378046464,0.020115459103067106,13.330378093853092,-22.259476175323552,-49.663749254962305,1
16168.02853622633,0.0282985938942782,-0.47473196673285545,9.916975080537677,0.03551478004215348,-0.06598139176819393,-0.024328224211738515,13.321619556710543,-21.406917002093483,-49.92887883080746,1
16303.98191136122,0.0066211616721940205,-0.5029161281264614,9.900557568416941,0.00440223718213039,-0.011297948086039318,0.016191185409532443,13.054364435806605,-21.51887628381729,-49.99875929390432,1
16440.00481517292,0.0007768673228906298,-0.5013006306783768,9.863897262536018,0.046700737937957315,-0.0427593345300057,-0.03404666894281149,13.346665644562723,-21.564235047673844,-49.645400492976044,1
16575.970089367755,-0.0024320494657717484,-0.5109498829486584,9.927244675002866,0.019620281953082335,-0.03790757353349336,0.03540611480824947,13.175538999759757,-21.775671824842398,-49.8644198856001,1
16715.990212873534,0.02160637440898389,-0.4134568179258198,9.939186401535,0.05041535727054834,-0.04340623059991458,-0.026041758590125103,13.356603891390332,-21.963392877772648,-49.00241099563263,1
16851.975398716746,-0.059467791828705645,-0.43381722891180724,9.871682363388128,0.09159936245118112,-0.08554163290087466,-0.014916559873177032,13.19027314135321,-21.933978145469464,-51.07792361636516,1
16988.01887518843,0.029897151629793728,-0.21404381212406137,9.951994922811588,0.11400847318558256,-0.02936246013358086,-0.007483158607842802,12.94005802633331,-22.62009610019085,-50.158151249596905,1
17123.997861577893,0.03744702227670217,-0.26808933148382036,9.797618480766333,0.056689332253417504,-0.10008386271728602,0.005643325540113323,12.86317116117322,-22.460505691332102,-49.4760381168074,1
17259.006043710207,0.013612021125101115,-0.2660702417615327,9.926817402254079,0.06774385536992314,-0.04073195420359189,-0.0011798917967181417,13.383789353950794,-21.967723226218343,-50.62458661493935,1
17394.976680065556,0.05553122046888687,-0.2581061094194587,9.90981513329806,0.04905554811274301,-0.050565400187084504,0.006573442984639428,12.947010499103815,-22.701689228810814,-48.85641862336033,1
17531.00442299235,0.09608902813934501,-0.11739182180954645,9.919736679636815,0.06378345677714133,-0.06729655295221514,-0.025035988100652044,13.073194086197342,-22.717437299684352,-50.7087393830517,1
17666.020882702564,0.09672127938690196,-0.18395662209411576,9.963497831515499,-0.04341015131692106,-0.046216643587636885,-0.01651470171659762,12.683899193709458,-22.58023561092321,-50.367024061220455,1
17807.02887839883,0.13749596629248736,-0.19447584011416907,9.893410687091974,0.025955030536021776,-0.02973428062034503,-0.027013428522842702,12.91164269438243,-22.699079014983756,-50.25640220127113,1
17942.94861680348,0.04211465406131255,-0.14595443815442635,9.96891517240572,0.041637641835956196,-0.021958523024190973,-0.026809616295378175,12.594242578973935,-22.5842532045955,-50.031153503359974,1
18079.00388271057,0.1265483205359819,-0.06806195745065001,9.988449889595238,0.04572702419539914,-0.04996838984929615,0.012640803655661904,12.722967857092382,-23.421333280518628,-49.157031350433805,1
18213.991676287817,0.07231138844295194,-0.15270395102760712,9.979285223060419,-0.011789255633937677,-0.009899229113673247,-0.02250298378704257,13.241985383712167,-23.318036055654073,-50.417495108298446,1
18350.00939580055,0.08858133287181852,-0.1284093826556283,9.915844642972381,0.022643359356256294,-0.018479474410385253,-0.02225937676130112,12.504445825101195,-23.85969694428876,-49.7560624913488,1
18485.95963923768,0.05974574403653855,-0.09901161975820096,9.907118364660711,0.03311317800958112,-0.034581250302647644,-0.024414465756575025,12.872717196234836,-23.8391005179425,-49.8880180072486,1
18626.98958881615,0.06845545868569963,-0.07917640654265733,9.952147026575178,-0.007692942495761015,-0.051747448420111225,-0.04151353123198509,12.308416791133721,-23.829377730971547,-51.33212816009792,1
18763.990652020122,0.08460139352966638,-0.08200675986766597,10.007195560497193,0.0186655579404595,-0.03777721267545741,-0.013583417268960356,13.017822219164454,-23.347671035627325,-50.47113582146266,1
18900.983021648866,0.07609464340129618,-0.06761579587483832,9.890913170974569,0.026009324010433092,-0.0007544819915401078,-0.03304527446927267,12.737606193145208,-23.573660193809644,-50.551665010135245,1
19041.979541539673,0.05256673344344566,-0.07591530139896345,9.941185666514897,0.057957007247978906,-0.02572154991720385,-0.011552190642379938,13.227412311972138,-23.35909787470359,-49.751573942057014,1
19178.99300608716,0.1184122456881456,-0.010034935209326683,9.930101652844604,0.029648247070726365,-0.01695061001106763,-0.038208340330740394,13.191579417433125,-24.234945177024542,-50.361931353104865,1
19315.979258093565,0.09584065480102068,-0.09186230931949761,9.885467639543064,-0.018012634044057688,0.002142592415327281,-3.0630719559786345e-05,13.025812548286243,-24.2020075219249,-49.82451527323971,1
19453.01524100634,0.09240301566104214,-0.1325590694550479,9.82878950388062,-0.005019095749170509,-0.023808080370559495,-0.015211561299350609,12.22830679042118,-23.52164364123675,-48.41970980704614,1
19588.96935830213,0.08960544357896585,-0.09257637912442936,9.894605744540137,-0.012714206961308417,-0.06988535252592083,-0.006638025399846836,12.633147621002353,-23.200834064322407,-48.51408989943842,1
19725.98736839903,0.1734626018865437,-0.0799563861131097,9.87862376109793,-0.045073583447777774,-0.009913344556724536,-0.002874369667757094,12.640681131748156,-23.56964917951048,-50.22860054201271,1
19863.008025602467,0.1309483711840282,-0.10243362540917111,9.926105283322448,-0.03261700976431552,-0.08077649707336372,-0.02719820628941406,12.48783780100101,-23.427358325386994,-50.000158439897554,1
20000.006517253325,0.09176865620066749,-0.13756946415547486,9.851174587913025,-5.9546396901143626e-05,-0.07326478573089726,-0.02924267469447883,12.247543496483894,-23.361653530595497,-48.96335010523491,1
20141.96828051039,0.13866996773644438,-0.19039959123292177,9.779761794904163,0.02663775335151692,-0.044464081062220696,0.010555610860145254,13.217244383838858,-23.50535697419154,-49.15865363127878,1
20278.99373465504,0.14497578840409495,-0.0740650214948127,9.862828999620763,0.08627002942658159,-0.06342832052985618,0.02138098487589978,12.647965514688575,-23.540758561146394,-50.204396200025904,1
20414.99217430451,0.12705051669241915,-0.02234332789807702,9.958982442774557,0.025148733395677744,-0.06327936759214667,-0.004932340471237946,13.060567106421592,-23.89678218325319,-49.722911053104106,1
20549.99138141158,0.11261599992850439,-0.007237213895787723,9.930428478850027,0.014436140087372621,-0.040729689832768305,0.00014429848675927238,12.462516915283903,-23.79416118811086,-49.23225360296009,1
20686.98316191461,0.14824963803363894,0.0031796490100085974,9.941384732153157,-0.025842165975390664,-0.024124427007744545,0.0028235995249854327,12.697731616240974,-24.122634527742033,-49.22575018317463,1
20822.979363218867,0.15136818054263773,-0.07977571359344005,9.895771309447555,0.03058740376810449,-0.02475165764747588,0.022597862237417332,13.288545540853713,-24.051194147527852,-49.58525555607839,1
20959.052629944897,0.0860424959430875,-0.013335414410444113,10.017014723999928,0.008768877216028205,-0.05547453542470542,-0.0281270455089843,12.968799318733122,-23.87850620040113,-49.727796439287076,1
21108.014317512672,0.11443688979740081,-0.067854215364889,9.892520949644437,-0.03899977182860693,-0.008916384817408087,0.023408472724798523,12.394095050171911,-24.29690282815844,-49.59586616584029,1
21243.99422300837,0.12161466706018054,-0.13147642831801762,9.923543401624237,0.04517944237410834,-0.032937116100005936,-0.003404545452071757,12.95354365477797,-23.91590532482367,-47.977794190009185,1
21422.021108511868,0.17751537475280466,-0.079172959726387,9.858010883516052,-0.00681484381300179,-0.04715465083395799,-0.01478525680313923,12.985434148102085,-24.13368902147363,-49.42051654494399,1
21561.99415313742,0.10741344299938443,-0.03689944895976216,9.904602331039639,0.010895512694266528,-0.06635561024872111,-0.008799497779779892,12.971992845423797,-23.659801814713912,-49.7568825239187,1
21701.975788229724,0.1754514433560313,0.05993548776997541,9.992246499434703,0.04536834671494291,-0.026495068546212364,0.04262448208356231,13.475315989956412,-24.220624992814255,-50.093623314152346,1
21841.006911423992,0.09651514650526563,-0.04623427587602446,9.917443613274495,0.03395786135834376,-0.016983832846866446,0.011442752473123222,12.739716523052738,-24.62654156870632,-48.98993340176941,1
21981.992421807656,0.08046761536047853,0.03561600835438036,9.966372158576485,0.007674534143919703,-0.04255896265643249,-0.025720561523554286,13.781768996413437,-24.141105881853136,-49.362347750381794,1
22122.01006203864,0.11096999669115482,0.040769073574489584,9.824923522423768,0.005573963045755687,-0.08223970296551186,0.012119785915232164,13.286153004826437,-24.57435682545667,-50.056943454747575,1
22261.946354396445,0.09005545094514417,0.05109953298792067,9.981024757744912,0.013223733799421966,-0.03501371285672749,-0.020442168059661415,13.484023422923574,-24.39453438451408,-50.05926304326445,1
22402.0014987645,0.059361961197517514,0.08067573075336947,9.897798761987893,0.032461305855648444,-0.04397646915598355,0.012701389054999979,13.447984959561653,-24.130055242551794,-49.16661662096133,1
22541.994422009207,0.11499040929169069,0.09765094619781416,9.900499078539038,0.005791655853901333,0.0031000169608808043,-0.018586555456921235,13.452805336063708,-23.84405737116026,-50.19931426056044,1
22687.984729838387,0.10420541557512011,0.03601331308024667,9.93476888155634,-0.014241988738352356,-0.021580249713378834,-0.06706166623375691,13.666824017423949,-24.454349238528433,-48.980610260566316,1
22830.021704609415,0.15370263236780915,0.08018426748866633,9.958513110659714,0.010866712088625788,-0.013226240591408473,-0.008925143267460248,13.988860452537581,-24.096303634226572,-48.80313622488011,1
22969.04726954269,0.1416371854215632,0.06852852238432311,9.869432285834932,0.02360086331609198,-0.03632226317070452,-0.016512713020635873,12.904029542857364,-25.066151532780268,-48.98721895606503,1
23109.025775427996,0.13619976718946697,0.019368501743287147,9.980606291329817,-0.021089650296330247,-0.024528834099293774,-0.00513338214609336,13.804159543034022,-24.1395650238799,-48.49850726221877,1
23248.993370552686,0.15197222337589555,0.005229007337835679,9.925298481817823,0.007834423642953812,-0.05407100207412432,-0.018011374750504527,13.54089318041878,-24.27509621098126,-48.887568921437186,1
23388.033317372465,0.12720575622175165,-0.03257122257042478,9.944811493483947,0.026201470049100794,-0.044162404938804765,0.03186239049635708,13.586221576997145,-24.097887875955237,-48.73298794106258,1
23528.018191996613,0.1902662314636333,-0.05612928087034976,9.931285896457416,0.024261035560853177,-0.050619068285367795,-0.02517635885018097,13.135122292299712,-24.343760992939657,-48.07304518566606,1
23666.997743143143,0.16273786273649773,0.021239706543393255,9.883995893214237,0.019109528567715736,-0.02488901991742792,0.005260038062859331,12.75533365407259,-24.34684853162223,-48.25151321301433,1
23812.991185774583,0.1571119160455789,0.002213994926747758,9.91160556213923,-0.018789274240384124,-0.04172224454370698,-0.028972991196118982,13.403125205703025,-24.122938940494667,-48.840816574554744,1
23953.015067945464,0.12701491928470635,-0.011852246124211305,9.938468725038048,0.0064313601979432535,-0.07339629949375927,-0.02810274584087304,13.51837005944543,-23.850370908482343,-48.57385162331599,1
24091.966875826107,0.18617128962465762,-0.057355035213566066,9.913389060698682,-0.0006392452726970638,-0.09298847675574445,0.018183858894608423,12.039897369006548,-24.06300649541195,-47.448174774885196,1
24231.97682686269,0.1656826258593782,-0.08252314124357941,9.867996412456042,0.003734739678091612,-0.0374900068019271,-0.044602822594593486,12.107024101030433,-24.233326934906444,-48.47565350473267,1
24372.023596585943,0.2334099576113213,-0.04080264328313061,9.958753366766127,-0.01672102108201506,-0.062128369725130445,-0.0183061744093705,12.482292772934384,-23.704852254823795,-47.13271261392894,1
24510.99404053796,0.2068950649367032,-0.07694571509093455,9.889898494005076,-0.00257315300156037,-0.03221803019861538,-0.036363055527958064,12.622029756518097,-23.824804246058918,-48.44914242930724,1
24650.974277872825,0.23013759196879746,-0.0687095463644427,9.95788125302235,0.010628069741983033,-0.05410298010466916,0.015173935050785034,12.361057963783912,-23.965872205944816,-48.64188317948848,1
24790.970414759697,0.22053718165120023,-0.10213422881138938,9.92146345571771,0.029186716336599375,-0.07476020289833846,-0.019193670717307727,12.401565187556935,-23.50910445703128,-48.503179997656176,1
24929.981109258777,0.21385490875279933,-0.10063091475552763,9.92622284716745,0.02306750991102129,-0.02183721945909429,-0.026514555661361097,11.996379838949059,-23.29959793660645,-47.24094264408157,1
25075.971206827737,0.20339032782093366,-0.13608215816226285,9.933247211031803,0.010322622470945652,-0.05011595798021842,0.004742062117905966,12.440783275950851,-23.69272178744587,-48.07330428821725,1
25214.97600160341,0.23123521888435217,-0.12731470879766438,9.895361291427392,-0.007539731150240005,-0.03608951900885778,-0.010100385874367557,12.357365309002784,-22.682987493793224,-47.49955142801722,1
25354.980906688947,0.17966942621092585,-0.04879029303079799,9.907585186875126,-0.0014488428876808968,0.01986564910760969,-0.0024792129273430203,11.995915952355496,-23.125688608282672,-48.89714930375605,1
25494.9520776732,0.17782600246304983,-0.11547567350403339,9.830496447728674,0.00316247073220712,-0.05080412552370153,0.005375470962604023,12.463114719382933,-23.30121463429557,-49.007287608297545,1
25633.99692697378,0.17435965070739248,-0.1051704511984361,9.957606247486511,0.042616558863331336,-0.05322169163611675,0.02247611321618174,12.875480217240996,-24.154892574744654,-47.78332937262854,1
25773.937245218138,0.24915187687690604,-0.056038192456162504,9.892796236196267,0.01654341247221703,-0.018737990689975892,0.010457619890549077,12.413383781626488,-22.936438284211043,-47.952053628106995,1
25913.973355913353,0.2113174010455974,-0.0340337062353371,9.933267357462269,0.019212747692203918,-0.015907097924677618,-0.033493934019363784,12.30828620102849,-23.5866980184728,-48.67810081045618,1
26053.021985224823,0.20726761070400773,-0.026793516558290237,9.97910219629678,0.025751899168839958,-0.009307130831294344,-0.005456705727237308,12.218715905300135,-23.36895880089033,-48.29555087211934,1
26199.019649527163,0.19303383793110773,-0.06568949758508676,9.974038001431893,0.024171366268322902,-0.0562418996373174,-0.003435340962235807,11.678203734194573,-23.492246988559828,-48.718274898973995,1
26338.021516488592,0.23052727878229465,-0.15985673209114945,9.846506711525455,0.04393533120207842,-0.04909072736757574,-0.00260463187058204,11.938696914265323,-23.691929562559526,-48.37033597928421,1
26477.965219037695,0.24444623517878059,-0.07073724745986013,9.862909898097616,0.0215958706193777,-0.0325393882676312,0.000640575893473599,12.041654474195933,-23.586509805468978,-48.04506705191671,1
26618.05233751716,0.19163562294162262,-0.07839717544266922,9.908364219756264,-0.03637167835899413,-0.03038728275628919,0.00878524400910048,11.757107178716316,-23.92305489870693,-47.86705582240214,1
26756.986903823014,0.21689703054369294,-0.12156152610573474,9.94187781538858,0.003663286817758813,-0.03195479033492636,-0.005344051254463018,12.160808739971417,-23.23498457581466,-47.11657739000145,1
26896.99016063289,0.20706149040720254,-0.11973268787159769,9.927332816474241,-0.02732612937592491,-0.04907655127546588,0.0005058264240920755,12.356699073383789,-24.11144222789165,-47.837402263312036,1
27036.990857671677,0.17773316625033947,-0.0903707685647212,9.949966621959648,-0.0427796129603785,-0.0506395562228873,-0.0408079438846405,12.531982817902792,-23.22470796651392,-46.717199140472644,1
27176.001583059213,0.1742963202541354,-0.11655501905480851,9.9424272451895,-0.01125477072490902,-0.01724306971485833,-0.017523530714612857,12.229925471898353,-22.935241997089285,-47.834087553459476,1
27316.013570306808,0.20458041332429255,-0.14486327387429349,9.924892347238853,0.0018883215559426102,-0.023504021993163232,0.001282836251004392,12.529521503595571,-23.121792156764776,-47.98386913243877,1
27461.026092985412,0.14934734118956222,-0.1358888373448132,9.951416708828535,-0.04448313969941594,-0.07625500260602353,-0.005892483737275455,12.153657886059216,-22.592265914739034,-47.521977299402785,1
27600.973610411893,0.19589464631736708,-0.20102289351689626,9.913593842368387,-0.028839089920583483,-0.03486486904701508,-0.05207560287312247,11.99182978861918,-22.636959403013837,-47.665123685780216,1
27740.951280263766,0.1972875781495863,-0.2204304817325799,9.876916103438099,0.03440016460333186,-0.03412828972497623,0.0035829542453309294,11.873320487796134,-22.721677802749202,-48.24556773112997,1
27879.999256622927,0.2203828442481462,-0.14017310344972267,9.934095760968914,-0.029537470861839714,-0.054403505783739814,-0.03198108122341152,12.158674337006772,-23.123329628686477,-47.97922777396252,1
28059.029588744816,0.18778459457308216,-0.11967196010907655,9.90305218442471,0.07541631269948593,-0.016863615081384526,-0.007370890484116692,11.586527390161825,-23.25863622664528,-47.80492434218637,1
28198.996283819088,0.1633866892288493,-0.12699279370518102,9.94597605271883,-0.02942553615847613,-0.006667150860162954,-0.03505047792255598,11.924351674184944,-23.306004958529776,-48.46626923822156,1
28338.027213042584,0.14446282002117178,-0.197071762276929,9.944040820710235,0.04918377754448191,-0.01628138198472607,-0.01632415075723256,11.904865063090213,-23.21261368197764,-48.126738950320174,1
28484.977021098617,0.18576208798351088,-0.09265202768536474,9.919339682780933,0.025664752188516514,-0.045252118831649105,0.0028936309577096493,12.06006991662963,-23.536114990419062,-47.737066721348484,1
28630.016895729164,0.1906626808933162,-0.15234945905036704,9.888147373572105,0.0014187071564943643,-0.04355745212889913,0.0001215320437986658,10.950379663732356,-23.926746813187634,-47.90214771570903,1
28770.00671111541,0.1966035025468102,-0.21194562228815897,9.895199740475528,0.017507427775709503,-0.02635701874138291,-0.005992942293418708,11.797137655503747,-23.822307856079217,-47.610432768556834,1
28910.0154502661,0.16344554923462082,-0.12711087015003292,10.003629836371585,0.03165201867439983,-0.026282229393857673,0.013117906400457176,11.170877671381449,-23.937699317332616,-48.83508424006979,1
29048.98974865501,0.1470047809670996,-0.16424239833335996,10.000106234500999,0.024925808826316415,-0.05316497880627812,0.019504833069058307,12.548563722389279,-23.59833704568164,-47.96146869395216,1
29188.996810015975,0.1979685715149184,-0.15340826582203979,9.904090299888352,-0.01785518917868761,-0.06603878320703441,0.014930600413266288,11.55509728259202,-23.822212308450915,-47.59769447118063,1
29328.999343021744,0.17176506099762,-0.16484755939394266,9.875546312020852,0.05233954596079671,-0.08776392461667838,0.013680894556153246,11.709695192018545,-23.4943713971595,-48.17324928179879,1
29467.97386972047,0.23833348583211839,-0.13634287832366096,9.925573591783637,0.04737884727568276,-0.034500357672678304,-0.020871083666280023,11.804614180256294,-23.766390848672778,-47.53974951833194,1
29607.970398667567,0.24166245006469123,-0.08565244031026682,9.94201511044241,0.01316420486290553,-0.046778620845492606,0.018534080530501693,11.552279063514726,-23.132417208897166,-48.44926755449755,1
29747.99471741561,0.21108078778032394,-0.19180195224025892,9.868068169968765,0.0016824136239019078,-0.02761723257694362,0.006704252476441868,11.61372968317865,-23.533846234350232,-48.159911952936916,1
29892.997504292445,0.20182516047451676,-0.12829167799941693,9.887095710529778,0.02894475405805894,-0.03011749243974239,0.014907911389822918,14.754806702099627,-23.743333556018346,-48.01002665442199,1
30032.992917949337,0.20552427148571212,-0.1452033889382728,9.971588588284414,-0.01865796782667733,-0.01489997646298009,0.02129571179552401,10.936266297668132,-23.907308347821004,-48.78082154862856,1
30172.020328948816,0.2026450435820184,-0.152245479416001,9.93020655137711,0.047513360336687786,-0.05456932031935465,0.01174299556041689,11.545401952475789,-24.222937224909273,-49.725418557699435,1
30313.00674882626,0.13057009980888531,-0.18867628221372984,9.857316047466327,0.014747037961463644,-0.08091342321410777,-0.04003609354965257,11.702591351537643,-23.742364435123516,-48.586148796325745,1
30454.005332342975,0.15575574114069868,-0.19586803087373378,9.895426684807186,-0.003407011946347656,-0.08385155799823008,-0.029677689390834296,11.253417534122272,-23.449148350401856,-49.585830155601954,1
30593.012058976477,0.16497350779446732,-0.08167922318360354,10.019488548880075,-0.010473177283406396,-0.052091837074370775,-0.01166000296498875,11.80599979255459,-23.418338149688093,-49.247328950425604,1
30733.016875815454,0.17785190600311176,-0.08616861425790688,9.989803033476433,0.012223219548017606,-0.02837942571669389,-0.005940258415230309,12.55192890396646,-23.926148410333155,-49.7872996547647,1
30872.992570642873,0.15758311846265993,-0.18429584371237803,9.932627079046243,-0.019157584594740967,-0.021322238959556317,-0.02058032073230793,11.959810291884557,-23.993413405532458,-49.341395987701965,1
31017.975278946393,0.1663302781600806,-0.06298455534496006,9.978975465632377,0.01596064830216647,-0.017525526705237913,0.0409489932807817,11.7415467240237,-23.88219067328829,-49.692299806259335,1
31157.97730061902,0.16470251374702766,-0.14297511046269207,9.967287345020173,-0.022864436947047838,-0.05703650410955481,-0.04060653241458763,11.32498182415488,-23.577155417759762,-49.56205542958431,1
31296.978689334068,0.17538376284763135,-0.1663502671065215,9.978221969197905,0.0015551418773022045,-0.04069288459992555,0.014544666294568768,11.133783405681784,-22.860849842371874,-49.315888212067314,1
31437.04082539588,0.18180727351689002,-0.12946377781238294,9.968621755956848,-0.01631683581559252,-0.04882968050652598,-0.03355752280338721,11.656877670004928,-23.194219134456137,-49.75380329643552,1
31577.031790732468,0.1772720281986634,-0.15098906411740018,9.915235100250655,0.015231752897923159,-0.02416067255229171,0.004891774054169575,12.421965920134989,-23.639330652423794,-48.90319805242203,1
31716.064106104637,0.2062496210237709,-0.12255813499060218,9.899102503839185,0.032024760289572005,-0.10342628110783976,0.01410730567970807,11.454360916234725,-23.135689668816724,-49.34773883752123,1
31856.007134238997,0.20907073323533362,-0.11744850159308758,9.970821474854002,0.006296598155822734,-0.06142283003545501,0.014690207707253369,11.361532629224037,-23.479776673432927,-50.17539655795457,1
31995.995996517446,0.2225451195283227,-0.17428304518942866,9.956334076588506,0.009148325510549038,-0.05105466890009191,0.016913864523169425,11.405428757035878,-23.768142696327455,-49.438588789390835,1
32135.004017684027,0.17515694294662287,-0.1873258907649347,9.952923463758305,-0.00865741585664484,-0.07474314973401719,0.012206644444965331,11.481928195341318,-22.880770476605893,-48.4201824590631,1
32281.005548660425,0.21462647629973916,-0.18687161342635228,9.895896582288417,0.03295032195528711,-0.014731454716276342,-0.0407643655423941,11.635176567111904,-23.10284075217895,-48.787609638886366,1
32420.012444329554,0.16273803271685852,-0.15379663517510292,9.922571425259997,0.0026099454013370034,-0.049615886390918594,0.017260464965815757,11.124974988433577,-23.500419051711706,-49.00387028525622,1
32559.975632999947,0.13976406373772837,-0.1527154281890441,9.928590079015915,0.042452323681919764,-0.04355312687219511,0.023987924868487474,11.63028383557335,-23.504849178875684,-49.861537847232306,1
32700.003030219796,0.24421420511289987,-0.13260427342632708,9.895027363383715,0.039840200137409895,-0.05043033995111785,0.0070434256893144856,11.959805307049903,-23.72425849259757,-49.789321258714025,1
2785.0149239596794,0.17969789580024162,-0.3075510787923363,9.941707268966589,0.007329478847692941,-0.02600979064965183,-0.022592293560930163,12.230152962688914,-21.38769673058002,-48.427056343144415,1
2922.0382457033925,0.3567261000793106,-0.37064116351770504,9.832324661523382,0.05919804167676997,-0.03137189065096159,-0.11105489492128597,11.742592823709506,-21.55485425439762,-48.9085556014372,1
3060.017628442582,0.15639452020407402,-0.23860907670582956,10.178673794937511,0.0031820448021321135,-0.07716291274187581,-0.012662507261410997,12.62987949937706,-21.532277180715543,-48.715968551190365,1
3197.9723956374123,0.19384635917504575,-0.11365446922641428,10.474076984766407,-0.010680608142543754,0.0960345820677314,-0.01848735763335347,13.082314515050756,-22.15167629070514,-49.45250862003789,1
3334.978240202092,0.08236091620025006,-0.447929350229288,10.052315651535423,-0.01250059121024964,-0.11067542772525972,-0.056318069081074215,12.869966975194886,-21.573768968673825,-48.10884552424611,1
3473.0199573987798,0.23860698285261198,-0.5782575274923287,9.625872541817527,-0.00518755386342755,-0.04067380302626273,-0.0792759918140944,12.430258462843284,-21.78779241863762,-48.93094033222996,1
3611.043333855617,-0.08000231984579317,-0.5265856853447977,9.781336780052888,-0.013741772327561979,-0.0802263995227566,-0.004551101614613,12.727711061052428,-21.564062003577007,-50.10952696249006,1
3748.9935987739723,0.2872420583228247,-0.28136246187223907,10.495281163219358,-0.031470316546625555,-0.07564146647654872,0.004340185541945162,12.155816790230645,-21.455500767972513,-49.817358416628274,1
3892.9675406259507,0.04842640644573246,-0.5061101965260254,9.65665911986985,0.032069651899708895,-0.06779209105538159,-0.004155522686941533,11.786061013217799,-20.669356859540123,-50.72939091200013,1
4030.981098419278,0.3698008602577918,-0.48195742674979625,9.866413353893623,0.12178638085549652,-0.10035229561098831,0.00459321786792459,11.739778060359852,-22.183491972905383,-49.203159378258896,1
4167.962020475891,0.38503988633112407,-0.10507759958990026,9.298370796916883,0.01746096746633352,0.036247000342734904,0.06289895076330455,12.547526089590875,-22.297336538657575,-48.89315821899361,1
4304.983552837644,0.3216761280541922,-0.3020163937466138,9.85480667229192,0.06165402991513988,-0.11495366920886278,0.04034624145708968,12.239709687509492,-21.589365075136406,-49.677148461651534,1
4442.0002801479395,0.21984631667709198,-0.36014895244980244,10.080249013646805,-0.04094450742698843,-0.02484133598317687,0.012290313753535686,11.600293940139355,-21.81289370742239,-48.63794305648618,1
4579.001546630165,0.22488629532494067,-0.4148396144837723,9.888855328953431,-0.09810730825074442,-0.06577373378821837,0.015498667607508353,11.881926452988635,-21.722628631865316,-49.64017415275872,1
4714.0125314261395,0.24583033258135759,-0.5036071949151971,9.97638502316239,0.10794546272349727,0.03359736248702483,-0.04864611965175103,11.672574627713166,-21.483849921042907,-49.23236450505448,1
4849.988014778663,0.10572543919861932,-0.43322333479955166,9.89839190566035,0.05476715048468595,-0.014059724719480853,0.017694273918015348,12.961210047967842,-21.21523160590768,-49.5825019784008,1
4985.997777691539,0.10604338795458032,-0.540536136886492,9.737339973649442,0.07589109185955575,-0.040670699168892224,-0.008715788980107107,13.314853581346764,-21.44235992091364,-49.90165766479601,1
5125.98840051198,-0.0353253553422868,-0.3022633027690684,10.145011151781894,0.09647559600655499,0.01830262004492095,0.0007976994717555746,12.789267331698584,-22.713279854032393,-49.702731780668195,1
5261.993226722166,0.06111257457518745,-0.11578490570317304,9.842052067186442,0.10758915535002052,-0.045758773767870985,0.04655462512276015,12.31287712260504,-22.99700669567044,-49.3824215082612,1
5397.951016413527,0.025178363112447293,-0.23049270701572244,9.771825856692637,0.016303928662982945,-0.04352801962533675,0.04856417546462869,13.487366236044261,-22.93617687637348,-48.765948061764384,1
5533.979992950015,-0.03664506824244614,-0.24856661272749814,9.751426828234345,-0.06484533116855078,-0.12432775837618486,0.000749346078175433,12.742953440348396,-23.007808134999756,-49.239052672727276,1
5669.020665105948,-0.05151884791289302,-0.3590727053313377,9.752880355403446,-0.14094677653678558,-0.018582478689969803,0.048199334777157425,12.875339211364977,-22.02148486998515,-49.63648449375346,1
5804.954969384856,-0.0018565394008352733,-0.4072567652359263,9.879807183535434,0.07200947742186838,-0.058097817708440844,-0.0031822529746667444,13.610643035742127,-22.597700899881005,-49.97403598429143,1
5940.997641222952,0.1331434660177342,-0.3983090273067917,9.81043798167034,-0.08894770141994397,-0.12288497477834687,-0.030830615882205613,13.205730781544162,-21.797441581859864,-49.750412245178495,1
6077.022547085092,0.0694373839476983,-0.4058927170823194,9.895791596895101,-0.002611865519325377,-0.0323690824524978,0.0158813256903969,13.283659271601952,-22.437233245344437,-49.01474126654407,1
6218.007434838117,0.05130236894584113,-0.43176002968383925,9.930116733300604,-0.04297145495814952,-0.042275947782935405,0.015062405811352465,12.28498445576735,-22.338001645047505,-48.52463175871376,1
6354.007367714998,0.036477564378243635,-0.42958269640157504,9.97245462276249,-0.004245768522672209,-0.029499438471341444,0.023790454815938264,12.40423091153845,-22.36917291535371,-49.30997864607853,1
6489.995452636299,0.05923547141817581,-0.47303944637068857,9.908106249811333,-0.03179547741850605,-0.055569907860859385,-0.025917393046248953,12.437737800497333,-22.10908240721905,-48.96876744016479,1
6625.013300526042,0.06849340069256046,-0.4953122330766311,9.943317795736931,0.012756085947439193,-0.025041079110090656,-0.01004519403043123,12.903834775951987,-22.04827533784158,-48.42287609705727,1
6760.973414775665,0.07688996051896196,-0.46571934620592603,9.812159668556106,-0.005971345443841254,-0.06944785086152554,0.03166980742382441,13.031980842651654,-22.008373693936825,-48.49591569226525,1
6897.007681795955,0.03670001468694925,-0.366300481425543,9.960327304135852,0.013615130948015673,-0.023380978714404463,-0.0232159593474186,13.35074906936914,-22.06186841796234,-49.54195419098913,1
7032.983626801172,-0.02635960649255672,-0.420007804005925,9.819902313695243,0.02098780489564781,-0.07834168276924676,-0.004395904470757977,13.579620876905214,-21.941194494466373,-49.636856119065,1
7167.989783262173,-0.045382920462205115,-0.5520458499528431,9.905628662289782,-0.03452809105107343,-0.06490313385708105,0.00741859957531735,13.344288289232097,-21.93072392013854,-49.90939768706643,1
7303.999130002999,0.015294082697530903,-0.5062684723610981,9.808161339215738,-0.02769701359431054,-0.01502406396109864,0.02858344482992908,13.921505630971904,-22.88816138151537,-50.08577420920716,1
7444.948494234809,0.05863915660356835,-0.508894711106108,9.860977953046365,0.10081565421436256,-0.10854035668456051,-0.018857358376674082,13.425981736301438,-21.830153827975476,-48.88599566344586,1
7581.030461560636,0.015875104454139154,-0.4514078656031165,9.836815095603871,0.032289584932369844,-0.042022519349781275,0.020207097769904585,13.149101002292431,-22.435211437668713,-50.00903958078063,1
7715.941001395954,-0.0932081938330881,-0.4687208814568244,9.957681833520038,0.0030601771860344308,-0.0039021217783253856,-0.021369600371522825,13.851098152952263,-22.25394259481289,-50.31147487747118,1
7851.9921161451875,-0.15189666450699993,-0.49872061424669106,9.806348472347581,0.09285146257384562,-0.03464823783812187,-0.027613299888336055,13.753366761204916,-22.66644493508341,-49.88975425058896,1
7988.019411641114,0.028706601609777588,-0.31873701113738034,9.978343250887503,-0.08886930085734183,-0.044377794213949544,-0.04665045760418361,13.819199071040696,-22.195155958713116,-49.61051593887633,1
8124.021732204937,-0.04527657312154551,-0.3691461750480437,9.870728787502657,0.043457030969962514,-0.06625216792111892,-0.01797624337769229,13.308378826028765,-22.191236590690156,-48.800321114790584,1
8259.004610241427,0.007350496249212151,-0.40333728280303,9.91176992116531,-0.038746184750433114,-0.03939066085509773,0.016073461890911342,13.753087740704222,-22.37637097727363,-50.315715468492925,1
8394.997335447457,0.0006598053443786098,-0.4721729848274517,9.818379877072873,-0.016113852138556914,-0.022066863323512497,-0.06287890478936467,13.720682493998359,-22.440909300800563,-50.23005638378128,1
8530.999818776203,0.020647068094095805,-0.4274049935030851,9.842152098990693,0.020114400409594654,-0.02004389077540191,-0.008398715313127974,13.716803524405874,-22.996959932170196,-50.49112436258731,1
8670.963848344774,-0.025835395486718465,-0.4355163747231677,9.89203567115301,0.028316328117719662,-0.008627606648347273,-0.00555799529227239,13.009150709056085,-22.10349614901068,-50.129242625619085,1
8806.986948376118,-0.022718177952053487,-0.44163485489039656,9.951169685078398,0.007251028159131926,-0.0703090227211489,-0.018399402515358376,13.635445416531061,-22.580962712430892,-49.75321151250002,1
8943.023387697049,0.04881649942410298,-0.4894537897814269,9.929521988697784,0.022908206371868713,-0.03646513853419263,-0.03261053951846588,12.385372470819544,-21.847195524984127,-50.22337594195857,1
9078.977066970168,0.020037211422224144,-0.42628795214782217,9.904157515265117,0.02932039374552817,-0.060898100928405904,-0.01739257939837126,12.792689352410601,-22.108230709341345,-49.224402396904274,1
9213.999350061502,0.06751410845660755,-0.45406063457990736,9.835952550630026,0.014395237282913342,-0.03600974662037759,-0.011996871384169007,12.233664669502732,-21.750253243037626,-49.55667565683033,1
9349.96650022637,0.09355501681041006,-0.4158051786018356,10.01095543765823,-0.032080963985427556,-0.02810286430058612,-0.018152553066092654,12.774024178402643,-21.763079257485114,-48.681810425308115,1
9486.026806347021,0.07162428089787959,-0.5318406032982671,9.827440718282057,-0.021021163343433735,-0.084410444257861,-0.005498496765814905,12.776314858387986,-21.249494952639576,-49.844834586225055,1
9621.985610838488,0.05217519718955441,-0.5023376647432103,9.96470243268786,-0.02518664809570196,-0.027984370632913536,0.006969550680756207,12.860089252537819,-21.299556790613675,-48.49956434697908,1
9762.021041427313,0.02008517778327999,-0.6828049213837638,9.72519590457943,-0.04817825491140562,-0.05648805204445643,0.02600260292594344,13.242187781165859,-21.23639641239093,-49.159136220274725,1
9898.010455282836,-0.07025271343320298,-0.5900202178315751,10.001770750853126,-0.05219331659617696,0.027975631776320103,0.03977958623782044,13.271347413405152,-20.936860935378075,-49.60007800956509,1
10034.008956233667,-0.02478844884674882,-0.7226252184855947,9.817316011859546,-0.040958210948892765,-0.06586088566107483,-0.033336162695854384,13.239934224359363,-20.47853161476863,-48.96062882858319,1
10169.001951112508,-0.0444527402520213,-0.6534139722442325,10.006258559967423,0.06784703147531547,-0.019169119874999422,-0.027704443633921973,13.04896023022572,-21.095069594483075,-49.74941272769893,1
10304.975151496861,-0.15560950611783064,-0.6711143235008034,9.86666707371104,0.011329040756268786,-0.05921225773570259,-0.03971659255955073,13.499436525542178,-20.62994686159776,-49.159625191580666,1
10441.004324454569,-0.0433672691148061,-0.6996833836587736,9.925238477518386,0.0029619149966445013,-0.019582247554926897,-0.0360628323910397,13.571281193177676,-20.05579333379896,-48.35191393332412,1
10576.992147113362,-0.057800116382537105,-0.6772177020370147,9.95160483991113,-0.026202699028297867,-0.0574174971438588,-0.03359736087385921,13.128852404237824,-19.9110346895338,-49.06870103215666,1
10712.005254911839,-0.11867251527181376,-0.7424851865680923,9.841298865483624,0.040909429685206576,-0.04306040186248219,0.005855691589964834,12.95480256229286,-20.809543761870255,-49.20082347215568,1
10848.011392522581,-0.06460562451831163,-0.6780059846963375,9.996900886901784,0.056012640934348615,-0.04905530130472329,0.02212555460503929,13.922995659126522,-20.842532659439744,-49.19391885290446,1
10989.008693856393,-0.10140286316549844,-0.6996800151364229,9.892653179799947,0.01442332408888221,-0.07546599351877833,0.0029870449012735726,12.993278673293258,-21.25661307767775,-48.42599287120665,1
11125.022306297176,-0.03244128693307427,-0.6143150620953509,9.894219139965143,0.00018334997238398417,-0.06642384605040644,-0.0173803425768371,13.727586293551491,-21.19671746779283,-48.44387722244078,1
11259.96438187396,-0.04827044793036668,-0.603832043980282,9.93654580418435,0.020184375801612715,-0.03374164039560663,0.000370889654917299,13.421895402535547,-20.818327478023168,-49.44294210160653,1
11395.96690271554,-0.03740987570244733,-0.6405390052050615,9.890962919973628,0.06774943099241634,-0.07735581483899669,-0.019446051839787815,13.438249895093053,-20.690816144034688,-49.13759561475861,1
11532.001553630815,-0.07338127982362606,-0.5169897428893027,9.947167605130966,0.03492674615638403,0.00017419172415564677,0.006348452606094158,13.6057017702893,-21.65237020560678,-48.93812179617757,1
11666.996589504437,0.009039783563105702,-0.5494737175412546,9.890666967975076,0.04997728458451682,-0.0426825982402708,0.020827120346374923,13.436622065587056,-21.362698208227794,-49.34625827820752,1
2663.9952435401583,-9.71695467690591,1.736750450061009,-0.5496855402083438,0.02495954941881176,-0.08265150347261951,-0.05274482434474283,45.630827387598764,-22.85531870406936,22.731085948182294,2
2800.0038894397326,-9.662502402694571,1.6505430075666991,-0.4878747092625632,-0.024954254935708048,-0.06814955890254656,0.05898525187553285,46.43108695601778,-22.691547052768044,22.99813830290475,2
2936.957620496437,-9.557639422504842,1.6488443001363038,-0.6041978833260485,0.03477393623486807,-0.015940890927481972,0.06729596454529846,45.50979560416247,-22.894939217737114,22.48179514656434,2
3074.0122894783194,-9.606296727927386,1.4758408504770995,-0.3258855506434841,-0.062323418895105245,-0.024906835987925053,-0.0686200808277023,46.09959737762948,-23.041633285364437,21.611197654769807,2
3209.9754764903932,-9.687515507435485,1.8877994719958395,-0.12755636555615008,0.027586030707654734,-0.049146896108606695,-0.03671332022400066,45.92645684771003,-23.260016847485705,22.19508005403502,2
3347.013201402922,-9.693025818970634,1.7009308750309384,-0.38654725787530253,0.04089849039384025,-0.078902882634604,0.03825706428550265,46.42691201026445,-23.344427992473623,21.566975417052838,2
3484.0037006827592,-9.564955250969692,1.829042551667758,-0.5019111779545176,0.05824894785091526,-0.0229648744296538,-0.02793393798483461,46.12504722960906,-23.097768475329698,22.024546768277112,2
3621.0257534670322,-9.727230289864632,1.7330611782134755,-0.19965924646846292,0.03918744070179587,-0.0507236195030347,-0.008655955387354692,46.39840597354001,-23.47934139858054,22.07624218904404,2
3764.0148218846716,-9.7042817404824,1.5056285104881413,-0.335201666485633,-0.022093881896874633,-0.08516431678184694,0.0010892651577720546,45.65305389078064,-23.02630834029266,22.59873363082658,2
3900.96255046929,-9.548524046928167,1.6050431782593662,-0.6443402789414949,0.004048331207672661,-0.08442378483560511,-0.0035099607715801447,45.74748226408833,-23.370493444575672,22.96293886124229,2
4038.0326459899566,-9.822941389018823,1.4155355146483952,-0.23227432429103873,0.05831225583188809,0.0350517236682552,0.0062872778241456605,45.71037159800662,-23.878018709817706,21.88535177861817,2
4173.991711084327,-9.621131030930732,1.8407476424154199,-0.2721526770240391,0.0327061059144776,-0.023458398550026408,0.04734750253387111,45.82737843402675,-23.7500583666441,22.436303369647213,2
4310.968534314174,-9.61149964218327,1.629460267485722,-0.27843588566438904,-0.011339420137953882,-0.05986232407338938,-0.008604346464767973,45.66294906947248,-23.575423709729336,22.270104447222135,2
4448.024156704991,-9.69474693668281,1.4849110574215978,-0.5774755681266646,0.018404384779306282,-0.0352153285331802,0.01285465765799567,46.02686866245877,-23.59070054198012,21.961304112709463,2
4582.969958885356,-9.77615849690267,1.4919850286979668,-0.49186089818509326,0.05456988657806423,-0.0015413218922543676,-0.054249258626792356,45.76574429719737,-23.99377436286072,21.160547547329507,2
4719.01362008659,-9.59642004173221,1.9078526492291306,-0.42871858390196427,-0.02182436447094478,-0.08481229956016238,-0.05558016577400472,46.14822538115632,-23.16782279539184,21.44613935116124,2
4854.976220356298,-9.578744052249826,1.7506846584822187,-0.18288339942723134,0.049227045398943244,-0.04907179551795968,-0.015533512162304055,45.25580018439184,-23.818343632460948,21.433059598970633,2
4997.008655913568,-9.643473615116987,1.6525564405738125,-0.34858316191549366,0.023480067262582907,-0.08617449270834499,0.046688541213437476,45.6492939446728,-24.024965120783197,21.655379650118014,2
5133.014823264382,-9.654585830884926,1.5964208153929835,-0.35129674480213824,0.013280022126314345,-0.06209706315679137,0.03641982791944388,45.48593381628863,-23.326683056606356,21.55905569086065,2
5269.008289657416,-9.645388289844814,1.729197867025106,-0.442205954482075,-0.008892031238305224,-0.04707477044373006,0.051095758554560375,45.183357210685955,-22.91684444451696,21.334458410710376,2
5405.016162700931,-9.62705993687443,1.7713514477449164,-0.42540456017858225,-0.01480189909695734,-0.00896580555482397,0.025059525851402743,45.386494725173314,-22.862292909638345,22.63988594760769,2
5540.994169016267,-9.572948053044882,1.6885952337127206,-0.1476669838466604,0.0024279439638091077,-0.016216390086569006,-0.05080318124830002,45.37782615621245,-24.047813247999635,21.8688815287407,2
5676.014341746199,-9.650406874088397,1.7863343880757407,-0.31164619695691803,0.012033346196905704,-0.04971341712066319,-0.015089717710869567,45.476869169765436,-23.15924882938245,22.65996260197144,2
5811.973427835799,-9.666661025173347,1.7531733327736554,-0.3014443044619914,0.04678921295613877,-0.057735076338250035,0.03921141804529913,45.96613836412809,-23.746384289109308,22.367167616405048,2
5947.985328986405,-9.604772657654511,1.5816508835239227,-0.30751585473704934,0.01971388871066708,-0.021954028310386748,0.002507148495495082,45.00285894767659,-23.417565188533402,21.633060393618894,2
6083.013373771,-9.704216205519511,1.7398081644717054,-0.47383098041626476,0.011359736221239786,-0.032346587243449534,0.010770157256235358,45.586349432470016,-23.49432262909891,20.61667175736344,2
6225.016589287472,-9.518197089215718,1.9763110494790068,-0.5477518587078989,-0.00446177115762457,-0.020035084712703412,0.01194136542216544,45.54596609751767,-23.144037740218838,22.675970116290003,2
6361.006708094621,-9.652134484743996,1.594145003000626,-0.44153237424158365,0.011241283126330274,-0.02605862354671913,-0.0010110203332229528,45.024142410860385,-23.61513071769791,21.065569045257877,2
6497.004318387082,-9.622571951776981,1.8369364059571167,-0.38755169880216683,0.02444238974580729,-0.0328833357318129,0.017919842216261167,45.19284710985173,-23.831971936003534,21.959913371243932,2
6631.980815347985,-9.628835252599638,1.8578575470322607,-0.41085182677438514,-0.01706660798976962,-0.05533338467970069,-0.022863748541456747,45.47092538430058,-23.70796141630558,21.519931443921653,2
6768.010782543166,-9.66707987331433,1.6867491169177753,-0.4480483376477539,0.025215413815749654,-0.031569976768072806,-0.0040347082322746575,45.53295588207671,-23.38659252473675,22.35756967739209,2
6904.015330283215,-9.73809557707386,1.582739605561715,-0.3873950431694228,0.031872559499782745,-0.03816709107756374,0.009080974454731263,46.045327779724744,-23.18634753273406,22.90211699625808,2
7039.969689226009,-9.623160391773228,1.6064804693266812,-0.4441578084318859,0.053442378488786156,-0.09165935066600449,0.04962440370786203,45.68994794189059,-23.501585423809917,21.886555040264607,2
7175.034214451256,-9.655267710143276,1.6425440497472092,-0.5413098379910898,0.009363631778089479,-0.08084792025876648,0.009703335746442013,44.91654906501894,-24.26590364456112,21.659435604697507,2
7315.998025157035,-9.615278195692467,1.7292869504020387,-0.045323885851342324,0.006854329693644921,-0.017584643472279463,0.003872792783918509,46.119327535773905,-24.2215472822035,21.725970633200767,2
7451.9994172732295,-9.662566630459487,1.4144603460623644,-0.2395667036588679,0.026913578995819115,-0.07657272623408615,0.013638313008579659,45.97207517487248,-23.45612177916116,20.687203981896765,2
7587.037132904783,-9.653871243152953,1.7177246213336628,-0.7871878124984013,0.006540116307802343,0.0038978117368679024,-0.01748644580488295,46.6822110418833,-23.212285805756178,21.329500303078866,2
7722.972753348479,-9.633606564179704,1.849848131249682,-0.14414277543663903,0.06312526698142518,-0.02190475018631719,-0.014523087412965128,46.23406660874762,-23.646136334265908,21.435343736516728,2
7859.014560643216,-9.640606724273733,1.5950992871382623,-0.14530991829643855,0.0026894057298349257,-0.011758907245532958,-0.007964452526410764,45.97389757537306,-23.632765805438993,21.326986803214414,2
7994.983412601759,-9.708264052150891,1.7960398031853344,-0.6786406501377777,-0.037040623701355746,-0.030013571779722702,-0.017414725011302836,46.08714533624837,-23.576464468233034,20.96363971628158,2
8129.977950414141,-9.691389025506666,1.6059573136805245,-0.22162614563145544,0.015941108952325984,-0.004508871928026026,0.02866085915449445,45.69914329020925,-23.05033929655651,22.388903892565583,2
8265.949213473694,-9.558808978260679,1.8612624077748425,-0.14920125812223356,-0.041986116634479195,-0.05203375063516774,-0.047286392453397816,46.374817691097036,-22.904114540058043,21.5896126577283,2
8401.952288822056,-9.635631967627432,1.6737776320319422,-0.2705327598592922,0.012030951678125044,-0.03348735961153487,-0.0022680884351307176,46.081004136336894,-23.445234374749955,21.26562808522877,2
8541.99411657596,-9.61013318490761,1.781106884434113,-0.2642811935112355,0.02191135410467228,-0.06165416390755389,0.0015848607681048176,46.0434379380862,-23.597946096783463,22.22703490593812,2
8679.009256924483,-9.584917044623845,1.7800986115457649,-0.6144237846742066,0.02957653534084219,-0.010925653324447566,-0.009472035323118789,46.030011060864034,-23.41646618173868,21.464603094120758,2
8815.00150271122,-9.713772013113376,1.8239678557328742,-0.0927892939935306,0.007165619986382527,2.3525804367286905e-05,-0.018816441150010615,46.430933205983976,-23.692162497197504,21.44037491751293,2
8951.018805581285,-9.604093655404194,1.9121510781993791,-0.22133492139774627,-0.008560559699898246,-0.08744103411809698,-0.035774100824153984,46.79682408494512,-24.092386164511467,21.436396721155536,2
9086.004580021647,-9.582808402136468,1.9014422776743618,-0.502170516680838,0.011744323980770327,-0.04191888218558756,0.060154018826746466,46.26853161764876,-23.15435120936878,20.60766648339837,2
9222.012972677348,-9.707749795614799,1.4734211638377048,-0.5362782917918426,-0.025771209560071392,-0.025585708004504194,-0.025667487064832507,46.15587271770877,-23.64697613124062,21.685934572674196,2
9358.015215331483,-9.710192340554887,1.8440077032617492,-0.460228148205793,-0.01883908789121795,-0.0321827435928674,0.012103400613573786,46.60629177222178,-23.179092717324384,21.462447858250833,2
9493.98753454339,-9.597393267672684,2.003550850751445,-0.3772418964376067,0.0057079673679019585,-0.04325793335914905,0.021197207684897947,45.94767810991843,-24.02050254504407,21.83441435588196,2
9629.02674707149,-9.602486511003951,1.8967718135395821,-0.2745022609305147,-0.005710854845567372,-0.026431669584757258,0.0413617070941023,46.35843918234338,-23.647241465991495,22.01894313891822,2
9770.020285738552,-9.649694813451442,1.7387943839955968,-0.49088821527724696,0.0007959378495057349,-0.06097227340613948,-0.0025370497649484,45.42862964926352,-23.993981028452836,22.521887003008274,2
9906.036171257558,-9.603493203975278,1.8266069624862742,-0.4614063480869703,0.037044134007411994,-0.015576649426323483,-0.02167736589519345,45.75690612166967,-23.572465151884366,21.956012740262913,2
10040.97142292909,-9.608995381824828,1.8817286333563878,-0.16950799282553533,0.01432600475058707,-0.025260426149717602,0.023148656001467156,46.141691338071844,-23.042353390965516,21.126387294342482,2
10176.988663992022,-9.703570477583124,1.5533833764097231,-0.3711487366281536,-0.0009632108089028966,-0.06948552383967194,-0.013100250551659878,45.816207900531175,-23.171330784761768,22.137365865392276,2
10312.977956461804,-9.625047754941626,1.7344067349979464,-0.48569463412500213,0.00291675617146096,-0.037064799460813876,-0.05323197921332636,45.93381050176478,-23.060793185808343,21.441060766458747,2
10448.993040695605,-9.592121508514419,1.8918550278653858,-0.33117103526202485,-0.0379693099129209,-0.012001775591181782,-0.04542299262464063,46.18554204325575,-23.514592875845544,22.398896876340984,2
10583.96425574284,-9.563919541040683,1.8720742654831053,-0.23298890787470775,-0.038446385906260934,-0.040682648353795745,-0.009997996034921108,46.121938029509074,-23.724437181752513,22.41085890645319,2
10719.994523194711,-9.64934805274228,1.7930442113780385,-0.4067290382097372,0.0020007160339795727,-0.02470734760166607,0.0035816150997899196,45.735111726711814,-23.14704814289064,22.31513980760064,2
10861.003617767234,-9.605602782803889,1.8624485416032595,-0.37806050279696574,0.014193398267635179,-0.055219520418882354,-0.04082796433229797,46.0128252259826,-23.539712860594896,22.225019826738713,2
10997.011341948786,-9.620733057747108,1.8307884663104652,-0.48274375661131985,0.010822277531359075,-0.02254207800566575,0.0027002787806454606,46.578421600153995,-24.037486859404677,22.643770244465713,2
11131.993618957902,-9.628497241400726,2.0351947062887916,-0.5339480998422194,-0.01233017779298168,-0.02137162034983058,-0.04124219801081648,46.43030604369377,-23.748183265236396,21.754952865783803,2
11268.018587342032,-9.7604426607867,1.7752954021500011,-0.22982118470354465,0.014679301086698297,-0.06994276982652842,0.010612891596957039,46.28262406552799,-24.109392232284836,21.85386670896783,2
11403.988533761367,-9.645798449028387,1.573889495142522,-0.4703625372225213,0.001532748644003309,-0.09807437858665796,0.0022358447665025457,46.176643442602504,-24.175505984279823,21.976478987689745,2
11539.985014585141,-9.71129129949791,1.5536185351584872,-0.5959016698721498,0.038715162514437844,-0.0676659038334782,-0.018415669790325554,46.29999663753459,-24.478630201458298,22.20546365414,2
11675.006681932971,-9.74099823510073,1.6324363588485649,-0.26726201190693083,0.024872028962020815,-0.04770602588603064,-0.02470804314057915,46.49738564324077,-24.602224234600975,21.89226465419612,2
11810.982462404265,-9.586627038933026,1.8189814252284062,-0.2738853152219639,0.04066564108972508,-0.05326011528920373,0.004735753136351289,46.241278367761026,-24.1504336052272,22.570826217874806,2
11946.99949246881,-9.651952227339086,1.8271845265992723,-0.4108443294608738,-0.006252198735464304,-0.04613832800927086,-0.0070154650791220885,46.65781983189313,-24.222061233289633,22.61215331347876,2
12087.016147443202,-9.616368190367602,1.83931875733247,-0.4728616501880171,0.013710290597618434,-0.06521667880563645,-0.03949180583413542,46.48930065652396,-24.559763481505403,21.75529069460302,2
12222.985065138302,-9.554953230793561,1.6294493619060877,-0.40929140478109305,0.03865583361454901,-0.07054275538539756,0.012453773001487232,45.87355057984103,-24.01430004605367,21.937899935865225,2
12358.982075284097,-9.720711898166549,1.7654119908308818,-0.3602101926718255,0.05737696509806212,-0.05277141935117728,0.008912395577848236,46.0636917592245,-23.42792889974523,20.741216664288714,2
12494.972129438982,-9.561460986751321,1.8532812002720982,-0.3094833524768947,0.02191744119654451,-0.04523028315748653,-0.005541250235469168,46.49885985990219,-23.74735762329951,22.09249343665751,2
12630.026133781921,-9.600049337627041,1.8386537023759875,-0.2756706922584005,-0.009148760476815818,-0.03148340684210715,-0.040367827800749295,46.66148033444878,-23.21618731271476,21.87489919372964,2
12766.053514256339,-9.56345508773333,1.9216689961888347,-0.3090436866598485,0.0010298250475839236,-0.058553498337990374,-0.02499866113947721,46.241256787028455,-24.18880878977021,21.58415766309087,2
12901.971691295154,-9.630722552778403,1.7544187658338246,-0.3534923622550466,-0.024728732112531585,-0.02290722836380221,-0.0420536613909975,46.42955159194446,-23.821190835344307,21.290889480144735,2
13037.995105300633,-9.636439641361132,1.8920177128215678,-0.4249961821047132,-0.0027934368641139872,-0.0749152741754612,-0.036905256365641306,46.06189317857256,-24.335864027891983,21.481212993582158,2
13172.990869291898,-9.57165714491803,1.7797125369302023,-0.40184264114998075,0.019670675005865366,-0.03636941208330758,0.024490614215929695,46.0132527799218,-23.94457938211046,21.522030386792665,2
13314.983529632742,-9.590318274107613,1.9891951186955525,-0.23782700509150592,0.01844247911565834,-0.0005838013776314243,0.005887305791540866,45.791931969246576,-24.60638747438298,21.165131458434914,2
13451.022298003341,-9.587489813938877,1.5778212120666486,-0.2527043320016723,0.024883823317326095,0.0014022716688687092,-0.024965931033864328,46.4820418334266,-23.59572745086001,21.816772649105992,2
13585.97668522786,-9.6919271849786,1.7478459205673547,-0.34056616076487045,0.007300107350045896,-0.010338700240456786,-0.04336792990358021,45.156680384782156,-23.849329143391586,22.376983383330458,2
13722.030742084591,-9.732509551522824,1.5775113159392462,-0.2275821044851761,0.04127331655276198,-0.016595157287483994,-0.014379565454492366,45.96646428404576,-24.313248012256103,21.895414081887683,2
13857.998800398278,-9.646194674801402,1.680761227686779,-0.44208391424760896,0.002978546160130145,-0.05522044578065666,0.0152263893434267,45.77803833468146,-23.956571289000976,20.970006949875984,2
13993.979579697136,-9.651515218144317,1.6162255453357366,-0.32128628873248916,0.0054649927992114905,-0.02652900010206375,-0.0008874946250558482,46.015452354730314,-24.206689047918356,21.31050918002829,2
14129.042669204397,-9.678731771167053,1.7475400483246752,-0.29829358521831695,-0.025135507712793045,-0.02346831503516057,-0.023551276145151574,45.430621623255384,-23.401738785432173,21.842055032285337,2
14264.971590458907,-9.666983262464374,1.6066102690459803,-0.4631299549252155,-0.004660139448025498,-0.05600737301937307,-0.04973782190834289,46.06295093842752,-24.467355640957933,21.493859093555685,2
14406.006188466232,-9.625045224693647,1.8765443318587096,-0.5630927282366499,-0.003691325953447639,-0.010978482659501798,-0.019690331379964888,45.07776166798494,-24.071964075365493,20.881218486895882,2
14541.002221260125,-9.678673097211057,1.754277504835708,-0.3908248738646659,0.01138953066273501,-0.01780011286182004,-0.0019387038123432451,45.64074426704052,-23.536429122636605,20.23720100541854,2
14676.945083835906,-9.631318562357617,1.7788297043401464,-0.3232973427786255,0.012529684312339388,-0.02886118597979359,0.04106880478872922,45.69616764311578,-24.17284930822398,25.64101785572164,2
14812.98663538937,-9.761675676380685,1.7972340606516495,-0.25093983988196755,0.002272981097670516,-0.07830813229757178,-0.0055612676602321215,45.897554810245936,-25.078884439817955,21.215203474127964,2
14948.967570594026,-9.718124138915028,1.622978111629162,-0.5908392624026998,-0.02032598769893785,-0.10593701020595676,-0.020013739215805338,45.558173978685986,-24.140589722886563,21.220970207377675,2
15083.99247377682,-9.697646544222748,1.6638698410775532,-0.3967308600131819,0.002138482969829909,-0.035306387088744,0.004075445391941428,46.391907972519945,-24.32242979473927,20.784809896287914,2
15220.038619424848,-9.695989319663932,1.6624672384765353,-0.2859921324827733,-0.020347451276470408,-0.03428250539674516,-0.0059303394375901245,45.49480786413127,-23.665454620877732,21.531709846473543,2
15355.980456809633,-9.605537193622606,1.8233409094552149,-0.19486258684624225,-0.0028882099637770925,-0.0249548631314454,-0.03516335003961536,46.24644248684625,-24.096333808130886,22.279522856851138,2
15492.010967375263,-9.720803256511356,1.6834745317060533,-0.235014087040684,0.01992856541206571,-0.05183010695446967,-0.012728641680442982,46.126758569655195,-24.288029272768288,21.258523500042212,2
15632.013451446472,-9.52077050391427,1.9838104033404462,-0.5244303568967921,-0.03551618037343348,-0.01805541672608698,-0.01947135378901197,45.59021543039077,-23.88079115827718,21.654236674441123,2
15767.994887378123,-9.598866120314657,1.9582567407882858,-0.2501682373626268,0.013138765193536774,-0.04316146089380573,0.00042499753338711777,46.017900955611964,-24.44807233098469,21.730691101980337,2
15904.022649700699,-9.65721514609914,1.6477135951498598,-0.39395846899186177,6.469580425449018e-05,-0.04241300044221045,0.001551660556112039,45.867726475178664,-24.304877031997076,22.332738310818993,2
16040.01237548632,-9.625612743383233,1.60588671908296,-0.43182722919803607,-0.03260172842158433,-0.04117883872045266,0.00396599141861195,46.03324224646258,-23.71745395361642,22.45597896493774,2
16175.03474666197,-9.590263265253924,1.8404465593351476,-0.2956291196081732,0.00015243850013687556,-0.06511735897748984,-0.011543701546637803,45.85089058224694,-24.197963983067716,22.53163040476331,2
16311.035995266842,-9.642798016706498,1.7197830563163157,-0.3261983944949989,-0.028661621365315783,-0.02516989933577101,-0.011021934618920573,45.91843467442871,-24.273981579244996,21.54831452687173,2
16446.99985099011,-9.556240291318623,1.937772343608893,-0.5029851230212742,0.020355507777445204,-0.053300839318129435,-0.0205374566147973,45.64764154600614,-24.435360850151202,22.207790120053108,2
16582.990211566517,-9.639185423229558,1.7049745731207393,-0.33252177595364873,-0.02228688764409208,-0.002326791720181891,0.026402894069090944,45.58072046263208,-24.8746342802294,22.008922436514464,2
16722.993482851347,-9.624742553177915,1.7157118242116476,-0.4060267284357879,-0.007678023693393479,0.005009433857366419,0.012294947697768593,45.23069104809857,-24.66856100338438,22.624370999325766,2
16858.974826960486,-9.690902784135552,1.5942339400683148,-0.3561722286541067,0.038686275137989515,-0.057301813043911534,-0.04234553108156869,46.016388124042514,-24.541605558022585,21.880117267589302,2
16995.03303792411,-9.724611523481974,1.6924806827541472,-0.3413165589212594,-0.020932942618149823,-0.06477416546968398,-0.0113479155040896,45.51554813714455,-24.209747884097744,22.24554278317676,2
17136.99044683694,-9.70561280083738,1.9206242019946818,-0.42660515798332077,0.006144611739807779,-0.012676467288283465,0.022389653445245926,45.75328438965484,-24.031971945541272,21.2169588135901,2
17272.998331847015,-9.710458325377026,1.506263001710034,-0.28670579342526636,-0.054250160249961134,-0.06291804481341845,0.007605717074321349,46.55954228850467,-24.016807107975616,22.21773499324864,2
17409.012705153742,-9.623702637401694,1.7738950421719584,-0.6370585197346786,-0.03349194045815048,-0.029636422713586075,-0.0478677996872087,45.24462529205686,-24.78863457305929,22.216844922455486,2
17544.00096920896,-9.635341717648586,1.9787180812884755,-0.4493137488510434,0.02977997688430111,-0.01677452952347613,-0.032440577585553874,46.42139898656713,-24.29581409260712,22.9683276887446,2
17680.00752211117,-9.631492465947415,1.835953642869185,-0.14334022329305354,0.03890711994509771,-0.06640513299814402,0.038948880706671136,45.672584615539236,-24.923471774629938,21.92939340248461,2
17815.959175399978,-9.587227892686748,1.7428594263036665,-0.3504113969197439,-0.013580585025952434,-0.12475926850496155,-0.02539556253957946,45.510099107743365,-24.65544681191821,22.40654605438615,2
17966.996869942468,-9.615682667845379,1.984230628335661,-0.28353980755064817,0.01372784957379975,-0.03349164555368503,-0.02719622751739578,46.09624285451208,-24.47026306251727,22.177061605376927,2
18113.008416421148,-9.610947861513383,1.6446960605743883,-0.3198693382477998,0.04793228944664676,-0.06175494032894865,0.03309916141033446,46.13184718050249,-24.31265051350002,22.1788372401701,2
18249.00274408556,-9.64392053640069,1.9034925197536898,-0.5663789131254187,-0.024134162603538824,-0.03362731688401069,-0.035148699159028136,45.81387097562656,-24.350446649210586,21.99395412474105,2
18384.001697641907,-9.605873249006969,1.7371338728522125,-0.20055072306521432,0.00572464891327779,-0.03942330699070457,0.0002344263881345805,45.81673376380191,-24.789693737066813,21.142077723686842,2
18520.016152394164,-9.749789409966247,1.752470962538718,-0.3625183444006194,-0.0022997723850190417,-0.008837020612680045,-0.015490914307485703,45.637654498471605,-23.939876044058167,21.261865846292547,2
18655.994051200254,-9.641449303587269,1.6965292638594949,-0.47056942212231706,0.024641746516572624,0.00394970196795431,-0.04338295090162897,45.381379461026874,-24.233855003829948,21.050100913896525,2
18790.986030141146,-9.629271482725454,1.9064377418085108,-0.17764349699637713,-0.02175367576001614,-0.01011635614021785,-0.013016007031386103,46.54006255030754,-24.29354470590466,22.06300981328359,2
18926.99525147738,-9.687635130481874,1.675877712796202,-0.5583220045869289,0.01904003619813476,-0.07154187828497693,0.055560409566392396,46.59546559400323,-23.184521957536145,21.267749628338436,2
19068.982725642436,-9.621331464476633,1.7251417073283695,-0.3677665441972636,-0.015849119358839935,-0.026441992728548597,-0.0461936880395069,46.21536314548417,-24.335091426893804,20.889258023498233,2
19204.97787394975,-9.646041144601535,1.7554826514966915,-0.348178702667411,0.01606958593898235,-0.011998598089221673,0.01829135722438744,46.345681529416574,-24.91771389612142,20.268660430203933,2
19340.002000672273,-9.642053465860478,1.771306072194107,-0.4689932205052886,0.0313485017257526,-0.04951650314065212,0.038175022396852915,46.416447491387736,-24.78283651273381,21.570017923034033,2
19475.969348077742,-9.65430113403791,1.6450922939378467,-0.4136017718619706,0.03274741553240497,-0.05411929479613314,0.023809316215135296,45.73696383405747,-24.13622790961881,20.767169674777517,2
19612.020282792906,-9.643111355903118,1.5202184329154707,-0.3177313008967245,0.015578530462395691,-0.03019845047485699,-0.0199786236911307,46.22783655826387,-24.78937524996312,21.054331289202427,2
19747.986574319853,-9.6007168425252,1.8015418900911235,-0.5240836571539816,-0.013176031634156898,-0.003510863006995755,-0.012054486569785692,46.25546016232103,-24.092156188658066,22.17853499256762,2
19883.020594690715,-9.681808863941555,1.8218229449244636,-0.19569478951538524,-0.01339077067033034,-0.05384655821954147,-0.03233812010323342,46.68451306250916,-23.792704400088596,20.580957474842982,2
20019.008844735385,-9.717344060813462,1.688743565204736,-0.2935918920568039,0.03287269461868672,-0.0647800450757538,-0.008555017297340867,46.19601875976889,-24.257120277031742,21.221094656651626,2
20155.00624967128,-9.598872334150249,1.9086365954988804,-0.4296721544439673,0.03861544017959258,-0.09340077562647908,0.011232037815295222,45.82981404661471,-24.40113223740022,21.32554561133966,2
20295.019650745664,-9.650684565990664,1.5669692766436922,-0.08234095619038777,0.023521607987033056,-0.03972835342057043,0.016040882789178517,46.18349222065636,-24.74266794418073,20.807619815080812,2
20431.001301745968,-9.682481486367095,1.570163073962245,-0.5081215555334205,0.04251726827731582,-0.06464098593667682,-0.030759580682977097,46.48662064754472,-24.820761244379245,21.457465535841713,2
20567.015765025655,-9.594276994646485,1.8280206221015345,-0.3659092945167883,-0.027602120978880915,-0.033469399815069724,-0.051541012622077505,46.61830257670691,-24.380488184665854,21.649557062774477,2
20702.98953112934,-9.709558734783478,1.6395029837915729,-0.2261377103529788,0.0005265088008924057,-0.024056572901739657,0.013335922262744826,47.06328541775161,-24.27174612684278,21.02791677085195,2
20837.989554150117,-9.689657308880058,1.5389306717860862,-0.3839474206964497,-0.06670451999067463,-0.07385032871264231,-0.00022905699333648777,47.20863874286983,-24.37317467847609,21.477112663825643,2
20974.031953735313,-9.670533504795129,1.7478156733043422,-0.30245486674293953,0.03028831906071863,-0.00021520309910101295,-0.015340419600059493,46.359863761349,-23.938710622447484,21.85335532043549,2
21109.99608073538,-9.622075343183754,1.8229643421011672,-0.44041822850471846,0.024615862276729693,-0.024969109502005378,0.005848823692804204,46.99996300879438,-24.06961023660577,22.078425089671956,2
21246.004061695796,-9.609063618690758,1.9805492554848274,-0.2712776514843652,-0.017232616939960338,-0.028890106021814705,-0.02524817661123923,46.98533732195099,-24.12310346166306,21.947409038582773,2
21403.012134675697,-9.626144786175374,1.437851346844618,-0.2311960709574859,0.031259435036013326,-0.1134772114596169,0.06874715230346445,47.04879366300143,-24.191998503500866,21.32380079968453,2
21541.989227384653,-9.6607151596322,1.4374332137513206,-0.5953265172404956,0.04431055456759655,-0.04534046643122904,0.007396767878541084,47.25605676397361,-24.90858929139512,20.040993394789567,2
21681.987058272425,-9.602984337436537,1.8485446778736252,-0.31033841097153897,0.05426924395273671,-0.00899785336204595,-0.01767051716332709,46.87265838745195,-23.867752925156594,21.866345286832313,2
21821.942828374482,-9.635835793134842,2.0576736868302716,-0.35843170440660144,-0.04108395321353863,-0.051636663656919574,-0.06777569225527973,45.8274567671468,-24.416655041413247,21.462549925711745,2
21960.97391908285,-9.572395603973762,2.009352723461793,-0.17158994769564948,0.012776826293977958,-0.03960310525072482,0.020219993127534152,46.11429117410919,-23.986034913168456,22.490357464696313,2
22100.97576555082,-9.62528428277121,1.4282323392994285,-0.4876614247895632,0.0021456431952041844,-0.05896775615004063,0.04634909596194896,46.668624658589316,-23.677143996854518,20.95040798903869,2
22240.99144102143,-9.613347574387069,1.6012497086900974,-0.35073382961027294,0.0696331046819843,-0.013940288295474782,-0.05811518023812924,47.17851797644873,-24.21529711194246,21.752591119485796,2
22379.962319565962,-9.655102812361955,1.934095246307746,-0.2544743997173315,-9.999818228892117e-05,-0.04156297396548891,-0.05258056559680003,46.36320824386525,-24.218370417872702,21.835554803406406,2
22519.977241080913,-9.61031473475581,1.691730340159951,-0.2235311894896168,0.01464893332653784,-0.06077282668785054,-0.0021518202824288343,46.616533711345184,-24.51279183251044,21.530461295688173,2
22666.005623720295,-9.66880255857441,1.7798183940315992,-0.480475453567983,0.021362547161662714,-0.06474059616423863,0.04754446668289048,46.57432917188013,-24.61249786130034,20.87512796812417,2
22804.994665673916,-9.5850045800577,1.787818771653671,-0.3528551784888767,-0.002705212871565623,0.010262987236622167,0.013495781165506511,46.90483332809806,-24.23759700675991,21.605188167374592,2
22945.006031825145,-9.613527547832144,1.7450623185762137,-0.259749747509135,-0.03987604021101178,-0.06107926349242407,0.03111196375110734,46.57579444744476,-24.31211521667064,21.453196773129243,2
23083.98989115407,-9.598680270899115,1.832894602667137,-0.28268028856657684,-0.009447863083001263,-0.05699435229378806,-0.02770229706069286,46.62261465650109,-24.257148946011363,21.76117823365845,2
23223.99637853476,-9.61692827283387,1.7769573271339896,-0.3020516616412665,0.023480958221336837,-0.030703922166820254,-0.019290870453267717,46.3174723443385,-23.90065298219517,21.1845996003403,2
23363.985100793994,-9.551257000212102,1.9724408746954079,-0.46930856543967336,0.038497641253713286,-0.01929317709863621,-0.03474700221518702,47.08243081062237,-24.699037624597704,21.5370431797934,2
23502.978228589203,-9.60179267050726,1.7010447961011468,-0.42373881804661684,0.02927302285632244,-0.046965340860638055,0.03965377019782664,46.3554063402493,-24.321987746054855,22.641482717326976,2
23642.992466849057,-9.670434977369842,1.6601206536783395,-0.3250265193273879,-0.027261180236729667,-0.011934479580161708,-0.018760736846177385,46.53538812477346,-24.469646627941984,22.003607496534006,2
23788.032886194105,-9.586969237462428,2.1042025006150458,-0.4080973926195864,0.013794113441132178,-0.035195864903667086,-0.030127292972958238,46.1810984445741,-24.16932456236936,21.808664337272706,2
23927.99304701668,-9.597333387171672,1.961818653790588,-0.2922966752312704,0.030137495078861147,-0.040659053741773234,0.002435211615118887,46.55536247357396,-24.77497974352671,20.376081387331066,2
24067.979843342437,-9.666571271825857,1.707899066195202,-0.47415822998246177,-0.004378756388293293,-0.05110419954843563,0.002740939335456515,46.02032223764382,-24.430010647244544,22.060086082887693,2
24208.02051494343,-9.675183571048983,1.7398764922944332,-0.5878920925944033,0.006019891494135713,-0.050275176078958886,-0.02333596461345646,46.1872744266794,-24.53310836796627,20.81616027289434,2
24347.01250517123,-9.593218101854614,1.8092308066159242,-0.33668243963794464,0.08208602580076628,-0.03720891609008297,-0.008602957033818859,46.35156916649194,-24.58329904260098,21.663963271317172,2
24487.002664767715,-9.614988197862093,1.9688794505287208,-0.2566147783751429,0.026659261521844647,-0.03751690554489085,-0.013951385009254072,45.90391930847996,-24.326747510078484,21.929387987458302,2
24626.006134752013,-9.611006223261443,1.9380113189334405,-0.15183128960355202,0.028374249183644312,-0.02780982691079441,-0.0026644653063416955,45.75848566562472,-24.246604894364825,21.801335315564856,2
24766.014041657603,-9.687556534828172,1.641954132283206,-0.43442215852380445,-0.032666165525475806,-0.11482553324801764,0.0037133898603359528,45.812699132808326,-24.693140173793033,21.702534177968904,2
24905.97808929187,-9.632625846478152,1.780108506610383,-0.4947806342767777,0.060181240136670075,-0.020613524005772207,-0.030413410505429277,46.616472653631526,-24.700389655683445,22.919514090672536,2
25051.042585544234,-9.674524480214382,1.8243181277941145,-0.2106201435236702,-0.027425729543377637,-0.03055000896648469,0.021779031308402842,46.63700892535913,-24.56071502762522,22.657006324311055,2
25191.017495278942,-9.671383757068705,1.7958449497187448,-0.3983482564615269,-0.04417890410302666,-0.01408588363640152,0.03930015271529474,46.124807502298296,-23.93588939409903,21.27199703959428,2
25330.973949046725,-9.566004788084452,1.6559893078946761,-0.34957611856471715,0.022938023045508914,-0.05538951921183474,-0.02646442108962375,46.42188654277637,-24.89369785498861,22.138208566737724,2
25470.004357108846,-9.628343119952891,1.87084664743487,-0.41885476190043736,0.03722494158507749,-0.028920990326969605,0.00955555518876864,45.79439596212091,-24.96199173217496,21.983734310869057,2
25609.996002621083,-9.51534926159829,1.8131548527394694,-0.17422527575198035,-0.011376940032158533,-0.02033519773282676,-0.0030178864035272355,46.46975598739416,-24.43257466215724,21.53618824240378,2
25749.996635524534,-9.67838095853515,1.7002035706251764,-0.23826787861814944,-0.011555243046809816,-0.02836810530228406,-0.019431138189961783,45.96994979237657,-24.764629292201285,21.830096965946723,2
25889.015981299795,-9.606215937128276,1.9997217717558526,-0.4986157502176615,0.022016319807851938,-0.04366927591150886,0.02394883357293564,45.836071457322674,-24.15909927194006,21.83584544253138,2
26029.0156513821,-9.652554015045984,1.8504605235443388,-0.22736244345669154,0.04346186440358597,-0.040849289009719174,0.03166185843781753,46.47516251262835,-24.367330121346754,21.99011043200504,2
26168.031010572406,-9.60574919988538,1.9363136500522045,-0.8140111212971013,0.02449162635325534,-0.06029057305315256,0.013034576378004311,46.00228505757992,-24.510032814379606,21.619106417659136,2
26313.014680568136,-9.559971522709837,1.8312688821462146,-0.3688911421358823,0.017286242219943525,0.0025197632901928614,-0.017997730958604654,45.999862585608575,-24.032632859181533,21.996560860297663,2
26452.97483570331,-9.701273850476335,1.6590115125322606,-0.34321626595967075,0.03073618823310642,-0.02639722896003664,-0.01651508428008658,46.565709556874005,-24.80089619228753,21.113061533693774,2
26592.001729880245,-9.585851105772825,2.025275622317339,-0.30160876412296983,0.06696580676730349,-0.04631425057088684,-0.022282551362771737,46.176547293799146,-24.11864070222584,21.69617492686492,2
26732.00967334144,-9.560653869140559,1.9443615091394488,-0.17187287164392473,-0.004656416244652226,-0.05041011652994156,0.024192966905176336,46.327934212176444,-24.40270753755492,21.45901861182063,2
26872.00106796734,-9.675656674596548,1.7418404918632044,-0.5918431494540426,0.005482761648470478,-0.05542635926108018,-0.0339524933949242,46.36363489356081,-23.93811738958319,20.232529663983232,2
27010.98751895308,-9.578265717998903,1.979151434953265,-0.3311399286477148,-0.03246531161712557,-0.05437994632330963,0.023302281130958856,46.22209258664676,-24.604219907224454,20.786384078410755,2
27150.990198885866,-9.594337280128759,1.7574212792547865,-0.46287396656710034,0.049541248644575625,-0.04104770559196745,-0.014887708619613325,46.97675683973708,-24.072845662690057,21.418680025547605,2
27291.023053264544,-9.60851843056363,1.9753283655603064,-0.3291366353077414,0.02178869062180505,-0.0780738764605754,-0.03251637175295162,46.67619423853755,-24.38241695783041,21.116389021442817,2
27436.011998319762,-9.631031475516346,1.799362831057356,-0.43539841519605066,0.014851236294374025,-0.06467434327390162,-0.00024372593918989976,46.71113959091483,-24.929632381293647,19.73929049564447,2
27575.979663104907,-9.585725152254376,1.9375932460604752,-0.3499775877753905,0.019214417443702354,-0.012679259143709301,-0.016840613082940145,46.42786435701417,-24.60335509865122,20.94876967127289,2
27715.02826794267,-9.63354819679757,1.9082212024714478,-0.2680392949906847,0.019899026252033745,-0.05182104039234107,0.003348438830267036,47.108435536103734,-24.373712805161567,21.439966953201914,2
27854.98672271349,-9.650853076140361,1.761861894074391,-0.5064619755476102,0.003908076783330108,-0.07144216283054586,0.0036381998527333977,46.747166969878876,-24.35362871875559,20.391535428799106,2
27994.978171143845,-9.607029906218562,2.067425314136586,-0.43324697831902725,0.023555554503271736,-0.046620034746482186,0.006683016458985101,46.97275995703366,-24.023224978390058,20.686288357346974,2
28134.02843679862,-9.605812026046893,1.9460764159158586,-0.13871629251909565,-0.04307411394947177,-0.08787984468064965,0.004918112274475955,46.811256115391224,-23.865203356381866,21.52891994163616,2
28274.03163713285,-9.675576085490503,1.6609845894215516,-0.5192149657698123,0.016764762690297377,-0.07168508149650091,-0.018846679384586465,47.29490852493932,-24.319929972770826,21.768895548642853,2
28413.982306190683,-9.578167987506342,1.9995145223003992,-0.5797752761472239,0.07046540228682009,-0.018572283502798756,0.040498079945906415,46.83385756352886,-24.131875914742196,22.079845723587574,2
28553.002621004285,-9.694212049364365,1.9176712381801477,-0.18455419117271368,0.01648718108370074,0.012381192783802798,0.01139638181356405,46.8293599196375,-24.700988402383246,22.55606476383602,2
28698.001522660514,-9.606645734919924,1.947692544698949,-0.3039977371314904,0.02321707570710106,-0.09518882156742028,-0.03238512269244328,46.53694950275751,-24.02584913351177,21.463183058645285,2
28837.006960841933,-9.607406740412829,1.8636673332792713,-0.5440554240420391,0.034842007160874405,-0.015999777648788127,0.0035756002760065427,46.93508781474249,-23.921474118584502,20.749888885476448,2
28976.996606259134,-9.571200796886048,1.799947050926093,-0.3389089782301085,0.015363473242234858,-0.06202494576670614,-0.048318614274977106,45.78671979535828,-23.832348032494615,20.62867594547108,2
29117.005984876425,-9.64407954233563,1.9820571002739416,-0.32661621914198435,0.005896744658792026,-0.027214512372053957,0.005177406720467223,47.0591474851502,-24.08813450067937,19.66749432011878,2
29255.996169984493,-9.671469356060992,1.791066865254292,-0.4038014429084954,0.04940931254899142,-0.055814541968871055,-0.029608133967754628,46.78986528603359,-24.27313965244789,20.233017488418607,2
29395.997745740267,-9.677797505544842,1.742308961889797,-0.48386108829620456,0.017020596405282192,-0.04808745850942153,-0.036094137696176296,46.80067945587985,-23.768534133615407,20.845813221821594,2
29535.98675969686,-9.491866745365057,1.96495311999257,-0.39655202796328054,0.07087226251054463,-0.04057587671960232,0.014605790680052634,46.7726820843688,-23.84686286986986,20.595912571929993,2
29674.96907058657,-9.6133989712895,2.000908714073349,-0.20277517698472328,0.06336940747205135,-0.06225656136997765,-0.030538725617291023,47.09969707318686,-24.109552257867932,20.78554130785061,2
29820.001952256785,-9.65888853950249,1.9121394917546228,-0.4344753602751303,0.007465127337815918,-0.013953237894389361,0.0038411242942910026,46.808661295623104,-24.069617474877315,20.72278099080161,2
29960.008782745288,-9.50847040492126,2.0538078479104716,-0.29939170657364195,0.045618663067890815,-0.07720097388991291,-0.005431753272075376,46.746406175423864,-23.899692302786423,21.472978906632115,2
30099.9973244715,-9.59276226812722,1.985040991237831,-0.32898285105467134,-0.005285222029028289,-0.006861692216831954,0.007188271594781815,46.82125869288575,-23.981964834675942,20.95045459829305,2
30240.031113923782,-9.598937610698163,1.769958256504408,-0.3285800144713001,0.02949960595956419,-0.07299344359405992,-0.01452144645100948,46.83285010726926,-23.69594513457297,21.822079311687,2
30379.007461050474,-9.628051323790478,1.7197225751801135,-0.4771704712153051,0.01833883160478544,-0.02724324593852201,-0.017191070899198947,47.24357437673019,-23.837029575978487,21.39199386900093,2
30519.00123351863,-9.628357392864512,1.6789051772013497,-0.2633786467787641,0.016912594058446324,-0.01924689422461768,-0.04243216691048494,46.699353587205366,-24.19760179842721,21.635130595377944,2
30659.024667629208,-9.585019704380398,1.95402691485353,-0.23713704470173658,0.020096734778126527,-0.05212128750494755,-0.005921243555083071,46.937215170420835,-23.53637169484869,22.027360158454275,2
30797.995378658812,-9.580818715485725,1.7974853509462265,-0.254751948340444,0.013112436060260503,-0.03314539133325241,0.003998661411569422,46.800021637271904,-24.282157246584184,21.237518025810495,2
30937.99789309933,-9.705727141540446,1.7991214633786163,-0.22528598370835273,-0.00908303856202397,-0.06751056786264094,-0.018687099720926904,46.93544560524894,-24.09195961299212,21.41088337846128,2
31082.99349817309,-9.671601221464499,1.7360547276648293,-0.3713764943061685,-0.022539934472485902,-0.10921080374984936,0.016754642837850837,47.13926559316503,-24.65079879385327,21.02496973753767,2
31221.984453893012,-9.545962366173002,2.2450970225565174,-0.4134208582817164,0.0013233423151232785,0.008379484634035634,-0.021955112147763033,47.024082748470796,-24.113522753762417,21.877694351184132,2
31361.98928733521,-9.640952836960492,1.9290861864911026,-0.13714347548955846,-0.061903895576339664,-0.0210986493829163,-0.02454206434221605,47.48726605700294,-23.857901273289624,21.159770617824172,2
31501.00145749696,-9.534422316796082,1.6484952083690505,-0.17076464338570804,0.08967385389263421,-0.032436312381525376,0.016580372642360647,46.78751772434648,-23.52511410740305,21.898758106219546,2
31640.95764348544,-9.725976206967106,1.5935555389782132,-0.16109625040464381,0.027345803615816164,-0.05221984799476744,0.027835069252092757,46.95846378235511,-23.91613051153768,21.894759919832644,2
31781.014881299383,-9.666821366653538,1.8296748513094234,-0.37408520663464345,0.0040523266079276424,-0.05451263091689924,-0.010000168435686168,46.61668315580656,-24.05991116985342,21.9593874451087,2
31919.98827716108,-9.732034269579781,1.4589110273115375,-0.46537718790841565,0.047869540643511545,-0.0544145083743299,0.003515672898781426,46.56200406901978,-23.889782308678047,22.008015483198193,2
32059.96920074046,-9.599979763220587,1.8082766855117982,-0.36575786117186415,-0.020636664319703037,0.006517715343693003,-0.04535611372010903,46.559641037752066,-23.56855759072897,21.651858705459606,2
32204.991468445885,-9.695801079681441,1.6967378399437403,-0.1470821797589419,-0.03480035642005641,-0.043944682331230465,0.022537974205067604,46.73362589317448,-24.216253167142487,21.10643152838015,2
32344.02028397255,-9.607168149542915,1.6254172805836469,-0.4086883077929651,0.04182284097365327,-0.05764797177581021,0.017449960802191335,47.15432385217624,-23.6573832149156,20.599933137263754,2
32484.022894982503,-9.714941970888226,1.69439810355132,-0.2648775163555923,0.04908597606057839,-0.03603431621844046,-0.03218903818497778,46.44459107343396,-23.451541067118452,21.231356100866094,2
32624.00977851051,-9.616820999781833,1.891839288745376,0.059469245515769625,0.023771344150941568,-0.10044492364870618,0.020395286520035215,46.70541267787053,-23.797805060412372,21.262492780439086,2
2663.993908192192,-9.686314705836608,1.698309401025263,-0.5479824677335382,-0.01024680976613055,-0.06443003831503538,-0.018453510568799483,45.61616267193759,-22.827731731559258,22.75666623596877,2
2799.9884193367475,-9.703196830652002,1.6620516422278235,-0.4679594013694933,0.0022219181872602514,-0.044510004501584134,0.03858993859351281,46.45742299273725,-22.66082785468309,22.965706437584345,2
2936.9918856876143,-9.562495123985075,1.6687980725381841,-0.5638547431123013,-0.017457914735853005,-0.04051131490723962,0.04266173121210791,45.52199404033166,-22.899481608720485,22.46148126962136,2
3073.9975211405367,-9.620346896845662,1.4386305518922387,-0.3800318840716992,-0.08225539167940424,-0.05011930808430541,-0.09403461624712406,46.10632894402657,-23.009444622835865,21.604758681442608,2
3209.99096801722,-9.711781675310396,1.9336974862907443,-0.14094999726986168,-0.007131613617529854,-0.02992084853357565,-0.059868922423886715,45.93574380486332,-23.256830699624512,22.159816535548757,2
3347.012978108567,-9.712665150380108,1.6299267186486572,-0.39566029810075615,0.08727148173471942,-0.10798884654927028,-0.013880088265323037,46.44733311845175,-23.356389716393405,21.489906099045676,2
3483.9837510480265,-9.568046834168825,1.7983096186107907,-0.5317969674881641,0.04217147958965609,-0.028073004155821292,-0.047774479900852956,46.10151255387814,-23.124347611086502,21.98567166653534,2
3621.0177561631644,-9.770813654591937,1.7458762936505439,-0.19444231741449475,0.07066642534187377,-0.03639067737260775,-0.05499034812750893,46.44804325528149,-23.486515427630586,22.063407666660204,2
3763.979998854445,-9.70101582519021,1.4919913238353124,-0.319254649996042,0.016332512584860348,-0.06889736463100356,0.06382705579964142,45.617633745529496,-22.987554130869587,22.60380545595689,2
3901.0010447293066,-9.547513230931603,1.615704788164831,-0.6544329926653726,-0.059681544279941885,-0.06733903657125831,-0.025700971740755897,45.778314838239766,-23.396829998269602,22.978242536452033,2
4037.965664495598,-9.82789178815699,1.4054062795100721,-0.25097214405787416,0.014327387359610866,-0.003933020559545768,0.010582636130010429,45.670234297688474,-23.886988777888117,21.852913539345906,2
4174.014359726379,-9.6025009214666,1.8259985997600767,-0.2683103711251762,0.039536180812394274,-0.06380837594212516,0.05054968858481869,45.84641476842233,-23.763903501439934,22.38148205318768,2
4310.984434614223,-9.622773865977138,1.629268278721788,-0.2972615495795159,-0.001985684387648146,-0.05228911719936844,-0.006342085383529937,45.64941640758259,-23.599528663964765,22.26949529910502,2
4448.017507947778,-9.677395684577766,1.4618406312776988,-0.5491502649915951,0.018117161751516408,-0.0492118487134746,0.0341866357998746,46.05767730365264,-23.614701573429766,21.943415926691177,2
4583.013438294719,-9.771044308992789,1.472079898021409,-0.5307903424040714,0.06627915835545448,-0.04663658256424426,-0.02439118973411208,45.76603993973616,-23.983435766486966,21.14922922555803,2
4719.020411961811,-9.626245715449267,1.8901373940255037,-0.35961851278131757,-0.05743579566096556,-0.08146734437556336,-0.031638241892605994,46.15059801413378,-23.21736730359621,21.463003194789035,2
4855.011891083219,-9.625443546600108,1.7707292129601881,-0.15261016717382356,0.023114780960469147,-0.0401041609029464,-0.002202081105018816,45.26549467926728,-23.816781112880758,21.470809967235013,2
4996.969991897274,-9.649045076599965,1.672576219308001,-0.38497919034761113,-0.009361407995189641,-0.01865725952330615,0.026347794404737977,45.68353295801506,-24.00903485915823,21.652677953768368,2
5132.977285940382,-9.673137040803361,1.6120335522598495,-0.3928632916014131,0.03883868555901424,-0.06031425891379436,-0.006979605311590792,45.47096391663128,-23.31731007728023,21.554474290022124,2
5269.004912660251,-9.619788067890898,1.7045709943050589,-0.4720711540034691,0.059267940576921724,-0.08053616649616509,-0.015373837433957534,45.15682963247563,-22.93274343953325,21.300960264212147,2
5405.002402105244,-9.630686559059164,1.75288945963642,-0.386067899915163,-0.02502688204624054,-0.017574133295015972,-0.037360124163131926,45.39322038028138,-22.897967280176164,22.626029631602545,2
5540.977922444648,-9.60987622719116,1.6675513938184945,-0.12801921076928574,0.033000971211951294,-0.016428672268427848,-0.008407032058249218,45.40663110523534,-24.031993650540922,21.893891833834378,2
5676.00227206287,-9.615122293018457,1.7427958433822386,-0.3222839835592311,0.018612226223081747,-0.05829646569069978,0.002294646185225944,45.50944540394259,-23.18023835543147,22.654099068565984,2
5811.990467872375,-9.626435850306603,1.746182446326853,-0.3186963459609598,-0.005081870661449714,-0.06212921028016975,0.05334189283726334,46.01445793043372,-23.77434568115959,22.354615157887956,2
5947.992108310382,-9.577788417320049,1.6009433426241815,-0.3523109881683222,0.041278632578147574,-0.019341702719921812,0.011160323848578681,45.01922687140609,-23.419241780737558,21.62786395630595,2
6082.994352213558,-9.694148182921285,1.7530295752572362,-0.5443152248691232,0.01663205928568134,-0.010383611881961768,0.043910088563141395,45.5760708447957,-23.494930180795365,20.60731639568417,2
6224.979583771369,-9.576485694316204,2.002507314952697,-0.5339699457697541,0.006884670614712283,-0.07743889472109133,-0.010140859411834603,45.58407064194918,-23.17239668985211,22.660615387545224,2
6361.005108298301,-9.654856340656385,1.6366329856117436,-0.45055113682298115,0.01687234161197527,-0.03571260410884505,0.015727005064337156,45.02122582489406,-23.655848456930116,21.057968124705603,2
6497.030655964639,-9.667187513617412,1.8482490237698712,-0.38075542550605246,-0.02184457114201313,0.00587285388904966,0.02632449466148412,45.197107861635054,-23.80731322168815,21.99828642057595,2
6631.977908362274,-9.627160906295629,1.8110194126543466,-0.42257207959451054,0.04388686120351629,-0.02395619702213461,-0.03509587225882158,45.453674636491606,-23.74605687704607,21.490537359733597,2
6767.987815246339,-9.667560508949842,1.697727577648809,-0.4430271710100762,0.008692084894541903,-0.04341498813082244,-0.006455600834543723,45.49331758809815,-23.42573769620994,22.300822055395617,2
6904.012426160937,-9.731076216587523,1.59671236270321,-0.4122692614741479,0.008270525599810343,-0.0428975882195816,0.0019083622150103134,46.02538467239983,-23.148268137566717,22.88400893072766,2
7040.004746044905,-9.634651304198046,1.5969068889909173,-0.46182627242347446,0.01979097865218422,-0.045093940315795215,0.03528082733080592,45.702711877877796,-23.5130984882956,21.91607535341233,2
7174.993926558734,-9.690801517533535,1.6240456684464066,-0.5569395138232878,0.013571331191098273,-0.09057856022325257,0.027827666866639227,44.86305977009774,-24.280128385810507,21.641051466326065,2
7315.971249002308,-9.625374303120257,1.7324333241426555,-0.1033160659839707,0.010562145738707882,-0.056179361382760556,-0.003900536085830182,46.124424076803685,-24.218086970937254,21.718555225177084,2
7452.01423372282,-9.68117411960714,1.409356108554399,-0.2745575985105983,-0.017931590311628425,-0.05546399795237864,0.01596437911705715,45.96163780558093,-23.44090870535589,20.671525897165722,2
7587.010736724334,-9.619433887823455,1.7610182775169374,-0.7815478937406226,-0.0044690870287720855,0.008384505059934313,-0.05028178627321298,46.701347488917065,-23.228731244403438,21.350838574042548,2
7723.0201985327185,-9.592051083619792,1.874341572188898,-0.12832467201734302,0.006534972946801651,-0.01642934194878532,-0.015385252700229179,46.18175349936866,-23.69543642570833,21.408787903286573,2
7858.993949649587,-9.665513908104822,1.5912599427558969,-0.1758582706741739,0.027331046731100397,0.008537415493867296,0.026614033520906563,45.95114434611142,-23.59823154285867,21.32421581658194,2
7994.981355109786,-9.699840170827779,1.802962170274836,-0.6508645050780733,-0.0431316382512277,-0.03683591279761176,0.005298683158300244,46.086171635031775,-23.592890406609644,20.9556427381152,2
8130.026333068836,-9.697298517729491,1.652901097758231,-0.2756092094484953,0.04844896497954766,-0.03708794758877239,0.013038123238584439,45.723937872758846,-23.1030534088584,22.389842378141346,2
8266.02353309647,-9.609780136012928,1.8292445493766443,-0.13958646198423166,-0.05314301866118816,-0.07759791655285037,-0.043268683736382686,46.392358139569296,-22.916638747498844,21.543436027474556,2
8402.028761308833,-9.663709368696788,1.6680797440516795,-0.31640432790808676,2.3182163103558284e-05,-0.05834181054217234,-0.028848250598756734,46.074509063143324,-23.485847095948557,21.275362030078174,2
8541.993203401622,-9.585566358264762,1.749002051728138,-0.22081741546930483,0.0044867288774556365,-0.05432178505699666,0.005817941505516588,45.994549957951065,-23.568924147451774,22.2447593212434,2
8679.010547820182,-9.550543969602677,1.79886700317683,-0.5992750691553734,0.02321291206221134,-0.018957475354493568,-0.02563590802310821,46.01926804982521,-23.417590255612648,21.459679490475118,2
8815.001787573883,-9.73000883149199,1.81039961363265,-0.11926702350371686,0.016556366074970193,0.020232658809805865,0.013458185842963334,46.418622780329095,-23.678900739911633,21.47409479403152,2
8951.009572288474,-9.56339834513292,1.8955472059926919,-0.25215882170808823,-0.0072538818358216205,-0.07366219347960233,0.01317837314775044,46.80908355682597,-24.079269490144885,21.380592050731742,2
9086.02868490452,-9.60571518517138,1.8182534873342726,-0.5017773622496835,-0.0004656523532811968,-0.053071894436700844,-0.0068765771214437735,46.255427873225216,-23.12067107580515,20.62399844719722,2
9222.030077039648,-9.691276414900267,1.5380371248523448,-0.5219434440106541,-0.04117100788509702,0.006991091285317717,0.005129094606428455,46.15019033745428,-23.68983075689692,21.670214149802273,2
9358.067325379556,-9.65159696065138,1.806669145770373,-0.43840534367441353,-0.025589341087045893,-0.030572177764306454,0.015541381619892363,46.590691499126606,-23.169187684892275,21.458405005273114,2
9493.995051906075,-9.596007802648257,2.005380605146724,-0.34155287059007644,0.04552584452052911,-0.07000505356540955,0.019640677522455793,45.931231058113006,-24.03218681726201,21.798726837921073,2
9628.998409809446,-9.616844595199288,1.8976215190135797,-0.2580076119853022,0.032749106532845414,-0.026703964180763234,0.03679108666860731,46.33682849547008,-23.667873382776534,21.983653165665242,2
9769.996870882114,-9.670433358171703,1.7114377611594904,-0.4634822547792352,0.017127687700065668,-0.10134408794032129,0.037842916207344396,45.448099280416464,-24.020900624312446,22.500982172552625,2
9905.990465356324,-9.60759891394396,1.8356042783957467,-0.4459423677276075,0.026354580735475083,-0.031085941132540547,0.013968196641195953,45.71143339302849,-23.526642024119102,21.971816155156926,2
10041.012496530422,-9.637588233923571,1.933471101328879,-0.17864207860050607,0.005244303694585006,-0.06667215217849948,0.002351340142578806,46.15134976888367,-23.067241443832526,21.121513694845458,2
10177.007719833551,-9.719154677087658,1.5245768969347913,-0.3409283925985299,-0.03393648747068305,-0.049375268380669635,-0.006487797865137423,45.82026247263222,-23.164425301625364,22.112914085974857,2
10313.014388431593,-9.61382172782411,1.7579966882810367,-0.4816467626599742,-0.023694737744439,-0.04763446516867242,-0.02881368543959511,45.94138683439364,-23.114162557177306,21.416406471345518,2
10449.008931721324,-9.581317678128295,1.9280563586798112,-0.27961035982753485,0.004313187392642351,-0.0187503961090494,-0.044139602106552996,46.14383632646472,-23.499985534408548,22.43334028193837,2
10583.979445913035,-9.576205157269106,1.8828516566010116,-0.24144680575537072,-0.0308184983554949,-0.053973134655135986,0.01078344483891312,46.09807017584116,-23.722730094175475,22.441374674852025,2
10720.003457784002,-9.661931041028147,1.7715594085515123,-0.4002694296691441,-0.005094093189976649,-0.060686821717531675,0.058678721340013826,45.77037541933173,-23.148404821204444,22.285932181945768,2
10860.997271054246,-9.608931975221543,1.8716725081774697,-0.3633138904524528,0.022983449260380283,-0.04010679198321227,-0.005049157330451305,45.99524025637423,-23.563089006601523,22.2273125003253,2
10997.005645817457,-9.629909982222484,1.7892710954774615,-0.48453886253162337,0.033748439143733176,-0.04976154901894757,0.009949210168990372,46.55406450973126,-24.05728345436419,22.599281605620206,2
11132.022838385401,-9.611098555208626,1.9957789330349007,-0.511180920850188,0.006409467571786465,-0.014742245907924004,-0.014968686844725706,46.45016597902911,-23.751826403037303,21.72445625484881,2
11268.004946326118,-9.75564130453651,1.7588360014033526,-0.21172813486047345,0.005579319490448608,-0.07510514345969263,0.054054083228821666,46.27430884751862,-24.113192197800036,21.84780986612797,2
11404.013673994217,-9.64211317777597,1.5975534567838394,-0.49619764405678773,-0.008133898888348708,-0.08899346605980771,0.03434027388529686,46.19924359663565,-24.107040128204126,21.95178993366143,2
11540.003197706155,-9.689937340477199,1.535665899186486,-0.6090618496067733,0.01133918313735189,-0.03025912143538165,-0.020019832925071104,46.287578643612726,-24.405587839036475,22.212968347420027,2
11675.005389521986,-9.738379006065085,1.6213633073938898,-0.28413929159221674,0.05154698470552284,0.01356913325936402,-0.0009667695658573341,46.50899850617644,-24.6299421961506,21.902179915100817,2
11810.977075987927,-9.598479352058641,1.7832782351394616,-0.297537964893323,0.023977178254396197,-0.07474882225870345,-0.007680141286327744,46.240236728683264,-24.10856891100844,22.58236302412746,2
11947.002164165531,-9.661177128025267,1.8351424577744957,-0.39692649962095805,0.019673829446536714,-0.06533391488182994,-0.0048952280690226415,46.66627827989718,-24.235449225433882,22.566799820244782,2
12086.99910135857,-9.664491372002562,1.8794249652594068,-0.5068557583478034,-0.012746535872831238,-0.06634030313375425,-0.027330270059484695,46.47213143190553,-24.544692369071395,21.7546447977443,2
12223.003048333481,-9.575935008799572,1.597403816304989,-0.3808595350874736,0.0341418594980884,-0.0500556015761032,0.006610316928175866,45.89258800691389,-23.987729526272062,21.945936389874678,2
12358.986245199532,-9.663185649347012,1.7514846172799121,-0.31115450272521455,0.06897899840743094,-0.004408459497344339,0.003620521311544278,46.07178686747759,-23.43007239758861,20.74543538650549,2
12495.009363931442,-9.541817852188274,1.8244217817054595,-0.28527760426734206,0.025495384676956327,-0.06235751762303297,0.006312334073071052,46.47097490707158,-23.736168540981698,22.053766728992606,2
12629.977097869147,-9.551644841729196,1.8478102871038276,-0.2763325279457067,-0.004034231245177818,-0.007965248703733368,-0.025492628482867746,46.62937060811239,-23.246710755095926,21.870615445467507,2
12765.982267940099,-9.575603858705199,1.926223192677325,-0.28451446672261616,-0.013276242746254389,-0.07139413698619751,0.012832864567945667,46.21471390503938,-24.22680117084195,21.57653258554295,2
12902.017556821938,-9.656025302288786,1.7737681351434362,-0.35866839537927914,0.0134993814557004,-0.013038792216935227,-0.017853351368760907,46.432137708640774,-23.79862326778005,21.2753150540529,2
13037.981204536454,-9.617066617586959,1.9006433343725806,-0.44852060899182844,-0.026640947911117156,-0.08779602523421906,-0.030903934491437014,46.08428793900325,-24.31843500759088,21.478107516488077,2
13172.967300588576,-9.575118737652197,1.769592961858255,-0.3782203239033953,0.022827534012759318,-0.06857632233357024,-0.0015681133406108445,45.9629812141849,-23.987731424340634,21.465747071550787,2
13315.01251294582,-9.549599696129794,2.0281217774346505,-0.20006343511749752,-0.01862861368048862,-0.025478983513762467,0.015193651601871057,45.7345788306472,-24.63352570691361,21.157733151581088,2
13451.020097707833,-9.605844532630456,1.5578238234621185,-0.2990919887932471,0.030398761235709577,-0.0646707876173609,0.01300916540266464,46.49902407079504,-23.594058258711417,21.83200517974327,2
13585.99481611799,-9.622801343315526,1.744811033027075,-0.3800331570764879,-0.01029523172983279,-0.008169917328314024,0.01623158668253249,45.12159009885717,-23.799876444709533,22.39929467470312,2
13722.011088832685,-9.667171113814142,1.5936961653964699,-0.2618067800846517,0.03261081885610882,-0.02161268084435294,-0.009469771132510874,45.99576864502779,-24.276866477950335,21.88257964279314,2
13858.02786875338,-9.664198786449644,1.6966795849483307,-0.4153021791823057,0.025793442847233,-0.024375030958467273,-0.01624224057814657,45.787725168508594,-23.951878915906704,20.92435525833887,2
13994.01244294974,-9.675671819372566,1.6124395110219167,-0.3096823066249451,-0.0044859179527924585,0.007395252562517066,0.04110259831087282,45.98880239922187,-24.22574844714773,21.334289698150208,2
14129.023733280168,-9.721464783113417,1.7677418178831725,-0.31327757523131594,-0.006518711358959973,-0.07506064232517795,0.015572733510018802,45.41542666068508,-23.39886905512719,21.86447976912784,2
14264.998485789803,-9.69102495822986,1.6252726627668186,-0.43752562251423843,0.011179681412831087,-0.07941946537433081,0.00029300875607950953,46.08938777817366,-24.435555661381333,21.449608893965014,2
14406.025555025213,-9.624762130832156,1.8662955416034972,-0.5873542370321264,-0.00935090423266487,0.014807700159439802,-0.06693806018415772,45.08347081721021,-24.07162964609881,20.901076404808148,2
14540.993468950033,-9.656131161180577,1.7464154792254836,-0.38331880198015045,-0.029887505716467307,-0.04985525236184701,-0.0012260855485835506,45.66093946385811,-23.515523234982073,20.245405804944923,2
14677.002550680047,-9.594627215830839,1.7694960413825762,-0.29151302708232135,-0.029763191547996448,-0.0104473544888542,-0.0005180464217122637,45.69239246988643,-24.11887437968753,25.648628675704547,2
14813.024084694687,-9.782270031682634,1.7588797387799813,-0.23930071463907218,0.012766251458529014,-0.028454883025971264,-0.024513516355333383,45.86411348502663,-25.092382505850946,21.209868401447444,2
14949.000893846516,-9.71254650412383,1.6216025273734207,-0.649016834511165,0.014021765432770325,-0.07547691392380428,0.005496333729013059,45.57087024610483,-24.16243797287388,21.266547461800346,2
15083.974684713761,-9.672883704249278,1.612577584434248,-0.42547962697824876,0.03251998003760634,-0.06960172064679883,-0.010420099331920913,46.36118826908865,-24.305745469785226,20.76980232167509,2
15220.021601911169,-9.692412230467871,1.7017142933436877,-0.28214633548465556,-0.006563397132340497,-0.020621663989053813,-0.060626458329741534,45.542110918384026,-23.66299021778047,21.534265224234726,2
15356.030030375294,-9.593141763302096,1.8207302239940149,-0.1550005773364655,0.01965751386694294,-0.05314773437681242,0.007194248000424019,46.25270560578593,-24.068952629797916,22.24374996022032,2
15492.018417566023,-9.678661110548719,1.7155490524098036,-0.2570044750223602,0.017501241853229415,-0.09431011941496746,0.0009694532570317121,46.055907778028356,-24.281730212585128,21.288663563848843,2
15631.99390764825,-9.546919461368283,1.9743351937309674,-0.49709660235963743,-0.01739637532392038,-0.07273446335904132,0.012229233301783727,45.61521191363754,-23.918876024325595,21.583842045277105,2
15768.020169083666,-9.611751659796003,1.950017720184775,-0.27409124801787293,0.0069553129151192945,-0.05306488937669325,0.004963586677334677,46.00801070105189,-24.445552015925767,21.76689553727489,2
15904.018678839826,-9.647190040611232,1.6319062553106425,-0.3883630977278147,0.04842317464613575,-0.054580917593581614,0.008019470859797808,45.85484679295631,-24.340722492030373,22.35566140980238,2
16039.976070634626,-9.597785477599693,1.6381082788581478,-0.4628206078783495,0.005288102154316858,-0.07766908304241817,-0.0262973124056379,46.041442527061015,-23.74469444427095,22.46740444139604,2
16174.979904860285,-9.600602650771789,1.8684429714110564,-0.3081433854420372,0.07151939219026227,-0.040787152780578866,-0.027446924929226568,45.81014634345992,-24.206891206915277,22.509216404507985,2
16310.993887904326,-9.604968437545706,1.6731986213954,-0.30902070995032166,-0.0028169628180526158,-0.015833647964952843,-0.03640862512157553,45.88929818093038,-24.248109675907685,21.5008238054164,2
16446.995340644993,-9.589468350446586,1.939091690396743,-0.46392006813083925,0.022015530259895208,-0.06003703754085512,-0.025406114998323993,45.617742611099665,-24.439450282040248,22.2414191059394,2
16582.986624929195,-9.616213276443183,1.68161619067902,-0.347826590258365,0.005011303703362521,-0.03886195702570304,0.016702893106686326,45.62488512917958,-24.867750814404772,22.018273688050698,2
16722.988118225854,-9.632823084146652,1.6854778110780069,-0.4545144373405687,0.021028113866855113,-0.008258043395001132,-0.016746464801629894,45.19880729653846,-24.646295815946676,22.637502402286987,2
16858.995488104618,-9.655183840451594,1.5903197660363904,-0.43493057871530233,0.06777643931819044,-0.08160713350567748,0.027056999395197047,46.00461981278447,-24.56720977210009,21.916171548218582,2
16995.006962040028,-9.705093527058255,1.714137624217347,-0.35223942598483127,-0.020657309514980928,-0.027551038051450177,-0.04035923038921961,45.55645025998621,-24.249783675781725,22.272782684647026,2
17136.988179334025,-9.694092959289264,1.9312594582092477,-0.3748843201563437,-0.002038102078697814,-0.02619291865066844,0.051790800501361256,45.75197230103305,-24.032533800276788,21.19465836508351,2
17272.996185701846,-9.746441884361724,1.4788546180257598,-0.2716657113522746,-0.033742891404926506,-0.09487374062632259,-0.001085422600051691,46.56501377329457,-23.984362710387213,22.227175320881898,2
17409.014122073153,-9.619378759969738,1.803921166632484,-0.6570409065931425,-0.007007783773415704,-0.06462247367325583,-0.05862133427838097,45.250172491295736,-24.82113123929634,22.179700315533466,2
17544.011360152388,-9.597927623133886,1.9558637438312219,-0.38735250713597197,0.026686120837041426,-0.011645106864612186,-0.01996218835887976,46.47632592507651,-24.278906769761175,23.00395817991701,2
17679.970516838886,-9.63061797790733,1.8200501535400786,-0.12106242206312715,0.014779034558580824,-0.056874170932585885,0.041713531879178416,45.680623913094465,-24.914907009036114,21.93219615959927,2
17815.955033626018,-9.586163436756706,1.690749035850381,-0.3225929030431233,0.013594010374735845,-0.08123252854152155,-0.024617163417761195,45.53010174739506,-24.642102223010067,22.42812530528319,2
17967.00485112016,-9.587561053466846,1.982713973456206,-0.2589149414234808,-0.038371893818800955,-0.0018458853996012636,-0.05039201143967673,46.132209735737,-24.44592829995741,22.16445282329991,2
18113.00800197248,-9.645672426798505,1.6577676590737576,-0.31208202094136367,0.04191720903086873,-0.0724488474353365,0.0597454321574157,46.14475136307066,-24.31309595146064,22.164835492284702,2
18248.994013180618,-9.596339547462415,1.859196341236607,-0.560736003530059,-0.004083833911422315,-0.04958513833534037,-0.05454741218304592,45.85951166935278,-24.38870670453312,21.983001614680358,2
18384.054897881968,-9.64439099627389,1.744463583532364,-0.25515945560090997,-0.02129555138315908,-0.03061958576580742,-0.013983715748080331,45.85743029867321,-24.767096950169385,21.16474391297302,2
18519.985996560532,-9.770977754104006,1.735299450515245,-0.33195071288618194,0.034369726616675596,-0.05512417837084453,-0.004917808129884968,45.60025629718957,-23.947489183407246,21.237335183323363,2
18656.003650457096,-9.662975566557828,1.665990638242482,-0.469215881821806,0.01213783836068036,-0.029640957512727998,-0.06062701891002667,45.36313863829665,-24.19538518518825,21.0641339746354,2
18791.021480607153,-9.656422681160826,1.891417869355559,-0.18667410779893154,-0.024994257444426085,-0.032072033352372464,-0.001665259741295279,46.57434871761362,-24.339915670033417,22.08932418456765,2
18927.012253429053,-9.695507847135927,1.659449413178028,-0.5205200100647046,-0.008993443738247993,-0.03231762038166512,0.0544979324340032,46.6103381787846,-23.195863855153885,21.325852560674242,2
19068.99289821581,-9.65675526407034,1.7112843036064234,-0.3335011213262263,0.03773502440121936,-0.031975192608967515,0.027569164010320002,46.23507499836412,-24.32154103809322,20.900026640818105,2
19205.0050233222,-9.625934963749456,1.7604942065938927,-0.3415932932547195,-0.01596298044996816,-0.05919516673507815,-0.03079872714161334,46.327827001219376,-24.916062096193343,20.27391502402385,2
19340.03379063584,-9.619682877802967,1.776864261892105,-0.5062810085044906,0.0019809884921454107,-0.05439183162570645,-0.005521233992341584,46.41621609634357,-24.822989412190605,21.58576365810264,2
19475.985183518176,-9.65204358817564,1.6078677797560639,-0.3624301991295065,-0.011736583596535776,-0.04405295278934417,0.0022959493941483323,45.69965189989008,-24.132448543219326,20.73634403055139,2
19611.974349685304,-9.670052836127699,1.5294797337130799,-0.3374197395172818,-0.004583100890379504,-0.032296759166767025,-0.01840231326730584,46.20508511411276,-24.824135350585316,21.07609925093362,2
19748.001007328803,-9.651487478180128,1.78319381220421,-0.5512412955956435,0.0015152753551823373,-0.015720767717205056,-0.02270182385331795,46.25616337664822,-24.02616709661426,22.213751539289586,2
19882.967110887665,-9.662600817881692,1.8493310343616707,-0.1855979119746682,0.023108005294863433,0.004351670356153096,-0.0312621432040074,46.659416390341576,-23.84713391223059,20.604952986722463,2
20018.976618422603,-9.682297163827007,1.7040074119900634,-0.2578424396983959,0.044411945305464266,-0.10332109486399733,0.0042532374130861,46.18386791443735,-24.255962166364004,21.212693700978278,2
20154.96082883609,-9.565779773656327,1.8881922659820278,-0.45231132586894,0.028198548533957226,-0.040187075571043965,-0.012024059133400374,45.88257242118725,-24.38803762381259,21.30185455617798,2
20295.002088353023,-9.690993554079965,1.535712655137853,-0.08966781475906532,0.010893570728029538,-0.0632511331044993,0.010477585811377239,46.17726738553732,-24.69771551219747,20.816154537665003,2
20430.992576449607,-9.692882480584421,1.5850676961396837,-0.4625179403708594,0.027019659905653647,-0.07060625382540456,0.023341041818566593,46.5009687726602,-24.827021503156853,21.43820760675302,2
20566.981004954458,-9.60959577732907,1.8791537114346868,-0.359938534409496,0.05548633814120709,-0.004565656745850545,-0.029788859444103557,46.56027397134292,-24.3831949764309,21.643746748417477,2
20702.99583061744,-9.714531568811964,1.6505543536517258,-0.2017395883336616,0.0012286477341120095,-0.05386892198517049,-0.005685523844831053,47.11254628636331,-24.301133492773797,21.05460395946994,2
20837.989728081073,-9.655667452236756,1.5448771719595205,-0.3756874938626213,-0.0017851058720094585,-0.07895820425985166,-0.0098870123382892,47.21128124353062,-24.357050961021486,21.44422531172062,2
20974.01239237106,-9.622729192759149,1.7281978689572157,-0.295381894820302,0.0434359170183787,-0.05396104475012351,0.010488598206625807,46.34629982313075,-23.943162361447015,21.813637426858264,2
21109.988888791642,-9.584357935456262,1.804680414346919,-0.4229976145192173,0.007976976363154536,-0.042230971449358334,-0.008327706688040795,46.974398376570186,-24.10923120489695,22.096899554861654,2
21246.002441744356,-9.590748360789247,1.9812175638834133,-0.26528675997395934,0.0032827282627214847,-0.0871999357642955,-0.022764521461102603,47.01570539473255,-24.104661449618096,21.97441056365889,2
21402.999987369454,-9.59803703532402,1.465188118724047,-0.22865534304937302,0.010806940972500418,-0.05478006243656569,0.08690738768358927,47.07574227927834,-24.221891513775194,21.340857377333663,2
21542.038231055823,-9.660937221569327,1.485181692978525,-0.5849780485724675,0.0013250129737275341,-0.023120158471841474,0.01934420286903031,47.20498725954768,-24.877532020693163,20.0710424202883,2
21682.001300187138,-9.60283125413328,1.830800104965986,-0.3259148338579195,-0.005509441285714529,0.00011427791407563363,0.02091533468972006,46.84323116176243,-23.87748827198897,21.85965850460114,2
21821.99308037602,-9.601872393161633,2.054981336210393,-0.3775320048691392,-0.008218419621362305,-0.04249882384073341,-0.06383337767172052,45.853889306797214,-24.405717936889456,21.468496205505456,2
21961.020312143668,-9.60813492176079,1.9507626970196084,-0.1571431209980796,-0.011595045448798745,-0.04023336351581287,0.013539790762828408,46.109025010786695,-23.98474490518967,22.537196252034217,2
22101.027913602353,-9.59608367034069,1.4529670831599433,-0.5058408369269298,0.026002491695651095,-0.06304027029988216,0.028882200256620173,46.65988818742078,-23.658020245877477,20.947326634106503,2
22240.986634259574,-9.617069284859967,1.6189328532342255,-0.3651381419789179,0.06748147877291233,-0.017394007140271145,-0.021125827271589726,47.10203739440193,-24.204955464866828,21.764024378057496,2
22380.019070958835,-9.675430149004537,1.8988288235040014,-0.2857920796800434,-0.0025038726618728966,-0.011507733349169835,-0.023352914616569225,46.34364551231855,-24.219025327703573,21.859261942210992,2
22520.008846624427,-9.651585419553204,1.7394823065914156,-0.2456831743856581,-0.00040750676987763774,-0.04049671077017355,-0.04219212551885101,46.608630856555486,-24.485810095775353,21.491238460128677,2
22666.016151077587,-9.638150239714793,1.754956249785331,-0.5109172625780919,0.014982227362485905,-0.045166526599057545,0.03855225616254204,46.569364110350286,-24.585219511980075,20.854969044652293,2
22804.98017096284,-9.647575669254802,1.811081754408222,-0.3845294611067019,0.006353490791905345,-0.037919485534426874,0.02750416396100341,46.88437455998956,-24.237017422296702,21.604438653383337,2
22944.99332836507,-9.627791700651501,1.7770369490228142,-0.24420850179043918,0.030648278477487856,-0.014889916078144091,0.04349096181403635,46.60042156883951,-24.323416999623685,21.48969439682145,2
23084.007714714295,-9.630475698676205,1.8030594611597786,-0.23204308997725856,-0.016368240873993353,0.0030731548729619187,-0.024033883059891063,46.63635851717739,-24.28177851664562,21.788016679562446,2
23223.998848716863,-9.626282414124823,1.714797018470512,-0.3034408982158369,0.05543840006496921,-0.013501694802928675,-0.044212180963614525,46.322015431609174,-23.946337561948315,21.180193324003056,2
23363.989738716922,-9.57849261845283,1.969073989589034,-0.4976223173159967,-9.907097552329228e-05,-0.0024862828834270392,-0.015604736500445752,47.06533660435224,-24.66492598434336,21.57131093679452,2
23502.994942109963,-9.603233440761514,1.7346130560080215,-0.44614473399362814,-0.026970479759052576,-0.061460482546300946,0.044766362858667766,46.34848714377035,-24.330974564684556,22.63906986047122,2
23643.019276379604,-9.666354698120564,1.6381876896421657,-0.31782371691835265,-0.004946027630498331,-0.009085841034915994,-0.008592982611202568,46.52480920791554,-24.44049572560438,21.99239739690348,2
23787.97411513829,-9.55467725445975,2.0584472173814023,-0.40511088594576083,0.01890533301048367,-0.030508063262407063,-0.03479400143330598,46.20533735283944,-24.202129623868014,21.779635495902067,2
23928.007962599007,-9.600605196216195,1.9590983693412904,-0.3117588635705344,-0.007676942853942068,-0.06090265953860704,0.0017229486093296921,46.47598256251538,-24.805569351805957,20.42699698715536,2
24068.0315594789,-9.637002555213037,1.7363837950175844,-0.5224630434178024,0.014455075662852004,-0.052229839704136916,0.020743035834984644,45.99544534615501,-24.44560203942454,22.033996480882664,2
24208.009377809194,-9.653710763016125,1.7150876583109376,-0.5854222155192365,0.028393182066251882,-0.0511694934078886,0.005270826916209078,46.20941017462881,-24.521430589607014,20.839390880838607,2
24346.991922912246,-9.637775195968832,1.802211047744096,-0.3475209802974181,0.03941512042968095,-0.018143333070411657,-0.024237793965864333,46.38301794730387,-24.552082637737165,21.682147105111785,2
24486.97848847396,-9.593298756672551,1.909632570800775,-0.28904260421550326,0.03991548437292093,-0.06956254123121472,-0.011698041881104513,45.929453917786816,-24.299524723998456,21.93956630646685,2
24626.002882692865,-9.608363808687702,1.9871379262094049,-0.14371050849362493,-0.005988302559746588,-0.020254415757434162,0.00048332594648165927,45.73326509077918,-24.25416019255401,21.84564216154752,2
24765.973798796153,-9.693760058215835,1.6097722430132542,-0.495398249745315,0.019745031210078198,-0.029955628738387297,0.023414583691274523,45.85306347738839,-24.64945601551203,21.671020004984676,2
24905.990732545477,-9.58759950706776,1.7614332691914696,-0.453559964237988,0.05209908895873326,-0.050790912728083865,-0.019591741718088657,46.611913453051464,-24.762514791993702,22.862176679963,2
25051.011272568176,-9.642600029729435,1.8044679888251092,-0.2665206752964323,-0.007168926455895424,-0.03536021881989567,-0.005413754196634463,46.62365128684451,-24.54033565884334,22.678995059713287,2
25190.98183014597,-9.633159669033882,1.7808889824742393,-0.3844431854976717,-0.021500190137920084,-0.08562024500423311,0.052960191345805714,46.125009663071474,-23.971963365562,21.317398254707264,2
25330.997382818012,-9.604056233052999,1.702457748941286,-0.3468198995474233,0.02787310545425574,-0.05398685995243929,-0.002345071296374451,46.396456305206314,-24.885245215655637,22.16611229266516,2
25469.970635363836,-9.627297767957637,1.8426328689776843,-0.44580793771466015,0.028728151811567907,0.013713571812865494,0.01849689078120962,45.84059065161066,-24.92468941250885,21.973959787479032,2
25610.02399132948,-9.51588510922684,1.8155746160264614,-0.2132127563806413,0.019906790371512197,-0.044738633351298206,-0.017942336069108743,46.462424391730714,-24.463406559308755,21.491162198252514,2
25750.012820545613,-9.695744795121778,1.6887125266400498,-0.31023991096114195,0.012783322469391236,-0.009667849925546711,0.034996499761585545,45.98684131201966,-24.80609587162891,21.856947555028583,2
25888.98622460679,-9.582783369841101,1.9624794381396868,-0.5268170485403174,-0.005111000229905455,-0.05968640495332075,0.027532669644995462,45.846671098479725,-24.164230114285825,21.879557455487525,2
26028.98958636028,-9.684407468040257,1.8705146343521324,-0.19227137616036097,0.04387342410669524,-0.11228982968407347,-0.0001314909053300099,46.4583632329368,-24.36899740682315,21.986281805564328,2
26168.010276627545,-9.568779005448093,1.9606731499685048,-0.7893021917695362,0.06883027539034996,-0.05522457959812069,-0.01943550856298313,45.98193411958894,-24.5400343403904,21.665616289491428,2
26312.9995359837,-9.588427263137545,1.8623219204918382,-0.31998825263676617,0.018166770879618446,-0.02483587088071244,0.028812787294042175,45.96094464789537,-23.986444621689543,22.026065104494972,2
26453.018599506246,-9.720074593854095,1.6968516548168011,-0.3432657929088303,0.01514181620381752,-0.010286729983745482,0.010367715760127403,46.55500606565363,-24.83279990273769,21.106041995942583,2
26592.003563982144,-9.603694056700235,2.0121860107173752,-0.34942246465537724,0.03748452559836505,-0.05758689730364117,-0.0036927824463924026,46.17607537986607,-24.11950788079577,21.784280956380986,2
26731.958650921482,-9.560346670161616,1.9354865698160104,-0.1392928870400344,0.0251550648301267,-0.03557243169013279,0.017194841985066756,46.3293390078335,-24.405446384276033,21.51346944094677,2
26871.970374436845,-9.637517567910344,1.757053006836962,-0.6085952383618837,-0.007901868006287921,-0.030451575190732952,-0.009923223615374559,46.348307456505815,-23.93495691378988,20.269036250367517,2
27010.974166762084,-9.594467881372228,1.9785894200463672,-0.35600794275887043,-0.016147416246419705,-0.0391761052094194,-0.0052829637889243225,46.21290092178317,-24.624956585228738,20.74375729610639,2
27151.01437494791,-9.599397712607685,1.7716906214502248,-0.4326668125799221,0.03565206375763503,-0.07703021134496899,-0.006022813784592494,46.96661148312807,-24.091505933690758,21.372674533388697,2
27291.010177554756,-9.598786513994964,1.975807821405479,-0.3249764267988288,0.023013495606079376,-0.013607217267772422,-0.007033593890972035,46.64706182743819,-24.432287454936468,21.103820011857163,2
27436.00614248034,-9.645593040573765,1.8052323401665875,-0.470266094070658,0.005074817520903511,-0.08166847757087009,0.024600509299292795,46.72858701756111,-24.899858876064414,19.740446479291958,2
27575.980095587332,-9.55849689688641,1.9452079040246637,-0.30066808121867183,0.036445746803498304,-0.04166599420765532,0.0008329821732079961,46.45972891018734,-24.61835821045624,20.951336565669372,2
27714.987363078068,-9.576511763427543,1.8813793251989377,-0.2669670100952711,0.012346583334747446,-0.05704249966753086,-0.014069137403293045,47.12272051378881,-24.347536625262805,21.43896824516617,2
27854.994623160117,-9.634204079105777,1.7681300945141105,-0.47908745813151726,0.05107813427876968,-0.05100701905067211,0.02043852925253044,46.723576766269346,-24.325563815267778,20.384223936163032,2
27995.021232544328,-9.595248322957044,2.0764930943774687,-0.4233690297627248,0.03856223587172203,-0.0008973312722051683,-0.0014708152732467005,46.93238318904271,-24.061402363628414,20.687421113583852,2
28134.0257864707,-9.58628667176424,1.9403005712324886,-0.11759282135679697,-0.010176588356083661,-0.08042030015917297,0.010025065268173157,46.81191400359123,-23.832335373427355,21.484786166493173,2
28274.04377624999,-9.615423332080915,1.718855612362235,-0.5415952776014955,-0.01495158100669697,-0.08241771183288302,-0.015956518562434602,47.2615204044055,-24.29447102984829,21.81892569816016,2
28413.98569176336,-9.52558821972778,2.0142648210540286,-0.6191867221657614,0.04035791385112222,-0.026885052965068417,0.012430866807027924,46.83374627715072,-24.148763617559407,22.105390854878372,2
28553.00407600574,-9.699165262798406,1.8494199423972393,-0.1971811434012465,0.03196721977139098,-0.03256914404736288,-0.007469213159258998,46.89111479185943,-24.72056717253545,22.504153157741676,2
28698.047081034412,-9.652937470498529,1.9696691245896976,-0.3194349635069275,-0.008164736013694603,-0.08055980253314712,-0.019025224714647036,46.57932318167649,-24.02570886345911,21.47689797408607,2
28837.01497587229,-9.606073371562134,1.830204978267192,-0.5347461063871274,0.011077591412523059,-0.0692415593457824,0.018597880597545347,46.91428469667833,-23.936155997459476,20.733220480250303,2
28977.01011946653,-9.590371966435452,1.8422319312153803,-0.3488159391633989,0.04801377248852878,-0.05291176102609055,0.017956007738237665,45.7864551558067,-23.8163721951618,20.65165105842223,2
29116.98672131133,-9.63499522001053,1.9987103347212618,-0.3242983520518523,0.0033808390911650075,-0.04916405677188837,-0.014573540974069224,47.04595171580917,-24.06228936700889,19.695204002232764,2
29255.98936057769,-9.672522395423977,1.7902171269975862,-0.4122882138299862,0.011656896920775086,-0.052284861224717684,0.015242790594050095,46.79124873123466,-24.31969580097843,20.211268129384603,2
29395.976965543563,-9.654212194317326,1.7034166367076649,-0.4619219532899014,0.025306848181062137,-0.002481574382505728,-0.03690563372489124,46.82156471424171,-23.75166172505541,20.82587126650921,2
29536.01371122235,-9.52265674259665,1.9886007236533403,-0.34843393609671763,0.06302594443497866,-0.04774486123584288,0.01454632981967575,46.730687677289986,-23.845173862048313,20.602385144308126,2
29675.00836215531,-9.600139029972732,2.010288156291786,-0.18071354963155167,0.0737405234754287,-0.038001994837350894,-0.012743741297194734,47.04369961616827,-24.13922245995352,20.822888609259742,2
29820.031782661543,-9.622210791264258,1.8925412309325944,-0.44355080598459423,0.0011243651464947384,-0.010278711546537762,-0.023216956234258828,46.821851698435594,-24.031448033350703,20.733459178176,2
29960.009368861804,-9.535054754123118,2.0530894789068945,-0.29803534996848796,0.003417757228617058,-0.03311741365955584,-0.0066800362188290385,46.79244937565901,-23.89342839771868,21.478368786648332,2
30100.024357408325,-9.576705877818632,1.9636352177362943,-0.37307945797542164,-0.03539302243045591,-0.006117184688941919,-0.03214405650802091,46.86234648678794,-23.972943866798584,20.956715528780418,2
30239.979006559264,-9.630181593810017,1.7770049482181176,-0.3154124916345816,-0.015965684523753194,-0.0786861810740504,-0.008376759580625174,46.83076678698399,-23.70104455631141,21.82668363670209,2
30378.99319068692,-9.599713813986593,1.7316875982104296,-0.49922490358931976,0.04534816146041381,-0.04633209172039264,-0.004748922502473429,47.27179236170479,-23.890672069080473,21.437633617284597,2
30519.000884754572,-9.626208206588123,1.675887143875487,-0.26223934599215337,0.028530645209363544,-0.059109368431553254,-0.03075684527723752,46.626565671186476,-24.241720815011455,21.615638080158053,2
30658.992584763655,-9.587505472650605,1.8993487171070096,-0.22975850872206638,0.03644727279953126,-0.02321449989590952,-0.01048594246158905,46.920192676669345,-23.585009841901016,22.007518868020743,2
30797.99860888316,-9.569394279813105,1.8085164998926466,-0.2853301054068993,0.008822695579332329,-0.01412402135281926,-0.0384227278100278,46.80194604625715,-24.27841687702899,21.22207227867701,2
30938.00603873124,-9.667882418604643,1.7932280042956112,-0.2118554551101124,-0.0014138676907336151,-0.04748881569161702,-0.015593502443343307,46.902433408157165,-24.05951809519109,21.349603976507353,2
31083.020923107833,-9.710587494539576,1.7475582289783833,-0.4461320595720069,-0.0052338166440153286,-0.10491879941134843,-0.028301193675370404,47.10314489386275,-24.628094836179322,21.03613420493271,2
31222.00051197499,-9.546012950640156,2.2510693593458226,-0.4325405626114064,-0.011902637316044556,-0.00857845347041758,-0.049748448950583855,47.076283788409356,-24.083969323345475,21.842601127378025,2
31362.057404883213,-9.6293452501653,1.944625039892598,-0.1564033331732239,-0.0035015870484031604,-0.03495914746357562,0.005412391290441345,47.46027178574011,-23.83299140060397,21.149108781725815,2
31501.046931744077,-9.543565018506365,1.6846739288180794,-0.10902683249932167,0.0776589885520722,-0.04754687404489262,0.009230484094192514,46.74679728868584,-23.542710111448724,21.921757163592865,2
31640.955963307955,-9.707752268884201,1.5966806578771267,-0.1559842910267494,0.03491139339595903,-0.03917640228607078,0.01900523339238727,46.97806125603337,-23.95013049312348,21.870451739080167,2
31781.00677960207,-9.658203104976701,1.8355822196261748,-0.3420011155135186,-0.0006283639649699608,-0.022324657505431333,0.023724947846147385,46.600535303851714,-24.040361303119887,21.996057674791963,2
31920.046479619148,-9.733807934050278,1.491570713479549,-0.4471420244740884,0.016363870123595532,-0.07143268050261331,-0.019055601976571614,46.57836396923408,-23.893071060484683,22.03152142462999,2
32060.00194467477,-9.623778445716086,1.7904631215006328,-0.36783433049955366,-0.011366103178830954,0.020589588723578033,-0.01279897877750383,46.566132686252494,-23.58545623303073,21.652615686152895,2
32205.014725852616,-9.74333202668303,1.701093452164754,-0.125580168605321,-0.031398444082703834,-0.07287236120304846,-0.022832835124085668,46.74470387899782,-24.252316845894782,21.086979912451596,2
32344.00781270701,-9.613008585038918,1.5824405226797131,-0.4244680304975669,0.012370241059207528,-0.08516564504044169,0.021365607194076597,47.133920846770025,-23.6283741849213,20.599284358188427,2
32483.970996425396,-9.677242468570707,1.707469899578887,-0.24017555380811367,0.027086672616106686,-0.04966140636256654,-0.0487085225468005,46.45246156240925,-23.468103322871343,21.18974502643511,2
32624.015681569686,-9.668657496884945,1.9104454370516883,0.035352735484159334,0.04321487692076047,-0.09380809900305849,0.04969493624415959,46.67956448101664,-23.73726815684741,21.2200972221571,2
2664.023907523199,-9.698057344625465,1.6994940375261272,-0.5488438802333938,0.053106015177312255,-0.0795249799799384,-0.029241449728250685,45.605674362279395,-22.83392237463244,22.745106280197724,2
2800.0020224812206,-9.689566989343053,1.6112265697667432,-0.49820599136173044,0.017851801394563983,-0.046395111198515984,0.03546857425100637,46.45392837553632,-22.719899037469048,22.99855636257219,2
2937.006112396353,-9.557776241047145,1.6720382239865181,-0.5597260636079335,-0.019750725156521858,-0.028399261849987718,0.040106755531114806,45.484041197004665,-22.861305846725394,22.449966129353303,2
3073.9901494431356,-9.626690730328233,1.472561828260833,-0.38034155938245684,-0.06560961608693494,-0.009054435324870581,-0.08675144797709908,46.1187277906163,-22.95526013994608,21.573095849450027,2
3210.026052737421,-9.706035004232033,1.943854033462399,-0.09769463962258444,-0.014959620166308278,-0.0026062446373624737,-0.07790866441550238,45.92182547543239,-23.263262942847014,22.164828738200224,2
3347.018339300872,-9.695775000798893,1.6758390036504947,-0.42500573562108496,0.04630390700341377,-0.06123148086041474,0.04355010202460903,46.44133059805825,-23.337203392126693,21.508725798294808,2
3484.0089743373856,-9.550233134237144,1.8310578082962676,-0.5312996882986079,0.09276679190814284,0.04138624318678592,-0.03403006982950493,46.072638682594004,-23.114882941918356,21.994691706280502,2
3620.9756219275923,-9.742657317945103,1.7393223839844205,-0.20958970386798012,0.028864446132359615,-0.044168978878524265,0.007098208552161181,46.41730739166739,-23.470578980682596,22.083448254793844,2
3763.9830277495485,-9.733919445607686,1.5129385351475502,-0.33453667087402483,-0.029365324668014333,-0.0519500754801553,-8.024571647578826e-05,45.65827151555537,-23.00543362616505,22.595171385836206,2
3900.9557578215035,-9.59643778085682,1.6349469509655745,-0.6875565300240256,-0.018281231905934666,-0.07469824605335858,-0.011460039172041293,45.73466264983116,-23.402765093159083,22.97163452394654,2
4037.98477641849,-9.859607890466492,1.3738182911026022,-0.2526446324953159,0.004270146526388824,-0.010742728890831941,0.018982306503325413,45.71259994429976,-23.916726251364132,21.89329431998522,2
4174.012883536618,-9.61171962956678,1.8594502374683288,-0.2662563487061513,0.05960417832961342,-0.04144196804099938,0.04676938250525891,45.79792091013777,-23.726757716520204,22.434242660454686,2
4310.991688514287,-9.614635980890759,1.664830930556712,-0.30395719198760324,0.0032151185398818444,-0.0401701450866376,-0.024409263630061757,45.66620543300587,-23.597266777083373,22.254289816326285,2
4447.989700094077,-9.662500173446668,1.4642320369343618,-0.5976913933503664,0.030133918269842346,-0.05445572217567793,0.02973640302636723,46.058522235273465,-23.572549174650593,21.934639710064342,2
4582.989266607288,-9.787611136983289,1.5198070577730716,-0.5633586411051325,0.033121403440948424,-0.02691246217656345,-0.009983190392111796,45.759221185595656,-23.950253181231655,21.160549645431548,2
4719.017789931751,-9.635667486258004,1.8860395507712602,-0.3975276537010774,-0.04850472336967631,-0.07065403504494051,-0.027894213463501637,46.19075830238687,-23.184328740022032,21.447413194793835,2
4855.00998352373,-9.601770717703676,1.773139143397792,-0.19368186510650293,0.04205286499035647,-0.023395717654295562,0.01687731917431043,45.29928092389967,-23.775186663097234,21.4616551420795,2
4997.02055318218,-9.630202038164771,1.6415183701944085,-0.3384808740268981,0.0020638388303819153,-0.059324449765177735,0.0463705555833795,45.67350382095072,-24.040456527314632,21.637240677555216,2
5133.045009938351,-9.639448075400226,1.5920204412410937,-0.35613333241157386,0.026955031071070317,-0.040757357656915495,0.0139738965759692,45.51083959483624,-23.314693700893407,21.5635198420178,2
5269.014951292984,-9.616066960352914,1.701920973002108,-0.4834277099664445,0.00351604453776422,-0.0444317393199611,0.007284179593918732,45.18326466493926,-22.94169191649762,21.31358267753263,2
5405.021940257269,-9.654155033787882,1.7706400814793612,-0.43310539057405884,0.013003994387932028,-0.001395696020050595,1.621709623511158e-05,45.42962148588149,-22.857197295721754,22.646819307113592,2
5540.995164163734,-9.598471208661344,1.669689217345148,-0.14561801656695753,0.038893404392571225,0.015011885625654775,-0.06385402130282793,45.41407964627075,-23.998856024323256,21.855481194263188,2
5676.008347337785,-9.636414296425865,1.7968160519428387,-0.2920684366695971,0.015060535557412658,-0.07450585806333532,0.018076294588942683,45.462053043644005,-23.174745548894347,22.638832032656023,2
5811.989522058897,-9.585864035449326,1.7281465582719961,-0.3024159529113397,0.011689331660236679,-0.03396222699326123,0.02134594266059209,45.98836642266369,-23.76096368604189,22.40665444488549,2
5948.001314182609,-9.564672706162085,1.5877159896682913,-0.35224814844476904,0.037080577191487385,-0.03673358144891912,-0.03911730198475272,45.061212900359465,-23.436061301605143,21.611462313409508,2
6082.984727724141,-9.690700341275205,1.7528818333500717,-0.4578314628629441,0.02422090980085555,-0.019378435317613327,0.026297575584370642,45.544673724441914,-23.503606386349688,20.612142982011434,2
6225.011605905091,-9.536113747013525,1.9621000577611967,-0.5109634102782081,-0.012431258845187844,-0.026262470547536172,-0.00806484449800365,45.57603054075857,-23.207123097694467,22.63683171415879,2
6360.9989153682745,-9.658579707343074,1.6281640001665572,-0.47703687169230286,0.029828667374609836,-0.05562695237989679,0.018316951908081094,45.00959043089498,-23.6120110726973,21.074156726684297,2
6497.003884573409,-9.601906669758442,1.813884605609165,-0.3977603270976663,0.017677239671139402,-0.05676437127659564,-0.0033646097834338926,45.21955975517418,-23.828876871562155,21.98896089312458,2
6632.011022894255,-9.656503571536547,1.8066275447921594,-0.40882565966662293,-0.032884190353573664,-0.06993886041488011,0.018959711704997818,45.456866228537564,-23.760599347262374,21.528772566555656,2
6767.983124939098,-9.64211198342588,1.6771478394996633,-0.4118029847494781,0.0368999052495124,-0.07880888922095385,-0.017835207078997415,45.51616783399252,-23.37885347248321,22.37116189800917,2
6904.0365336165705,-9.71456343594244,1.6064325640415817,-0.39694957565274697,0.01863520671175203,-0.016520916081520894,0.020884875411436996,46.07685752763397,-23.19306707784686,22.884391698632857,2
7039.97004491779,-9.657329207735014,1.5837694521696521,-0.39689001002332885,0.022401873674805017,-0.10119174242412643,-0.006536056675834416,45.696542329866084,-23.526039078255938,21.93530489164525,2
7175.0256882172125,-9.622489231613327,1.6412521873022428,-0.5020987886157346,-0.017656202253743845,-0.06838841523495551,-0.030581580200587787,44.89209274438234,-24.27705216181826,21.62885183823702,2
7316.028874377617,-9.617920991706209,1.7158959305232033,-0.09328794567816481,0.017876100976945242,-0.07107418993192016,0.025853053149467856,46.124189557622174,-24.24151647768246,21.762926243357256,2
7452.033683743591,-9.685096564817073,1.4076156684148813,-0.24813765065249066,-0.008302685029426415,-0.11341874802277588,-0.004686029152299766,45.9664130629537,-23.460504473987438,20.669269306553296,2
7587.002764295165,-9.677862125196578,1.751372074623043,-0.7670750333320323,0.02239554696332152,0.008790950300533182,-0.017337337445355858,46.66195450891717,-23.223203910871998,21.341428502176544,2
7722.979135905049,-9.63309070391838,1.8165349341474013,-0.1455193006555715,0.007029669134772007,0.0057866585555594666,0.041116062903734214,46.21708715307217,-23.69853981433095,21.411721493028118,2
7859.020145128509,-9.660695265178592,1.604586036787105,-0.1730473632466126,-0.020526922921440156,-0.044196901618823496,0.023491073505599272,46.00338728871622,-23.550631141074856,21.31251141856161,2
7995.013426510701,-9.720880824630342,1.8065969002163635,-0.6359462175356716,-0.0040619015066327485,-0.031390424024561464,-0.0182392705593045,46.09900939673785,-23.618810347197698,20.97717150617805,2
8129.996072770246,-9.666878298180764,1.6234624130394466,-0.28201901182843886,0.019961469872981034,-0.054487308562110336,-0.009723902878356415,45.76782384920184,-23.105635231963443,22.416592123688115,2
8266.017673751372,-9.600822663677818,1.8334226665437472,-0.1867131129805511,0.013361071356756158,-0.06498096969296463,-0.04980151690076336,46.39376877611357,-22.903603229055992,21.551736696501756,2
8401.994090182146,-9.650361763784721,1.6891950336630979,-0.3127458116208467,0.00665507163007535,-0.03904805438227184,0.02566407638761357,46.095618227232514,-23.474212475352154,21.286979975995838,2
8541.970948214108,-9.580165780306041,1.8013710392758,-0.2634653344391173,-0.013290709909556225,-0.06455994508340393,-0.035139356506901046,46.020283462424,-23.56683601757232,22.18473339432198,2
8679.0453173681,-9.528789421369474,1.8204198411573098,-0.6461381851242544,-0.004439590636486315,-0.06604042511130452,-0.03254210348172567,45.955960852368875,-23.3967513727263,21.442848190864673,2
8815.00757872339,-9.733492144889881,1.8251512960099467,-0.1253335571471383,0.026095724068461026,-0.0016886213114406534,0.009819037908782595,46.43366885642552,-23.703580486893696,21.4517430504822,2
8950.992667451561,-9.619961851369066,1.956343346205988,-0.22125275651668247,0.0003371797641958219,-0.04245455764091315,-0.04263431882357841,46.799767351346794,-24.088696845062017,21.42950099450783,2
9085.99657973276,-9.561155663349723,1.8501334665569762,-0.45413450257942944,0.010404444675046115,-0.05785045575532882,0.04049397391548,46.24977525022599,-23.15392218085055,20.601820289793192,2
9221.982167289314,-9.713833261745178,1.5247492946679087,-0.4954419502560935,-0.04375380399072805,-0.039833838752592644,-0.05147680770679351,46.117420417272065,-23.622884400025473,21.69644007754547,2
9357.981686287678,-9.681455899794994,1.7823811050772054,-0.4612711443262747,0.03211557173240859,-0.023302800028407445,0.012401897180115747,46.581257742336675,-23.20021983179823,21.527674942794768,2
9493.977519413545,-9.603130806934349,1.9903061343625787,-0.40170586520330676,0.04482885021091663,-0.024108847986953622,0.002943849997009146,45.920955332883544,-24.018568025762534,21.848084014119113,2
9628.999768403522,-9.597988131841165,1.913108121738786,-0.25715395433632815,0.019274043159062292,-0.04972519242824734,0.004974321149188213,46.312523765195486,-23.640427017362338,21.970841223526456,2
9770.017544306203,-9.685587297084867,1.6837649377194654,-0.4715389585221532,-0.010298682111724284,-0.06724242282660625,0.006837362408756566,45.465503312126685,-24.027612492474095,22.510656937609227,2
9906.019126081475,-9.59005942878161,1.831065210528951,-0.45005962967234503,0.030204245292166605,-0.0757394300359414,0.011793922518466456,45.77942418396989,-23.5881008463853,21.914022195942085,2
10040.996367859592,-9.624662920239194,1.911289257641878,-0.20496533789057148,0.03756393414656423,-0.02120148479812698,0.01733925600685291,46.11850550735454,-23.08061165268409,21.110657538586917,2
10177.02863412719,-9.701222734323943,1.4948502359850497,-0.385404095145574,0.01297574774415125,-0.09585920384592381,0.03885395139681206,45.80958271745362,-23.19409456512298,22.128771220831702,2
10312.972856711105,-9.62156242993505,1.7220351648938261,-0.506214602925717,-0.012426612137124428,-0.014496360819257342,-0.05981834607794293,45.94791094957714,-23.062538526873077,21.399048283272847,2
10449.017125806191,-9.574820371747471,1.9203831879360338,-0.36194468798767027,-0.015033130165535208,-0.0068215674039379314,-0.021700352836390362,46.13116518268283,-23.53843430563246,22.388517102563398,2
10584.008046630683,-9.586049600194562,1.8671999796214276,-0.24018879418225453,0.009529200711471954,-0.01946504880596929,-0.01987571071544888,46.08871307915152,-23.696179944274217,22.36652144838241,2
10719.999881614356,-9.64966927637427,1.7556964702259188,-0.3959917546287927,-0.015863291180289972,-0.041173882637226614,0.028408403479397413,45.77138700627387,-23.151992231236292,22.280340689525218,2
10861.00288557226,-9.624044210325465,1.8454806008599625,-0.36458741725766025,0.035733855755883226,-0.00023483474503959052,-0.02156279623235012,46.00621972020784,-23.576508152378203,22.199965749536094,2
10996.983775827968,-9.61730525585019,1.8280520625386996,-0.5476274622469673,0.014335659692199406,-0.05955655414360585,-0.018720294402418118,46.54555035790317,-24.01993788408901,22.57518373777832,2
11131.999456509526,-9.61112846008578,2.037794326297653,-0.5419102415353766,0.02200305028040147,-0.013334944800134493,-0.013947984555946855,46.45597297155041,-23.73514787269412,21.783907827576193,2
11268.010085334105,-9.71803785896578,1.7674977820663813,-0.1571497548010158,-0.005246304921178902,-0.03977611287927292,0.032697271009861244,46.302007828911634,-24.082188866772846,21.87936773019982,2
3160.9762438000694,0.05722201554139704,0.14411237903975985,9.891782839132071,0.039053997645176565,-0.0718575379167252,-0.03354312432625925,32.98841720028787,-25.201909803263558,-49.68345345190155,3
3296.997196290354,-0.0252980281493718,-0.04114551667363399,9.896452003458029,-0.010284319688617927,-0.06691737219535512,0.027030008167082818,32.958868128771385,-24.58995143289734,-49.579822453822,3
3434.0298586113854,0.06666170917505113,0.26351740202021773,9.7412676113424,0.013053414250645684,-0.1074341250446035,-0.02810128337826134,33.0152312137278,-25.103893831230113,-49.18278409974083,3
3570.987517459978,0.0529230740780476,0.15699024806353856,10.021144517535996,0.0223461925732951,-0.0677319814002996,0.020981856354540005,34.033358627589955,-24.377455220498202,-45.52306536059013,3
3708.0168786559625,-0.014023820772534881,0.22049515326983624,10.136837091438503,-0.01782980303019227,-0.008782894562385495,0.03152329533234332,33.43931570552828,-24.563832172290464,-49.531517111906965,3
3843.9659577151056,-0.02307746345642662,0.10625859448442826,10.112302902639113,-0.02894860614162528,-0.028035233558102737,-0.03928295917734852,33.6965010695675,-24.429125594898675,-52.037854744218635,3
3981.0006994007567,-0.08184602258244542,0.06967138154071277,9.75825253570533,-0.0021987490233643945,-0.028075236093746417,-0.007872591126882243,33.51648220519838,-24.452200470374283,-48.216863495016746,3
4117.983062304231,-0.03612324259690615,-0.11570255719037657,10.045479335671672,-0.004425091094773631,-0.05574193631546785,0.02333912372374076,33.63084370122401,-24.526377960265904,-48.689981959150465,3
4260.994738871005,-0.06423282043025058,0.3329138979258209,9.874898864426273,0.0029636608776997756,-0.02946137325921892,-0.024770908810119313,33.76750509462975,-24.427022961491115,-48.41704746034818,3
4398.969598281696,-0.06465278204517756,0.04714657864854708,10.080866774899022,0.03371567467451681,-0.05147215934587443,-0.03761194213208021,34.103524224772464,-24.70215223348529,-47.70205960612665,3
4535.981265176479,-0.0814273189711483,-0.02321924363822546,10.100879553897913,0.0487228998979868,-0.048111197178314996,0.04734947726916594,33.35340662481157,-24.364499770562173,-48.44768194320101,3
4671.951496658489,-0.042938091630397295,0.1757002491397753,9.938448334642128,-0.012704174251612759,-0.07681819096260396,0.014970948527539754,33.576724483728526,-25.040518393509295,-48.99434538063444,3
4809.001468487107,0.037506564550101255,0.14330285593272404,9.817366482717668,0.006096533361981834,-0.0866004519660925,-0.05124910565184707,33.26575335281664,-24.4363490964504,-48.59190234098373,3
4945.955509736582,0.09322995455124858,-0.012791143653913501,9.750152047215693,-0.02448424991926868,-0.07296140031620828,-0.015138032820314442,32.926543940077174,-24.83672863509155,-48.56736752171866,3
5082.000634715428,0.07169571380861078,0.0781868949219812,9.964895568945778,0.005751852234695139,-0.08499629917922999,-0.0006478684907421218,32.704371058008434,-24.246341001439944,-48.47254990296566,3
5217.002268449752,0.05435484476137032,0.05059456553105813,9.7884252673889,-0.0739610126456989,0.006960075192465703,-0.03959236133255172,33.61267158158627,-24.1161729450112,-48.51924465860179,3
5353.011860727627,-0.1036966479472501,0.14750426255530077,10.069176934123552,0.02221349184880113,-0.009347092789627478,-0.027865142831174534,33.48971337861419,-24.15042137489364,-49.1847947326419,3
5493.998570042474,0.0024973051347550153,-0.04595872066423896,10.067503676490084,0.005658475309852883,-0.08037112017131366,-0.006505463166938385,33.382209164841,-24.341640346310115,-48.003325653800566,3
5630.007367685786,0.13968606792515922,0.1410732333744776,10.25431381417799,-0.002233649955480572,-0.12791251285315744,0.03357810003555575,32.70459329793067,-24.888060983252696,-50.005663074583204,3
5765.9936890785,0.08011723956894831,0.10827741742641013,9.73250556920154,-0.03592254164012073,-0.0746447368520582,0.011923674843506538,33.223904408387455,-24.807606017711358,-49.01372442181198,3
5902.040593658605,0.15011379639957373,0.03756534860436074,9.84667270004303,-0.036795019629258706,-0.028371118241777172,-0.030927646715268837,32.6253148487188,-24.328945412886302,-49.78773674935619,3
6038.014266108096,0.07905593688888177,-0.006790235480394277,10.261144675808733,-0.019704932010741156,-0.03107840704176075,0.0006384635053110712,32.812890961117226,-23.985742838746077,-49.62498684115534,3
6173.003055792343,0.1077888489578277,0.03967643412310586,9.872280305455725,0.006822857207277227,-0.09941447970097127,-0.03455551642124336,32.5493746617534,-24.577037052001025,-49.5000327367106,3
6308.993025805691,0.27040057224073877,-0.018241101407671025,9.899110872901863,-0.025340084389310326,-0.11027063003611096,0.0038316142563667973,32.33589472872997,-24.676230995853494,-49.29608636660063,3
6445.00745101634,0.24342290667216082,-0.0658091469585235,9.836550587469606,-0.019676037393459318,-0.04450954201105383,0.040406374245084725,31.949336163996318,-24.534169450269303,-44.964703616771544,3
6585.957185207936,0.2004027432220063,-0.21337699446737346,10.17034993291406,-0.019649447997713215,-0.006120233754163026,-0.016069188122597142,32.757298439749846,-24.951382544931402,-49.60612283628594,3
6721.995995722311,0.24493219253217258,-0.22254732488136805,9.841249070823604,0.0405154418984374,-0.06225316141431575,-0.029617428890098864,31.732195115160437,-24.471300779993072,-48.80538526056219,3
6857.968620856813,0.24470136537166548,-0.01344234112918503,9.778034473984755,0.05452857956291081,-0.041355415868281654,-0.022489014269419415,31.744915433998496,-24.497056467849593,-48.72085835458049,3
6994.014182363465,0.269556784408174,-0.053830088061179754,9.625244592526977,0.009325462909345139,-0.04122670768659022,0.01982504506219456,31.122603777726535,-24.284382301060404,-49.37918191130816,3
7128.957491504151,0.3702911985107098,-0.29910772732083424,10.514792101678013,0.17614252938145603,-0.06590434798274215,0.0008966563865646728,31.883846331152235,-24.710633577633118,-49.73812492217344,3
7264.988385369052,0.3521340412085743,0.20167562939203304,9.255019026961405,-3.6274494481868414e-05,-0.05450656987183507,-0.0010257425302187752,30.922605010677355,-24.5299396650984,-48.83564565522124,3
7401.010781180573,0.38042653619674155,-0.21296113690872231,10.227972457795934,0.05346007213752268,-0.03251857494364598,0.055362214969108675,32.21460830722007,-24.575210767771544,-49.89200023959645,3
7536.983988036977,0.3070209141109586,-0.33554681358462307,9.779426516718965,0.05940813922029607,-0.06212320844079307,-0.007285287905610512,31.044518976694185,-24.80733825892676,-48.94727804485954,3
7671.976802239973,0.33858489159601257,0.09608919044593002,9.709492915080304,0.015937747925269592,-0.0020907959515633636,0.011160478309416367,31.177849471005594,-24.751162771712025,-49.392671601305274,3
7813.9854849841995,0.33129835700948623,0.14232150604582172,9.798734379364538,0.05091148855259733,-0.05306464796189265,0.018387085737461114,31.052502318355593,-24.860220338546323,-49.93522728338544,3
7950.024187360843,0.41051146060459587,-0.14725024475914367,9.981992038977063,0.01482804077280107,-0.06293271300343894,0.03622455739539766,30.64240798432223,-25.389810222729796,-50.00395176397867,3
8085.0075008073445,0.4652631762266688,0.20042370138766932,10.139680875011221,0.021449758268329604,-0.0336536933554133,-0.012016199963451631,31.018375480655234,-25.315942834112118,-49.982649707331205,3
8220.995146787465,0.5344486142605773,-0.13758804306405772,9.801866715772348,0.04393567188767887,-0.010326319193427577,-0.025199499101113652,31.42526171796428,-24.398108711817653,-50.29758279496866,3
8356.980861622975,0.43020527455015883,0.023555952073634118,9.741303693951444,0.004922364340775793,-0.027801306382611902,-0.03348765632149934,30.33929849226975,-25.021126539543552,-49.071969498347144,3
8492.990799650412,0.48997750565885423,-0.04750438896386538,9.877807294729703,0.050114824230207855,-0.04237966310258699,-0.01487805717614843,30.952419612590138,-24.54699893877874,-49.416050187539796,3
8628.015710159165,0.44687800983643866,0.2023742874656535,9.803264803884309,-0.020682717071839888,-0.05404787756492187,-0.020534563049169792,31.30215453453785,-24.430972619276442,-50.04406020081093,3
8764.010687207896,0.5082479894756655,0.004870181848698976,9.929658330757103,-0.01706680209367135,-0.04385903340896687,0.007394258124437051,30.23464622605404,-24.555299924700044,-49.14640059563999,3
8900.00434117505,0.5524478060961651,-0.12054805936853191,10.097768734331275,0.003665136409517194,-0.03038375547788923,0.04614151796906206,30.483594817545402,-24.473228965135753,-48.804558404809384,3
9041.007869313744,0.46886005475644615,0.011163780072298788,9.811142418383563,0.005480515608332554,-0.04413275473695924,-0.0010566367272251583,31.120973659156014,-24.164601667656115,-49.25556827706566,3
9176.006376156742,0.4962339064311986,-0.4191882128318285,9.901199241155895,0.0923811405099259,0.022912699138812533,0.004287742229234989,31.062169084968133,-23.81774530719267,-49.66481533489294,3
9312.005762275787,0.4504045258385043,-0.3320393061570567,9.94676264913105,-0.040657593143352204,-0.0023522406544084955,-0.01654354315536546,31.428556824356875,-24.73847813455079,-52.3462277698596,3
9448.00786086457,0.4676177631893885,-0.0604166397988474,10.165248068048395,-0.0024835030304611585,-0.09412934621265805,0.038459891670841184,30.475312317641638,-24.617560913004805,-50.1966882237321,3
9582.974519334091,0.47040276117774443,-0.3650012279549176,9.68573210081563,-0.019460608310838023,-0.09203561362784542,0.01801651349310241,31.420215819875036,-24.559455896904332,-50.093178583468855,3
9719.018715255816,0.424309829658994,-0.1692897162828222,9.736763934959285,0.0971874641968992,0.0030978018709481737,-0.0012393257764037465,29.964965731482472,-24.195778250052662,-49.70314637067444,3
9854.996677961144,0.5946751002207848,-0.030871359520763395,10.110077583180948,0.02272475442120333,-0.07012383890523421,0.02801613206069058,30.534299504457,-24.16024878092888,-49.86260610517786,3
9991.010804725718,0.5666828895965413,-0.07136555247099714,10.120967563687152,-0.05124135154939901,-0.014500009436199343,-0.06829045605945326,29.94407582874498,-24.36493628313751,-49.533985730040136,3
10126.013175738848,0.48184456055486746,-0.044099694513428704,9.763041534684502,0.020807175123584775,-0.06703081456131853,0.05126295860463813,30.721129995286397,-23.753746566539025,-49.54169227538957,3
10267.033158155147,0.5823266827212548,-0.30008791284635966,9.729350529836893,0.02645922028162544,-0.10833502662157182,0.03801353606528648,29.973172149738875,-24.134962439175812,-50.29903662697085,3
10403.031008503616,0.5379936376700314,-0.2831805838119375,9.958516873939796,-0.027803877961258616,-0.026251605876726522,0.02817399314146889,30.22258529764312,-24.32895823623565,-50.085991307002445,3
10538.975352556372,0.5824373339010002,-0.3527927993117695,10.077869148438836,-0.0372686948419682,-0.027420228950180085,-0.016558675263526668,30.292641631052238,-23.589896164403665,-49.884183202500495,3
10673.990714332593,0.5963362148922826,-0.26096790895518185,10.005141238018323,0.01997648463050444,-0.0242823285886445,0.0004614062042088889,30.684819372107587,-23.546692334105284,-48.99915049127923,3
10809.999086134065,0.5396802923614685,-0.1670675915571585,9.954609486225129,0.018752200260578538,-0.010664953767502922,-0.03368321191001578,30.53697751534343,-23.910963240425975,-49.94298673062481,3
10946.006774476597,0.49749444535777165,-0.17800611415604128,9.931459402977909,-0.015779957228231316,-0.05278260410579991,-0.04323556611109186,30.489500871539622,-23.447673082693832,-49.42772492247098,3
11081.994671285125,0.5364924954523973,-0.09722985705955965,10.099907518755225,-0.014823581274286074,-0.05869093312759024,0.05556635118406455,31.275077930184175,-23.194476189797612,-50.73129044433829,3
11217.013220649396,0.4627306342001602,-0.49333150188713754,9.911633169664848,0.03232680735327269,-0.023661929433308065,0.013283854765745073,31.319440746187286,-23.39249158656875,-49.553024369092796,3
11357.994569460116,0.5961740222081643,-0.16028207620272303,9.987808548708493,0.036620297791242484,-0.041230513473916736,-0.053104925564889785,31.008661637520095,-23.80085880701983,-49.700544951510444,3
11493.997729622206,0.5896332859889734,-0.14887869649167038,10.002203053711176,-0.004102041049018575,-0.056000963145573644,0.008092375265229329,30.86181299864574,-23.884181791770594,-50.357157484746416,3
11629.001617457068,0.5868380212710648,-0.06504588479167608,9.807800115123397,0.03502045636929355,-0.0014596381198371754,0.013984634154301154,30.38579645697347,-23.23895280332435,-50.02082543917787,3
11765.006792269005,0.5679152950756183,-0.1684622414085331,10.011066201200917,0.01082524262092719,-0.06279444095015342,0.010021714278061002,30.44752456397924,-23.676203244218236,-50.2156211541396,3
11900.997309448838,0.5595983834889523,-0.2834081641601522,10.153273296442485,0.010067655697739824,-0.055058584964689634,-0.00567516638616354,30.34071860672749,-23.02555741839525,-50.368625809582355,3
12037.008153343968,0.4874838608233385,-0.2790417629373502,9.953244480419498,-0.005751949868863538,-0.0510191590363809,-0.03126601559533404,31.08410310630594,-23.633857457431688,-50.298460461448876,3
12172.011688156243,0.5200352890955253,-0.43207157190604056,9.886540775877211,0.014070759057012194,-0.02694839407142565,0.006582907231323249,29.60844074359086,-23.037972158789213,-48.72578267243071,3
12307.999454369026,0.5007355931319831,-0.3660681197407993,9.887917253892681,0.05451029650659443,-0.04045140861095849,-0.02916957116011451,29.60190867183944,-23.76459692467542,-50.48645164069011,3
12443.979453033839,0.5495998528442405,-0.34023839391732646,9.817459743090334,0.04681272656033032,-0.054881355375563,-0.01015860021633822,30.587367387253476,-23.58648257440092,-50.21190970320999,3
12585.01812775757,0.5803467787187575,-0.10420593866579021,9.683219356163802,0.03962114860914062,-0.07516212761038574,-0.016408629337304047,30.50665754353278,-23.39787033630194,-49.66290446923214,3
12720.99090259412,0.6322824990524354,-0.33483987607255444,10.209241739511468,0.06130861249951311,-0.0020541410744218066,0.007197952156700474,30.45789485624432,-23.687229662866894,-49.65824390803574,3
12857.01949180581,0.5888891912309215,-0.24238462623302565,9.952636787700078,0.024412967858126078,-0.055330334268740074,-0.02626035639646388,29.86256236240698,-23.15112206024941,-49.7075881652249,3
12993.013504048637,0.5142541683696052,-0.5569023638435839,9.877492719266213,-0.003815457755088306,-0.03404020770234316,-0.0062115818588268906,29.76596482519768,-23.768873730637246,-48.933956474136274,3
13127.983758241797,0.5636466982128872,-0.3889480586069292,9.847145791967392,0.036356485371625585,0.001654934107903777,0.00731069999695406,30.496925224126233,-23.86435057601826,-49.635989967258084,3
13263.994789268156,0.43529440722999874,-0.1739687485312369,9.700649317186418,-0.018308352588694846,-0.09829519372682104,0.03038269772362217,30.252967416846886,-23.60649595183922,-49.75660363168122,3
13399.995360614368,0.580117192728763,-0.6015976199611192,10.143886789765498,-0.03177850980306547,-0.040586361805165595,0.008215907794391753,30.222643483660615,-24.265973643855173,-49.39480434736694,3
13536.026908881577,0.5552775673056551,-0.5844947674394925,9.98845256483675,0.026630445451763293,-0.019105204791372548,-0.021803863237433652,29.94783734954771,-23.828261885447564,-50.12508685418635,3
13675.9664176424,0.5469929828098808,0.13147305285734767,9.924817684377732,-0.022246743793014466,-0.05387048445993195,-0.052624190617410554,29.160069925239053,-23.934845177134502,-50.13985145590083,3
13813.01550977521,0.5765121640930776,-0.3512029024840987,10.04807795959892,0.047960016565868076,-0.04632487017464191,-0.04418070216052277,29.703976710948655,-23.72674558064797,-49.44136419312256,3
13948.99977551448,0.5738555620860978,-0.3689319853057537,9.964281330665615,-0.012897907355907779,-0.05749452231310743,0.028425683684349935,29.613408092063917,-24.40419948969596,-49.31814111543916,3
14084.001248494085,0.6805590447180069,-0.36281777955983807,9.755127595445812,0.028478930460223838,-0.053626598298638896,-0.010007224059271225,29.710534981464114,-24.317929268138034,-50.74740018882922,3
14220.022085170753,0.5754934487450452,-0.07904465829355717,9.980275325162278,-0.09780098407799498,-0.05880728628136109,0.011787375114499626,29.211472535639594,-24.508489225307876,-49.33734037169037,3
14356.033690127244,0.5550509873187246,-0.4645028388471826,9.901169148001086,-0.01839942803037345,-0.010625926871872596,0.002560853933067272,29.00014997886507,-24.23419660647895,-49.2244855876415,3
14492.008712997858,0.5927101484220046,-0.45264699234286077,9.832903824105713,0.019109231333249172,0.0010718712045456082,-0.010856578917479421,28.614255996889167,-23.873961297137306,-49.33109629585518,3
14626.986229692015,0.6061762354293724,-0.31939387828803323,9.91899884938595,-0.034780124726753896,-0.004681680226773949,-0.017503769100086147,29.284137304443853,-23.74584663659985,-49.13642129268045,3
14762.991255471858,0.482873544001411,-0.04292044904736648,10.111474161099162,-0.006224935301554098,-0.0378940784632624,0.037847575074410555,29.619463722662093,-23.312130644451116,-49.53140008684397,3
14904.007210442309,0.5301743714369532,-0.5800750529421093,10.08247245512843,-0.015628979676989684,-0.07553969649096914,-0.010041720097389463,29.854394863986926,-23.849697983552343,-48.80115345679734,3
15039.987881888579,0.5659208832115143,-0.572514234596561,9.529143445959686,0.05484428325634915,-0.06530407919562721,-0.009867757359757614,28.842577318726807,-23.48187880724683,-49.67480264719551,3
15175.009172591954,0.5786805001933305,-0.3901985300699816,9.717491607374528,-0.019193953285761563,-0.08626367634589863,-0.044620931699401976,29.54538325422276,-23.38833503640696,-49.44104814734077,3
15310.981414755992,0.5891013370040935,-0.3093149069499168,9.82740437048119,-0.0005425159264839193,-0.040130716056819005,-0.034740174767357294,29.878480609546457,-23.350748246870342,-49.68357885308284,3
15447.007136219054,0.624146923284973,-0.30515343896642705,9.919285171829861,0.009531444500522061,-0.06520906253763911,0.00411327390704661,29.228875276634042,-22.980188453884118,-49.03266165723055,3
15582.991203902104,0.5831067829018598,-0.5890818568300505,9.919962829224305,0.007079027268590238,-0.04699188849702963,0.0019300281796904043,29.4627657076886,-22.84922126193071,-49.79927253637628,3
15718.017757474887,0.5326744725124243,-0.4401431914077735,9.627218280995505,0.01700024224251692,-0.07404075031228756,0.04902447827342724,29.223367212462588,-23.4253054445569,-48.564049270202915,3
15853.99386111211,0.5733029240020349,-0.5064160866311337,9.964755476714938,-0.0039234968680147,-0.02111544895654264,-0.01983029587056905,29.330269405129375,-22.875589648346967,-49.96069225259993,3
15994.997556102573,0.6454743372727104,-0.692919221758137,9.92032198311673,0.002309638144422605,-0.04159847824737264,0.007218026715811587,29.255967722131487,-23.078683873153487,-50.763582864298975,3
16130.027042031003,0.5420204831000971,-0.3776039293462104,9.853473987929267,0.044125918940460154,-0.05091877777014686,-0.03352185070124534,29.853496223296677,-22.952271078799033,-50.003448917125034,3
16265.97871312702,0.5980271961001317,-0.3832838598022672,9.992978362268994,-0.01776712820245125,-0.03715694995102895,-0.015582769766596853,29.84480130475594,-23.313242507476687,-50.14869539991423,3
16402.028485029943,0.6501131629752821,-0.6805570083752155,9.883682953161422,0.004664360757121858,-0.06938713819632546,0.008170961380410761,29.682092035490268,-23.15202601445523,-50.687748053280295,3
16537.992104938836,0.6709818499351956,-0.5244623176620044,9.889627952735887,0.009350150293427355,-0.06285743560243859,-0.034541163430134116,28.873989974843056,-22.72833128456183,-50.770079170138,3
16673.021238203444,0.6247885256281407,-0.47482393217287944,9.922008170448576,0.0018875196337325545,-0.0416269058846954,-0.02642191926636674,30.268634086474865,-23.30951640543849,-50.28709353606953,3
16808.991361102664,0.7030230738637585,-0.2864006262165593,9.943028025999805,0.06689448818162934,-0.07138415617709189,-0.026635882125320608,29.100547626459868,-22.92060903480279,-50.55184625493254,3
16944.99902576487,0.6381070484232543,-0.3644805692577787,9.73668178421007,0.013333301242387364,-0.050495587685547585,0.026866681907644012,29.297551672751858,-23.769005063457193,-50.554434478463044,3
17080.987442556256,0.6815930264041038,-0.4724779210741228,9.986673868810554,-0.025596742234208762,-0.1007385858480052,0.05678193038495509,29.827730267096037,-22.993496600130317,-50.19093421048593,3
17221.01769734233,0.6954104348210308,-0.49203894371351065,10.060169167035939,0.009603217752007166,-0.07922751595523862,-0.04613170644587477,29.65511847153991,-23.567845880765045,-50.41324325430115,3
17357.019487312766,0.6299532341701395,-0.37855449841327105,9.730948014895437,-0.008666373165062684,-0.08132631293668711,-0.017698750421902727,29.82955935912441,-23.289331783297346,-50.02246447998573,3
17492.991340514047,0.6128732049337643,-0.5473917748113807,10.05744825895388,0.009638431648267278,-0.07956673412388444,-0.013448430300678592,29.585717512741805,-22.966865885781754,-50.00286125545631,3
17628.006261807044,0.67324641261786,-0.3609151561477504,9.787901703161959,0.03840112310267902,-0.03831602450537747,0.03434757623194141,29.984720650805585,-22.840989905905854,-51.567430672424365,3
17763.99399123121,0.6503420604895072,-0.309122722688304,9.80960638668955,0.07919951921979829,-0.018145055745764627,-0.013973996774992479,29.251970497602645,-22.876864982851725,-49.858249680624766,3
17899.993634963033,0.6552646791971293,-0.5580005747256545,9.91074579426485,0.02104491645042273,-0.0533803046718805,0.008591738938020328,29.674456011348383,-23.37676622776477,-50.72939030828085,3
18035.955625081893,0.6569307364764525,-0.4884250351500133,9.63476178181286,-0.045803510808454004,-0.05736190551701491,-0.02138854204502405,29.493583865619325,-22.965823143996996,-50.33396816722007,3
18170.998231072124,0.5628249597212482,-0.5323615303132387,9.757049545252508,0.011428663706839669,-0.09633045155950934,-0.03572637998693942,29.602895329682276,-22.77613726989065,-50.567527243194355,3
18312.008694641754,0.6200318506954902,-0.3437015096341248,9.853128873009664,0.04068906616813598,-0.009797823156348756,0.026545890013611798,29.938892247297876,-23.537515748754654,-50.17084306268027,3
18447.98696615753,0.6558071608942937,-0.37997461239973096,9.873832649184314,0.016089957416140103,-0.10167829178239103,0.015445314603082535,29.674104073397494,-23.247865484068477,-49.421996537079586,3
18582.96292550399,0.7056682335412763,-0.5212282952588503,10.00577134288904,0.015066377617507924,-0.02560697249744354,0.021051910244949245,29.533991580490905,-23.094739947119713,-49.53916504912166,3
18719.00494510805,0.6472181598479673,-0.5289516127504728,9.965416135935051,-0.014712080564973551,-0.06739008460272249,0.012968518995858248,30.16875742084222,-22.506318320047757,-50.408127582432094,3
18855.01273267984,0.6804726714610921,-0.6672137038934063,9.83559534960712,0.001758090187988515,-0.04761637518204305,0.023948982653462007,29.24426039266822,-22.46696341623826,-50.137499905623535,3
18998.01035359537,0.7220428911639398,-0.701871066725044,9.95161881404724,-0.058486736487712195,-0.040364071329260294,-0.05070128968937134,30.348273202684123,-22.913737166480903,-49.38572830516338,3
19132.980087271313,0.7478109932150178,-0.5686787992301977,9.909664353232628,0.07333815784347213,-0.062215283278728786,-0.004533451902319477,28.92752170940129,-23.03619078534357,-50.83461356552106,3
19269.010972059146,0.7454489118256397,-0.5572623502291533,10.059869981653588,-0.002345063677612178,0.0009854103124775796,-0.0030074289923437882,29.633309700503897,-22.668669600685025,-49.092038843177534,3
19410.988911886183,0.7633551741408434,-0.5752439975418657,9.828061600284073,0.01375703022815759,-0.04483869043280519,-0.01163367386637959,29.021021394645572,-23.057811584644035,-50.33913388325693,3
19550.95973852072,0.706545079526589,-0.5920972934295807,10.159146188172652,0.017334478799282623,-0.011252176006182509,-0.018764407366280586,29.193482733213283,-26.004016412931833,-49.6881199943421,3
19686.98590897263,0.703131949516518,-0.637488489822203,9.84449580996338,-0.01187469422124665,-0.12097761294114048,0.003783185429384531,29.79267752927407,-22.639536130932605,-49.28808777335007,3
19823.006880503694,0.6802427214672516,-0.5948146056402719,9.74910220555251,-0.026908324361290967,-0.017310925770867548,-0.029141955369927385,29.342780155111395,-22.248639044661417,-49.29590629315368,3
19957.972601265832,0.759194384474919,-0.7260475351924146,9.882735279968774,0.006325448347890181,-0.046541003703896536,0.03209373415858511,29.241687776499344,-21.794591254616915,-50.0183674972591,3
20093.99021558577,0.7652267365715989,-0.4195841195144895,9.89075531331166,0.004965786764163612,-0.03785876829231942,0.0033696587541617792,29.190314747749017,-22.148137630877226,-49.898912250308825,3
20230.0046277656,0.691362637169761,-0.49838355908138576,10.04466493743102,-0.014332982268715518,-0.029880036062625768,-0.022351004385867946,28.80934214129883,-22.624714943300425,-50.3443598375249,3
20365.997153066717,0.7687813143915341,-0.4816357908732596,9.855597133011194,-0.00195467308924586,-0.05425519248973678,0.003639997543391318,28.765099185466102,-22.36294929409615,-49.9006529950868,3
20500.995719926344,0.7063658229092257,-0.7368290707431365,9.875222851212245,0.03776571106968276,-0.014922804759415011,-0.015968978524224783,28.511452064112238,-22.26574046952213,-49.91279182728172,3
20643.018591584343,0.7629281331412074,-0.5221866114144824,10.143139278108741,0.003273382465591608,-0.0690567460867524,0.01121471408306738,29.075245082916304,-22.624897974125087,-49.64808346188727,3
20779.01632349353,0.7648954115767467,-0.6335602582426983,9.809862207024292,0.005625447018342922,-0.06727104513763842,0.02695108200411791,28.57405388091992,-22.48524666818312,-50.714838825847856,3
20914.966419721124,0.7623418507721308,-0.7822944309470998,9.871577617988883,0.005880595424978676,-0.004751230492056847,0.014619248522817565,28.71496328640216,-21.896135221109372,-49.26660645266261,3
21049.985136876465,0.6919918335817334,-1.6470454423801153,8.801942485505565,-0.07530203566632859,-0.23616797495154873,0.07987918277587301,28.470020287453107,-21.5173910324107,-49.3048215173648,3
21185.96797744977,0.8374710783365102,-0.6654303711270998,9.85503135897136,0.02977211546928469,-0.0383234270470784,-0.002680889855442941,28.383760056393907,-21.89617700481906,-49.03740668208761,3
21322.023250352424,0.7980115680776004,-0.5399479023145275,9.803817007260083,-0.0012922702500585141,-0.059191033249995285,0.012823216341989812,28.41059384306253,-22.072246669658615,-48.449124240254825,3
21457.97617722457,0.7670575214337936,-0.831278432893398,9.856226796849956,0.018030402837780204,-0.06780333454030765,-0.006481280711185941,28.405265579849967,-21.87400535468224,-49.36966106864638,3
21593.0344532413,0.7358704861490052,-0.9596608600613166,9.837793856793017,0.04364333875990194,-0.07120659613872445,-0.008790383648240961,28.65373566743845,-22.04769169652866,-49.59306542196891,3
21729.01182647426,0.6901913737335663,-0.43412294591871137,9.52741727818217,0.0068378273812991375,-0.07168823502277266,-0.06389018115800403,28.4120807582849,-22.097099833723085,-48.678392167278254,3
21886.015788437173,0.8453350551507389,-0.610371772100096,9.841414284695203,-3.820021691325597e-05,-0.08961977169026168,-0.01432372806103515,28.684864636007124,-22.207184376893114,-49.73774505582915,3
22025.987168808104,0.7187356463147583,-0.5921957564828348,9.669695646064147,0.018363474220884763,-0.041784350112108765,0.01113212171108906,28.373265251159047,-22.42804059621924,-49.966973807270726,3
22165.97908750685,0.8548236478757586,-0.7952005190966616,10.147045211779258,0.03356592732388751,-0.037796526958568596,-0.001487412274695434,28.15663287871414,-22.348410606906576,-49.444279697333556,3
22305.003546622982,0.79082966064251,-0.6531259040475647,9.732842319136882,0.04379210200703155,-0.04949273618385737,-0.004929507839275683,28.82485166171975,-22.5919529625874,-49.925493237394726,3
22444.991813445467,0.8327153485435166,-0.5407619301683575,9.605895494220238,0.0186820567033189,-0.041836966496811026,-0.03303205033098477,28.750711019977516,-22.705738614595695,-50.09956456625758,3
22583.994024373034,0.828796150294566,-0.6263870778477736,9.656339527333332,0.052980687722367484,-0.05594518819900022,0.016862448371023357,28.940344968486492,-22.612421372166313,-48.575469915625085,3
22723.990610647088,0.8648916213046727,-0.7041359074245344,9.939295849626339,-0.008352546674946101,-0.014678583604995368,0.002302607272317516,28.83084003447304,-22.052250074628464,-49.90280193691062,3
22863.993197294454,0.8868260238909936,-0.7348499573036464,9.82767102202992,-0.028788256918982926,-0.031313578000039435,-0.039646457655837804,28.626409699030006,-22.19915778937781,-49.712791193737836,3
23008.999437801744,0.8704320551215663,-0.5884921054069202,9.851412642995882,-0.002730441146483303,-0.008746381951820726,0.004289418805538888,28.41272725664323,-21.962067140481746,-49.658557594459275,3
23148.996017692545,0.7904052911712712,-0.7770796469725453,9.738362321563109,-0.05445625750256378,-0.0529375400424743,-0.012475577500602174,28.49177871764349,-22.308106576856943,-48.66145099967644,3
23289.01610561256,0.8662425969487241,-0.8532386460965653,9.89134370158323,0.013814286756805969,-0.09740301682818735,0.002805158969811711,29.082058309535267,-22.31717626568605,-48.52024575103665,3
23428.00607202303,0.8991739102229751,-0.4693814166100592,9.708931719934192,-0.0016219037270648374,-0.09440918615024518,-0.06134037599324928,29.484702899159696,-22.26818734777941,-49.26432531051051,3
23567.995130368774,0.9155779641243678,-0.6827070259645259,9.901407508279803,0.02220902205448675,-0.04667763340281067,-0.02019942825298015,28.72370760217113,-21.809531170940236,-49.07750280543974,3
23707.9660275104,0.9859040988403507,-0.7090658553012842,9.85461221789514,0.03320353811684041,-0.059293495703848426,0.020161876528435374,28.280200197056935,-22.53475840200129,-48.87319483444927,3
23847.004230501403,0.9155763165485981,-0.3443538471547654,9.617403483024988,0.0361712843998288,-0.015931796676336523,-0.006463600227526369,28.398970072143115,-22.373910318077865,-48.465549562533035,3
23987.00847887379,0.866236937290224,-0.6302584969432837,9.817823628020399,0.016917435629852127,-0.05183647113255865,-0.001998505614602018,28.288148703567078,-22.189308833529946,-49.64840720836026,3
24125.99972501876,0.9940089788075701,-0.7507646740212464,9.735051408669683,0.05266906554556348,-0.0871268774939754,0.018678757560694103,27.992739347825406,-22.247131613272444,-48.875608222551065,3
24272.00551100308,0.9402495979561325,-0.7181560798623324,9.778913561687595,0.006880122762998036,-0.07780381343160753,-0.017765813915325824,28.70189154782584,-22.254736587757407,-48.85502662436039,3
24412.002707537238,0.9200926373756818,-0.5195717727474982,9.829460862929977,0.001970150524565736,-0.02952825359310476,-0.011677090640956922,28.81443960945288,-21.716922389416688,-49.1610882046798,3
24551.012593620788,0.8474022348223395,-0.31774414089653763,9.922892771423063,0.03270117715438019,-0.02009471448905458,0.012034093803030053,29.205097411261345,-22.77298034186827,-48.817954033890324,3
24691.002451087537,0.8865428865743035,-0.6869440626559504,9.703382903500783,0.05750135386028915,-0.03575077917880318,-0.0025016499272771577,28.4831132267358,-21.543653762019723,-48.39976690410717,3
24830.99137495394,0.8020761194017493,-0.520380158631391,9.631455924010456,0.00036494419349180165,-0.02292752907123444,0.005796759230018296,29.23586800099069,-22.329823653137016,-48.91694817971462,3
24969.978888297042,0.9364792349333826,-0.5107405676202456,9.882017489110382,0.005503945841938418,-0.04000055061427233,0.0057213350022612824,28.776129061987977,-22.489854680704486,-49.26650319972132,3
25110.00983693935,0.9301178039280235,-0.6145387985665118,9.894343040010334,0.010276514752645311,-0.03878711140021348,-0.018878163546192914,28.602907057864748,-22.332467399910133,-48.49056785300161,3
25250.011383410216,1.0167116828373575,-0.7387845234734675,9.993708089273172,0.021138042013496595,0.0022289770699306403,-0.027427273535350665,28.511380499497907,-22.230814718655964,-49.096400150216006,3
25393.993787962332,0.8653919461307633,-0.580295151928746,9.611833459267263,-0.0034773563728287375,-0.03331244084644766,-0.023095754336258083,27.911556302171515,-22.325522871987904,-49.27460582346447,3
25534.012755736323,0.9405128406305695,-0.6614633595552446,9.719897286283432,-0.02092279948600204,-0.05384239757741155,-0.002663596408078839,28.1305201465917,-22.640459839985,-49.75061397883135,3
25672.998046831493,0.9375830040559548,-0.702980374872469,9.916811911878073,0.022268397333647695,-0.05734818559796124,0.0010776417276377461,27.60656755324013,-21.712595367786424,-49.18016175309276,3
25812.98923726647,0.9508637633637707,-0.51208515267638,10.098992870370255,0.02988559775743865,-0.014772520720795226,-0.006922913132159464,27.586742566748562,-22.017988567503785,-48.586921584617784,3
25952.964445921705,0.9567265214760344,-0.39175283909727715,10.004820061245956,-0.0009118294834086693,-0.041201118922020365,0.018436420697472696,28.567267100534703,-22.867634167632506,-48.90467316598504,3
26092.0048651031,0.9234057395306539,-0.6408641353925697,9.983255658123486,-0.008963320681943762,-0.03978526246087211,0.008113045544483955,27.630797532592343,-22.4123025596201,-49.95857199684567,3
26231.992182681217,0.9276979160581876,-0.6048643870533275,9.983472486240636,0.051681293740872734,-0.06012420016899011,0.055812943664893505,28.421863207525245,-21.968319686156207,-48.99997604702658,3
26372.000748521325,0.9604411107496393,-0.6939567311220526,9.899327917640466,0.05075299559057171,-0.03178411572842939,-0.004910093793050846,28.04970296624648,-22.14708143009444,-48.777695418455416,3
26510.962546648352,0.9863203595318691,-0.6049739011215742,9.813939427986217,-0.0011580656620485204,-0.022736734195428536,-0.04181974395924389,28.360470237525956,-22.047773181603006,-49.587034644804525,3
26656.027827646754,0.9540056495638171,-0.5864983900881443,9.855458527520433,-0.011142810288643983,0.004969240487983021,0.008170196862284668,28.018996611052835,-22.098838329314713,-48.95149108213523,3
26795.00990202666,0.9603342712859083,-0.687154784337806,9.923564705179436,0.01560321620299314,-0.05374515412602534,-0.013306012011931208,28.43042737393493,-21.705357424261567,-49.320180351223755,3
26935.020521272276,0.9599032473503585,-0.7589673678878499,9.71838668573163,0.04199646979355192,-0.05914453381539351,-0.0027724865318608334,28.05901875641717,-22.230382201486172,-50.25241798365764,3
27075.017047180925,0.9608085482824773,-0.6632616647011805,9.961069143525306,0.0593172161044015,0.004786434077775912,0.005025960730525114,27.646643491507202,-21.498556777444417,-48.59062453165352,3
27213.991071935146,0.9009915753883814,-0.7960790581284798,9.71067183295259,-0.035386881231016715,-0.025304549442160682,0.008246114280369274,27.68019459540622,-21.9560760324434,-49.00878852713806,3
27353.998089883822,0.9790892079474592,-0.6890233870399486,9.742231074797528,-0.0015972844380031203,-0.03364704810803456,-0.022751219835145317,28.09608983546871,-21.590274066036944,-49.32779474104954,3
27494.02125266339,0.9263726857655906,-0.8483207628896773,9.898741603853683,0.013131073815438807,-0.013457625220321442,0.019582832605561068,28.209374954914434,-21.751465975307724,-49.30854942252806,3
27633.023684592914,0.9984815674106836,-0.5034654672663684,9.84695088782327,0.03924118830885067,-0.040238130901760066,-0.009334173150196027,28.02221512220898,-22.159710590079676,-48.974133444930445,3
27778.965995164537,0.9428584560333594,-0.6477122888415168,9.890593182657097,0.012737290787532196,-0.01394378226254967,0.004709929455187957,27.798585294777812,-21.998673157860985,-48.65830322831428,3
27918.029406287922,0.9302064337427312,-0.8105074103276966,9.940789708768362,-0.0004367973062787238,0.0015984563619760705,-0.011533303279235614,28.41667432221078,-22.72661482752522,-49.40405558532174,3
28057.975080159285,0.8388268465803839,-0.6984510227374034,9.779715894090696,-0.014576916924456878,-0.09814789466203012,0.01134111721327499,27.897360916214375,-22.658752106269766,-49.298572684734694,3
28197.998429321855,1.003973292226438,-0.5064425559628883,9.994271116862977,0.016598345800779086,-0.06812679826558056,0.01837830080702618,28.920719345385436,-22.13982265877763,-48.549174456126515,3
28336.990338444335,1.0060548493324981,-0.6269005635755852,10.073752000007639,0.012666554805460976,-0.01889686194773097,-0.021432365027569934,28.158144441725746,-23.109216705615005,-49.60364558839355,3
28476.981119954093,0.9544991669910611,-0.5549507312833777,9.877828886281954,0.023200548473977022,-0.044084419806739585,-0.03320599554393134,28.365446994756912,-22.65883349882455,-49.43743772219301,3
28617.006864725656,0.9271533942030475,-0.6294302851345323,9.898228073812875,0.029431582559553904,-0.04037833659020829,-0.021816707710688606,28.445306342802347,-22.428005703829424,-49.37384117794065,3
28756.03324872409,0.9127943482651623,-0.702568874921058,9.952040841148241,0.001559941469460634,-0.026821819291763367,0.00914589795429701,29.54513725145677,-22.10387093955795,-49.321987128449166,3
28896.014319169914,0.8305432430727032,-0.6470958628333467,9.956001557656938,0.03210765090344298,-0.024329847770670057,-0.005344285821180067,29.05573920472755,-22.310957317450363,-49.5099745127219,3
29041.02478240238,0.8108849590034855,-0.6934843060221617,9.785653800961262,-0.02132383790919947,-0.11268579796005,-0.02758855460648418,28.593280030477825,-22.11379197832145,-49.640871784594076,3
29180.982068330657,0.8268953638375586,-0.6262409570715424,9.859473293957825,0.01297455094596377,-0.015825388153949457,-0.006928242862238886,28.890812390018272,-22.253978919736145,-49.69510747565076,3
29320.980376123116,0.8379416216295904,-0.5914679087204904,9.851028781805518,0.024566420926527006,-0.1008626850063998,0.022984285090487458,28.914346229424066,-22.37621482458044,-50.379753596161045,3
29460.01111148462,0.9106071263096936,-0.6737769859938953,9.783500075826073,0.007515623774864354,-0.08715102775134813,-0.007951814904448871,28.747963232297224,-22.2156943646791,-49.20242682301338,3
29600.004410385565,0.9082338444780729,-0.6406648585860717,9.717372516184433,0.002421739308568413,-0.011801026903678489,0.0013827492457509465,28.748633005970134,-22.077836005270974,-50.70098357296998,3
29739.982723057674,0.9143489092297465,-0.6999617839064568,9.976339830479317,-0.008429889255168136,-0.020679821300524617,0.06123665575290116,28.68366350504304,-21.82720590427614,-50.825095431984636,3
29878.99586030166,0.8969388220520301,-0.6773923606312321,10.052049039880181,0.017678511821754672,-0.03648994954797738,0.03461263976687035,29.17704772642289,-21.23555267211156,-50.12133739494387,3
30018.992553946136,0.9227217136689874,-0.7101230967760137,10.075119766785845,-0.05064866652120179,-0.04531468399357673,-0.042299878642804836,28.486194853241177,-21.098369209128546,-49.90581323593819,3
30163.99164311288,0.8766640659718643,-0.6271897014795934,9.782191626189329,0.015560810090249323,-0.036930438375280226,0.005316048867478709,28.723762465991776,-22.022761804844745,-50.26077870728199,3
30302.976903579325,0.9213308128905658,-0.621392108479242,9.88534379096763,0.016566783054475273,-0.037192531120554775,-0.024758247802517584,28.364332594899636,-21.96100131998843,-50.17365608968245,3
30443.0077622997,0.946484719685697,-0.7306349521472603,9.969612357557438,0.03474265477737168,-0.02293371324817653,0.015950052449745532,28.95878699127143,-21.15189156364039,-49.686239248124565,3
30583.031640472993,0.8373589363296322,-0.5341354147846725,9.996397958014038,0.039232791815897464,-0.049608329611182875,-0.030462654705812785,29.29668731445163,-21.7597983695854,-50.75426093711038,3
30722.004698054403,0.8972729946676107,-0.9634491316880927,9.782977159464044,0.06629560906748143,-0.04149751552896466,0.016690904342613586,29.499747071261513,-22.904088607369143,-50.7991504202412,3
30862.005927182094,0.9549487223023805,-0.3058645088219044,9.758314067494432,0.004758510697485802,-0.03911832616847541,-0.0371329498249297,29.17202392550022,-23.09073493222009,-49.45283020392239,3
31001.00953078029,0.8733352677591534,-0.6822428096600898,9.809617592413195,0.004531285524256813,-0.027012484088340147,-0.009049809318156453,28.20053941504912,-22.278770276052256,-50.93234966527041,3
31141.00230595278,0.8526984402957063,-0.42360721518477534,9.843669627673348,0.02711007167736898,-0.02411654552496375,0.03491042283456825,27.778062154579292,-22.376792233541714,-50.32175733906074,3
31280.996171422023,0.845197338571836,-0.6332349263825028,9.87525160928389,-0.02625738185329759,-0.0587344303704694,-0.0058398029829472824,29.00697564319325,-22.596391138913347,-49.97122242813151,3
31426.018213677213,0.8020322530524479,-0.6546721107283987,9.743296776147108,-0.056580024842417004,-0.1036271219257414,0.051737235613325355,28.568768092153146,-22.3595945016402,-49.98351313339861,3
31565.985737077404,0.8125164923658038,-0.47960526384451774,9.648724531221607,0.04503622862411235,-0.0625568570909755,0.01615316371013426,29.608195878829427,-22.20852812094405,-49.65402268086533,3
31706.005475496513,0.8008033412873896,-0.4814330808027802,9.698125779345284,0.01978785196654667,-0.04000099623782099,0.026915058221263298,29.91185570505623,-22.378382395461106,-49.969993737245694,3
31844.997619861653,0.8917987716321848,-0.5046565196077843,9.684636104316066,0.034317720966325536,-0.04780910223355792,0.024589495278296257,28.315413692970782,-22.632366593679563,-50.17977348187489,3
31984.981300963093,0.8189601584560252,-0.5019675259727469,9.474268512228408,0.006213874013273529,-0.05660976742900746,-0.05133209124588775,29.83347794828823,-23.001903041714446,-49.36604810339857,3
32124.979319907223,0.8895219249018246,-0.5866248125625939,9.799167403170228,-0.038794491965737116,-0.03572482066960587,0.065271816769417,29.414913555918133,-23.05305475686979,-49.78026391209971,3
32263.98362732589,0.6997799562480397,-0.7852099904876928,10.231065458281632,0.023825604070510643,-0.028504873093597467,0.06263141015239176,29.75440772574604,-22.486715946514877,-49.022128349448835,3
32404.00514827504,0.6958910505841358,-0.4887486778207486,9.910722172921956,0.04804497073489947,-0.09632081617359872,0.006995834605655706,29.250415655625563,-23.026096772123523,-48.98921799067724,3
32542.991233088298,0.8000170128854427,-0.5257359199562558,9.463966900317132,0.015660365503473335,-0.04062713659359634,0.0006616968405182874,29.29178422048615,-22.965973937000015,-50.39535278725533,3
32688.00807100741,0.9410374394088459,-0.6719385973931505,10.006639160748573,0.06843664846747521,0.009951269243563158,-0.033449870779022416,29.003308830280154,-23.416850143494052,-50.830912268859564,3
32827.9972271945,0.9107726752510069,-0.27551319075318853,10.207337891444014,0.0381511698655388,-0.09224440469846396,-0.03573131181639161,29.01842820934927,-23.173089860371057,-50.818453739287115,3
32967.010509732994,0.8684718131261152,-0.27295543724026966,9.720160552576095,0.031331723911370186,-0.026351224238178955,0.04463356409716564,28.935015915891423,-22.83949816489942,-50.228615722382834,3
33106.99826019307,0.8839386113507514,-0.6732018569697982,9.877924740019855,0.00631337112579567,-0.02021175068926833,0.020930836728237978,28.929747129560013,-23.048520721871434,-49.65751604629215,3
3160.9855039574663,0.028653360668649704,0.16006417977668386,9.864191275154424,-0.015653687023447146,-0.04308425244642472,-0.04204936110543814,33.013160685264495,-25.221423125714804,-49.731725227306,3
3297.0274945310034,-0.027209486286360267,-0.05581765853786746,9.90299818210114,0.02173269023048174,-0.04636359686020122,0.011196694255069814,32.99982617555425,-24.586885140886064,-49.586612306845254,3
3434.044793895783,0.05701472098325521,0.26116528861850213,9.767123612140306,0.03357226578120253,-0.08656615010974557,-0.007774182737241496,33.023212246991505,-25.104248810458966,-49.230633776260696,3
3571.017797519095,0.03928459958780385,0.14990579729108883,10.032687775110244,-0.022563686088203964,-0.02081809460960334,-0.050927590701162026,34.0223713070133,-24.430611227142684,-45.49817744877536,3
3708.0016180535285,-0.012626975198139363,0.24222020829676388,10.145092828595292,-0.012734315441576204,-0.018689248628466503,0.0066224421370678485,33.401906963772035,-24.53746035078667,-49.55727402217249,3
3844.0080602500257,-0.03887878000457158,0.09272553717848919,10.104810522622136,-0.027765744764353235,-0.04084660807510493,-0.008066429742711365,33.74330272891396,-24.42801498456386,-52.04419786751968,3
3981.0024302744373,-0.06814078444548016,0.00324300324915859,9.735881846393733,0.010309130028471161,-0.0732218620754732,-0.027320211393970194,33.47359673359311,-24.472180910299972,-48.22750781249887,3
4118.004056445778,-0.015084323456883477,-0.06784230598451199,10.013262634408749,-0.050236892352484235,-0.08269253170579684,0.031209457329497044,33.67191567856412,-24.49619117544009,-48.69225904729889,3
4261.023640961673,-0.06991196633350102,0.3237299150180994,9.83434868261844,0.009014248446576596,-0.05390211235419952,-0.02827228531077378,33.79423572623675,-24.408376355738618,-48.41655684042006,3
4398.999276102713,-0.05584836840299441,0.0593619732992835,10.114579236245465,0.015747887017898962,-0.06647989022625926,-0.006169590345277835,34.12743001061913,-24.73691100697646,-47.707569952272436,3
4536.010613809934,-0.07554443757845213,-0.010543337260915919,10.03483752625119,0.0010356451499254423,-0.05727467151591018,-0.022303925924513725,33.30510475854499,-24.345068701118727,-48.42276816985688,3
4672.014980751235,-0.07524184992677403,0.1598991721599956,9.9119462525163,0.013156483806274308,-0.11253449540945487,0.047734389805718404,33.56502536329026,-25.046224997999666,-49.06583488164892,3
4808.973796727496,0.026635510750261486,0.2071650137492355,9.790677450533101,-0.010872117567721764,-0.05193620271657619,-0.044020030717029,33.29771381227355,-24.451124392265193,-48.547880958463594,3
4945.979533001625,0.028844078148639787,0.0032143482879297305,9.7014846166605,-0.019510128074373696,-0.09724284628116604,0.01796236333807013,32.94161466769448,-24.901022215078537,-48.57579400327253,3
5081.996241357283,0.05382366451143649,0.05616769154937635,9.947981127526795,-0.0504233156403744,-0.06224642683584063,-0.007809014179605299,32.70512895349219,-24.19273174645763,-48.46413432833395,3
5217.015671086635,0.028073348619945294,0.0994332500143182,9.74034014036581,-0.058501587864384474,-0.028852789384823226,-0.004792544816981261,33.55558483122433,-24.103198708921273,-48.52638796560112,3
5352.998577895619,-0.08791451700646113,0.12884438172599103,10.071651121966733,0.01548359194683544,-0.003840630547690471,0.0167607206961018,33.458223798176256,-24.140671963809744,-49.148744480521195,3
5494.006303260226,0.003644596454760109,-0.057120761431891404,9.999130673522206,-0.006693052135529699,-0.04994337759648202,-0.02991685272167742,33.398290018380216,-24.34534481206125,-47.999172965538556,3
5630.009285152067,0.15355205473718447,0.1333581158619541,10.240674748536993,0.011454480074530747,-0.16544732174067941,0.047610535584044086,32.72474630429888,-24.940506654556167,-50.01320161979077,3
5765.994642766283,0.0862492157264931,0.1015377228714703,9.794898493231182,-0.037246827352149736,-0.07289215389177288,-0.004720903685830877,33.22223766786418,-24.77066764611328,-49.01526391761238,3
5902.0120221874195,0.17773137748965073,0.04940205462551953,9.846772661663623,-0.019323814041827356,-0.07022079565289295,-0.0003559425255515608,32.62709853593983,-24.330170476350226,-49.79493561949644,3
6037.978783366951,0.06847587697234081,-0.03694768479631051,10.198923222037081,0.022680940977285402,-0.028894691513876053,-0.004316040414565268,32.813266112109204,-23.975348873561277,-49.65899639213219,3
6173.0142470023775,0.12508718916648168,0.06190944798939931,9.85389738592996,0.0035824231854285063,-0.14584359104333264,0.003248431821273286,32.52775481662655,-24.616370687320224,-49.46428767678825,3
6308.976340071447,0.2981620127324093,-0.04124291890688054,9.924005990373542,0.00596003953946237,-0.07320005702584025,-0.009587182540907832,32.34242623885061,-24.67249123788348,-49.277878812854944,3
6445.008538173604,0.24376794328359305,-0.027613017437186794,9.7939672784945,-0.01958315576892764,-0.017610427671991703,0.019906721964103518,31.948495725566133,-24.514435105471087,-44.97847188705397,3
6586.01103278412,0.22384237133010976,-0.21899247041065747,10.174968321790185,-0.008207353227824286,-0.0623378236696971,0.008443869992803586,32.715299447033665,-24.96131470755642,-49.61059422644899,3
6722.000602335948,0.28308841617008546,-0.17584795165645212,9.848927402082643,0.039360086898205776,-0.07076749448874972,0.0006286291280609113,31.710308003544334,-24.501176223895857,-48.78309265345551,3
6858.012854692406,0.23870482055384054,-0.0275846912355844,9.777272718578574,0.020848099752462563,-0.0973615447119601,0.023666346260902617,31.727805497763693,-24.497022369879318,-48.69645471556135,3
6993.993270473896,0.25973137237908006,-0.032221826679466166,9.60677921468517,0.004943016810388884,-0.03829467956498968,0.012744148014675593,31.12249087610365,-24.284247414599825,-49.41214361928448,3
7128.940142431099,0.36141051990244816,-0.2896241704435858,10.495933178278237,0.14759676122221801,-0.10816222669465408,0.010190590838254207,31.854467572541328,-24.735214068764545,-49.74575858635969,3
7265.014542742485,0.25213112505868807,0.15821853747433193,9.283470402280699,-0.012289337146694945,-0.05915607526159947,0.041950936961840934,30.89223913851877,-24.543090824756305,-48.81830708176933,3
7401.013403663383,0.39794446844603015,-0.2003560551454861,10.19401354747543,0.04035296211085381,0.003891091915231926,0.012549527675423009,32.16653019819961,-24.60420161173315,-49.8735532080103,3
7536.993556119028,0.3268964822676429,-0.30281676592746903,9.801606119170653,0.03435274349841124,-0.03409476672681723,-0.02455393076633238,31.087444429813548,-24.784488597133798,-48.96614110495363,3
7672.015456108187,0.3265364731341734,0.09513388046344766,9.660763202822523,0.012663448130449263,-0.03322183038056517,-0.044120788179538524,31.18917788713718,-24.74684612480191,-49.39936896536805,3
7813.971920702151,0.3695542473543392,0.1785779738260625,9.81449118287486,0.03074109139480037,-0.03414000961531918,0.045301459991780604,31.075519635045474,-24.85358148402184,-49.9270524906625,3
7950.016630234275,0.41688263257986524,-0.10928704131808,9.98978260791055,0.02807033610886763,-0.06930183473440038,0.022043264455067126,30.614263982049252,-25.300148500030954,-49.935894481855655,3
8085.014345683168,0.4720990123186821,0.20049171537666746,10.099628918725395,0.015156274616629892,-0.022059577165056115,0.019467912042432735,31.00922869391291,-25.347744098161865,-49.89717907555804,3
8221.006798888764,0.5102405146113018,-0.15165264385580834,9.800965599110793,0.09853508523925186,-0.015389853914779237,-0.013650248707009193,31.42159433313168,-24.391435555789766,-50.29608469466214,3
8357.013048053423,0.4661016918726851,0.05423493329742445,9.767681599578168,0.004359636723855679,-0.06670036502947849,-0.046821061352748224,30.340193280343136,-25.013437179829378,-49.079134315247835,3
8492.997796430276,0.49081810981203405,-0.03797477704934836,9.878606481533327,0.026658574740377337,-0.047465220656780716,-0.03305837412688288,30.920327326230336,-24.499098156313167,-49.43312305870585,3
8628.014537700072,0.41640858353722693,0.21246065059907682,9.80447919543797,-0.010402190837424701,-0.06817384581993587,-0.04591902990940395,31.277415224665397,-24.420877620557757,-50.05187767296041,3
8764.061168579341,0.5056517649426955,0.015337773540697838,9.917879054259293,-0.03370186784529434,-0.016580757202831337,-0.002493596700822582,30.27795113564104,-24.614870446452972,-49.12148623647549,3
8900.01769831045,0.5358552834839972,-0.10458930323302663,10.11930362696092,-0.04454023885523304,-0.0032843532706454646,-0.014768074052047556,30.464195702156182,-24.478949164112986,-48.801896928832406,3
9040.988568908648,0.47579001643976987,0.04556473695133603,9.785721640050445,-0.035455828287944996,-0.023621108855089827,-0.010676950830107647,31.14103235528886,-24.135600723323503,-49.301381505799,3
9176.017006313903,0.5033461883344589,-0.4067039402518414,9.892170980892445,0.08626104890419091,-0.016612450160316913,0.0016668493455864954,31.07098992309269,-23.826208373695426,-49.66027039027761,3
9311.994011714063,0.4369003624066386,-0.2703226841478625,9.9034703722087,-0.01075360719784798,-0.044313594236072465,0.02410318354780439,31.45467129033288,-24.763920262619102,-52.35685479912116,3
9447.978404766905,0.4432233574094556,-0.0780239801938981,10.16764688526092,0.012921478852395144,-0.06857932917870499,0.07189492030923954,30.45796170303975,-24.60805060050899,-50.18485360625962,3
9583.002569964732,0.47242681154465627,-0.4103217901836994,9.68960061822186,0.011842702558177104,-0.07541078949524894,0.021918134793749575,31.466295613257458,-24.567362101567433,-50.10013887031678,3
9719.021003054704,0.47477981164555394,-0.189243017090382,9.785783730621128,0.055846263173773995,0.0027684945510387023,0.007142301513468979,29.9456991914997,-24.205533754676644,-49.70656340868984,3
9855.001641338253,0.5741507314895377,-0.04031569927716969,10.074953807718964,-0.006775470682979606,-0.11140817919073581,0.02117015997033083,30.56569182982786,-24.135994116610657,-49.84855458368074,3
9990.999263269163,0.555428810632619,-0.041167135352082766,10.146083959925207,-0.02593988116439483,-0.04737336131700638,-0.04877033739625393,29.9514028684999,-24.337720853191207,-49.53341598604258,3
10125.972565094919,0.4536778296407854,-0.060152384705244026,9.777154870127085,-0.027017408615386245,-0.0502565010196457,0.02872289192474809,30.71101220456778,-23.754045356076453,-49.546917324092846,3
10266.973665122816,0.582671128665919,-0.2555495468133802,9.76270507836571,-0.007561370328600966,-0.042728136058269285,-0.016533716514673703,29.99172758555933,-24.12883946346788,-50.28614726434832,3
10403.004804690514,0.5567244140884878,-0.2519671328263218,9.957451494199574,-0.01629898798490226,-0.0777762498437686,0.013385610237011507,30.221838487125765,-24.325651580082603,-50.06892018668378,3
10538.999926609924,0.5392751121442881,-0.379911705132526,10.103949519067662,-0.05465322529487474,-0.02874130643208498,-0.002867140822100364,30.270155168197466,-23.61290472914941,-49.8820973391839,3
10674.031954077656,0.5498333347605253,-0.24736127245001824,9.984123876086743,0.045090995900141984,-0.0008827586568680623,-0.013509292760823615,30.66917723892038,-23.507090056070044,-48.99660319442022,3
10809.984114707766,0.5407014236018167,-0.15294097361894896,9.93611811873806,0.009253180504993934,-0.024038662532119996,-0.04813678310953254,30.523676563367932,-23.93661283736546,-49.941112878565626,3
10945.983158620662,0.47418419358652747,-0.20357987684321102,9.86247801355256,0.02879044870901092,-0.02824069838957565,-0.0518046676660698,30.459740089546656,-23.45774877297136,-49.418078619827824,3
11081.983219555335,0.5458768225138907,-0.08524588639493892,10.100163827559527,0.03602549290133936,-0.07297700097010446,0.042857889089817365,31.30720007364475,-23.212410855490717,-50.735994588348234,3
11217.032775304046,0.5141460243226459,-0.45668239351217393,9.899154053827141,0.024489790463483135,-0.03849204481491308,0.029911440020800532,31.306970437780027,-23.388008426335738,-49.563589115534455,3
11358.004371024372,0.5891953611603202,-0.18104431474222454,9.978486387330715,0.01655222982547272,-0.06907857607834585,-0.07057740700561663,30.985251148878287,-23.78545163359863,-49.69873230481894,3
11494.007305393856,0.6257583896480194,-0.13711832557500997,9.984804871532631,0.03984539038251416,-0.04873090736724408,-0.042792991047605485,30.89280449485144,-23.890422915467866,-50.34539212643992,3
11628.966459200172,0.565511378581578,0.00032285076095029416,9.80157041796849,0.03402177496345795,-0.03004376712851638,0.011664174060755393,30.344492223712532,-23.2545895706977,-50.04374302158792,3
11764.979807259,0.5693116592584306,-0.160976359711047,10.023621381435056,-0.028904932108283262,-0.03298250512288406,0.029654806338596445,30.476090998046185,-23.67099237927318,-50.20374512972336,3
11900.980514665987,0.5905646256071152,-0.2794616679367114,10.152574160009209,0.010862186647526341,-0.033455749368950266,0.037012505431615765,30.33690556189138,-23.006205688696237,-50.35478903215196,3
12036.993130869336,0.5404420536876795,-0.2896699941702717,9.98351802307593,-0.02167973572553155,-0.018306821738603422,0.016138754401401167,31.095836291014333,-23.66089103716398,-50.31336145071922,3
12171.999245831841,0.47880007323799156,-0.3962906831882306,9.939458965067297,-0.0027788096247896524,-0.03797447358738364,-0.018384709897356792,29.62975532960736,-23.052159483138386,-48.69498124871671,3
12308.00668489453,0.4999989718851938,-0.3337325180692462,9.828119271699633,0.015467096923398356,-0.0672425141391657,-0.015124655581402906,29.607258262404155,-23.72293368478513,-50.53313329663969,3
12444.009149526544,0.5451122863623213,-0.32041274848804396,9.844526354147716,0.01625709791766327,-0.06900259071619937,-0.03447658274258202,30.5834528175136,-23.61886863309485,-50.1845613791677,3
12584.998598388813,0.5847214914664032,-0.07001093019564841,9.669950478836016,0.02309392480246274,-0.04237279297730782,-0.005711057550750528,30.518833229062665,-23.385070871939025,-49.666375416032785,3
12721.022950915469,0.6089860271685233,-0.3172782715742904,10.209489806119562,0.029677099106197338,-0.030145932955465096,-0.003778157312532235,30.44559854687404,-23.72820589793609,-49.67171100495295,3
12856.990600096997,0.5919037152839804,-0.2698218100247045,9.9363613271437,0.011880736462569961,-0.03882459503758318,-0.04833569943188244,29.86296940007481,-23.136841628187252,-49.714935913286816,3
12992.98461166387,0.5195173017263339,-0.5803953791558393,9.881482828981474,0.0026683377542575265,-0.03160983442569329,-0.009128933622098587,29.805472099928256,-23.738915847884,-48.90549882725622,3
13127.989295912954,0.5485390303339233,-0.40532325889445703,9.819751464634322,0.008270165141939059,-0.01594377480213828,-0.014244298292213072,30.47644178882455,-23.835587225099665,-49.666824492321574,3
13263.981391955445,0.48233701410434277,-0.23414602413964591,9.698966558722358,0.023034520672422933,-0.07477794212266062,0.02984479667590729,30.242382511222257,-23.546805195320584,-49.779395817299,3
13400.009883198652,0.5310608698221265,-0.5615914819523063,10.120566097732903,-0.0057248330075806205,-0.04816579912864222,-0.015446801191152253,30.21623572128163,-24.276104648319283,-49.410072955146966,3
13535.969891153789,0.5989704143398845,-0.5426345579208695,9.956815235495752,0.048551651913577284,-0.045930949427339586,-0.01882414581149959,29.962519964982153,-23.839560738876585,-50.140162972780345,3
13675.962894110173,0.5807071152778784,0.12039820855849938,9.900228705821373,0.02458091713556183,-0.07943263620063677,-0.03546206240888493,29.207568583984806,-23.925234597796546,-50.13231920989259,3
13812.979356677006,0.5419402636854642,-0.3201878792277241,10.053275950678016,0.0699923944925452,-0.003973805776643587,-0.024810115106123184,29.741388364205026,-23.775112518896112,-49.439078672028785,3
13948.979282395752,0.5864950943384996,-0.348699726066604,9.947451298173375,-0.01935808723050211,-0.06022179460205142,0.005284979957881208,29.611948449614196,-24.40647979235378,-49.35404890279832,3
14083.995174132,0.6337141768243701,-0.37187500245753335,9.718472123610841,0.07404118628114145,-0.030593460314592355,0.008317172772662099,29.708535998684887,-24.284240427788966,-50.74580998459851,3
14220.004166275767,0.5491086675771577,-0.06851286385119099,10.020140951855222,-0.029386386461309498,-0.07189444218215502,0.005391051702414706,29.274850714197736,-24.52193772784109,-49.295818288322714,3
14356.00765606147,0.627662802317565,-0.4077778356958878,9.93540598871971,-0.019419444695259358,-0.03551483458738123,0.007081005852724976,29.05762870947373,-24.235031793480335,-49.22027611081041,3
14492.021052418875,0.6099959374027873,-0.4942829422965313,9.821721271088148,0.03482177839537319,-0.02089249391072768,-0.04750746055189438,28.646531310176247,-23.891089856497203,-49.2912102970391,3
14627.004646042076,0.6130830235696604,-0.31589357258955636,9.945156681200094,-0.010107535525144238,-0.020983524512988384,-0.013997723484756435,29.267773527807982,-23.79374434560374,-49.14454114287281,3
14762.996224205543,0.474360820493367,-0.020543268991488152,10.127313955971758,-0.003532535488460313,-0.08741128977648165,-0.004000676057039044,29.62474024346908,-23.31074636586158,-49.55693971814095,3
14903.990635738563,0.5186320942757873,-0.5945619636467601,10.107504301617537,0.033789041132384075,-0.07220713998448891,0.0436232844193867,29.787839891472288,-23.865582877551002,-48.822562810456844,3
15040.007170599189,0.558809735041084,-0.5691924850413032,9.517719648162307,0.05245715780680883,-0.0788331807107813,0.0021247310309392897,28.839404062513182,-23.447340566577672,-49.631785180294834,3
15175.019614609731,0.5633670961381229,-0.3445880607359066,9.746025893416467,0.02804391345485044,-0.012729365730846473,-0.01873192134913191,29.575539671631887,-23.418704957373603,-49.46679134805864,3
15311.012225001748,0.6150889272273252,-0.3134721857716526,9.831610352225232,0.01921451986870027,-0.06395601738108339,-0.008935812374833166,29.89553759485378,-23.346685059167903,-49.695595658896785,3
15446.999730366275,0.5990227579282955,-0.2959536376058181,9.90087176326953,0.025498124940977824,-0.04603400165702597,0.010249221739582188,29.187363694404414,-22.94617466388567,-49.03984778791653,3
15583.01683280789,0.5965106616686642,-0.5633800032187433,9.957963800471418,-0.0011596459453955795,-0.07036881477330975,-0.0069152380542537905,29.455573945217772,-22.82596775192849,-49.82013617011692,3
15718.011880222624,0.5531171549983389,-0.40694831889645966,9.583157750477822,0.02832067914839625,-0.05721368677411823,0.01630912751029369,29.217793287590293,-23.368867936352306,-48.578436275922705,3
15853.995292214251,0.6008048187462015,-0.4609994299606053,9.946928351138379,0.019508470081208932,-0.008686837273709457,0.025357454850889444,29.341730909321075,-22.912704023462627,-49.97538019650918,3
15994.968604179934,0.6215304014927173,-0.6914818178529331,9.938151117409014,-0.013952821238660193,-0.06531500760267933,-0.03141306281665615,29.305247853670142,-23.104581808145767,-50.77409598692523,3
16129.984992009642,0.5742559206658813,-0.39604269796353203,9.899365328448742,0.027341014973797775,-0.12241500410757888,-0.019618116090834168,29.88137885799552,-23.01579620168231,-49.99350315401107,3
16265.957280843137,0.6055295591008989,-0.3734288194729864,9.984732026437714,0.014272136915597247,-0.07708755905004068,0.0018898580689964508,29.828921798603577,-23.29737772792809,-50.15224332050856,3
16402.003351278894,0.6563065024258254,-0.6722691647094959,9.922571306268694,0.012972201825036136,-0.06880070499891859,0.006661913019356684,29.70816563628812,-23.11141361048916,-50.71183042653207,3
16537.973465640283,0.660161903584032,-0.5211015979397895,9.938150531908173,-0.02116686953453473,-0.06377738451476606,0.0018776073073130597,28.93425264836824,-22.79425585520763,-50.79708481389264,3
16672.992965902115,0.608093612157036,-0.45847975382090167,9.847533649366794,-0.003357177739892541,-0.03646896981237583,-0.0034357158779547386,30.27021774610188,-23.358658257199462,-50.314324560231015,3
16809.00303912042,0.6759339043209923,-0.2598325861439161,9.885940754488626,0.052491639145550745,-0.02598425623631441,-0.004473431371524898,29.131487566731305,-22.913341655806303,-50.56893717593255,3
16944.988300310717,0.6502885238795619,-0.3658320381558098,9.736503989810084,0.04163073388984968,-0.0559790050931415,0.018739628047149712,29.230879395642553,-23.78196374535018,-50.57484690198448,3
17080.99503621559,0.6918465595398895,-0.5092727339980586,9.979761936966083,-0.06622786541033078,-0.08446163617274881,0.04200407488995475,29.835498913381485,-22.964108917249483,-50.18036781981229,3
17221.034539977078,0.7195185727414672,-0.532705472713379,10.08894355747344,0.026159861382454564,-0.050424968408152034,0.01255097166293841,29.65085341568322,-23.514308467459745,-50.42630548389319,3
17356.986269283134,0.6278453604155294,-0.3862491101731341,9.736712470456048,-0.0010370470670632397,-0.07541018057707301,0.004784729755058766,29.91076936687201,-23.262197164494292,-49.978341197290064,3
17492.99674950933,0.6223500708918753,-0.5169854868145367,10.014458429885961,-0.00837860010746294,-0.04975735874351269,0.015405598481597444,29.594764131015467,-22.999228914279612,-49.94803188858266,3
17627.99620257922,0.7128311249405147,-0.36167876163869944,9.746238761124244,0.009836892029715006,-0.035379714964184565,-0.010649737462838897,29.999270442229413,-22.878240312017475,-51.523263313870686,3
17763.98292380348,0.6552484501784233,-0.3085378336775096,9.818438764584833,-0.02713388165543723,-0.008061061779830056,-0.010908944803629372,29.24050889146234,-22.89028899922874,-49.84019629281286,3
17899.998985056453,0.6788094614414362,-0.5509499338659315,9.924743579209048,-0.007857433622481935,-0.034933100790007166,-0.02141019645475723,29.645927274382387,-23.392521693618857,-50.683036905250155,3
18036.00200489329,0.6337746170924158,-0.5499164263101111,9.564623919471202,-0.0032782170826432767,-0.052899153811692905,-0.03274566341639051,29.540297305238564,-22.980048782752284,-50.327744298783315,3
18171.012268219634,0.567141928631395,-0.5603611803923756,9.775551789864203,-0.03986081791445266,-0.030751845013018128,-0.045283468478458974,29.586250330123033,-22.795404138441228,-50.54336592633631,3
18312.017229334037,0.6563596007595873,-0.3808796513466952,9.868134092319915,0.03435680688528114,0.011271667708136954,-0.025977529228443968,29.90807901817402,-23.532663251041143,-50.196727695865974,3
18447.985198465445,0.7064963846434019,-0.4133288222265025,9.907347329232827,0.03539718049962842,-0.05006073007464242,-0.012875206298337669,29.67008903041734,-23.234942021142345,-49.414355028069494,3
18583.03778358536,0.710692807465543,-0.47934553695530513,9.994544013146546,0.030413201044902614,-0.024631695716039587,0.06660845067122578,29.541113784470387,-23.0955493777985,-49.5310375713728,3
18718.99334939376,0.6841476411170788,-0.5166502747344974,9.92435058463723,0.022908760528141576,-0.05150862120045792,0.02631116239242723,30.141044733193752,-22.531760877241435,-50.33404683210647,3
18855.02942432594,0.7058451651618523,-0.6419571058513974,9.804635070465784,0.011035583478353895,-0.0035393493197672455,0.009834205894772099,29.26954896510444,-22.477146899870984,-50.170989157220426,3
18998.003079301143,0.6998520692299266,-0.7425420195785635,9.95048088503333,-0.06947991865050097,-0.011556623084155783,0.04330991901569178,30.3281212637077,-22.908720299629252,-49.38823909125924,3
19132.974282152853,0.7007894785876437,-0.5893426993412952,9.866230998852762,0.02115402059407412,-0.029221060826048428,-0.0474219378795816,28.97140912237868,-23.030750816309045,-50.85036319766865,3
19268.99414570837,0.6888935117154859,-0.5127719433562749,10.065283189089401,0.019015451168032996,-0.04852420622130279,-0.001544446640854043,29.65420090153078,-22.65280138050917,-49.12277571750051,3
19410.991349951797,0.7472722360277632,-0.601060255903812,9.900183196929309,0.0021835026187940546,-0.03998704883221394,0.023180662994418642,29.01562975164877,-23.053077755619046,-50.252587769136234,3
19550.990424770145,0.7256787778028464,-0.5677933350325104,10.210673386882508,0.031657533231895164,0.007399188275387243,0.022064004977538382,29.188580768440094,-26.001836846502353,-49.65819241372075,3
19687.00326992231,0.6939971825083342,-0.6889165749456034,9.85405671773548,0.010995144680731792,-0.07089857601686789,-0.025487676022131252,29.795821691928328,-22.645765314820295,-49.29001674089243,3
19823.019463201555,0.6770944301678806,-0.6129706738049424,9.741383137765682,-0.019086338368221163,-0.049590515550463996,-0.031417054082595916,29.28541672356934,-22.26419318831236,-49.26752007068871,3
19958.00836805299,0.7435363188086326,-0.7379676912392457,9.8809495668791,-0.01949021652024862,-0.006542762999959801,0.019282917391058772,29.25542172377716,-21.808684113229813,-50.00987427828704,3
20094.029185505668,0.7078367754368289,-0.46759990049886563,9.860026839883691,0.015424219611691022,-0.03448765884528461,-0.0167118148229866,29.234848701825236,-22.150586785906505,-49.955565330583,3
20230.03060276225,0.6994297931479586,-0.5202155932616607,10.042985182678198,-0.02137850030374447,-0.04197432560916507,0.007642713514764993,28.81998334654304,-22.625005942355315,-50.373551116662526,3
20365.995339988498,0.7706578700225746,-0.4966609096564975,9.900191572181617,-0.030185166284299902,-0.017987062805809008,0.038174283310117456,28.737496945252374,-22.401498482258642,-49.88791253625618,3
20501.00815643086,0.7060491874218743,-0.7537823798614922,9.84455845487955,-0.022175873486332293,-0.011658351512532233,-0.02183649801322665,28.56358733455871,-22.29358089332826,-49.95089416338205,3
20642.991271989933,0.719606725385046,-0.5176936310465107,10.114931102210013,-0.008747870179066511,-0.04177409206528398,0.0017844596031794649,29.079067761345133,-22.6028808819154,-49.60453523766867,3
20779.014497021664,0.7826241660217965,-0.6601252201804759,9.808290730422145,0.025546866517669502,-0.024454258542374242,-0.03224276973683303,28.561885206847112,-22.52695697533721,-50.6635694433415,3
20915.010987996513,0.7047546352478758,-0.7809080338986333,9.86420620762772,-0.0005289942980478895,-0.031521094379415804,0.00013874095329156075,28.717877280642668,-21.89409158331901,-49.28100943531287,3
21049.975705522444,0.7179920214759093,-1.6145753520909862,8.782158724452108,-0.08410769648767742,-0.2763899318312993,0.0782079018435131,28.44045827264014,-21.492199364210116,-49.30018420243733,3
21186.02167549939,0.8199138245613263,-0.6888096424342421,9.880217348423368,0.0043215588095349,-0.004679132695572154,0.008217220698920426,28.351603682656034,-21.876326324865605,-49.0087172881216,3
21322.01597632101,0.8010767856324807,-0.521035083597069,9.832581979202805,-0.009808563101409946,-0.05937678872062579,-0.05622685470535627,28.419470772174176,-22.107039198273437,-48.44529338348456,3
21458.000461400527,0.7516066597054142,-0.8007589159598973,9.880265907891967,-0.03130020084652762,-0.033987585979563174,0.035933953394387916,28.371856043215168,-21.876096993033705,-49.358558518880834,3
21593.053057310943,0.752555307990224,-0.9780707382826854,9.90898735693668,-0.017119489101379164,-0.05231870354110078,-0.013349403024898598,28.61135573043878,-22.081138776763986,-49.59614501756151,3
21729.00594411811,0.6914368881987524,-0.46879050295933,9.491408167709887,-0.004617766137588989,-0.06639942847567641,-0.04134350739862255,28.41212720202014,-22.08581297490236,-48.641062954512186,3
21885.980703487683,0.8200449446278835,-0.6519320062292365,9.839866515209499,0.012824177065424831,-0.07763994275377176,0.01639046097642743,28.716365079995256,-22.231600093477752,-49.74340651938871,3
22026.01198362109,0.774092085440694,-0.5294060386942402,9.680192781903317,0.015374657226351023,-0.044282559710026155,0.03942425718820712,28.351325632679558,-22.40640627538423,-49.939251240758196,3
22166.010178500008,0.8493861801744592,-0.7741559329869037,10.158923213562506,0.03164847758135618,-0.07994465135585303,-0.006991685089219631,28.105264298310047,-22.358567371412516,-49.482532899175396,3
22305.015532054545,0.7858666801591581,-0.6416280737772407,9.69632009119777,-0.0005644846511086068,-0.030115171621236614,-0.014252735753356645,28.816995099972477,-22.580579769694126,-49.90909436453102,3
22445.011367115498,0.8283240518405163,-0.5867907114091672,9.624332938278036,-0.01588189691106105,-0.05413534463673279,-0.03501516699020965,28.670882180362643,-22.73529173616355,-50.10789537185944,3
22583.996110520435,0.8144998873453033,-0.6138773252392781,9.626984585160436,0.036284237874455914,-0.03248208674939607,-0.009374900214313578,28.94458397466087,-22.57716510896135,-48.621745640227616,3
22723.98447545679,0.8758447015134069,-0.6907250989452296,9.925376052225316,-0.02500426630825308,-0.01999774069244984,0.022960143930807492,28.884807431853538,-22.01882759102713,-49.878472640896135,3
22864.02344746774,0.8693777761079553,-0.6880686244598928,9.779748202853366,-0.03292521032814727,-0.04379681510103035,-0.05901956586092136,28.647169261626487,-22.249110169100753,-49.690663642239834,3
23008.988577142463,0.8479844054980838,-0.5730822159945166,9.850921814275004,0.016914651143889493,-0.056997496123062576,-0.01594009862003569,28.37203349121281,-21.96519798964738,-49.7128261604566,3
23148.97521137739,0.7977826136085682,-0.7990828112421464,9.794946960900536,-0.03873528092713982,-0.09666075863939758,0.0158085747254304,28.477513831381092,-22.37241919148991,-48.595669043021374,3
23289.0030208077,0.8520981507121376,-0.8428716995177837,9.897709123268784,0.0004352280308886629,-0.11088543022060171,0.0045944717198301566,29.105380854542954,-22.346727403738043,-48.47551410108426,3
23428.017791937462,0.8757349665329479,-0.4599076281041431,9.750155469680383,-0.01672299925727251,-0.08685628833869488,-0.058032943803474936,29.469411814175878,-22.288161678617882,-49.25726821250154,3
23568.008763079528,0.9337840947338742,-0.665990223821564,9.887546581306445,0.06654167712523659,-0.05319644183364072,-0.018834522189699106,28.742662914468713,-21.815100018791316,-49.0784927374902,3
23707.96505012309,0.9793872322917863,-0.7018733902449992,9.837916799887912,0.0542840415956337,-0.08252116263303251,0.03935714010016341,28.240333279540557,-22.56502550400754,-48.86011645228589,3
23846.98906635504,0.9572853689332678,-0.38142975724415445,9.65993466241448,0.027960409154129413,-0.019679582880267155,-0.0183804328576006,28.415051291936756,-22.348746627923347,-48.45246703558022,3
23987.00620378415,0.8628419568911914,-0.598300925461555,9.777865429051136,0.008218773881173114,-0.08157102380344255,-0.023231550028598665,28.285730551473627,-22.19137193870478,-49.70426337491797,3
24125.994599817986,0.9863935449608006,-0.7017668349958224,9.764111524929897,0.021811468733335195,-0.04217213442309575,0.026636494388521503,28.022134214369107,-22.257780724575788,-48.88236507076854,3
24272.0311191118,0.9709673081395089,-0.7021167310260014,9.77346607120442,0.0228605428655391,-0.05668259727826478,-0.003255022500538291,28.664849486470835,-22.30164374326625,-48.93515304474336,3
24412.017929198475,0.9172583544045673,-0.5588941123002109,9.81446130715179,0.011103553932956098,-0.007953232485599178,-0.03921405512473342,28.76923668622236,-21.726123003536596,-49.141456056193775,3
24550.962115155366,0.9283991612328526,-0.3507514667432735,9.868885184079206,0.028963481945825386,-0.03430107176984496,0.06169475835557324,29.255658681749413,-22.79120848165349,-48.83790677372022,3
24690.979542428868,0.8598506029098824,-0.7337028326708649,9.718926893178251,0.03029153074855819,-0.022267721014920687,0.038888336850586395,28.53369712298721,-21.503936348418893,-48.38737284857955,3
24831.044844935812,0.8069457640723973,-0.5209689194544913,9.602081148079483,0.05026058381121171,-0.06417810788950483,-0.030678442873195006,29.26672854686997,-22.308857898731382,-48.953783473861186,3
24970.00131981774,0.9505467758905691,-0.5296822783795135,9.889016470640026,-0.04452600356671401,-0.06918690159725369,-0.008816090219952688,28.759900071699985,-22.473427090669166,-49.29799670558946,3
25109.983390945483,0.8931591632958842,-0.629287908208865,9.856253891264831,0.026825850726332555,-0.047566456794851504,0.005895960786285113,28.626771595639408,-22.312288080816455,-48.483532057979865,3
25250.005405575375,0.9986869706056163,-0.7192865914428964,10.00510210008294,0.016545682628821532,0.001422108407597509,-0.026731131405782756,28.489079323580214,-22.230853190973903,-49.082672079916975,3
25394.030235446935,0.899122430673649,-0.5418367953593421,9.608301409009384,-0.004432746475255052,-0.056200569609538065,-0.038117534346221844,27.889856957663067,-22.324273359074045,-49.24127217454666,3
25533.992888547276,0.8901953386372257,-0.667076281907039,9.715831957066689,0.008426869926824017,-0.04933685377555245,-0.03358090079942771,28.117926780227037,-22.635781803099945,-49.73273463034113,3
25673.014301706782,0.9374901782439073,-0.716923039022469,9.89375423699108,0.02402366358045578,-0.058078650707291755,0.01246242952712375,27.61599164779051,-21.67750110585231,-49.16645278723311,3
25812.993629109973,0.962627638658277,-0.5494906287554976,10.11592170167395,-0.001891673027315198,-0.029022729734612472,-0.011009599821320031,27.534694198499388,-22.044767708149962,-48.55361379262581,3
25952.99883798065,0.9358226633347894,-0.38940471117086234,10.033691027440637,-0.03514225298237506,-0.009778564548767438,0.037888842892042265,28.533033035861564,-22.831471642921084,-48.90324703182975,3
26092.005842044477,0.9185612036184715,-0.6343365351910478,10.09989103601363,0.052880352426062184,-0.07018101539676917,-0.01808592858491863,27.620675381684507,-22.4080391645069,-49.95221645013221,3
26231.97619232316,0.9385863619819185,-0.6256226519009261,9.974879027726129,0.01399352137304541,-0.010529646524591672,0.0020217184563124033,28.39674359221416,-21.98571962244486,-48.951622895888164,3
26372.014064429673,0.9782070035837186,-0.6612949058291274,9.942208067704641,0.040065601473510334,-0.06579885450962421,-0.0427282977635053,28.029094135256347,-22.14308774461547,-48.76180964441615,3
26511.020881904642,0.9812397588182186,-0.6163726775984335,9.799063366399693,-0.012394673514724102,-0.044106038966505785,-0.016934579258306666,28.318340463394385,-22.090031699787005,-49.58829882183269,3
26655.99459147657,0.9486700671624264,-0.6029395501850896,9.922947160174273,-0.02714423540689803,-0.015864577144743434,-0.03537127359225455,27.99679428078123,-22.117451750826987,-48.92780132823048,3
26795.033076916054,0.9078283591277975,-0.7315889422003139,9.909628593602804,-0.011921094928878214,-0.060534384960636914,0.01810999765565267,28.377024703281485,-21.690374285385705,-49.32205607851107,3
26935.0318417091,1.0003384585563848,-0.7187451382387481,9.693337078725488,-0.010059188620616954,-0.049641639711957425,0.0004407738507923632,28.054290031919006,-22.220751342083712,-50.28340469424721,3
27075.000411056593,0.9714817800472055,-0.6933222642811169,9.93291191855238,0.03246354561282127,-0.002816267432232072,-0.010126521542349838,27.66776230717939,-21.48471648260057,-48.58536460620188,3
27214.010521715518,0.9078219872055566,-0.7898966618986727,9.719416684167241,0.024727021428829547,-0.010019613715497474,0.004072814478285396,27.62336412678334,-22.00243454539759,-48.98545819282465,3
27354.00571675338,0.9559952714509169,-0.6766925231069145,9.712555073097029,0.008711175472595669,-0.024562044529484253,0.011707140230934106,28.134153888796106,-21.600809384293647,-49.28008057564244,3
27493.997059569,0.9111747530389546,-0.8675828481686289,9.914665216645588,0.0028249344775216774,0.002236081449069445,0.011873766354716368,28.200803737919472,-21.715493483663177,-49.30694227936471,3
27632.98822422448,0.965769558464631,-0.5300373635819986,9.803799470579797,0.05113543437071158,-0.06143422944538798,0.0031389280801114887,28.062618313819947,-22.172605326757143,-48.912244104174526,3
27779.02948450757,0.917980259805686,-0.6858022254215911,9.907752368986655,-0.0030278177308967363,-0.04572556159501539,-0.0280427405088853,27.80863109527628,-21.983840813344166,-48.65327875669728,3
27918.031592376457,0.9490510628706739,-0.8507679413590237,9.948068462767955,0.016238670451539552,-0.03875616984630939,0.014347237417792692,28.43076476214617,-22.711962244873803,-49.391484818515245,3
28057.999627840392,0.893479655197206,-0.6700294802036888,9.73684938375346,0.019286098992194956,-0.07629119653936435,-0.010668116320820435,27.939102509226004,-22.655059925901632,-49.26745358226281,3
28197.989420050708,1.0163362263757876,-0.551469511685706,10.002763987856078,0.028359352266706574,-0.08796928181734796,0.00242998940040966,28.92211411821874,-22.16942445774382,-48.538855461633716,3
28336.986622277578,0.9817439365713396,-0.6106364817382459,10.037424215245997,0.02392965145011166,-0.000601586166539215,-0.01546702917319516,28.1522874433241,-23.146756308067406,-49.59582701442482,3
28477.044138715704,0.9611071143150759,-0.5462562665838515,9.886459490447013,0.07587682231741025,-0.041604116328013696,0.01114827050186531,28.40132793742372,-22.654220209627386,-49.43614336127423,3
28617.03892664414,0.8951961073249238,-0.6188561123837716,9.87731141777392,0.011700693572008012,-0.054806475150382575,-0.02879824428834882,28.370757746664353,-22.422887007779668,-49.36189543623239,3
28756.01394596308,0.8565004917524659,-0.679995137972208,9.95885518372452,0.01695133703842125,-0.021971039651344518,0.009017682666667626,29.514971643457436,-22.129586092789918,-49.31048124619771,3
28896.016875778536,0.8786641132402532,-0.6521919262610663,9.961334300989723,-0.03247012487163232,-0.03502511259923305,-0.03441356918258952,29.063629896020522,-22.357453162805776,-49.54835578103587,3
29040.993565675806,0.7624426158079759,-0.648595301380064,9.792200241205437,0.0017910924564335368,-0.07458895969209374,-0.010481658819905218,28.60773964597589,-22.116964002399232,-49.622222256073925,3
29180.95621093284,0.8147213810286464,-0.6782361234697037,9.868593024724005,-0.005308580550622537,-0.042627440046887316,-0.004759299113742965,28.939287722190798,-22.21122012192403,-49.70009208319763,3
29320.95184760529,0.8794707553991286,-0.6248169502274601,9.919846474219797,0.013498552584728313,-0.08329249662418958,-0.010315596638127934,28.907536208873854,-22.408031998317465,-50.44581150089028,3
29460.037528693545,0.8954920943655056,-0.7175823019809832,9.773677387089077,0.028412462698571873,-0.06654658376580627,0.019052694781450327,28.755844502015442,-22.226620312548782,-49.15841319169143,3
29599.974927093073,0.9037138847629896,-0.6410309452758978,9.732861848409392,0.005681696194658083,-0.06040214280005676,-0.005546231387539876,28.755560421895588,-22.038324967533924,-50.72937168309192,3
29739.998680105018,0.9094133109844637,-0.7179765791871746,9.941327251892387,-0.0029484277218434197,-0.0381486185680669,0.0013119604974044974,28.669571192664986,-21.840977493244882,-50.90285982208654,3
29879.019516719378,0.9231624001450007,-0.7266161457138857,10.046024905166464,0.031876794150348144,-0.010505469944721185,-0.0017234805638634118,29.173997620129917,-21.23401677199138,-50.14042397685262,3
30018.981656944572,0.9555982993740764,-0.721427508787976,10.079260220666196,-0.08919642573287011,-0.10435204379600724,-0.010676401885324803,28.49707791130243,-21.065370823857656,-49.90257200914404,3
30164.030151144598,0.872492588095357,-0.6442823474333744,9.816489113738442,0.020931389242454582,-0.01871266459627862,0.015107276680512339,28.707517209010355,-22.02746437620831,-50.23373145435765,3
30303.00701697915,0.9296516991230336,-0.5974670136409698,9.896456283237528,0.04404127976345422,-0.05004058228757188,0.01946477365941155,28.417461972909297,-21.9075911804888,-50.13991405626132,3
30442.982939363497,0.9139817757148829,-0.7420927550402961,9.968961866127003,0.007084926824278991,-0.04721484350037161,0.010546447144494877,28.97663299232904,-21.15351124287369,-49.71580027204939,3
30582.968464446523,0.8212723110837664,-0.5630320548713064,10.004337295739541,0.051518157954071865,-0.020805397216219896,-0.027921298440442843,29.269727563765343,-21.70612668104805,-50.72917668115272,3
30721.986382510022,0.9018462958870115,-0.9641424370994572,9.72219347001438,0.06176736517456668,-0.07738718559255602,0.007425202293899531,29.50868089147461,-22.902901219331067,-50.807694794266304,3
30862.006673233045,0.9920032087025619,-0.3314084547651615,9.717583961235851,0.015356167364617633,-0.07048333345014698,-0.05352386106052532,29.229320366469178,-23.14214646606623,-49.41909372272554,3
31000.96415572774,0.8566999558290592,-0.640890818167552,9.821615196703023,0.0034229784327506744,-0.021296553263975088,0.007670415898965641,28.24043535314702,-22.30770242868583,-50.91083524162701,3
31141.027866719436,0.8324423541905699,-0.46932802189861855,9.842802053048356,0.011511548789017662,-0.030658645598579906,0.007818537194641716,27.81345496411182,-22.438998407200717,-50.32412868245011,3
31280.994884442913,0.8564816414766836,-0.6284897544858111,9.893060205140602,-0.0012953682114473905,-0.05609639271162541,-0.011712233346897782,28.989521871359585,-22.586777836946972,-49.99259087316479,3
31425.99843059289,0.8247120519190625,-0.6660260343463937,9.74251601286871,-0.027441069971652486,-0.0718367469925129,0.01096786248317799,28.585685023968658,-22.34542730564817,-49.951723224863635,3
31566.003769456467,0.8124753970144439,-0.46193814966916985,9.646383530997852,0.021222496658080667,-0.03731284073792026,0.016834071211178383,29.58203579568929,-22.188881843410996,-49.63167844328198,3
31706.017404727387,0.8089081653366278,-0.47411515840779855,9.676251095242577,0.04045993408195885,-0.032045687216703096,-0.008998824866299717,29.939968571721625,-22.406989575681838,-49.962425586775886,3
31845.01108776751,0.9309265480152402,-0.4731329512858348,9.707363246570413,0.0285364262658166,-0.0524410053140394,-0.0012238194669707272,28.355122333218056,-22.672785864916627,-50.21010131765968,3
31985.019781449464,0.8188823299083728,-0.5087292298616307,9.430279030122023,-0.04269041312965302,-0.03200957324571484,-0.0469561956682609,29.761799556532733,-22.98276690626456,-49.37327270682905,3
32125.010070297252,0.8585027950251191,-0.5906696631979111,9.790459667401587,-0.014689881218143854,-0.015519453467188258,0.025200123299830672,29.437076117892577,-23.0723750412749,-49.804953960646614,3
32263.986397179764,0.7641684310120757,-0.8245222592601527,10.25314091979565,0.02644469015856223,-0.06636958867570203,0.038091759143573774,29.74476808879526,-22.485351837884142,-49.011390556508935,3
32403.970970721086,0.6677461717934139,-0.5101257939084491,9.918019187416807,0.05446996976540778,-0.07803767855462519,-0.027680940354433945,29.294349116444035,-23.03213660085691,-49.00111951082629,3
32542.99943598066,0.8337779070112534,-0.5574973362200791,9.46399425779992,0.035858724602260694,-0.10949604578233785,0.012046842186984244,29.322586886951665,-22.938821112012057,-50.375837066783674,3
32688.02340313584,0.9059386300018457,-0.6613468288729103,9.987401227180184,0.04433688610897451,-0.06363662303512216,0.0034779659391958786,29.00158635124888,-23.418684707639276,-50.811022908693815,3
32828.013439048475,0.9234968876165182,-0.2707392010464806,10.229838009227471,0.004644835232312119,-0.08167795410378502,-0.04449728264746795,28.99785151098249,-23.150175895181533,-50.821382553734885,3
32966.97586941824,0.8864615333145128,-0.3005873996231018,9.726371150745875,0.028417117881303952,-0.019290177667494992,0.02455406141776909,29.00253990073695,-22.802359630790434,-50.28905025904777,3
33107.002532354105,0.9179639178669635,-0.6529425064524398,9.893692121449373,0.005069355426165472,-0.034499282337191545,0.025808442780888757,28.912169233567557,-23.050537285098674,-49.67114573697227,3
3161.011463194688,0.07568823202342836,0.15057352260017368,9.903833778082523,-0.035162271343453504,-0.06568389738318639,-0.021137435783840315,32.97294359825789,-25.220599943893458,-49.70695648021352,3
3297.018997573308,-0.0037316176823005394,-0.06988074662915815,9.912737325419096,0.016460680063495554,-0.03379894802762252,-0.0030936466096938946,32.9949335244878,-24.539347732234184,-49.561605583304036,3
3433.991920273165,0.03553166422012571,0.277915323512013,9.781730546451545,-0.020260452040602218,-0.09381450502541891,0.03431000743640034,32.99516771388268,-25.05533500881465,-49.18160882096132,3
3570.9741918862387,0.04161228479890365,0.13586574662807743,10.011316508688102,-0.008317713495415118,-0.033015705956828116,0.004766962055016626,34.024786563634215,-24.44107664476365,-45.49143892632337,3
3708.020490839798,-0.028785639418606058,0.27053959408168476,10.107375522029301,0.016225316326620495,-0.02826342273769915,-0.0026414183851443123,33.44749222487359,-24.51835884738501,-49.59320317818088,3
3843.98080051623,0.012929231282575393,0.08279413240527501,10.112219508065328,-0.011759559075406453,-0.039010793649540625,0.006919447398496942,33.7123577901398,-24.442007855118874,-52.048386090878054,3
3981.0547602782663,-0.11191560808031416,-0.0058126931984655095,9.727396775819269,-0.012767867447382992,-0.049811360784491096,-0.0040064537686722,33.44484616087374,-24.464697289270443,-48.23763333581696,3
4118.00857255267,-0.0367985597924432,-0.1080394025562035,10.025247815339371,-0.00799773507732239,-0.02912199538111922,0.003926185627515564,33.61728005058607,-24.543248543651,-48.6765297942946,3
4261.013450009494,-0.05781879116785492,0.2834127907056829,9.86058750099391,0.03760602187779677,-0.02306302901074435,-0.0056397648985816486,33.790001952126055,-24.43818075379169,-48.415945814043816,3
4399.004466069182,-0.094458890727631,0.05386388966090917,10.069760531317318,-0.0029626412732129143,-0.043452243019530434,0.010804280749789919,34.108585521600546,-24.712926483920505,-47.686211519283496,3
4536.030313262184,-0.07020762031641634,-0.06293677232693042,10.09608014775156,0.02118781983214826,-0.009185179499957931,-0.03543070535385346,33.32170176588717,-24.321419510282972,-48.44140266585248,3
4672.008642594523,-0.08991832792772836,0.15115352448156963,9.891147966405851,0.012954677238037662,-0.10982194201199567,0.025518511565654087,33.564244656523215,-25.031705215573794,-49.02402494453897,3
4809.013766979238,-0.01185755671150806,0.16107426880854286,9.783797950414844,0.00475920401495675,-0.10956729461424074,-0.01956428559386268,33.308481989410716,-24.43160482467581,-48.56096730054145,3
4945.998558236858,0.028500604612080493,0.02230181677773009,9.775937947682582,-0.005125524428420916,-0.048642613379990415,-0.00048640443417236447,32.97829257741694,-24.86246416841455,-48.59289778315854,3
5081.986184304473,0.03341065955657217,0.06129246564747746,9.961739800519528,-0.015189391623492242,-0.04833620466696776,-0.0001578782159954961,32.660822926990214,-24.210332474086485,-48.44723173510046,3
5217.013684825946,0.015693346777905178,0.026049141918629466,9.801051241367373,-0.09869578074109622,-0.03978624392740388,-0.0028897887756185354,33.58362944477297,-24.131188908246834,-48.50267580044297,3
5353.017261156152,-0.05497939272295656,0.11911397710095895,10.046406194438195,0.026077541730198057,-0.019645678710053526,-0.029196019601457124,33.464598069166094,-24.180685015141517,-49.17286808887073,3
5493.976034183839,-0.03429229748926238,-0.07697743204954938,10.052781040316907,-0.0254753655548122,-0.10232040249098201,-0.007960629444244558,33.34593797932813,-24.376911631684248,-48.037390740713164,3
5630.018011859381,0.1309075431929298,0.14445871997578813,10.260873670842166,0.03585115700719549,-0.15626067465000795,0.04558531733964306,32.755364874831585,-24.944607981974453,-50.00498859325794,3
5766.011245258849,0.1036544638400313,0.11780275277626215,9.764197189034263,-0.05869706984226242,-0.07989095738078035,-0.019739752527740753,33.24861403325749,-24.824897451470203,-48.99011309608367,3
5901.984455810309,0.1438280082225864,0.0708335216446173,9.89403569330497,-0.0009835440700210053,-0.03917677828142069,0.028308232685653738,32.6058882764067,-24.3355975170867,-49.773364259841784,3
6038.034976757421,0.04102902429007391,-0.03368237191979985,10.21616641069979,0.00549325448647696,-0.04567355320562415,0.004659705740215919,32.795007229841964,-23.97375952965168,-49.66785817721246,3
6172.982438162904,0.0699252656494537,0.06514745974880905,9.828268503737897,-0.004155351041892123,-0.10869813557069492,-0.025308900509780227,32.57581930182131,-24.60361992650931,-49.46587801083809,3
6308.998882639957,0.31308173293815617,-0.05888012984209153,9.836957636514025,-0.03682844625718123,-0.10551837954580467,0.015790905161694284,32.322747896072336,-24.701635943413997,-49.30727234873974,3
6445.004850451001,0.21922617863310345,-0.06530274567788333,9.824132616673255,-0.0338054808975039,-0.03291615025496906,0.023224025883943986,31.95046468324785,-24.53271013504571,-44.97560688191434,3
6586.003913838695,0.19704111893080462,-0.20612239615398975,10.173462877148504,0.00968943626128584,-0.005432518519870606,-0.01553977958149297,32.723399525311606,-24.954355720915018,-49.5918893738559,3
6722.000904529499,0.2705962667795862,-0.16729168607403622,9.84056468046849,-0.007606148140973804,-0.040706177555857974,0.04024432838108644,31.704817575181906,-24.464724589467505,-48.746765980560596,3
6857.999077868266,0.247941887534122,-0.007300893074786964,9.773260582136537,0.02044739178014108,-0.09589394392456714,-0.01973885962305464,31.769338533696846,-24.4347282054242,-48.7520912166284,3
6994.002022912824,0.2715121494275327,-0.056369991730345695,9.611689942526718,0.004608045578746547,-0.03984428922076469,0.014226120320895387,31.15824208648076,-24.30567298296006,-49.3834894735035,3
7129.008747498082,0.36538850947010004,-0.3135025591374642,10.492772048381186,0.1477594729351879,-0.04509274111861673,0.037957167766444526,31.845995769702224,-24.652664529605754,-49.79158727084909,3
7264.986653696061,0.3322792975493891,0.1576297074753935,9.255052992023804,-0.004909424703781293,-0.08050104550531141,0.04032510460417692,30.896848821940473,-24.515172023463688,-48.8217686532003,3
7400.997494768718,0.35049600582827,-0.2258707664149206,10.192406938663105,0.033394080343793146,-0.0579404044491117,-0.00766129792511086,32.15809846105589,-24.556096667036094,-49.90837355851585,3
7536.987339961481,0.3391225196597427,-0.36890781904545417,9.818578534976742,0.09426306164716729,-0.04430009326849783,-0.018807457802620522,31.08748397285039,-24.79245521503209,-48.97580013326987,3
7672.000518286153,0.28920721301238744,0.11052435912603341,9.661356432021345,-0.005135242835235197,-0.030007697895551747,0.028837509774183208,31.185491335762965,-24.763328042843522,-49.39976695229842,3
7813.976641228674,0.3445594316731408,0.14712387138997043,9.848361967678517,0.03442649209025769,-0.04907401497141964,0.06668588445831057,31.033353905650902,-24.856839744152772,-49.96840678132152,3
7950.018810512388,0.4338860636132615,-0.12638399692142507,10.002916197683879,0.006486000230734688,-0.026291796132653516,0.030661860857724637,30.627203517475856,-25.345736026838168,-49.97974341933571,3
8085.011437410729,0.4397031267380262,0.21801959179128846,10.096909091185639,0.028012908547502515,-0.062485051040751464,-0.042039681823845786,30.992171890560552,-25.30889151804144,-49.979325090319065,3
8221.014590525412,0.522117845806892,-0.16206557756704465,9.846659632975308,0.062476698758763376,-0.016815886912177558,0.0022812185246105896,31.48693308874872,-24.41851217446697,-50.29448889987498,3
8357.013142668957,0.4392674991224902,0.045539782364264036,9.743672712512165,0.031023981441901997,-0.05539763693470813,-0.037827625870172424,30.354227231118937,-24.98423311073335,-49.09622200794087,3
8493.008914615604,0.4854052748494144,-0.0283951963142444,9.884455332624,0.03324946227686818,-0.05568641082597608,0.0012493982463950867,30.924588681258957,-24.523428325512523,-49.426753006562905,3
8627.994827496248,0.4583664595797298,0.1944991169152913,9.768348629190232,-0.010732058760408347,-0.06425692614233407,-0.04592224149907874,31.271531755771242,-24.384987579807635,-50.08872443730246,3
8764.004116019369,0.45087235728780245,0.0039556036832449236,9.949127162767429,-0.04049384130017725,-0.07183199202863409,-0.02538884267414377,30.26672616634998,-24.606234134013913,-49.119394252366156,3
8899.985941725563,0.5257965013649178,-0.08362843030322151,10.110916057674434,-0.035903236869018244,-0.014758176877112616,0.026926213454320926,30.447266062606577,-24.51934743708848,-48.799315861376584,3
9040.994509368442,0.4636832528764203,0.06163739451546125,9.814073417957704,0.03312335693971434,-0.029397953965855442,-0.01292911150674573,31.097873169645226,-24.151891447846975,-49.28743723360384,3
9175.999292091657,0.47563970880485384,-0.41701851790427424,9.876309680951055,0.037916861101399045,-0.026831615892520352,0.0680479913070447,31.016491257041196,-23.827397902991063,-49.668844770129006,3
9312.003191531076,0.4418764378031109,-0.26060968318070543,9.953135247473389,0.012650432812534973,-0.06059184564579272,0.005371047269189855,31.407488112322376,-24.69110649475909,-52.369010740272785,3
9447.998075104111,0.4779375398239679,-0.06464890189342765,10.192212148466126,0.003211331056914884,-0.06707550474505362,0.03689385924869876,30.483435783104245,-24.63860451340532,-50.18374909114104,3
9583.010066010476,0.4625091221526865,-0.3498281345888398,9.739257127273023,0.01991630536848466,-0.0816108689614386,0.03239424576844781,31.469112878477002,-24.557768531284303,-50.04558554928485,3
9719.032779527925,0.4391589836835381,-0.15317326375233264,9.732534548023068,0.06696326266490941,-0.009306267841532883,0.0008898511272491161,29.961345916330455,-24.209530496746147,-49.68975343347542,3
9855.006098222168,0.5917693175841858,-0.0651379090826947,10.087375841929745,-0.002785986921707558,-0.07255212508125986,-0.002667793886832165,30.56602840640583,-24.146025423480136,-49.82543341675547,3
9990.996578852442,0.5773002036709064,-0.07127078935470972,10.118629130306024,0.013804731940128894,-0.015065493125806543,-0.037623286097915834,29.978715469944486,-24.344014188653002,-49.52082546898367,3
10126.041676112793,0.4316052069841027,-0.06011338221565681,9.72877125495904,-0.020735894401633054,-0.06379995565257404,0.047641980252598755,30.708575390696005,-23.732423256705246,-49.53994352834147,3
10266.989018053708,0.6014264833100857,-0.2587723088917758,9.746130995822849,0.003357554974795956,-0.10322332169609844,-0.002008142833234903,29.957196063141502,-24.161836516481166,-50.308813866342014,3
10403.003375710197,0.5636815099302758,-0.24482469817293148,9.958073474972318,-0.041944187759054535,-0.029102791152992878,0.005499005277567304,30.207550950765192,-24.33533495969894,-50.06102777797672,3
10538.999916474673,0.5179145086356125,-0.37136543762358926,10.075560104988918,-0.08058888598114192,-0.013292786454935979,-0.05030257390855157,30.25198723321363,-23.57610834587194,-49.91749564003408,3
10674.023711383388,0.5458830319971141,-0.26964473709357945,9.930410996476501,0.022248404194747023,-0.033499000595580884,-0.04499125272431332,30.690319124024914,-23.533250667314427,-48.99870477908358,3
10809.96841364672,0.5400906066811916,-0.17042061044162626,9.944555360792442,-0.010656322878548412,-0.03584018523934964,-0.05095706256980501,30.49882107257488,-23.944486876742985,-49.928958956570476,3
10945.99848121836,0.496124825336086,-0.18578478020859543,9.87357148758816,0.013720185650141815,-0.03472592264828353,-0.025178977662571506,30.44120896666345,-23.48214969987328,-49.39696678467475,3
11082.023406933875,0.5598066382126262,-0.10861739367841369,10.115773369355194,0.04077151412405933,-0.05730415203629627,0.04989969804735469,31.296677523127485,-23.222734130872983,-50.77697709105731,3
11216.9664297754,0.4371138911123503,-0.4291314369718096,9.939869294164735,0.04147114091373884,-0.0734831921940214,0.0027972679162518404,31.295262514537434,-23.35818123375701,-49.57318939590989,3
11357.979570131605,0.6157307169777763,-0.2053736308602487,10.014471950195684,0.025257784278792758,-0.049175504427611504,-0.04525668827039327,30.993332883196054,-23.796661172501093,-49.72081119095896,3
11494.027490100161,0.6318240987167242,-0.1012414514636444,9.990793793323583,0.03729930686333346,-0.04488088714170671,-0.018165952473288813,30.893507262776044,-23.87068146589489,-50.34876210471547,3
11629.016175075561,0.5822728968354134,-0.009514775570976013,9.803125641560865,0.04405033385013301,-0.03798754997459421,0.0008111569579371799,30.381007986641222,-23.23189713539064,-50.031835756862506,3
11765.003812564359,0.5585291703981606,-0.14518960915024526,10.055801368081983,0.026869405545706156,-0.025413072841662623,-0.011408290938474543,30.45169390369316,-23.704839082254132,-50.15572792085144,3
2739.001516999217,9.699731257222616,0.9135334761533945,0.3070848151363587,0.015371396725063761,-0.05669765928369694,0.031949001419715524,-23.829128339726026,-31.62209029805423,2.715909324460663,4
2874.961232962001,9.672127038374464,1.049113348734154,0.6924235197637408,-0.02632096258044269,-0.023111447765231902,-0.0026240111754155236,-23.709357549782737,-31.30713724546407,3.1703466606038924,4
3012.035496578458,9.773251223351766,1.0014310654961904,0.5219904515581442,0.029838076993831304,-0.047160030808730574,-0.0411021795381981,-23.940208679636058,-31.341907304743668,2.261318735271884,4
3148.987039649621,9.678132316862564,0.7372134138870904,0.5182811940747732,-0.00016528981121658598,-0.002170250223911166,-0.01684565136519183,-24.658859756725107,-32.04698183132465,2.8344867863629633,4
3285.990116886382,9.683638007795356,0.8199435135041638,0.5546641595992797,0.038416947652128906,-0.04301450063607216,-0.019464743790664117,-24.39501099683029,-32.08686956072699,3.019806469552615,4
3421.992096569586,9.65003400594604,0.8049992188601283,0.5593909673152122,0.002715668994539227,-0.025140501549355283,-0.000900856468655267,-23.844812284918397,-31.461218004227202,3.039619735283283,4
3559.0165141050866,9.709865858110302,0.9562452257386072,0.5929159555171549,0.010737757763075673,-0.054276572636325265,-0.027315188529462818,-24.31317467732348,-31.50896874158759,2.4915000555470317,4
3695.9947413839345,9.71587948353908,0.9671744656080591,0.6319363722763153,0.00394562074307645,-0.03536332027482477,-0.04266798793272689,-24.25297916420611,-31.625867477496623,2.706648318951615,4
3838.9598768745827,9.713849346365407,0.9708857720204318,0.7540915872608184,0.024789073461673392,-0.03772280938388072,-0.026026183979023287,-23.77971650231728,-32.198177813353496,1.9657213865852412,4
3975.9773839788227,9.723375349470349,0.9102805319842576,0.7518002556496474,0.001482384590995844,-0.005579814104950792,0.006268090208960764,-24.375352981039672,-31.569548789418842,2.940678693127225,4
4113.978849485699,9.708571030034479,0.8919513428386927,0.6048432324626599,0.01797679592351269,-0.04376179034042447,0.009748226033834606,-24.091549605589233,-31.982799458187035,1.8697995178657945,4
4249.956082520829,9.68337671584721,0.8479273620813692,0.7247148405967906,-0.009322276624321004,-0.042230162765154435,0.0007055708282428689,-24.07389108790836,-31.330886628340437,2.3308911858570003,4
4387.013274563099,9.66320380351022,0.8219303617641026,0.6232319737891204,0.044343321905225844,-0.029903846323160958,0.04087393135348826,-24.3066039732974,-31.821609123737467,2.718124427547302,4
4524.000082402381,9.702822087512866,0.8610911645676683,0.6698771853100802,0.0011734247257976882,-0.03960129641435864,-0.009651644987816514,-23.93105707392792,-31.793663605760738,2.200897605176768,4
4659.977566135307,9.750388727393027,0.9488074316033841,0.805833005619027,-0.005447714456491656,-0.011905249238310581,-0.0006307125063045542,-23.352971653881664,-31.720485677196034,2.180360957157828,4
4794.980872154031,9.72861723555496,0.8217192628152922,0.8019512067240305,4.058113869596892e-05,-0.030300914623618374,0.005170569062256677,-24.22643435728568,-31.870123018918925,2.0100574516354572,4
4931.042050963797,9.69918162799457,0.8016286669027842,0.7560203543010323,0.029057465200684827,-0.0686021141230223,0.0066454799320259635,-24.202631799359654,-31.324998816052716,1.5957463258621545,4
5066.987515058521,9.710371749058627,0.7727967988170048,0.8237330544477603,-0.028580399476356495,-0.061630196565987665,-0.042326033872989804,-24.152034687523216,-31.571899109448225,2.0856925262124464,4
5198.981455183846,9.657380169484968,0.748702163436655,0.5819471265655479,0.002855627305061794,-0.05438047347619748,-0.01335955119129942,-24.40028285805231,-31.29900630743016,1.990159055381871,4
5334.017777108238,9.63107839753068,0.8392468834897557,0.5477219787868267,0.016132572906573297,-0.08847622609323232,-0.002288425526026742,-23.67718738809868,-31.673243212341514,1.8047686096703905,4
5469.978226940726,9.697239735690179,0.8510593581351599,0.7303319909993592,0.02830886882717048,-0.05740863599696359,-0.0027282824898857603,-24.180322351518495,-31.97873689548216,1.9350404174469649,4
5605.975154620416,9.774797757315474,0.9716322416684471,0.7522215898503773,0.0089617769042996,-0.05589403629413728,0.0060089927809764375,-23.860787711492584,-31.23633361905502,1.7820896374211637,4
5742.0101975318785,9.750619770939327,0.92663356432403,0.6953379828304352,0.010311144453943325,-0.03805872898609644,-0.020976640789967783,-24.019652612233386,-31.334877609968302,3.1165211105307864,4
5877.0306502243875,9.689323021219506,0.8120974549504641,0.6426929855834362,0.0006103839965165793,-0.028268784622233208,-0.010542268128415869,-24.088562384807588,-30.991559997252292,1.9667208959710054,4
6012.998134155655,9.630595466008394,0.7533537029538858,0.7012997740867476,0.0256883809893569,-0.03776949845278071,-0.02849178539558037,-24.025669870693296,-31.21773600012224,2.019474517162589,4
6149.027443242946,9.760299258531374,0.8216906079234886,0.7477067538455122,0.022416897926450092,-0.0794376824584995,-0.027560668797747056,-24.228246832081133,-30.3542123653673,1.0692300224955102,4
6284.985074069634,9.682883594317484,0.7662549329507979,0.8419269141109036,0.05533182460546607,-0.038568139937686,0.026632777224581267,-24.669622391311304,-31.454616392368603,1.7284405003264847,4
6426.019067086267,9.662595088921055,0.9370796523254582,0.6724776789255503,-0.008762644561816382,0.022202402343760502,-0.015522414105483835,-24.91625246346427,-31.762704735998113,1.345439548667863,4
6562.014748763702,9.55999635493305,0.6714906255331968,0.5589795146433413,0.05341781691709446,-0.05429145724703917,-0.021810085139295495,-23.881718936198,-31.950861701702372,0.1717748089120999,4
6697.998850398377,9.792181998220693,0.7119275903161609,0.7597016896804661,0.002400552866882872,-0.05623837559575285,0.04203692852811613,-24.293715214336597,-31.379701599064546,1.4856221852828737,4
6833.007206099272,9.627441723816393,0.8152671583709297,0.8131806634377498,-0.006392591844737906,-0.04025341930233391,0.026082200754169137,-23.40172171636353,-31.41245307262689,1.3289365869494314,4
6968.985515794411,9.689885399441795,0.812467575211046,0.669164875471373,-0.025331850716907134,-0.05149731028657307,-0.013662704648468207,-24.08572992652977,-30.58795269111513,1.2194258998096814,4
7104.994423234564,9.671011540419748,0.6813633602496261,0.889532894500931,0.014339843165883073,-0.04188320695611998,0.013310608062137838,-23.960435299249976,-31.541040730815453,1.4342713623662544,4
7240.999187866827,9.71926527439669,0.8072099571223218,0.8423841309168705,0.022741879116019197,-0.03665588021763153,-0.008713966851725699,-23.757865373449885,-31.104857437157573,0.7050679610633286,4
7375.998324425515,9.680111179953116,0.8499043468674804,0.9066450990597132,0.024943423914106217,-0.025765356026560958,-0.03698507497855227,-24.037954904475257,-31.667635261415988,1.5068591054218219,4
7511.978819076143,9.67149900637948,0.883612750672032,0.8646782212475681,0.012378526658965295,-0.052128528145315677,-0.05365115888376809,-23.895335881436335,-31.11448585528887,1.2895451189287377,4
7653.012527297649,9.742723825473687,0.8634146778653868,0.9052445856701532,0.0029554293087458933,-0.07180380145946702,-0.01766683933239647,-23.425900191509463,-31.639661599550045,2.0479362568912376,4
7789.004270040747,9.669340906786697,0.8034881914134611,0.7598586037112808,-0.011689707517770367,-0.039278177010410774,-0.01733933519919769,-23.865378443892993,-31.70821732606954,2.4453197669497087,4
7924.023350704698,9.71469352915513,0.771452155769809,0.7836718133477185,0.012844289411828446,-0.014474165852082199,-0.004175838443537774,-23.33841032621242,-32.05515101024709,1.0314851443002913,4
8060.019046854256,9.768424781080496,0.8967804895740503,0.8556670979013523,0.029016243046562515,-0.044492525043019586,-0.037428502383110906,-23.280021054896732,-32.17435425090238,0.8584494702636488,4
8196.036259060706,9.747650792118225,0.793213721077023,0.9391077361753677,0.012212583493350034,0.008552903522000735,0.03157554252403312,-22.972601721065097,-31.689234937204994,1.1075620166579927,4
8331.994496316951,9.738737457131833,0.856805434337461,0.8204847215119713,-0.011580687670089218,-0.031139397189757247,-0.03377040538738614,-23.66244901076241,-31.55029122033733,0.7613092040646662,4
8467.02380553734,9.682238550370338,0.7267415825941995,0.8207702876467803,0.04112578996994655,-0.08132047668530419,0.006319155667669803,-24.202877319213126,-31.454524943763737,0.4174533538500217,4
8602.986863774895,9.707002493502156,0.7835849639475219,0.9090865598324381,0.009300020825225783,0.029349047600336374,0.01147134436874508,-23.589346887219584,-31.246735064405467,1.537363287875098,4
8738.999044348951,9.624571992390589,0.7016644390158658,0.725619347871918,-0.03063303647584107,-0.04727163540691932,-0.00012667432056736943,-23.73679818880893,-31.211948951492268,1.3576174694915748,4
8879.002943159012,9.663148948548601,0.7735126887271557,0.8297338635217474,0.0351751802005888,-0.09292892805035718,0.003522151707493709,-23.76786418804555,-30.820252998767348,1.6634729425169186,4
9014.97964825267,9.671156021639874,0.7488556040949581,0.8732795414592854,0.019012552391563145,-0.0681304841856265,0.012219559345025048,-23.85495036237321,-31.334205126669392,0.1783741124380075,4
9150.986999291528,9.740997146371832,0.8165563276638687,0.8942045884354751,0.030178601461852084,-0.0837559068438226,-0.00046963449514755016,-23.42372703790533,-31.367032751572495,1.2839804517666913,4
9286.96325321465,9.7401109980025,0.7938659784201316,0.841383801200643,0.002571743321553634,0.009916976701141543,-0.026466625866058135,-24.076848720057637,-30.663273695514487,0.3076726043343038,4
9421.9950702838,9.725316684663369,0.8240626033102725,0.9011302770055997,-0.0027695543514317123,-0.059934208703149486,-0.039240274355748825,-23.59971287233304,-31.277049976211675,0.529432836103928,4
9558.014939463399,9.749282189461091,0.7869776571316128,0.9193999203348457,0.029303524574337193,-0.04299033855038139,-0.007899402535407614,-23.37280546497885,-31.06152668795356,0.4308744319823957,4
9694.007311133118,9.754514440576541,0.8090747105749657,0.857718844623243,0.028096240904889803,-0.006970518294899745,0.018205344049213555,-23.900545440177037,-31.342287749739825,1.26697679218328,4
9830.027309249723,9.661247295605001,0.6582139445100941,0.8778123263461624,-0.016652465981213897,-0.0233399012907783,-0.006365731658200902,-24.38451028788502,-31.164519785521342,0.7620449839711582,4
9964.987786026577,9.654609334762196,0.7900320973082072,0.9005503096567394,0.027659015021203815,-0.058042960066526705,-0.025425420425503286,-25.069200603789504,-31.37732048721514,-0.4203448254222785,4
10106.004735580784,9.710408108866693,0.8200271921396508,0.9685922156155599,0.016956829929835875,-0.023748095859347552,-0.02026086844002077,-24.525755351109158,-31.124250351086843,0.5540035174940035,4
10241.998379341263,9.68833181662388,0.8188599919835358,0.9469213650070017,0.026040836254214998,-0.019801515383876377,-0.015660825476234687,-24.568136679883924,-31.556577441404922,0.510102180781418,4
10377.026597786098,9.651827421356694,0.6860875412873574,0.6821977309679745,-0.009150343052396922,-0.05965581385451928,-0.043680559010686064,-24.724289085447797,-31.292639261144146,0.593415364856938,4
10512.987634847863,9.709547212260293,0.707352324406411,0.8863017254272756,-0.01646527549594855,-0.0199247582684614,-0.020825291967075183,-24.44895840500113,-30.985370096641287,0.6889889029539084,4
10649.004499657874,9.793803878970005,0.8429681516474671,0.9483298902087671,0.018120851991644087,-0.009350492116368543,-0.011942464719120057,-24.06058676159392,-31.09376811558563,1.093550886180513,4
10785.019557293683,9.660396786039263,0.7305563985943786,0.9485496049115831,0.012716430336773367,-0.021809085648253956,-0.03397827124519607,-24.839977650325462,-30.462067332007393,0.5344781899163095,4
10920.054099657353,9.723052247828218,0.8447083643544528,0.8472173395088702,0.035512506729094825,-0.08209867677093931,-0.016597556141590697,-23.991812534482488,-31.74513640380304,0.4513791126389436,4
11055.995315033515,9.68487684130876,0.9384865159866934,0.8728356481104909,0.03832804797274324,-0.07507741437146921,-6.218182919260181e-05,-24.513204932589197,-30.83400666980292,0.6576602200226157,4
11197.013480688765,9.59715916681516,0.7770431591740156,0.9251901269418028,0.05490194272778458,-0.012399483441890414,-0.017054513203360277,-25.13222290798147,-30.90584287626639,0.42836706369583405,4
11332.999051150418,9.715389601061862,1.0136328154018397,0.9953419984304532,0.013894675640974737,-0.04353323596210981,-0.03249709289676652,-24.736719347188068,-30.83178180520487,0.5017592997380244,4
11468.01390663792,9.709327970622528,0.9158720007001341,0.9467383359703351,0.04829987738302518,-0.0743693244553826,-0.0028156385986332333,-24.96004102101659,-31.557893194619,0.857766483783657,4
11603.983508471618,9.605271346060185,0.7026170617699268,0.8919295292158462,0.032345212652772695,-0.03536456100624715,-0.011435674549479184,-24.425915487757745,-30.56999836396974,1.0430875475131245,4
11740.004003228436,9.672287263792429,0.960626983218523,0.6726889619432075,0.02113468035326272,-0.04642335029023969,0.01028003384650398,-24.79711611077799,-30.667190035954196,0.5909211574635905,4
11874.992535332161,9.51117130274481,0.6213443639098506,0.6537212921946625,0.028446410588000626,-0.06438444083451633,0.009533328049454061,-24.656452346405203,-30.654406280772356,1.102164165380805,4
12010.97134052577,9.648137460502358,0.7384024261141482,0.7939973399452296,0.04731981388167133,-0.057488416922148664,-0.011538526736015344,-24.739834430946765,-30.95980816626145,1.0925916088603165,4
12147.023700355028,9.646076438792548,0.7130080690998035,1.0075798924735546,-0.019142090356554092,-0.034278220631694216,-0.03538896648151738,-25.368045146965237,-30.542832648750235,1.1248681782948111,4
12283.01528800712,9.75447996347526,0.864601489033856,0.9322105393158239,0.025825575368533842,-0.02960899186835131,0.006986014308267414,-24.91461749223582,-30.76113122601791,0.9661767724227839,4
12422.961493265571,9.699683682330543,0.8825465531345547,0.8617980915796606,0.023009654302026214,-0.0035266346370399007,0.02571605555004623,-24.70321418298667,-30.88961917795648,1.647947507514809,4
12559.011274940804,9.554942946293718,0.5306091238040911,0.9098892517860293,0.009758311872198486,-0.026448874217840205,-0.010967834088099674,-24.76103269122673,-30.643930471201198,0.6391796159223351,4
12695.024731189273,9.903563406519833,0.9575835326122711,0.8004919956974864,-0.04809908376825384,-0.04267282747295341,-0.010530414079868202,-24.642957857047488,-31.039945471409176,1.139950272374734,4
12831.015284447954,9.669748955444652,0.7019648602581529,0.9504408317750298,-0.01262118164075838,-0.0175145974162133,0.05308465932062545,-24.90559225229195,-30.715335532240637,1.1344305003784623,4
12966.018565289025,9.63264418751909,0.6985443639125323,0.8616570514169137,0.029913132608192998,-0.04804789923961561,0.001565105568982252,-24.21815120370339,-30.728418388893438,0.7089716126531641,4
13101.963489682868,9.72487864889483,0.8389768846636799,0.9223506760194162,0.0329571761975324,-0.05614653727145451,-0.03029597307901449,-24.455638513851518,-30.529134020840704,1.2652917967159838,4
13237.974396935282,9.671547707809422,0.83022931480547,1.038170838929138,-0.008380268624839789,-0.05673948548987013,-0.00013463334222262046,-24.41448648377931,-30.47189508889818,0.07109885489962785,4
13374.016519924877,9.663877444362877,0.8086988710720724,1.0159219376105038,0.024651002818076743,-0.0587798622446242,0.01263731875353666,-24.296641194160816,-30.53441711910474,-0.25567944925367325,4
13508.99795207379,9.621744788544877,0.9584928883575804,0.5459606764306115,0.26118604247994853,-0.10763428360328217,-0.030602135640138656,-24.492268698608004,-30.057045967828138,-0.0426515999361056,4
13650.021034234927,9.689436070432603,0.8037167325149487,0.8951794210567264,-0.011548587190786237,-0.08989123269612037,0.02584336910963739,-24.749790801920337,-30.061439353378432,0.7387473139127578,4
13785.990907177345,9.679952928805339,0.784941718560424,1.0115161367112506,0.04584998634162003,-0.0887341443244716,-0.007990952786739522,-25.111022506527185,-30.61750691932379,1.4540259493282366,4
13921.028540981108,9.604156560116534,0.7157887967954398,0.7780013765224665,0.00561967033582963,-0.08985686938467893,0.020979829421433227,-25.151389961174527,-30.34841447661305,1.085091748306602,4
14056.988888354254,9.661507797138915,0.7084221605540816,1.022858020452563,0.024583922977706105,-0.01364577050114733,0.005093345112666728,-25.111239918303912,-30.28559033544527,0.3206685667259769,4
14193.019843696788,9.699896241793905,0.7323848638199694,0.994670532382176,-0.02271490842523845,-0.06486933742031675,0.015153576402782143,-25.06293173541453,-29.920319445765383,0.90456100173688,4
14329.041213587621,9.70132925060593,0.8064071986284057,0.9668962728753584,-0.004860806454761962,-0.0599228758377387,-0.006771446615966872,-25.7076025946168,-29.70900788060562,1.0461122137854202,4
14464.018909442475,9.752191151713934,0.7863788985614995,1.0328928744988977,-0.011971041218939299,-0.06388550334505487,-0.042299797322091645,-25.86412135745913,-30.391531462666148,1.4858084055567773,4
14600.007064460966,9.680562102386302,0.7123474142752072,0.9973074051551087,0.006646023370088868,-0.042731888209902806,-0.016372851840543386,-25.97193755873614,-30.428138250684718,0.5567346463060753,4
14735.983628543454,9.678810914686297,0.7559419823273154,0.908676355823405,0.04989703469490912,-0.0518585296465579,0.00163732439593371,-25.14665942601948,-30.22487724691054,-0.6706228656818392,4
14877.023903234283,9.64987133311338,0.76749262777157,1.0200303354325053,0.043592604655999394,-0.06113570519718278,0.015098142274218485,-26.17590641369603,-30.76353863982833,0.24854226583881228,4
15013.007770388942,9.661389216461071,0.7043958941684887,1.0846693886806433,-0.004938928195377716,-0.011619944943729955,-0.032067900069146275,-24.874178318388136,-30.06613456744733,1.1450787580282917,4
15149.017180529707,9.76627172967791,0.7997354526020828,1.092093643162198,-0.007767471641552185,-0.08313115590368789,-0.006500614748423156,-25.10888059710704,-30.424532818550503,-0.2395400942304178,4
15284.99771904349,9.698379460105093,0.7715667692420856,1.053968521525203,-0.008955154513245729,-0.06118602010152229,-0.006488558378721305,-24.99788981118001,-30.322216836572895,0.3204817956778422,4
15419.989576775648,9.614111834380155,0.6984482628750761,0.9608710670114774,0.01960404012166046,-0.02334974674461454,-0.0008781570380473947,-24.80255650202077,-30.53482015859567,-0.02929723608577395,4
15556.00013791941,9.716816503936103,0.7732871106049833,1.0399192313948205,-0.0172886418492962,-0.03540199809975944,0.026865523027177336,-25.10572872176436,-30.90432694893629,0.7334039260000976,4
15691.978729454406,9.651064571954324,0.7082147207612713,1.047027501704474,0.042797210008905066,-0.06818809446231519,-0.027435963714528756,-24.774916401328063,-30.160523520581275,1.0996437947015016,4
15828.016256887326,9.817909650935475,1.0470697293917073,0.891683883484229,0.24859826543832314,-0.107763401511674,0.02947605858261729,-25.108613017413354,-29.92549515881315,0.5566561867883937,4
15962.994536970644,9.752674062638807,0.6823193661575566,1.1542183105189552,0.021633544228643293,-0.02181913294815929,-0.014722841841931048,-25.133144867085257,-30.249061873883658,-0.5192627055501158,4
16104.02777592221,9.731232814697828,0.7740659983718768,1.1313487462973382,0.011666718850182684,-0.043811888387212734,-0.021390150458293657,-25.03581104535346,-30.384455387615773,-0.564863313136596,4
16240.027416091774,9.66601997915203,0.8268576189523025,1.0144450732554324,-0.0014386238690248057,-0.05854748037868449,-0.00950330175892984,-24.336511178610582,-30.570927953004745,0.5937660824213598,4
16374.9993141776,9.657266329053753,0.7342784623809565,0.9041086904507364,0.03175572792448657,-0.05320027856609447,-0.03146220362390066,-24.860202492409954,-30.55015762835891,0.43687290617868585,4
16511.01638880513,9.7150641995473,0.6952404073553538,1.0998706550729376,-0.03335332753884315,-0.04337631282260456,-0.024995811917105273,-24.426257052996192,-30.440898189959245,3.510081828786395,4
16646.997136290072,9.67556173758339,0.7546552412803132,0.8992458420795117,-0.002268329609847394,-0.041433753718321704,-0.0033805092200861193,-24.274162902077915,-30.17599465088199,0.2447359891745453,4
16782.991221137538,9.614050276227124,0.7483923082201832,0.9289261449455777,0.07507427612697166,-0.051512325516228294,0.015193715933951909,-24.73344029365359,-29.48925846632862,0.5049504414795716,4
16917.988409036818,9.660789526432024,0.7288975915897172,0.9236850007634397,0.02640111849303425,-0.09482637275697567,0.0036285347198824944,-24.72743177274747,-30.126254648212907,-0.7327421305872587,4
17054.036503769355,9.689135035830603,0.6875086459856208,1.119839458632998,0.024985821285379906,-0.07832226097514253,0.038694883672796665,-24.839850295996055,-30.22407331537894,-0.799779260730829,4
17189.99867238154,9.65668605206907,0.7035776959238792,1.0737172150796845,-0.027990045910682097,-0.0577684836242913,0.0023604963301064163,-25.211174219865335,-29.5527791103901,-0.37419035782333004,4
17331.036156174792,9.735461795434555,0.8364793937218137,1.0897066713493198,0.030129982026158172,-0.05692840517731736,-0.025761308655004315,-24.698254639400542,-29.97302797694044,0.07261206651311525,4
17466.019838548393,9.712979767698004,0.7686427850002496,1.0554922558794142,0.022608457541589067,-0.005180001570900984,-0.018861627129868046,-24.681557858976635,-29.67146552201672,0.18927352090902683,4
17602.01017222602,9.614158815260906,0.719955125456624,1.067916686763739,0.026199040882080693,-0.03898260856526779,-0.015617129413156752,-25.199918142555234,-29.893899947284968,-0.5549126346181805,4
17738.010336633713,9.658518129548685,0.6984910612655469,1.1068268578243987,0.028947031574613452,-0.0428819868350121,-0.05118314192950943,-24.96626131134266,-29.809397661427234,-1.7418025077292811,4
17873.99278101952,9.694716793754493,0.7916637653450543,1.1377665029636197,0.02627329644971394,-0.09195268882491234,-0.006438129608296693,-25.105800616392212,-30.21077988361044,-0.147688045506288,4
18009.02559210928,9.701878289115104,0.7736026995577847,1.0958997492077425,0.025931977250591702,-0.007517932378200757,-0.002857424501318726,-25.373442432862948,-29.79857555341456,0.42581595995514193,4
18145.026205950213,9.668357083028981,0.755218112229406,1.0194327697167784,0.001743983898826107,-0.05120457365115542,0.035261890715484974,-25.04096349629973,-29.774685333702084,-0.5812178180370422,4
18280.997690839562,9.665948986032907,0.7320662582735502,1.0945313095390672,0.0038435419612561457,-0.05985349123104744,-6.452941215559093e-05,-24.99413750387637,-30.287920253759317,-0.6496098068876013,4
18421.002336097798,9.650274054332689,0.6954214807911141,1.030748581573056,0.03513257413553897,-0.05156216775089971,-0.0071698761211501155,-25.569923282975225,-29.94181989987623,-0.33778522433145397,4
18557.007284334144,9.693293711142966,0.6290349219165131,1.131774654181057,0.017880817589885897,-0.044728029158053795,-0.01002322041139944,-25.07460100098739,-30.227194681713115,-1.331704476888848,4
18692.99192205755,9.683477948826303,0.6695206736246105,1.1125399460321472,0.020309450577771556,-0.07928908532730868,0.0009691297365003997,-25.526930502846206,-30.123918975366774,0.19600983024952284,4
18828.982019661944,9.785044230605951,0.7169978884560229,1.2448685124864955,0.08049266473549607,-0.05999970629193453,-0.033408944404895065,-25.60099429829322,-30.47394647522442,-1.4860070761309467,4
18963.999750242412,9.667500988272199,0.773220973019853,1.0593558651385486,-0.016105297186296604,-0.05363818138261572,-0.0018422950553965128,-24.81661056265994,-31.08233714582661,-0.3326844218962594,4
19105.98651131211,9.619722619846245,0.7440603142176554,0.9701893770211965,0.024020325616016934,-0.03923695523735342,-0.038996875105785526,-24.755000943638116,-31.09466015104555,0.21655529735199536,4
19241.990608514545,9.781326050565738,0.872510325757035,1.1596469174170574,-0.01534429344862196,-0.046501069387621635,0.024370450165038252,-24.958429562969798,-30.434585263287406,-3.5661408023157186,4
19377.008101579428,9.656293432176865,0.8259585870993604,1.0617692013501612,0.007559946215849817,-0.026044900319967722,0.011543602987609305,-24.570116145464677,-30.729836610481467,0.673019580217189,4
19513.010192939688,9.56466240880459,0.6787316667820051,0.9978193168394363,-0.000574446232369785,-0.009750510592452426,0.01419420437529107,-24.7225685626849,-31.176143144937015,-0.4051081773321831,4
19654.047748140038,9.68818413214526,0.7575547173852337,1.0143927825946337,0.005978973193012526,-0.021865685627369475,-0.036505240371986596,-24.694939799913023,-30.436691911458247,-0.048148534969701916,4
19790.014739933227,9.696880567689451,0.847572527683104,1.2758604737902313,0.05572431341598438,-0.07573024163326834,-0.05362836756577825,-25.120934985622604,-30.641671285578557,1.2086422655831008,4
19924.98288278644,9.714505175033755,0.8235243089165643,1.0887879527176902,0.033764806277586754,-0.01023743652283459,-0.007609651078483172,-25.492295564115583,-30.250640700770848,3.557900583356558,4
20061.030917078566,9.67278004965544,0.744470531086915,1.0847961031777609,0.06338408355826375,-0.08023032577145839,-0.0005840314328419906,-25.36256354541548,-30.54334297548588,0.5360367764800252,4
20203.99960731946,9.683759900877522,0.773724111500396,1.0807742506120175,-0.005890171474003213,-0.052154950294228175,-0.021842383786024665,-24.950025633935727,-31.052622992087848,0.19525667428021393,4
20338.990306964315,9.728263996732807,0.8797973883063893,1.1081454295071844,-0.011715260606488505,-0.05741008325997419,-0.014640428900640875,-24.616713319028175,-30.746215364689554,0.3321743797456634,4
20474.974666345002,9.66791590953123,0.753796840936593,1.121106465269774,0.028635225158473502,-0.029448206320557332,-0.012740512649735546,-24.474070359853286,-30.785609249422226,-0.24972002437940033,4
20611.01686888828,9.73363882666755,0.9297666942083073,1.1483369498307692,-0.006252729003668983,-0.010926850582859759,-0.05545605895114177,-24.77898252414416,-30.639342497291135,-0.9885020122139127,4
20746.9562087498,9.685928277421477,0.809866963656428,0.9908833629856391,0.03844151628872829,-0.017573765545697666,-0.0036580280241622232,-25.05812414201261,-30.98410864126062,0.5035858905565859,4
20888.015016027544,9.662148913894509,0.8315102350947855,1.030400575991737,-0.02627494779879207,-0.018198262354275976,0.0036858285665163754,-25.25831899510971,-30.07382944745392,-0.2115830158845744,4
21023.982533935647,9.594670354341385,0.7644161292207752,1.0818053566877308,0.0003683856132272905,-0.08725247453188648,0.02389173348755539,-25.484449907361654,-30.900448462454378,0.37929087014848367,4
21159.99944703339,9.692802597655085,0.7730530364955539,1.0790781262880549,0.002085494802814539,-0.05714957728454188,0.03614147794640344,-24.76733132631491,-30.468165532811895,0.6687782328067252,4
21294.991978937316,9.68278796040183,0.750726972009384,1.0348388336896066,0.022264888986044735,-0.06623582271053763,0.009449026249775597,-24.871517967067117,-30.226948115737898,0.7186950639800085,4
21430.997604121494,9.728315902913026,0.7729561295392169,1.213652151416967,0.020389338205374447,-0.02831496107958983,-0.009605189934919805,-24.605358857627145,-29.945642289875952,1.0837029138444578,4
21566.970032680423,9.678885572829168,0.7967594059865238,0.9407181556313429,0.0029177934459654583,-0.05191267790975373,0.004461319624734262,-24.238855866119806,-30.790869346926268,0.43192957478456406,4
21703.00142818554,9.606061773437766,0.7447397099648742,0.8417090032009313,0.05551602159850947,-0.030889498951958718,0.019838925213772684,-24.32778645881542,-30.94730109684373,1.1153670256435018,4
21837.99738477501,9.676237115642454,0.8164228265561878,0.9851873241823647,0.024607521014846638,-0.03326289876395972,-0.027601413069683257,-24.19054308704743,-30.50175923184589,0.22009017929160377,4
21974.013254249872,9.70823805850844,0.9279919803524509,1.050048753909562,0.01285113182076255,-0.05016935469710809,0.01580547944582094,-24.455942178802704,-30.70357873350422,1.9755972311935586,4
22130.0095300217,9.705775174058362,0.854932673450346,1.120258613565425,0.029468931574354904,-0.04907643856141948,0.0019063113302983626,-24.63756176643711,-30.581855420124867,1.3419037809348127,4
22269.982306385882,9.640589423790496,0.8070220118743449,1.0897995346697078,0.007714880915108013,-0.058487320230884654,-0.0005868358056086041,-24.463519339103545,-31.206962583937887,-0.27342319847896857,4
22409.9853540048,9.643998988870711,0.8159253417225902,1.0688196810980655,0.010879013321266008,-0.011606688496761722,-0.021833701774210776,-24.603559331570423,-30.598066793453494,0.6947464441078617,4
22549.000636102366,9.712795986006045,0.7956288325939557,1.045004733878913,0.004921294021281086,-0.0766598344034128,-0.009245792820106503,-24.421354886763396,-30.381931732357543,0.6041435109653484,4
22689.024334051832,9.715939666992355,0.7847417693306468,1.3025479277180052,-0.010137882702717307,-0.02233196079779217,-0.003509245754396014,-24.796525906957026,-29.46759354639618,0.4589157099497185,4
22829.011188884764,9.743077333647424,0.7069949920727483,1.308380290473507,-0.019369647825456606,-0.012566272044647707,-0.01341153757557972,-24.93243931026961,-29.939212267504573,-0.6853968001845396,4
22967.974594679552,9.69495983409693,0.75940507115725,1.0422900754851259,0.032835907448095926,-0.02567211120567436,-0.05631736238441784,-25.289877396653036,-29.97529842251548,0.7679559460987421,4
23108.010715077122,9.710109755346913,0.8575464608852031,1.2091975590112949,0.0012535485805281006,-0.023450686764188825,-0.0037877595273302514,-25.663069859278586,-29.380973071610487,1.050906632030946,4
23248.02091804185,9.67417625860258,0.7468515599437172,1.266157212578649,0.005439906372596965,-0.04397022764572245,0.017972591045964707,-26.2695919871157,-29.72289688826071,-0.1455483915457078,4
23392.957837789407,9.622734051363643,0.7089746398388315,1.0977714494604183,0.041823055762775486,-0.04685143741437687,-0.0028426897760666656,-25.862849869691527,-29.957673770250313,-0.3614368519112832,4
23532.986418438428,9.648706066540365,0.7828731102553936,0.9702157070599223,0.028501225022582018,-0.06503484375447485,0.018797706165943534,-25.997658647471795,-29.63092376523921,0.24736567454387326,4
23671.97977496526,9.664845563666898,0.7576402012383233,1.126309566864238,0.01007119535243323,-0.08308679243819794,-0.01743806602582585,-25.833329342021713,-30.016853777742575,-0.8078905701488344,4
23811.967687643944,9.73073158814338,0.7682228661164057,1.2268083052714907,0.04268007665438701,-0.04472730441485783,-0.04419762289432047,-26.32263646420006,-30.811225855534886,-0.20834717596980465,4
23952.013167705754,9.750605296351555,0.8268063031273515,1.2480673975533783,-0.01764360815797287,-0.01650370592743606,0.007694584110607318,-26.308175644029856,-30.57448474193389,0.14719540035071665,4
24091.00214456382,9.633989539536703,0.7776929499983922,1.180881005339928,0.011059346867102332,-0.06839261447461593,-0.05297518769657766,-26.33986706987023,-30.436526015040275,-0.9607048783007032,4
24231.01223062447,9.726067644474076,0.8965074093222901,1.0878428980003239,-0.0209978204274298,-0.03401136338629235,0.06804101876275997,-26.392087871658916,-30.806785205226355,-0.7979686797662142,4
24371.005031034878,9.602007757332226,0.675394473049099,0.9175793151324382,0.028703850521480622,-0.03974822718220279,-0.018617333519507596,-26.339272406054832,-29.854228898278237,3.1764303652287387,4
24515.00398225929,9.683437765635892,0.8101395132771938,0.9770941899233637,0.056570531269924555,-0.06523480492412131,-0.024618031863919337,-25.44390424086406,-29.796342493605156,0.4228205722702578,4
24655.01309535776,9.69295458684911,0.8271614211173576,1.0654544747293482,0.008098646680918222,-0.09447387378587044,-0.031176463853436684,-25.78579461298181,-30.26467836982116,0.7798830700575833,4
24793.981842693673,9.699952426332208,0.7731349582379894,1.2377395845109975,0.021504555505453726,-0.0444716331280759,-0.016568973975279098,-25.08951936329266,-30.341600758721412,-0.7000692698611607,4
24933.99388458728,9.713598593529573,0.8131136267755718,1.1504160940706043,0.003596772356643121,-0.03823992067497885,-0.03239578547268423,-26.239517510258715,-29.836163183433243,-0.10068861598041341,4
25073.980924164192,9.676895655505895,0.7586497412667407,1.117937893394243,0.04587455613413149,-0.058221512164205236,-0.024304573306091776,-25.297848544152558,-30.576562865776495,1.0572408230180015,4
25212.97736984264,9.643096734852161,0.7595623711527706,1.0840918395964279,0.01156599022504722,-0.022959150698204478,0.005217766092991337,-25.09750141458327,-29.95333187730266,0.6194622257977614,4
25352.971815782614,9.697824903957645,0.7486825197821998,1.2375049280727122,-0.024433705145482806,-0.05310078328686039,0.02582977651595102,-24.43917108881238,-30.415046609944397,0.13381760698699016,4
25493.06624696838,9.715879654540784,0.7919842566082078,1.1998155933814345,0.03402678586972514,-0.04420322401661492,-0.004891642069379187,-26.15262250256334,-29.624813632433117,-0.6505129678809021,4
25631.99779070468,9.723137276223765,0.7756775235433637,1.3317904062131039,-0.041324883425771675,-0.04638075988501469,0.0025339958022037915,-25.805264571218597,-30.32435165669153,-0.5646525018274235,4
25777.01733645155,9.659162505470752,0.7702239737787651,1.1555930389522981,-0.03415787833821015,-0.02725103484086872,0.009549957153171917,-25.060857993964117,-30.193852369892678,-0.4706255726900318,4
25915.994397417588,9.740793487181817,0.7577149596046178,1.111595769156287,0.0333145252211764,-0.014814404456090927,-0.02149449282491389,-24.581780452873655,-30.588381994362056,-0.3175859031057834,4
26056.011362060166,9.725910824148691,0.815014126898506,1.0684858993279858,0.024065181383829154,-0.06201298836201072,0.04879495236600909,-24.886840890463656,-31.065444085006078,-0.057393522100410745,4
26195.978518918957,9.582854906918982,0.564460633793957,1.049265809177279,0.01933590538123458,-0.06884754292306103,0.013814483976402808,-24.949753049085928,-30.3293963363299,-0.645210736720346,4
26334.993947119183,9.828443832503321,0.9301572599262106,1.172746176538318,-0.03943051006964066,0.056987679346049404,0.01840324892089833,-24.216840411236557,-30.260718384145026,-1.0688495517822534,4
26474.98594775818,9.541059420484519,0.4473484045575304,0.9664586465527567,0.016125107541421595,-0.06819964024290291,0.05167307539887583,-25.134568315849933,-30.20067008985437,-0.035040027524808955,4
26614.978303440694,9.751782328207764,0.5866638457307615,1.1272513219215925,0.022094400542977503,-0.1009171990645082,-0.011503806915797807,-25.286665855258914,-30.503236136077568,1.3199033114923298,4
26754.02253558304,9.716138861170895,0.5572943217279779,1.3289703844013108,-0.001413359403205997,-0.08525141096983496,0.04573216020630738,-25.123908621162293,-30.578552660754273,0.8819901302092497,4
26894.01980034451,9.794098276576992,0.7089884099711641,1.039943195603011,-0.03651294905905431,-0.03893269924499467,-0.007194949411042675,-25.514910883827124,-29.634632714672303,1.3122261099023704,4
27040.021973417865,9.625806997519241,0.5631126504032428,0.914878925058089,0.00861751069808565,-0.0287389424798946,0.027402410034094753,-25.368534741979367,-30.254395337807996,1.3733482974724087,4
27179.007267030647,9.768168379742272,0.5683680832565793,1.12706702058292,0.017050047106383196,-0.019878298361400187,0.010834193673724245,-25.320633052793557,-30.22679499800749,0.31705952821242567,4
27319.01908285288,9.686449048295342,0.5103966890722945,0.8105353085667837,0.005229912201547584,-0.03304423625827296,-0.003318886035408229,-25.409701628917276,-29.736003195514844,-0.4187649115669771,4
27457.97191171367,9.60926896860808,0.45265105629687225,0.939962541454501,0.06295290571647857,-0.03983763929075082,-0.004463722005080332,-25.517789003603344,-30.070129559847523,-0.09186595233062919,4
27597.989046598486,9.780132028176611,0.7838825931795661,1.1439455713127467,0.05289504916441575,-0.037602685909912247,-0.05357584611010245,-25.173026838100164,-30.0583437520024,0.35874672170111016,4
27737.975484186976,9.807157266314562,0.8403056462806907,1.116519548492387,0.011205385113890135,-0.034313066945528194,-0.013924416509302841,-25.551663852824763,-30.038563443937072,0.4998196104224337,4
27876.993749135498,9.665487017098577,0.7280057469793698,1.1450347217101808,0.014404964307896301,-0.011421127828257147,0.028290770850227673,-25.01302484341245,-30.020259344277584,0.7798027127736091,4
28016.996070857724,9.71462602326814,0.6668877394379243,0.9974935485273125,0.002205966312681342,-0.049937751729674594,0.01754131519029125,-24.90647036358731,-30.310773381323262,1.0420838908494836,4
28156.999390878904,9.773459710023756,0.6012393121606092,1.1526444897808326,-0.06867777266356513,0.02575059846487196,0.02405838581083385,-25.43871041341534,-30.439652396292168,0.6761893291566861,4
28302.029281497773,9.659299451706698,0.5183729803845768,1.0688840542395917,0.0014783535275866531,-0.009499755439655288,-0.024463824900505728,-25.44449458031559,-29.5743360629386,0.7577132690238562,4
28441.987315730516,9.702003747701347,0.6522704489207996,1.153141701827616,0.050106889971635864,0.015467015885096467,-0.04859240045310778,-25.332152672384346,-30.43933243997973,0.29658993197118444,4
28582.005787748596,9.749667714109114,0.6531686530607503,1.1598914769637223,0.04582530223850636,-0.029435805672632286,-0.00013366720372649213,-25.140254464632886,-30.210273286323297,-0.7154106722405533,4
28720.99530420598,9.618323363085745,0.5788647945160861,1.1160272133994897,0.027559659005625802,-0.07186535819889277,-0.02136099329896791,-25.231610451592903,-30.536787329729147,-0.2171303922106836,4
28861.04353012762,9.704756748363044,0.6538851049278496,1.1164843173028334,0.0489594145854281,0.015552167313897206,-0.015803799390267145,-26.080018731663095,-30.36874311837241,-0.6935251241283137,4
28999.986953181502,9.655932368429108,0.5739014311413008,1.152963309521359,-0.012628943683299162,-0.026067557924058078,-0.00833144707250521,-25.589554195848887,-30.655744029715038,-0.1461343811360759,4
29140.030714506796,9.71513833189399,0.5655720510799459,1.0294172995407742,0.015052530201801986,-0.05334338918837005,-0.017056310409876412,-26.566813223297444,-30.729276045595967,0.6659877532203895,4
29279.95534865936,9.619637187088557,0.5548505118095505,1.0779250939864835,0.003378359648197138,-0.07795283702967411,0.062378387221669294,-26.27422966607695,-30.278442409576172,0.7212135407252136,4
29419.019639742026,9.68713093650392,0.7439955673718683,1.1867251823927758,0.007067342836170947,-0.06030412465247643,0.026150082127656377,-26.13943698678377,-29.59233068586738,0.0019539599379494914,4
29564.991908441047,9.613179025254116,0.7753217615981025,1.0427994970312477,0.07498522074082938,-0.05583730245910408,0.0011231271221226722,-25.921903084291575,-30.361545010346415,0.6230294343190316,4
29705.038269242064,9.761559167489489,0.6677733896024175,1.185135115587074,-0.04205490711155142,-0.05025530885421332,-0.02387247955467287,-26.052198189931516,-30.087355301383926,0.5813930433653055,4
29844.012075577666,9.732994522632254,0.6886636957352166,1.1873592922370526,0.005877989074980925,-0.04186671696380701,0.018786869721961568,-25.711274380647076,-30.24249801810138,-0.15008859159360793,4
29983.991540186555,9.580260877863276,0.562985462963536,0.9053895578357123,0.005496955557311301,-0.049996163390178434,0.027125048782697902,-25.51637642410099,-29.862671032765736,0.4890414165327299,4
30123.978189241385,9.716206770618426,0.6181167083789229,0.9685235887752347,0.07215594390633191,-0.02266629587518471,-0.0028530861835308484,-26.3501048712372,-29.630361629553008,-0.40877551878593743,4
30263.021274926454,9.694574364649775,0.6733743564548513,1.10329990741134,0.08259579863189331,-0.047895065774933326,0.01161945514263103,-26.18800429011572,-29.966246339008347,0.741245776869848,4
30402.976510879937,9.76901595638259,0.7252527496049596,1.2060912339443,0.032719660767697785,-0.05649573125842487,-0.0319102663626837,-25.637554186880944,-29.417175329946563,0.1586880388134033,4
30541.976314731615,9.743030382470744,0.802337083043753,1.2364072680081613,0.013400662851037358,-0.02019955672432844,-0.022718281575549452,-25.510825058621503,-30.350689675204684,1.1157246081870662,4
30688.005926276863,9.747476441267352,0.8091259683722144,1.0803982704713067,0.02105208643443108,-0.0029975462697366864,-0.024506932729541,-25.37666829080085,-30.177383755617104,0.6865793288132693,4
30828.042737242715,9.741783937150839,0.7472324038357363,1.1946452657490805,0.02796295844076254,-0.037230315675240565,0.006963562007387689,-25.347128795692043,-29.98489642842871,0.7973987482445605,4
30967.02057185752,9.64596253601144,0.536501252651465,0.7035656275606323,0.019491359305540988,-0.11942215225320488,-0.027718376725656985,-24.900213901351687,-29.750072442383765,1.1046892822412924,4
31108.023803893397,9.613254608434946,0.39533251801069064,0.9221749972792946,0.028431765532358214,-0.057249244721415515,0.007498242826987169,-25.105303566659654,-30.13442081270695,1.7075309439711206,4
31247.945746451704,9.769794884583012,0.6712919393078544,1.1234957509571346,0.016487505226850982,-0.002744096113370704,0.015628605529328755,-25.54284970546402,-29.148063338862393,0.6383506609039239,4
31387.01340701448,9.751909462834249,0.919215321691138,1.1414521159781927,0.001187757435002233,0.0011323212609227963,0.010526513855375537,-25.159327665683936,-29.791578757227033,0.07918570871571513,4
31526.983663517738,9.903976458399475,1.0161931613576467,1.0190581067005082,-0.025917507241299053,0.029408025046698042,0.04595037116263016,-24.53478675556929,-29.829230665327923,-0.05011125456402295,4
31665.979425468562,9.2498847189643,-0.021582181874807215,1.391476915779307,0.02884218125435835,-0.06481279141169805,0.0225981808327785,-25.21936794199135,-29.760610297226616,-0.18794734167813465,4
31805.986531131577,9.890295389397464,0.6233792725682772,1.2348648798628095,0.03908288710226765,-0.03727445654915611,-0.07674233748067259,-24.772351428236014,-30.59097062629303,-0.9088853924868123,4
31951.00564433207,9.725840140126987,0.9210053110546406,1.2402418976339415,0.031874706595312136,-0.017910263448197766,-0.03691734952291476,-25.560215043130892,-30.02954564011562,0.8158632396131876,4
32089.987484752375,9.610425505783441,0.8183624332633617,1.0328949699738872,0.03729013751973178,-0.09418882663561505,0.0028581761829805977,-25.141116082006196,-29.519533585400254,-0.4648653252449834,4
32229.99664239896,9.63584462213129,0.6651339299164105,1.2425226929410265,0.023465063525589316,-0.04694832608074694,-0.025393066763347127,-24.875899007391382,-30.223233897758092,0.4997835080520039,4
32369.96246796273,9.755200893957102,0.9379991880033256,1.1882942409269899,0.0007951642537630099,-0.04139963200132428,-0.022247858263439294,-25.725127618154197,-30.10367653085029,0.8535549579896764,4
32509.015658665467,9.737139860020404,0.9813803019235229,1.1830859766744597,0.014634770786544309,-0.06811084608003112,-0.018966881299000916,-25.15720551481953,-30.549747916687576,0.008851183587320188,4
32648.99363944346,9.621328023819075,0.6099804531971367,0.7091360240072107,0.0156673284038564,-0.0727166713430346,-0.004398102145655838,-24.931832987322956,-30.28630470464246,0.395967885448214,4
2739.0590803070577,9.671337462577,0.8981875707772107,0.2785946194494244,0.017081805999771923,-0.0119198669533034,0.038332793988111596,-23.81429635401427,-31.649145400163746,2.6791893167284564,4
2874.996368560655,9.667793416139933,1.0695831488565843,0.6268329529959887,0.013589622284536506,0.026265376990061543,0.03471621736681368,-23.68964440465938,-31.314351071162733,3.1582365276259523,4
3012.011043333451,9.751094662059822,1.0082748419916463,0.5055529853113274,0.03459282004986835,-0.057308073995024765,-0.008398407351996257,-23.939632495071667,-31.300513307524877,2.2582781430632135,4
3149.000191237729,9.659047757897559,0.7039237339473181,0.5436729290685693,-0.012214229207031094,-0.031139321060324417,0.0034749140255034153,-24.676528365745476,-32.038000779035464,2.7489520991905754,4
3285.9846011838426,9.686194931985964,0.7874012840138397,0.564528230062093,0.07119097430130773,-0.028087839287000795,-0.024667300846450257,-24.412458709949426,-32.1187745402306,3.080546351851968,4
3422.003847067203,9.644967332175193,0.7933963932477508,0.5812122076889158,0.046248864342999615,-0.031497048779933944,-0.025439669638065165,-23.86586293147948,-31.48350790383173,3.0325223044711924,4
3558.956017255682,9.679131803799242,0.9489761313422215,0.6258236389365458,0.021058410764393777,-0.06015030007578652,0.026526550033613545,-24.362882902364113,-31.50610593688961,2.4878391280519376,4
3695.9809470526093,9.693121013933132,0.9238072405156665,0.6178521520125196,0.012505343385263571,-0.02250616690484177,-0.019048924444872016,-24.258155847651658,-31.640520194532908,2.7112183297637764,4
3839.0229230108,9.726737195833522,0.9424604208665062,0.7953167692803963,0.03433006423316244,-0.029511203225157313,-0.03234802574805116,-23.761662681009547,-32.20496660798315,1.99223422502644,4
3975.9711223302097,9.712906660773934,0.9044149889368627,0.7055278103542761,0.009324862090881483,0.03407991222925366,0.018937876280311176,-24.385595497021903,-31.520716029514052,2.9195306670175656,4
4114.012883787366,9.672248554506464,0.8959201687310772,0.6207494493993154,0.05052671282744573,-0.026371947804615256,-0.004872577121285401,-24.080622012092675,-32.00895252561432,1.8944723605591212,4
4250.0533221764745,9.68842255900109,0.8605265686151464,0.7077741609610464,0.027816014200432226,-0.04571995708777608,0.010770432630669478,-24.014348717463513,-31.323419719696272,2.342840270550068,4
4386.9443357219525,9.68036862677122,0.8011860297449306,0.5720451018853641,0.03504743013322505,-0.03904925595261136,0.006149340401219758,-24.31633189475073,-31.812285549879096,2.6514716025364584,4
4524.000165295275,9.70641620016575,0.8437517066329233,0.6603745518626954,0.05423217595016595,-0.05856185555576835,-0.026383419786171064,-23.893305391798506,-31.76029791649363,2.2229231587808123,4
4660.028280029297,9.746025033401967,0.9458773863319092,0.8040486068502886,0.0029414137102735027,-0.0002637499471844271,0.03625167965391475,-23.36852743587881,-31.722712608402976,2.198671777087198,4
4794.998460087494,9.65191698378854,0.7929080130984809,0.8230877410678086,0.0004663490271401567,-0.029516236647834343,-0.02089723172531796,-24.17256730370346,-31.880647643169095,1.971480678002278,4
4930.987812501866,9.680587870581235,0.8275840931406651,0.7684716161047664,0.004989952917546378,-0.02219064374628265,-0.012550826435679577,-24.200418330604126,-31.31942945263562,1.6145892727640654,4
5066.969493924003,9.727317856134658,0.7482803856863667,0.8212040789225833,0.016130965732800283,-0.05846418083562919,-0.015769704420892254,-24.169115908221247,-31.57489403285244,2.1161114283893396,4
5199.034550892189,9.69658810824543,0.7946848659538744,0.6685736923796117,0.0015481964622420287,-0.04639664793705976,-0.01597619220639502,-24.36992985872858,-31.294162450722435,1.9642373765658623,4
5333.987263929834,9.642098581429698,0.781191498706992,0.5494815413443789,-0.014756327260101223,-0.05465891027886022,0.004829245835437367,-23.69140688100844,-31.641280421090745,1.7886947204991677,4
5470.008378933415,9.704091299615671,0.874390205710983,0.7432738411402982,0.035016971910741955,-0.016248874803797532,0.004405151434856462,-24.19035221896468,-31.986177307377496,1.9022766578936376,4
5606.018459950112,9.725373398170314,0.9314719878517237,0.7425991903991639,0.004996815400779772,-0.03686915904038661,-0.01361106953602916,-23.839812929579722,-31.173918785353113,1.797788137955367,4
5742.014086971244,9.757005472318458,0.9307610723247743,0.7238444077097549,0.01306610239691359,-0.0655426124261199,-0.006092146248323396,-23.967078161554937,-31.32661450869967,3.066399772615545,4
5876.988885575905,9.643638723281734,0.8024130675832029,0.6478157766295839,0.008974996049593217,-0.02921257911952178,-0.008701245510021816,-24.099486269159495,-30.976914370473004,1.9229047451341577,4
6013.009240183311,9.6461951997622,0.721645459047701,0.7006614353296626,0.0026240086175764155,-0.04453529325988171,0.00760956772927945,-23.997643313190572,-31.168562946191845,1.9960313490909158,4
6149.007934017799,9.789447283984382,0.8416440317292333,0.7723081971280472,0.04416493594393248,-0.06363453438739666,-0.025447573948242454,-24.21012398049922,-30.340963515857275,1.038427697336576,4
6285.021056380322,9.70384249692073,0.7712878229508344,0.8607628689973347,-0.015897598956702806,-0.045122743145033097,0.0033464303904081815,-24.68128364961644,-31.470574263135543,1.7361131168993709,4
6426.012868529505,9.691100740175697,0.9732231271376309,0.6814678333778282,0.019814625895283485,0.014716457559539112,-0.043670255576802285,-24.926459657745312,-31.75337695204508,1.3571376723885862,4
6561.977781968807,9.603555732837512,0.7011609447559978,0.5400626316346219,0.0386508608999428,-0.05926769605315238,-0.014212087446071494,-23.90904952943833,-31.92881319624271,0.22007062629793264,4
6698.021982251361,9.841951271591439,0.7145557520636696,0.7333396467280453,0.01723139687984755,-0.04269430751879696,-0.014778668610981443,-24.318432000065908,-31.344313922381943,1.4554376634731314,4
6832.987105697661,9.658894182366238,0.8211499192752982,0.7637145651933515,0.024662629654462837,-0.05246032178476469,0.03553858856651005,-23.408714819375724,-31.336472847926714,1.355676932416003,4
6969.001730820075,9.70208878493806,0.8580134677355854,0.6478712012118374,0.017761582643260193,-0.06759526709465623,-0.04010048564349039,-24.05124628783602,-30.58184818893871,1.2195048601231566,4
7105.001374423145,9.706899856180984,0.7096214246726683,0.8704150296625585,0.03909555902353894,-0.07034214178006976,-0.025348242724347988,-23.922588116945285,-31.52150776204596,1.4674994742439034,4
7240.991645095475,9.733018682523753,0.8080621961203891,0.8316093589257012,-0.0003791672261317081,-0.048356576953065805,-0.00859421590020938,-23.72534688120048,-31.100263304462363,0.6954309768018268,4
7375.986288204641,9.69022895880207,0.8638743642325937,0.8965010613242586,0.010260358347696227,-0.032318115623085716,0.01678861948596992,-24.034043006726115,-31.700234286130904,1.5343289165724068,4
7511.953070840933,9.692439008306248,0.8487713671331287,0.9099302783372595,0.012230942394969531,-0.06672566297740415,0.024749951262235743,-23.916557475891768,-31.066996172233782,1.311002749325835,4
7653.025459421985,9.701609451162136,0.8636462671416545,0.9040654960266422,-0.02520727797679434,-0.06005633209703384,-0.009477295908370882,-23.386281965399043,-31.641966601738357,2.069564210728411,4
7788.96519840789,9.712628039758812,0.7774209381793709,0.7739341316928383,0.040611170081630864,-0.06139095655171461,0.0038452179787615594,-23.84118990912841,-31.784357685135372,2.418546221155482,4
7923.967235329455,9.642498264366958,0.8277936918364056,0.7782235021264295,0.025034137246517988,-0.06976759795577774,-0.019732081463050145,-23.319588281035298,-32.051479117372565,1.0478692341708016,4
8059.943545385951,9.736758341451731,0.851936049189671,0.843860662326375,0.03069533959402244,-0.04657441269696709,-0.021247253119867054,-23.302603989254905,-32.187005887802606,0.8870040265054238,4
8195.97578339363,9.715671274677318,0.7911145178895672,0.9908411365286054,-0.04547482726159653,-0.04115572369529531,-0.022621585385067165,-23.009747005420998,-31.664938309699487,1.1001170165603253,4
8332.015595436651,9.679908826636579,0.8163121835370228,0.7829869100124963,-0.019842454891167503,-0.06893722675026143,-0.012661733163426676,-23.693659862182884,-31.57884824343143,0.7715665146833471,4
8466.977493498609,9.705454728254674,0.6993852610198257,0.7432961666350838,0.03378008723294848,-0.09979349916151395,0.0004324329089642803,-24.193443955389853,-31.439687596310083,0.44746032522534845,4
8603.030148584689,9.698764949910933,0.7779286855440032,0.8882549280509804,-0.0036991870021288106,-0.01592009010438413,-0.012675345043213476,-23.615002409177993,-31.265433992960823,1.5422036436416373,4
8738.969312779,9.623477573549346,0.7205563138220938,0.760085915908014,-0.013461621369689014,-0.026832920706128027,-0.020820175919664147,-23.72578178799495,-31.237771090711583,1.3651749136630933,4
8879.008077565735,9.685226513253246,0.7330685236408506,0.7874155633756177,0.026950594326037417,-0.08173575672344445,0.021935702587995803,-23.721713963677463,-30.818958439487286,1.6712481216768351,4
9014.951758885656,9.704887382682362,0.8453623851094078,0.8652978194003524,0.03747216109263823,-0.056555030598999134,-0.025960740070661497,-23.804709691545035,-31.342736086419883,0.1570890167727107,4
9151.017839814496,9.716740141926845,0.7770446587213466,0.9064864224508302,0.0033116469542715655,-0.05081469149002768,-0.0135359723057923,-23.438058283423622,-31.329480482930464,1.330143700389462,4
9287.015381716466,9.72144400133532,0.7815520077395399,0.8513150241431083,0.02742522462692185,-0.04173613369500413,-0.012603122329408464,-24.12207597415911,-30.68544080083701,0.3160076752712457,4
9422.003262831631,9.705239183679941,0.7815687663724621,0.9316003740317689,0.008610572158633032,-0.06286117033319615,-0.0055679558122314335,-23.58606796202402,-31.270042996164577,0.5215149822394436,4
9558.004772426542,9.714741258233667,0.776517539243206,0.9187322141031576,0.02491354590204012,-0.05800561995617171,-0.0025269435410387757,-23.38995179857864,-31.00810460861728,0.40221824184244725,4
9693.961321059334,9.74798277755937,0.7690549671063607,0.8365117214631947,0.03177554713964174,-0.0448273979809076,0.02648227733450135,-23.84768183174859,-31.301291976205857,1.2647078206165716,4
9830.004791191568,9.6660171826589,0.6506676817789683,0.8769095657043773,0.0014985050758104777,-0.018711706725697053,0.0006112982436199826,-24.328936931967014,-31.10847265251253,0.7739830442054282,4
9965.026438139937,9.666046786581871,0.7713214269409744,0.9187310920178456,0.024241674706042295,-0.04224172462834858,-0.027858961498722513,-25.09652522509765,-31.315540217069962,-0.41282440652318303,4
10105.99185843275,9.708908866512939,0.8246249070620677,0.9635590443319174,0.04689730400555452,-0.03680009512461684,0.039739317938959184,-24.5239673146655,-31.133674038236606,0.5436922282297388,4
10242.010144375356,9.7141972748925,0.8381863340652648,0.9398191258602783,0.014420145319816046,-0.031226360408349002,-0.026834669305456037,-24.598081447049612,-31.550331231544934,0.4964860950227634,4
10377.031898166035,9.659657727939276,0.6782461882208269,0.7147681823769431,0.024751653279246517,-0.05126337479208138,-0.032272312295453943,-24.721748703158195,-31.297039678891753,0.6087752137594334,4
10513.006211899776,9.72490416018032,0.7093344196644806,0.9251754362370749,0.020894691838505466,-0.026139274037349627,0.010341468012467894,-24.393156095567416,-31.02908978619948,0.6768619719098079,4
10648.981691333345,9.746118245408054,0.8460094980944519,0.933345767198959,-0.017395022868677695,-0.04467391745004332,-0.03554612561229054,-24.08474424817555,-31.07740847086729,1.1287494016351283,4
10785.005266035883,9.62322407847777,0.7108446400663991,0.9118981337691385,0.03744609655040114,-0.029639465471294705,0.022310528920222623,-24.8492032163741,-30.478412812232552,0.5400309313093832,4
10920.004737546104,9.710024033140115,0.8121276069185588,0.8441320615582563,0.005315176226369445,-0.06126869386147789,-0.01627547185165939,-23.989499817918798,-31.71646857302666,0.3781061152038165,4
11055.976632764552,9.70357787444603,0.9185965030975716,0.8762258379108931,0.03401755352299455,-0.09201569915325224,0.007446642856234382,-24.49838887600397,-30.862428359732434,0.6082814246825514,4
11197.005867131604,9.59649709889449,0.7421071563561147,0.9623670841511615,0.020597302863585704,-0.03393799812855605,0.03499071628330707,-25.108392770557284,-30.87358888794624,0.4370100343492005,4
11332.984600712778,9.719573127888088,0.9670275249630361,1.0183051614832823,-0.0034826779315708023,-0.06637150026868639,-0.02091319540644621,-24.77110987209549,-30.788366489603323,0.49487434945620284,4
11467.990219987541,9.746314992399338,0.9022481836322455,0.9062673899044068,0.024318249969638904,-0.1005074465131801,-0.003242375277315941,-24.925449723063338,-31.517565838216377,0.8763951124380125,4
11603.969745559529,9.630113382496209,0.7069103922488776,0.8714699457185764,0.00010316986860056296,-0.07773662984284131,0.015188296155205621,-24.440952057737643,-30.56367146262803,1.0367865473930513,4
11740.017942502956,9.635076509934297,0.9571944205534918,0.6748800478512432,0.05637552005312686,-0.08720974816085275,-0.020716964477707926,-24.78764115442081,-30.71406019759727,0.6020489348842928,4
11875.02520582527,9.498263724728371,0.6204037947245254,0.6653264901885484,0.03687964921114465,-0.0882829041197217,0.016648238482871506,-24.6741205520596,-30.649321455192425,1.1221531196443413,4
12011.01052015047,9.66276470459836,0.7432922732355285,0.7931033871027238,0.010785779456994792,-0.06978095920114756,-0.006884018815028423,-24.72979974357088,-30.912109981186457,1.1139337094462398,4
12146.968047153394,9.685939163235295,0.7070866337180882,1.0261087165983107,-0.003553038291010921,-0.038705840739646724,-0.04210525270300439,-25.32010192813462,-30.587155119976988,1.1317798385697506,4
12282.996375866818,9.764713661538687,0.9084342604971948,0.9507862422909604,0.03155126580896014,-0.05388468433525216,-0.028184872640159214,-24.907168274230575,-30.735781660097295,1.0126555244724218,4
12422.992128069305,9.705066735256056,0.909912531331358,0.8903609650875427,0.01742305803817402,-0.03496530724747967,0.0038853735343018954,-24.64688029445311,-30.89124549769728,1.643624950786022,4
12559.043349699936,9.582706806436988,0.5636306258006537,0.9340796804442755,-0.02910489533911894,-0.031419552289327864,0.03641052001393147,-24.794185072058365,-30.565353190639446,0.6140088456785392,4
12694.96296234485,9.870938712647302,0.9995725717901158,0.8287012576180582,-0.02262186015940925,-0.07554884047376274,-0.026094764404021017,-24.683939845842904,-31.042204906545273,1.0940753021587468,4
12830.986037372562,9.652676814863366,0.6408352580897715,0.9387856579106939,0.02970221848724997,-0.009246854160946857,0.03163746173246482,-24.902685757813853,-30.68676919243135,1.1520693583334878,4
12965.983452213954,9.651751052053307,0.7183257556316602,0.8939842875294042,0.009697741908009419,-0.027069920265535313,0.02374100606550258,-24.24154209390776,-30.750378275138257,0.6792792384756532,4
13101.961167490494,9.719408194029475,0.8336101826936467,0.9560264924959377,0.03449361013793011,0.008655488105264317,0.0020650607202106464,-24.447507651046536,-30.485899848758628,1.245696725133187,4
13237.992724089472,9.66724273784893,0.8463524978326099,0.9732780898610084,0.011679958923154512,-0.07626422222018403,0.020075042062241154,-24.4282292130207,-30.497706365238685,0.14467804142063145,4
13373.99649739169,9.72352940593595,0.8119010796762238,1.0159546768701073,0.002211722794993397,-0.03991508650177142,0.01321977169176764,-24.335750701529243,-30.507702073263896,-0.267032686706673,4
13508.973802636507,9.634527141059952,0.9488634806729063,0.5426575422887094,0.28208585137262915,-0.11064684166756936,0.004431025305960279,-24.514414097098868,-30.09168178029727,-0.08937451639126257,4
13650.010762224776,9.670904449423352,0.7958525659121899,0.8838052690251913,0.03011914806824565,-0.12108599814870168,0.000563173994535795,-24.730513213809417,-30.067999705475508,0.6923410615717556,4
13785.982699109501,9.665101421085229,0.7490130669732805,1.0028406967915882,0.013287056630931979,-0.002610471917836366,-0.0044114159048234056,-25.131030640343987,-30.624636592252134,1.427714788866418,4
13920.972841532152,9.624871257600814,0.7429424462689899,0.7945054503117877,0.036002477951756234,-0.0875404996296639,0.008819137200797944,-25.093904290974244,-30.332126811947575,1.1101920320343603,4
14056.98416663296,9.67014623414072,0.7234969965285178,1.007861381689344,0.01751217686569203,-0.036270175266436264,0.00033285712737482715,-25.105453130525778,-30.2953039839445,0.2941881636219752,4
14192.998354580535,9.691019393441374,0.7568843289826631,0.9850931280688277,0.02331744152250692,-0.06042564299825529,-0.02460045106197165,-25.05271354983906,-29.947018184917752,0.8968938387480441,4
14328.997021821919,9.689313082734738,0.7858686273416533,1.0007543079698864,0.002145983227871284,-0.047679492470550394,0.03194767280950706,-25.700294000866013,-29.685765598283787,0.9877705760950989,4
14464.006514757973,9.720461523478608,0.7575081307443882,1.040133628047615,-0.009924369972003536,-0.039012973161456355,0.01575734080423882,-25.892645666305455,-30.382337521029427,1.5129866905152902,4
14600.006049607868,9.698835122332241,0.7309852817431918,1.0116621182497523,-0.02552867811873552,-0.017800419794378217,-0.009058388170725974,-25.962596949054277,-30.43971417632135,0.5858465424027497,4
14736.009114218634,9.642650237203956,0.7492448239182735,0.9302751365595648,0.06173890039092676,-0.07371364570802655,0.02172261848645611,-25.141198639001406,-30.236328499900925,-0.6535762380887628,4
14876.981787169238,9.700779167521116,0.7419536857543796,1.0305925713409503,0.012616143848395897,-0.03336008866977373,0.05770381686403019,-26.136320218789784,-30.744446988826773,0.24887744473162443,4
15013.007974056305,9.676596092118883,0.7682916206690601,1.0662635199402566,0.0242835218083282,-0.013305695030356057,0.015783746720012974,-24.862697640042743,-30.0057737763799,1.130177936148911,4
15148.959962055405,9.74815558286482,0.846971527893978,1.087036405916309,0.0038233045549556964,-0.07760438389708761,0.012784963534960805,-25.107633790231805,-30.435063752521383,-0.1688235219749246,4
15285.02978193339,9.676210448393304,0.7743115219163967,1.06152936564043,0.008309580694598754,-0.046877834584425286,0.00899666309191061,-24.982601816655812,-30.31201230291529,0.290551484816048,4
15419.97468948042,9.666513659937221,0.7568374982119678,0.959212027861377,-0.04260609459688924,-0.052259032236766235,0.0025269130423010377,-24.801062997314556,-30.524301475300554,-0.012628958698143797,4
15555.99329443763,9.729732245653231,0.7523624395719102,1.0526552559514264,0.014201259302327662,-0.043972514942063314,-0.035624867129186694,-25.149103660304945,-30.87212367338046,0.7314673755225404,4
15692.002086739549,9.675303666310995,0.7109791060238597,1.0002384368871267,0.02406337180102927,-0.06856340821736663,0.012756114639225968,-24.799311146339914,-30.164087573230606,1.1369302149268319,4
15828.00976143214,9.796783298029922,1.0597512057004708,0.8959216060875174,0.22800309473293123,-0.09981129254572353,0.004259803514172773,-25.12098698762117,-29.969662230894038,0.5635101259986377,4
15962.997885153294,9.738690810273802,0.6901912389889281,1.1647811799672352,-0.017977527597844777,-0.041621193760554495,-0.002540012885864849,-25.12369089567079,-30.221376839882044,-0.5251686138371722,4
16103.987297389484,9.747443112365081,0.7759549029464062,1.1328519455603827,0.004721597020583419,-0.03412232159172573,0.004396320360539095,-25.007059757688424,-30.378365168699666,-0.6071889565781305,4
16240.00096711377,9.693459313048937,0.8033318255755971,1.0227676077453185,0.015622035432206678,-0.054822705333924464,-0.038792118367546445,-24.338764491620562,-30.57818817478493,0.5988990833148073,4
16374.984065795636,9.682356530044206,0.7471701291779431,0.9403858463047446,0.04537961570552551,-0.06509453239451538,-0.021522375917150085,-24.868809206464118,-30.53707133418023,0.42412949953379636,4
16511.004011333956,9.709653556031327,0.6990445589505265,1.0895726399058687,-0.02031174931672168,-0.00032896699413965057,-0.019071982931000535,-24.460636482350544,-30.391146463413772,3.471983405882842,4
16646.998319110655,9.615737705685982,0.7777336900604213,0.8728255633233576,0.04158331155946911,-0.014507434175464295,0.013527640999560275,-24.24413536996974,-30.202670712713484,0.2683340284206534,4
16783.02856884049,9.582152475627545,0.7273125733396955,0.944157837971673,0.01754593678539274,-0.09693816772258966,0.01811341543112888,-24.76738725745215,-29.52382725487769,0.4408640306854443,4
16918.024925298098,9.650893659089311,0.6980017903336294,0.9340827751135898,0.04189638176863218,-0.05143712393739804,-0.04480075389921705,-24.740770545733632,-30.1122354994752,-0.7593127324744305,4
17053.989792437867,9.688447690515448,0.6893477372930327,1.1079234996937766,0.028924256091711887,-0.01901487570640324,-0.007115980105275472,-24.774766388972186,-30.207994988025767,-0.7669984075312537,4
17190.00907440313,9.612791174418303,0.676255964922371,1.010320466418825,0.015654418468617017,-0.07319011893449767,-0.026380196617391265,-25.183812580277394,-29.527802285345278,-0.3566228021358053,4
17331.028041973084,9.744004204717486,0.832871525210415,1.0789624269179225,0.018798221445281416,-0.030147360531530613,-0.025852094002272587,-24.679608697544147,-29.98180450601436,0.09347669613893442,4
17465.996723177213,9.7048146088442,0.7502446058028013,1.0007130807482585,0.01911468219068882,-0.06445060494037472,0.06111256879587783,-24.662654847684596,-29.67304021188855,0.19476825220218238,4
17602.021553632425,9.630285492210659,0.6679688172761691,1.0416817731532544,0.03018662680105153,-0.08183163978086745,0.007375161123162875,-25.16695097403625,-29.930097560639467,-0.5827110780914113,4
17738.031756057426,9.681729067260765,0.7086027548661278,1.0554418394569869,0.044447444998899924,-0.08286786650606875,-0.04178833683527418,-25.007963313915145,-29.759024214294044,-1.69605229986309,4
17874.014478344623,9.738770336704421,0.8021224273359945,1.1347770628612484,0.04499457020240976,-0.027895544304648075,-0.044489000571227406,-25.120422184138544,-30.182937109304184,-0.11864836141459638,4
18009.01409047071,9.719172270416653,0.785092734442131,1.080944175780075,0.025294665256714435,-0.049822761429136775,-0.015446565187208026,-25.41066679575077,-29.839063174227764,0.4225367250577839,4
18145.013959952852,9.661148780579962,0.7698674505427413,1.0476205561642529,0.004150292057854048,0.024334867909843034,-0.0026955572872101002,-25.04417390859444,-29.790497409335774,-0.5750141788448928,4
18281.031871755808,9.672264695272075,0.7242598813390785,1.095232631199111,-0.015035902396838817,-0.027411286776913277,-0.06304862867087538,-24.99617565942753,-30.342163133237865,-0.648977230842126,4
18420.995150968043,9.642220750856893,0.7436188620334273,1.0558215986122965,0.03440858027425998,-0.027896317876194537,-0.002083578855193959,-25.56570472192243,-29.949887632823984,-0.34997990671492496,4
18556.97260774656,9.686157146118255,0.6414716294197128,1.1077438221553775,0.05208509576968582,-0.04795389443286493,-0.005182490846703306,-25.134170427540795,-30.186663991223398,-1.3605433975050114,4
18693.017790184964,9.701720646838126,0.6618956430060751,1.1426321742814218,0.04623879088903014,-0.03691018248808302,0.009592685736714743,-25.525654919258837,-30.100259750882653,0.22915497109106495,4
18829.032995722344,9.728985948928077,0.7398362852583069,1.2528452179002336,0.03624113728685209,-0.07153843448501425,-0.005736225832020992,-25.61920680562358,-30.37931287560695,-1.4920623729734992,4
18963.98783238016,9.69530931823146,0.7936097363910677,1.099497897535995,0.004541824587763581,-0.001815351112137507,-0.0024112930583133313,-24.860793215628423,-31.053630185450917,-0.3515103969365779,4
19106.010118421367,9.663335899294598,0.7620194035437532,1.0223155321217192,0.02395892560575355,-0.02736744874778835,-0.016115350027564788,-24.78810228421209,-31.11051250836043,0.21442319494699028,4
19241.995015906206,9.802816770716348,0.8289011297501937,1.2257302765063123,0.04621729187056098,-0.06596667766685499,0.02217268388412826,-24.94066251626876,-30.44712659070307,-3.559942824328992,4
19377.007270992617,9.645756022643791,0.8433002166523135,1.0495953401236036,0.008742386587582187,-0.058783334459910574,-0.026233639519508113,-24.60417948800594,-30.721016985273096,0.6609443540244386,4
19513.007514855217,9.557538012368305,0.6715033238257976,0.9511195523928372,0.026535944909407208,-0.05132101691587279,-0.020571840538929853,-24.742919885344712,-31.163732845196638,-0.3798460823948382,4
19654.017025549343,9.64138224718739,0.7201796719767201,1.0548360154014054,0.00821606292959647,-0.0476971002282384,-0.00035266130571320864,-24.69650755403673,-30.48007860447705,-0.08635312971373318,4
19789.990477446718,9.730775422032087,0.8343459032153261,1.285878979183889,0.05027838050806986,-0.028286215744692603,-0.032572401386894774,-25.115595521341124,-30.674539562307434,1.1943689940712456,4
19924.97688510488,9.687674663742854,0.8081114159994286,1.1232919044174048,-0.0030783743922372713,-0.033748441369096396,0.0021080615901683903,-25.565731685910247,-30.209588745696617,3.5624458405873622,4
20060.976960047195,9.667445446929523,0.7610352603794025,1.1103743547312876,-0.01385325222602215,-0.03975088567106719,0.0033311688566687848,-25.371138586950046,-30.53946021919788,0.5196647631678554,4
20203.98670936585,9.71635455628624,0.7581649849275687,1.1260931402924557,0.031235446808389453,-0.012030333445844666,-0.011094466173209477,-24.945461460850492,-30.99185123540132,0.15096304828777368,4
20339.00765689388,9.71635384005886,0.8864199378695969,1.0778287308956498,-0.01893689551235524,-0.060637203196711245,-0.03264492618756176,-24.589062148496193,-30.77163626232811,0.3337230921362334,4
20475.02092200243,9.709798706861404,0.7863587077567769,1.1220481256762476,0.007551703379093439,-0.07270434803722019,-0.034184472778463766,-24.397668054007106,-30.764462505820827,-0.27253297417807354,4
20610.985543128336,9.768392291094012,0.8926958203618472,1.1541669452614554,0.010020314079069375,-0.033381408702500545,-0.0038455880549873095,-24.766418555209263,-30.623791275352534,-0.9954155172820808,4
20747.011425392786,9.696450423756673,0.8224942761676609,0.9784195933974662,0.022930771640523297,-0.004937275300518591,-0.029312738033412306,-25.05605170825741,-30.982620598186426,0.5027381625031021,4
20887.983606954953,9.713106808241244,0.8434897105475304,0.9985951047373728,0.008809993431890715,-0.02921316114128111,0.031457966648723974,-25.247570886877455,-29.99444872587814,-0.1930187507414273,4
21024.005551912236,9.619528033782586,0.7540334247014893,1.0869031461588778,0.04281288130091441,-0.0647012209924165,-0.014619101719692648,-25.482230083201426,-30.86568964180985,0.4182446307998483,4
21159.998450920786,9.705808830484198,0.8188549116418055,1.1277196977154778,0.029535699791262745,-0.011922003664794666,-0.010091926997590152,-24.751332775915788,-30.441592519244285,0.6655574977701468,4
21294.993047289092,9.686292770559312,0.776213202601318,1.024204447004696,0.05945971784576101,-0.06027580104530554,-0.006892979797675362,-24.875998529727976,-30.238949375317677,0.7040282662187868,4
21431.01204481848,9.670306826949734,0.7888815625709799,1.189345464782043,-0.013691930484249732,-0.05504654535635322,-0.029397504184015263,-24.612528677269975,-29.902589782967333,1.09902944449621,4
21567.000762312746,9.68064934515733,0.7320750262458411,0.9630418712956043,0.00999282132784923,-0.04299477733034054,-0.04522426871229015,-24.249730278478125,-30.794480991687102,0.41836469243612534,4
21702.99308129862,9.578847252689172,0.7409190836804048,0.8868548103636056,0.023711711860680013,-0.04089986283407778,0.00026021680526467413,-24.300358338874208,-30.925923098017936,1.1325052104621516,4
21837.94596692811,9.626317264501889,0.7733235073991374,1.0043814384976213,0.0006320061236112662,-0.05388898373365525,-0.010565905880009984,-24.147457451883078,-30.437987535915937,0.20427268378767152,4
21973.9453866005,9.699642164792518,0.8920808864287789,1.0341583942733437,0.05146189262558627,-0.06697263563487374,-0.023050790248173282,-24.43740076793482,-30.746241870577354,1.9717452267582385,4
22130.023607011528,9.723588253679784,0.847604176887206,1.1212168400379388,0.03570635083628767,0.010954053654853793,-0.008458724460847021,-24.60685074102606,-30.573775095250884,1.3389837933087698,4
22270.034459821945,9.666083875956955,0.7627854909869328,1.0713963756185325,0.011244414005660532,-0.05403333992955575,-0.03266114304177157,-24.508160455731,-31.180953409664898,-0.3110484532532252,4
22409.99525149823,9.651613418945649,0.8108402390496879,1.0588121601615068,-0.0174256917807649,-0.051335043696755525,-0.007974616874098076,-24.599132467536606,-30.615532553978507,0.7401209807555024,4
22548.99132487129,9.766798700802285,0.8392421347803792,1.0356255142431243,-0.004130808609566982,-0.0375918867845487,-0.0026857766511131946,-24.44208700090861,-30.365793180399315,0.6277533661602188,4
22688.99648235535,9.734748381059022,0.7874151614429525,1.261735001461597,0.0020730786166436657,-0.0492218715534766,0.03370518956165747,-24.77326265199683,-29.453704314347643,0.508522237385783,4
22828.999205147218,9.708396398398175,0.7422955120004446,1.2945459971476938,0.0002708061007901702,-0.06032032075788204,-0.03763839461531392,-24.92836611135812,-29.914932243745394,-0.685550161565606,4
22968.00104071935,9.63616387075755,0.7366365208343887,1.0473672006049275,0.07159395571261826,-0.01579442502733284,-0.04970169412010047,-25.31909939453136,-30.00161999127204,0.7260343299690183,4
23108.01286041394,9.736465080854332,0.8617792365025747,1.2029723638318768,0.013022303764661809,-0.07018391314442009,0.01967115138911553,-25.67702472821837,-29.40773614806962,1.0785630145595488,4
23248.01414132202,9.66996510324345,0.7623926580079219,1.2689131928727204,0.01118133558443281,-0.02815298312937941,0.034010125617347536,-26.227691464066798,-29.703783209760708,-0.14173241036668818,4
23392.970439329503,9.605427509603762,0.702952820682657,1.107939836796263,0.063527483432146,-0.03893324973853721,0.010816394674800441,-25.903180112812812,-29.953914623842188,-0.34419945317658773,4
23533.036482320258,9.719774232827517,0.8292514395379118,0.9183982950736441,0.04177688595538758,-0.061747190325696685,0.008925408430533795,-26.00371795559561,-29.594852740359542,0.290821400985274,4
23671.999304414545,9.631542487528153,0.7340900317186435,1.115291043574192,0.02958773108843322,-0.050544260643425216,-0.018741710618686677,-25.799103195155322,-30.01369118854414,-0.7733699825489877,4
23812.04153614817,9.756787552641633,0.7868848248457817,1.2632896895668921,0.042472406482338416,-0.02462672330265143,-0.016334291708325392,-26.309826975764476,-30.791700321889966,-0.17860959417847325,4
23951.990612623045,9.745378798066486,0.8192233491090798,1.1921136657081122,-0.015266610538180908,-0.03103487972661548,0.006106908284854665,-26.32009640708905,-30.622867010043077,0.1633782269111919,4
24090.975344026207,9.658555212373365,0.8145211087029126,1.1893020769131932,0.041827181963436925,-0.01879837045359288,0.022105217652371164,-26.355740661797345,-30.406826159153074,-0.9898614033130956,4
24230.982033353204,9.72759538555671,0.8829380025864683,1.1119426034457802,-0.021376331402692565,-0.054236612922310426,-0.00038180410778040723,-26.416035210867914,-30.783175557179213,-0.8416713412246087,4
24371.041801984193,9.626597516831996,0.6955612551613181,0.9319338491997302,0.026825953887675186,-0.06591676994798568,0.029839682926933783,-26.305307891808077,-29.828633312409444,3.1435797821928455,4
24514.962669613124,9.65662378141746,0.7538687027222918,1.0335817159793843,0.03986417583804524,-0.06625531054306799,0.053178730040194896,-25.431986322535202,-29.7690087703709,0.4119229602794859,4
24655.003283631002,9.657065454604306,0.8299505811508586,1.0957570898045006,0.012775203408334771,-0.07177328274724383,0.0442093149173005,-25.825094959647863,-30.22547478112516,0.7969851772972586,4
24793.97526074834,9.702444105223732,0.7770543477405957,1.2399146905289966,0.04361972911119786,-0.06438091558788679,0.01313414418725591,-25.099894545696422,-30.384392389383695,-0.6868451421882972,4
24934.001395796706,9.747678381809584,0.7867172798182507,1.1916714821460206,0.007320089568191706,-0.06526021160938715,0.0013600809234440533,-26.282382199983097,-29.809264860549714,-0.04571473357229499,4
25073.979695918122,9.686844879116956,0.780460808542748,1.1081584593317595,0.009185928669893005,-0.031639070684639795,0.05663162180879367,-25.263613303609333,-30.534757715185727,1.0384157955075706,4
25213.012832066386,9.67404116700768,0.7628768045443097,1.1231020759569803,0.011775408326681218,-0.009078104849505312,-0.01603451111264817,-25.070748743974658,-29.93633726114893,0.5978958222675551,4
25352.99242030394,9.754261106679051,0.7501104457648793,1.2188730093606188,0.03785681450978969,-0.05797656331677946,0.013089683076495011,-24.458514587762174,-30.41093916401049,0.1510887491427819,4
25493.02187204524,9.754493892835463,0.785224373925973,1.2392241798245067,0.03516958086689359,-0.028427158742796714,-0.013600472575350034,-26.122760995414442,-29.642904323044007,-0.6701183671077112,4
25631.9334913236,9.678439207926331,0.7652492836746904,1.3497442343928172,-0.010665591527036318,-0.06101015067042907,0.015077864549922835,-25.784541448925854,-30.347966392629495,-0.5687022531768887,4
25777.007463474,9.689599503205516,0.7562210519698354,1.2014067753058022,-0.030160930041934427,-0.04582816041736303,0.026975618968167303,-25.04761626861742,-30.25552904990713,-0.48145728243122704,4
25915.989996601904,9.69825508486497,0.7421785724807722,1.0774475658110845,0.002829496445812681,-0.034356731580345495,0.02778555518180549,-24.611021903399454,-30.615947439140484,-0.3386505834588534,4
26056.000509285055,9.687324362201297,0.810316835142065,1.05778221532257,0.023359271245594244,-0.03963845708456161,0.013191930532601735,-24.917733039660305,-31.0483356333013,-0.03737896244477095,4
26196.017272229616,9.589823740485652,0.5444428007736163,1.0389158159567877,-0.01791376675808091,-0.04312922032032672,0.015784746397195643,-24.947797877205495,-30.351248885858908,-0.6346226487334772,4
26335.019454708156,9.836413800963637,0.9058439293681386,1.153303647350716,-0.07057079253647541,0.010217448595279338,0.0034561037115827817,-24.292945878283234,-30.28374859728162,-1.0286653342908993,4
26475.030266983274,9.549375162316252,0.46315188621396175,0.9661774435436682,0.02214056809533914,-0.07388131664960801,0.04037309255348719,-25.135791724114256,-30.16459473079974,-0.08899680979040224,4
26614.97452383362,9.761035849295169,0.6136778128761953,1.100806838693008,0.02547395629923164,-0.1266237800763028,-0.033493366191382705,-25.300383205781017,-30.539659274405842,1.33286747815163,4
26754.028230213855,9.677986956607457,0.5769803856444955,1.3354347418652575,-0.005163558406471996,-0.05846327708430802,0.011069330697264268,-25.105663207851652,-30.590136299936546,0.8767756359529293,4
26893.99728836301,9.76716621252542,0.7462700498273571,1.0268295105709597,-0.04257318995171021,-0.023922996724021612,0.020055874449334127,-25.4843608779267,-29.62692886149478,1.2814053262788696,4
27039.986716316656,9.69112855534919,0.5871247067317885,0.9395840460935575,0.05649301252848674,-0.08485429031395911,0.012813566790811751,-25.3580820050988,-30.287834559518625,1.388506907930973,4
27178.985312175773,9.75177209529564,0.5636211711560433,1.087234878817984,0.024316079488432864,-0.012124901512041868,-0.03397001420400359,-25.33545437048302,-30.18860223509733,0.34774286508211577,4
27318.990406056702,9.69021488192308,0.5377324903834547,0.7912667230102408,0.002322614672804356,-0.039863466086926036,0.036737551825325156,-25.38295982494451,-29.733322417913744,-0.4891732696113241,4
27457.99640321337,9.619125602877858,0.41095498457076896,0.933261648014671,0.030198714042327383,-0.05626235544712015,-0.0005310155149348766,-25.52903578385221,-30.064748177111042,-0.02305071001762457,4
27598.01035601172,9.747103863428686,0.7314562456773122,1.256220552423788,0.074427131665324,-0.07839793371051736,-0.03836558085319821,-25.148810957772024,-30.094254372325732,0.39273448060686716,4
27738.005347514485,9.810536045678491,0.8218602759662409,1.13420983586582,-0.010383894679145416,-0.03833210524659715,-0.007990301890566183,-25.529188833864012,-30.0155136137751,0.5083760627221463,4
27877.014417067097,9.652464666503269,0.7448589042472747,1.1094007658045493,0.014519462849375421,-0.04084152803421349,0.033682954620186605,-24.969106702414752,-30.007548548420285,0.736946812227885,4
28016.998600993655,9.695993376175089,0.6246845390119313,1.0207770884074079,0.05339764210888828,-0.08275053758814248,0.02383284094148015,-24.900690347005572,-30.315564201787847,1.009547293526153,4
28157.005041734792,9.779726055540554,0.6051839886388752,1.1266773835029082,-0.028171453933854073,0.008842442977960392,0.015599712573384246,-25.46702479800188,-30.427248155961664,0.6363648353738904,4
28302.017087681448,9.658110073910208,0.5033795258658453,1.1005474495668837,0.00846245236411734,-0.038367288030586415,0.01490786987768678,-25.425400155449296,-29.581057773142682,0.7689673170755451,4
28441.99067836678,9.707727373951634,0.6708058250471993,1.19639667502925,0.04827059310567326,0.007709346812697377,-0.03309176211436337,-25.315232107866525,-30.45083181351425,0.29674788968736915,4
28581.98097083483,9.768991496320387,0.7174808088916964,1.166861569680646,0.0462539571811428,-0.0680008002040085,0.013008379351721371,-25.117450700100726,-30.23306177331142,-0.7499256239634412,4
28720.998763935382,9.631463185133708,0.5455685705595725,1.1507153299312058,0.0233612735643594,-0.051557260610841614,0.024662369544039196,-25.161027793739596,-30.519804418423252,-0.2387361140361177,4
28860.97941089925,9.668018640815173,0.6580543408104728,1.127626607232482,0.037102892708956954,-0.050971669764949955,0.025952593339026147,-26.059026114279664,-30.35915514360892,-0.735222171707212,4
29000.041676451605,9.63348863866548,0.5401483262368452,1.1461919787766173,0.052308172760932456,-0.057425586305764775,0.014204657662965987,-25.577155181150005,-30.648979100561288,-0.1323942080201271,4
29139.99715889649,9.662426235634921,0.6055994060755753,1.0067851170614273,0.012653251677841874,-0.06118734782200365,-0.0009790962277069545,-26.564619718531127,-30.744592423747445,0.6457093822833344,4
29279.991367606148,9.599162708642833,0.5173985042919693,1.0786844541495162,0.02034305961696113,-0.05516344867560953,0.005296634182800141,-26.230854191588215,-30.24238242047503,0.7480304363238007,4
29418.982200840917,9.690924869759188,0.7186054731816043,1.2077987716296048,-0.0015169582752602433,-0.09769650100597486,0.0015160661187483486,-26.14096237797275,-29.57810007792642,-0.043432677382661294,4
29565.00083627001,9.629102283332267,0.7651545913821735,1.0214887457413009,0.10103480241221995,-0.07226305260040995,-0.025475279897970434,-25.914870777225858,-30.323923389417143,0.6469915853616608,4
29705.00908802185,9.7704128735436,0.6969798003534999,1.2041909361539704,0.0040256275626729485,-0.04352803568125996,-0.012278322595690913,-26.0910529429291,-30.0989200380969,0.5685719363873868,4
29844.001080534013,9.714508182681282,0.6841435188149986,1.170930220185655,0.003903305198892061,-0.05312830129872266,0.04204791847885148,-25.68406970642936,-30.232639215125314,-0.16672048154722072,4
29984.01112520157,9.589421425662442,0.5629078115176425,0.9068249171087974,-0.01501484397431972,-0.03776408581615818,0.03853516711962436,-25.521610994199257,-29.83491736735677,0.4633776107307878,4
30124.00574481331,9.672849643037882,0.6827778918426705,0.9849265553813088,0.03590925169950824,-0.08625678819877147,0.002890924989637178,-26.339853027581288,-29.63432669807235,-0.4356534504688011,4
30262.994738533205,9.696505542297016,0.6256016301300622,1.100025021368459,0.0014774339927764646,-0.03891062163812127,-0.0016305463486992475,-26.18239853895092,-29.979275286458567,0.7229255490127273,4
30402.999818859735,9.75356639112105,0.7366513676285351,1.236211098339789,-0.0051132372203309675,-0.05398338006319139,0.016577572116998167,-25.614030642273942,-29.449291203240847,0.21269808590023967,4
30541.99406814786,9.721893576262078,0.7620273464742178,1.2288522816930707,0.005275143928219771,-0.011085438654189234,0.029067346229020897,-25.493481814366124,-30.338767371037207,1.0653139803506013,4
30687.99138081466,9.725901970041518,0.8460606869159788,1.0926493336131724,-0.03674674125830095,0.002285504318640134,-0.0225519165703224,-25.359997935147454,-30.1729867577754,0.7191491536950082,4
30828.0186787184,9.722421537145001,0.7869514134013537,1.1716587390468975,0.0016018493157402612,-0.04642228973116095,-0.03776986184968452,-25.33773126602787,-29.99625298696186,0.7293366581761315,4
30967.028940030246,9.647167750400786,0.5434923517651901,0.7302285267295527,0.000616830862468785,-0.08617623354879068,0.02826570355655959,-24.932918655262135,-29.744558411660808,1.1215825607100083,4
31108.01028581149,9.636182222822566,0.4035159729190041,0.9213282629305993,0.05500860356318322,-0.06606529210629287,0.018188849848429646,-25.09573486678988,-30.148028910550686,1.713871046630788,4
31247.977584177275,9.761438534724999,0.6609577863858715,1.123910230384591,0.034463567978158964,-0.04267911913780382,-0.048285849124907056,-25.52568080322846,-29.132189350122875,0.6469198112098951,4
31387.036051555548,9.757634542911283,0.9072527580489902,1.1318584573963117,-0.011464118218778218,0.024242827206295843,-0.030594453182492078,-25.1197969850806,-29.78432721283303,0.06819968704333172,4
31526.999068324363,9.884630544259656,0.9972561765845497,1.0528044122120739,-0.007770638472287277,0.0180790811218446,0.01554478586038804,-24.553355822540986,-29.81377638190219,-0.039293984662893286,4
31666.00129446881,9.260951280939542,-0.06010575490613165,1.3786029897870589,0.0035991895902435117,-0.08238085204394387,0.022899489627357914,-25.24176229612335,-29.77957184739259,-0.18100650393811848,4
31806.000642109077,9.879236597344372,0.6713901753238155,1.2162508786322856,-0.005809596490481304,-0.009503150672193837,-0.08829441072886324,-24.731910186372424,-30.62400308882768,-0.8740285498396089,4
31951.0055972961,9.7158983257711,0.9327783423049246,1.2845081101730056,-0.013065183468938202,0.030450963724734954,-0.026865043413818387,-25.598826486880856,-30.051641147188636,0.7780101430657885,4
32089.98527360585,9.617291133157694,0.8361739458666828,1.0017983967004247,0.039313743961590056,-0.058781243222796445,-0.02646745654911113,-25.17948993623286,-29.49479755849511,-0.4350184204853571,4
32229.981540012985,9.632693434215335,0.678966572193208,1.2309834770926669,0.05459635826615377,-0.04278850103776115,-0.016255135235611444,-24.910901276078082,-30.197255980005053,0.5161929728180216,4
32370.02078808536,9.757255805942131,0.9384126750073181,1.2471949069618702,0.00684266230218436,-0.013774486562514203,-0.03562796358876498,-25.73600147154453,-30.1195575063026,0.8377058424412247,4
32508.996462926916,9.734065472072833,0.9500673855828576,1.2392086576995405,-0.011360130205535035,-0.06076163535993916,-0.002218600803762637,-25.189651360034258,-30.586734998835574,0.03437068833438958,4
32648.986182723493,9.62178253000522,0.6311147434468347,0.787648216121935,-0.0071252566048455425,-0.11562706157067246,-0.016283147020442545,-24.948183791175552,-30.288520910600162,0.39850295180758677,4
2739.0067197276117,9.695898127159886,0.8956827799722016,0.30418377507088085,-0.016609412688887125,-0.026611252384982412,0.06019654522913223,-23.818627773646195,-31.66723849351491,2.6899644902164335,4
2875.0261845791683,9.652277450027041,1.073020857831147,0.6518206957705713,0.00786224940891771,-0.008909595621787085,-0.030741320091762156,-23.707479847847928,-31.284926131459304,3.1715998346750895,4
3011.946240374401,9.773149966449019,1.0214136993557221,0.5008814687310038,-0.0192560698384423,-0.013642663130823905,-0.040018286394344016,-23.9576426316568,-31.306058515715065,2.2569707901349436,4
3148.999018155391,9.68363980561127,0.7241732155366746,0.5267792958111032,0.008329478014955876,-0.04473169708144278,0.02228293740682611,-24.68964717719771,-32.00137006451437,2.798948605692046,4
3286.0061204516996,9.642114289798503,0.7888836983264192,0.5547029657995728,0.01845887852212662,-0.005620058018657231,-0.0015946729530639295,-24.383942360288316,-32.11699078529935,3.0750215656285538,4
3422.0133371707075,9.579564060695809,0.8072087746351041,0.5567069355749121,0.010797738520108064,-0.0686572303221384,-0.009453501917614926,-23.85315949275409,-31.46172116425638,3.0321521750949874,4
3558.9949873531955,9.69929686816324,0.9408469195919876,0.6396766193209112,0.07748044702542964,-0.07992045372557809,-0.025714706325394167,-24.30247135958806,-31.525874838381416,2.5139267107481693,4
3695.9985235512604,9.679251073733942,0.9230393854290975,0.6021576651325213,0.015886975018919048,-0.05974778607844018,0.019543547231631136,-24.257050871430245,-31.636927665472978,2.7263388685275047,4
3839.0233868725204,9.747240414231005,0.9549239866182933,0.7741559258915455,-0.013923065685082997,-0.045194031895352024,-0.018412111832615544,-23.777184025731422,-32.24992570337958,1.9978232114706391,4
3976.012045784018,9.70458969478293,0.9494272611248086,0.7214222071269052,-0.005482552195969954,-0.013630165884551446,-0.011512496407177563,-24.415284743213586,-31.554162162194636,2.9120514885992876,4
4114.002427112335,9.661851000045866,0.9217061585430472,0.5981656787173246,-0.029611784044637976,-0.04577863708554195,0.002174742028324806,-24.029049246866233,-31.998251826527074,1.8572284014805223,4
4249.992415081846,9.678976423068898,0.8165328934469098,0.6713722065022961,0.03548033450422134,-0.05897027077288854,0.0004546639167049405,-24.05085763341045,-31.341545452288177,2.3704800250048628,4
4386.982807342819,9.663466269862198,0.8142361206242782,0.5813719278472954,-0.0039752222089844925,-0.04858657418261433,0.038727858946579055,-24.295077333458607,-31.78550283050533,2.655489339574212,4
4523.988380188833,9.715761760783753,0.8447409639671982,0.7070654244320559,-0.02495449988000503,-0.02887210853375437,0.00012337613819934034,-23.88884407873734,-31.77354917619526,2.2285940445390335,4
4660.043561472183,9.744723787940721,0.9486711072179896,0.7925716924121187,-0.028686674981139887,-0.06062516750038221,0.005170646457206567,-23.36529293962326,-31.72562176099183,2.2057524673052917,4
4794.971489884762,9.679921295356923,0.7927235146661455,0.8351618392824269,-0.004635347988484257,-0.03617108241390781,0.02108271318923219,-24.221788114070666,-31.815424495177716,1.9979230052023953,4
4931.020609949917,9.67322858704434,0.8451787715520368,0.751356034037841,0.0463832796458276,-0.01968549420643366,0.012229736112573324,-24.200845020646153,-31.314125726260123,1.5887709215793042,4
5066.997472518034,9.708574740656864,0.7427706440805072,0.81070868934153,0.054307703098125513,-0.06776695639848487,-0.019398830923066254,-24.211772533837667,-31.586738431960182,2.114461719787052,4
5199.018007047094,9.701787070762999,0.7837801168180353,0.5710867030550442,-0.019843242795116862,-0.05935099068772256,-0.019896945718531046,-24.456987468649125,-31.320016922824895,1.9601967101176934,4
5333.993171220749,9.673946409529403,0.8355654292689738,0.5500658966195233,0.0169670485048749,-0.060170271816346314,0.009276707989261813,-23.668702992762192,-31.621080576268554,1.7702353255549201,4
5470.041836020613,9.65572575364328,0.8658771715738095,0.7267778270604792,0.008019974210801238,-0.06013554897220124,0.03178438937149256,-24.20603614430424,-31.98343143247792,1.8847551773811988,4
5605.992817458502,9.732507464494018,0.946007301493172,0.7477139550863541,0.00836993453481972,-0.07526327901536223,0.005307907995715625,-23.864191780241907,-31.240398546657932,1.7760520946174,4
5741.994945972823,9.753663478011964,0.9180917212903421,0.7305093063619487,0.002597273308138315,-0.037968165297725294,0.021956827283915396,-24.020202161213827,-31.344591850275904,3.098162912317825,4
5876.9716965977605,9.668601703784468,0.8099361142142008,0.6312350211751269,0.0323694173294581,-0.07936224247872152,-0.00636660265870405,-24.100459344212585,-30.98724754525948,1.9628672009399157,4
6012.985479620529,9.649034857411849,0.7503688938118425,0.6821289333254568,0.02584080122870954,-0.07171639859224828,0.02754440495913192,-24.006391287470663,-31.219494920292917,2.032343850084932,4
6148.983364160913,9.79062032062616,0.7981899732374612,0.7461388877723487,0.05083602420241471,-0.07862449147211245,0.004004732253874051,-24.228941714993812,-30.36806204685498,1.0641369025953769,4
6284.985462641901,9.679617702841284,0.7506402999180113,0.8477891950978559,0.01977705563877938,-0.018840732473782346,-0.05277163539023314,-24.699966696126065,-31.40939401741041,1.7430993151401741,4
6425.966915103597,9.724128647413444,0.9698198889925483,0.6920874264064664,-0.006419864745825156,0.023163806523522477,-0.022373148668256612,-24.923300028889674,-31.73795887949428,1.352492689409259,4
6562.025159408227,9.583130305205684,0.7260575303940964,0.5773885147546992,0.05402545184847868,-0.024373533280847005,-0.0400761054902105,-23.90022358660756,-31.89065769266853,0.20809954103600836,4
6697.980228837993,9.811094452766573,0.7436174244098206,0.7449831636305191,0.0034037604993797576,-0.028928141464143523,-0.023108082183058317,-24.356336929523263,-31.351304293704903,1.474907690153257,4
6833.003419840798,9.663995854323307,0.8180599991545797,0.7517538329394722,0.01530935135301608,-0.031419824265461874,0.034829510891291195,-23.46235562027572,-31.34455732349928,1.3727054228517697,4
6968.990663377794,9.698884239119279,0.7916617387036501,0.6465568000789499,-0.03625762596678957,-0.06106761808443856,-0.012316010806564335,-24.068389603210658,-30.598465511038725,1.1923490496922673,4
7104.999575278406,9.686393214241704,0.667595119964768,0.8763839866777285,0.001787317751307107,-0.042501078380902085,0.05045084671276582,-23.92975187150644,-31.526375101968252,1.4454025710605658,4
7240.986232577513,9.707775968445322,0.8281360768020691,0.7817850430526947,0.03854591716535394,-0.025784596555398973,-0.006303777429820643,-23.744228927475223,-31.091024456407265,0.6845961776418896,4
7376.0232059434,9.737914386435195,0.8216021297415409,0.8811414270059464,-0.0003379525889080756,-0.043033576738893,-0.016615996902889743,-24.035027476098836,-31.70164005738104,1.480337771696629,4
7511.999699654488,9.745462569867069,0.855052990493684,0.880938820376255,0.02433040785810155,-0.03899342667921384,0.0045150163308038055,-23.907781560071523,-31.098019013809083,1.339951478013084,4
7653.019541566293,9.741788132827454,0.8274352016558162,0.871284747275777,0.01659140660513339,-0.0074150121446010814,-0.01099076073937626,-23.43349983213666,-31.64149957085194,2.0339244051117333,4
7789.008755709811,9.67138527260824,0.7585742036188926,0.7861129358232337,0.0051995347367638075,-0.008905577815489514,-0.03761623070059982,-23.836344962599483,-31.763938474478635,2.430821990980349,4
7924.005199793593,9.682663612498658,0.7749334549718851,0.7432930553572784,0.02302020545067604,-0.05853931108502321,-0.028868781163611027,-23.343087008988174,-32.05824520320343,1.0641630165479123,4
8059.9965623275,9.752064003255404,0.9219043568396392,0.882201255700293,0.01547149857928876,-0.04558940091111096,-0.007644899885751374,-23.27498817062809,-32.21155976271937,0.8844580499486786,4
8196.030652338628,9.74913154852421,0.7768274144902244,0.9351004392399797,-0.032565065446156255,-0.04017879304786247,-0.013471445329433174,-22.989114461732477,-31.701989615206077,1.1495594432765324,4
8331.997319461278,9.741222339534907,0.8372644027006979,0.7932975380359069,0.002917112137005298,-0.05215271354131761,0.03470200257013809,-23.67379060538345,-31.579164799139356,0.7799759805534666,4
8467.013489534442,9.716077543799045,0.7358014046241677,0.7669684735427625,0.02262637912958716,-0.0751162946878976,-0.008665634187598656,-24.16807162427342,-31.393441836945374,0.4174564752361685,4
8603.00299089955,9.718297226038011,0.7579865902849547,0.9136933251212144,-0.016854276263233874,-0.03624780925272429,-0.008122589828308258,-23.62781769180151,-31.29405056938443,1.5296884560435555,4
8738.984990267605,9.616820751172895,0.6599074623574918,0.7570448497211102,0.005096386830407038,-0.010424147907716754,-0.017381999001849696,-23.75413510247485,-31.20055440724937,1.3633195818100674,4
8879.018691179968,9.65921568503829,0.7384054073725409,0.7993224821085184,0.014465832902086745,-0.06624082911776025,-0.0006480458041049296,-23.737368049775483,-30.840079145783786,1.6558370249232695,4
9014.996660974504,9.710576291201953,0.8148254444694752,0.8775501369713052,-0.011668108644691432,-0.037914210505970034,0.006886103611623443,-23.856202033785546,-31.365834084366266,0.15796311448029565,4
9150.977785924275,9.692397589430191,0.7927996528948933,0.8578849424794888,0.03671647714456211,-0.051574984987954764,0.0003243154652627432,-23.408265330751558,-31.325985240732198,1.2618220421314343,4
9287.007972250149,9.664382371833272,0.8074964954818052,0.8470187200913732,-0.002056025221610613,-0.048777505636928356,-0.00019846518820498766,-24.09626431511492,-30.62399370321419,0.3052925618745902,4
9421.98122659009,9.721256811763057,0.845148284642834,0.9453830724002661,0.0012167318704566239,-0.06389776970044155,-0.012315691731762644,-23.610083153813974,-31.24229543362057,0.530447903876379,4
9557.979402576904,9.74180887731361,0.8070009745342208,0.9240589191045757,-0.019810954568305915,-0.03888860783420948,0.011736153508908146,-23.419485510609938,-31.008665062754382,0.4066034241985975,4
9693.988161065141,9.781781007585218,0.8023111331252563,0.8598728649946412,0.0038648412779371004,-0.04844682065553044,-0.04106356171448655,-23.870113357684176,-31.327661589182824,1.2836473471576924,4
9829.978938410422,9.649816744558773,0.6819396285225768,0.8437693978581852,-0.0007232914603267644,-0.061686168563894944,0.014469181887006969,-24.38240280183352,-31.15060238639628,0.7553264618990022,4
9964.966221782508,9.7177826172278,0.7380005336975125,0.9318508930263872,0.008544666381287843,-0.03964723445819886,-0.0259838922239396,-25.08361455829683,-31.332828684982097,-0.4165154384500185,4
10106.006534856919,9.71767049529457,0.873113588607495,0.9717861664449493,0.0005106935790957927,-0.03020787378103035,-0.02071840566332433,-24.543007686928743,-31.09904159909122,0.5655379972851904,4
10241.992759785224,9.660527642548114,0.8089795359000325,0.9862711187115992,0.00696920545057488,-0.030366618326765397,-0.004521718555864152,-24.57812954713421,-31.547378930134748,0.526696917186692,4
10377.000324856517,9.657580053473243,0.6513423410258803,0.6744580207946803,0.028394080253728807,-0.02453776345924665,-0.03880804425740281,-24.690075640673168,-31.28186564150399,0.6156435005159449,4
10512.979154684832,9.741735769320925,0.7004667951222513,0.9012300151200098,0.034701456999010734,-0.08333004371787985,-0.014583571783515388,-24.386768013790782,-31.053065045494222,0.7026590075965847,4
10649.023206624037,9.752639236728916,0.8569014549112123,0.9833115484971174,0.0014385110475441654,-0.0014863362578507895,-0.0034711735621083505,-24.084184684570662,-31.107500713039663,1.085253150144676,4
10784.990658459865,9.63875408841191,0.6987935649503002,0.9059960041743521,-0.014194610074014062,-0.044700190833492505,-0.069255027698214,-24.86373754914317,-30.4465755282896,0.5159056095320858,4
10919.99946730307,9.720765479776135,0.8708195533317618,0.8383156815725864,0.005106649003697644,-0.061796533486222424,-0.014841767899095647,-23.957976514233092,-31.76916216646722,0.39721388592713663,4
11055.984592086525,9.701753493694094,0.8925870652180308,0.8320349746090845,-0.004658309826672889,-0.11104573271536404,0.01818722718377285,-24.466984354171863,-30.832337899506985,0.6572541701941766,4
11196.987019608701,9.582022192834133,0.7212862134304342,0.9402385522933621,0.04247349186445143,0.03246781790584753,0.0010715771825246427,-25.148478038048765,-30.900688084932543,0.4375422913118437,4
11332.982472628153,9.738870852244423,0.9714516847413278,0.9937041558283234,-0.017894172828483445,-0.018695971379690795,-0.06623862150377455,-24.735255016039382,-30.799838925816005,0.5099172010681015,4
2686.023245031504,0.8644387866009289,0.3721035990508511,9.969943844567348,0.012293853557177884,-0.05573130380924743,-0.012112759093597183,13.1760805428331,-30.045161364377538,-45.45856704259643,5
2822.0509709519924,0.837802976115241,0.3327312091057903,9.790768019325611,0.001817543459337815,-0.05835147025337107,-0.014974682443627863,12.420497807837853,-29.888127486942913,-44.40688082827932,5
2957.990192102975,0.8835085361894646,0.2810794401541424,9.964592533491107,-0.03333491439122544,-0.06563447858619607,-0.02007926570548189,12.478783826003783,-30.127182068213074,-45.38997829970261,5
3092.9702652562137,0.9027739843118702,0.3714459830698067,9.877118281949933,-0.007513951388182183,-0.07005553102263185,-0.04815335558944844,12.25455618687119,-29.9210673128239,-45.084874839669034,5
3228.9901135955865,0.8712332571607825,0.3470367680091889,9.834222499580529,0.023594732316734354,-0.05048965254255273,0.018564883964258625,12.294921093171617,-30.025662820036835,-45.58156869974317,5
3364.997152648375,0.8730188626478919,0.2619423846081761,9.916482412296425,0.08530654423018746,-0.0647596775782336,0.0007919326609882999,12.035259632921221,-30.100304559589734,-45.09239502355069,5
3499.9441527157924,0.8174714594098159,0.3521482628060954,10.010706021349174,0.019868010643632167,-0.03167332438902562,0.017562104594041804,13.226848667238157,-30.107000724905248,-44.33804177553022,5
3636.0050513877773,0.9350401116100265,0.4057438581812301,9.908289409200146,0.031120788153408005,-0.08062404780707934,-0.0010425724536333226,12.478185725747148,-30.047532508234042,-45.28700484630496,5
3776.9706738134564,0.9065901703821856,0.34499627452517767,9.942410161785897,0.01444377018997198,-0.05434521040907796,0.007986591502085272,12.296161681233357,-30.396251882062188,-46.37570465178558,5
3913.0235374782715,0.9027974488611591,0.3245811410668115,9.939394754671982,0.03627031198659562,-0.04459639815630778,0.02302169941423974,11.703557570650071,-30.022245760549918,-44.78316505527631,5
4048.0008463236695,0.9077881676874612,0.40077825985262416,10.01502752468035,-0.020652994404192784,-0.02696979196299526,0.01267124045389955,12.198434246492095,-30.103662993958963,-46.069064665638024,5
4184.019631427331,0.9316647838712099,0.3105616800135728,9.875505630225064,0.006821197429125442,-0.042981899787098855,0.006037024531139368,12.457155394660948,-29.203607905302746,-44.93272724985422,5
4320.007107459144,0.9553986712279781,0.3315328727257278,9.817940181041163,0.004388135172592546,-0.010226743474167382,0.002325467359361735,11.597526882470435,-30.432816057152188,-45.76593699780383,5
4456.007076566835,0.9184612640407314,0.2777994168143607,9.87860777487517,0.037308067530217336,-0.04208006374950703,0.00694523686487992,12.691316379378769,-26.4426611939878,-45.15522575714124,5
4590.99440675325,0.8814927230021876,0.4211182737448066,9.984978386497303,0.03758942048910266,-0.036591808891344155,0.029406692282713733,12.661724538975545,-29.84091924163356,-45.66191412423439,5
4726.994055089086,0.9255258275390043,0.33245973065065293,9.916982090515601,0.02178095333981814,-0.04807762286637001,0.02826271883699592,12.200437857235464,-29.724247803223946,-45.816585826019775,5
4863.004516138904,0.887914003029504,0.2507350135153636,9.816572414142152,0.03128102067566656,-0.05187598693014432,-0.017939855475510358,12.337857554329986,-29.252200491469246,-45.290968083202934,5
5003.971998102021,0.9019743673135325,0.3432491058582433,9.860886123338107,0.05445914178237638,-0.07568524435527363,0.01903202103628466,12.490743304486275,-29.6240568304309,-45.28313836226611,5
5139.998129027048,1.0319901438362937,0.25041286976858884,9.86082066195704,0.0006901924574326634,-0.03914909651274206,0.017467298599332968,12.094705876822132,-29.20369428304261,-44.694911251452915,5
5275.956617796816,0.9290475266689485,0.22948313511174567,9.938480160845453,0.00025512041483308006,-0.02831914948581043,0.021818320371861613,12.224752626693414,-29.77524856218277,-45.25962231585277,5
5427.024078134925,0.9710339978867855,0.33610669084652567,9.99199238846747,0.01071808781816092,-0.035310001771213254,0.00913385474106728,12.264317890842669,-29.210645020689974,-45.22018080585872,5
5563.003268936071,0.9501853244170646,0.2220602784603603,9.72288491572041,0.02767679108034248,-0.07140033958774261,0.027475896065937745,11.935925491238914,-29.669082589813886,-44.865945124385945,5
5699.009636261464,1.0051793740177157,0.33670739821896917,10.05916912007166,0.06490761962962154,-0.008761690693775945,-0.024351044904117655,12.310678047263309,-29.89803656160906,-45.937287314981226,5
5833.998427456737,0.8829120983588805,0.31053686117913104,9.965677595247485,0.029458584900193895,-0.0338938116892692,-0.011107114549768302,12.345819949567765,-28.60364884935436,-45.270571274305674,5
5969.992799521964,0.9505964049661451,0.20297027320311087,9.788514067976461,0.014502147689296122,-0.05624163506596621,-0.005634232786536894,11.904549049950088,-29.88456187806288,-44.872831904601995,5
6105.993965006902,0.990320307186096,0.27925673303547577,9.871048704290216,0.033240640117311426,-0.07933817127002527,-0.058648645530415745,12.25832721365366,-29.354639925987534,-43.51448103833876,5
6248.006220466627,0.9380818679126508,0.23188927789843256,9.817349922017765,0.041426203478884,-0.077295287301049,-0.03382923131797297,11.557493692162426,-29.6972203887123,-45.78146116010075,5
6382.979887434778,1.0246002622243646,0.32623864176057416,9.86897289163588,0.025373529176670323,-0.08300171161208458,0.009082144798330909,11.858558883848666,-29.489127944342684,-45.37534901798739,5
6519.005390850766,0.9026459760643656,0.30106818978560507,10.085068001072015,0.020718692603961305,-0.03762246822355642,0.015893500329319143,11.591625812746843,-29.152060816205093,-45.074225843925255,5
6654.992069213524,0.9209347704974598,0.2634643549680936,9.840692641972316,-0.020601889070486563,-0.012011040572993813,0.021896575663847274,11.839790470345974,-29.84694290404721,-44.84909911584607,5
6791.000880296674,0.9919898942686345,0.35969178520853345,9.893606881260665,-0.0070992143981773795,-0.03413401623852978,0.02004927359398395,11.73222191637201,-29.302452401982322,-45.20714817130148,5
6926.027015355699,1.0122375660546783,0.3870925094835638,9.94760766587722,0.03353991752708924,-0.06686005619955747,0.028582384878569643,12.05238554747583,-29.28831038211757,-45.83008097146508,5
7061.983142801808,0.9102380941448834,0.409589176652782,9.972426024566763,0.01672045400528297,-0.047047765149048806,0.04145222769191143,12.204238983032472,-29.365046172865117,-44.291873043209904,5
7198.001275788235,0.9376701327515897,0.2589531523831296,9.928618244132387,-0.0027890694127253968,-0.00967967726222342,-0.02967047825020536,12.679017777018911,-29.132635305415075,-44.87922078416436,5
7333.000695651593,0.8988158555853469,0.33679203508319344,9.943983742730296,0.014563633038841645,-0.08483590728552186,-0.021493085813088595,11.880500786760988,-30.57149845241383,-44.5457363691619,5
7474.981033352891,0.9877010317461872,0.4095425462540737,9.878534170651598,-0.005420387704422362,-0.028873374158044748,0.0020021301390434126,12.137317669110674,-29.026377709159355,-44.66162893358237,5
7610.980732286625,0.9738411846168422,0.24047845810141535,9.804578579024268,0.03084310198115481,-0.058032938984374664,0.006631891256706615,11.495706776844143,-29.572551613816707,-45.24805271437839,5
7747.0023025744285,0.9821242346015884,0.32123101059569553,9.78708841974732,-0.00778678117721452,-0.07455565053042146,0.04925801919547663,12.368795559103761,-29.166561338539097,-44.97416633425014,5
7881.996493958473,0.9924704130032079,0.3480497275104732,9.896182435112227,-0.007220468290653219,-0.06020763002456634,-0.003930064325566654,11.609966735625031,-28.749159216740985,-45.01513096418608,5
8017.9769389472585,0.9458940792441611,0.18588727881773565,9.861312419678228,0.0431446436722166,-0.03781568221074739,-0.017422888067896363,12.043326641640922,-28.945344448516284,-45.28220322005135,5
8154.001463522021,1.0262300397676325,0.38679306775223954,9.763033109826566,-0.04069988439086636,-0.07030121926099582,-0.054125960584137905,11.079423134794503,-29.414165173731377,-44.565007113901764,5
8289.984814545835,1.058178632978619,0.29599884186569025,9.804278739073638,0.028824137987340653,-0.03844413699306482,0.01967647968362788,11.902470654180297,-28.93303746620825,-44.53780740657257,5
8424.961926351762,0.9963636676182972,0.301020236091918,9.904075550571132,0.011872036632590854,-0.09801858808604064,0.002180847083604013,12.14410164902024,-29.18788785377761,-45.86081999308009,5
8560.963099912913,0.9523676879440104,0.2924642576895267,9.906925964453611,0.059260802915736585,-0.015272111141388338,-0.02395359090428658,12.293380460811408,-29.498640419721784,-43.83810254123545,5
8702.958917324113,0.9890170931554995,0.34643150065421224,9.860258953161393,0.02332201707895049,-0.0431629903993481,-0.006107530325965817,12.563415201373758,-29.431148588334647,-44.32171762677714,5
8838.001373752028,0.9600945262650142,0.23924463996877843,9.816561308506143,0.02634830945819079,0.0028952148741662144,0.0010206676624178897,12.346848108001275,-29.116641498160735,-44.309402299928706,5
8974.029262594438,0.9544226346087812,0.3280214982100029,9.991423712153884,0.005514897488171072,-0.03713695541853042,-0.011756660853017027,11.938973627671635,-29.454196650119673,-44.41637292969882,5
9109.988800606056,0.8631858435357579,0.24094417488191708,9.834045972336856,0.03135978116354858,-0.003714040476570091,0.0030453076664042687,12.13836061966875,-29.950691482420808,-44.193018434804834,5
9246.031041033732,1.0106961812870079,0.30265596080763,9.730372411052373,0.0446968832377261,-0.10229648679762599,-0.038334195266367645,11.661995595296466,-30.047936297585796,-44.32096324943718,5
9381.024068576324,0.9998016990383722,0.3165268051654524,9.781366827155367,0.03805315085932616,-0.04877447439986898,-0.01429176952756429,12.615442831236985,-30.159284234694375,-44.71320946356934,5
9517.019761424666,0.9675007078192064,0.321398878168026,9.931719702118055,-0.006948317781413525,-0.027639470195547012,0.002593446350351049,11.601651969055604,-30.25339961136855,-43.562513436888906,5
9652.946736833417,1.0218137344692955,0.3112306361720129,9.82459830756928,0.005500507041160361,-0.05148892956918658,0.018881916314464092,11.926000033261321,-30.10958992521267,-43.99944289092143,5
9793.987097273844,0.9984325841451441,0.32853077385010415,9.851504229916511,0.05420212178993907,-0.08804777658161468,-0.017790161342063193,12.660378930206852,-30.43986343509642,-44.326409813260916,5
9930.027620685423,0.9869869243364764,0.4014148451198524,9.880395433506235,-0.009122974166614815,-0.0361551849504949,0.02084708306421056,12.592671937529923,-30.88409399719029,-44.33300631590894,5
10066.020578471745,1.0561134631130566,0.28148261183646,9.972595781056254,-0.027550629535325152,-0.021346586012002997,-0.033681628816052335,12.44428111917345,-30.42574693880381,-43.32895664490354,5
10201.975137926509,0.9582742786976749,0.2815008046679588,9.689788607203358,0.03849666524964206,-0.0699304853117305,-0.035541661702666386,12.19653230094585,-29.86217180806403,-44.15583828690144,5
10336.990127901005,1.001062154681198,0.4126871136400365,9.914992527325046,0.0012897923008716315,-0.019039299804321248,-0.022651799186258984,12.38422846070201,-29.686404252064257,-44.004170036109336,5
10472.990771893117,0.9701271128349862,0.30006437662041335,9.859234063321948,-0.002442738350300666,-0.05610662210358131,0.004052101748088225,12.479545513741904,-29.60937371988652,-44.14823594391691,5
10608.995519095506,0.9518503805812754,0.35934221988035436,9.68374225784635,0.04608971516687283,-0.0819134678615828,-0.006478981253468713,12.565294680335358,-29.977059941947427,-45.359379981758025,5
10745.036118097394,0.98319881190279,0.35611038681448337,10.086392486942065,0.0037706934106170767,-0.03304515943351478,-0.018160222439747842,12.226731631013845,-29.308119486394485,-44.82390188205976,5
10880.001574516407,0.9361975233447901,0.3778751157274704,9.861695853373142,-0.03977914955623071,-0.0020515122104201224,0.016910405630122763,11.98350309770925,-29.670758769041736,-45.18213422734178,5
11022.02435074272,0.9442196995631013,0.3145199598533283,9.657020532121221,0.00644013292575219,-0.07749676083035872,0.014174330525258029,12.1444674497316,-30.063676538036074,-46.102726765461405,5
11157.987399878693,0.9927585039101829,0.3877901944945041,9.899412859190468,0.029285469083353048,-0.0543931717422622,0.012597742898383502,12.636268917964014,-29.104129208126857,-45.26350912831369,5
11292.9851728182,0.9763485586710229,0.3175288882242638,9.919575006526815,0.020978862437905334,-0.07144250127071929,0.012596639807803203,11.918148785914044,-29.560420889163524,-45.40878645224093,5
11428.997371361234,0.97811480216543,0.39054405449495544,9.78801072395336,-0.004791873162576776,-0.08359266669898202,-0.024647477526312557,12.672460119029202,-29.32665784381527,-45.6440305663991,5
11564.979083810313,0.9511515174947057,0.31947642910543905,9.854130702786929,-0.047582991255772186,-0.02656633048628773,-0.01818371452900826,12.087881080511025,-29.590976954028427,-45.91770779261295,5
11701.011641182171,0.9410643446032727,0.3687298578247528,9.918988521986453,0.08774712239909234,-0.03582413768236187,-0.0018571451887748301,11.98434366019255,-28.98754192124143,-44.48466949076675,5
11836.000521313,0.9045354486936399,0.4078456690728273,9.814754002599646,-0.029110310095920314,-0.017515920978126192,0.010034432927622967,11.798985783550089,-29.874211105167042,-45.12138254885615,5
11971.996005990964,0.9123152383569617,0.29998477977740134,9.901884155866743,0.0032496705094244545,-0.039602100538148804,-0.01058072956840292,12.603440794805751,-29.8063411397711,-44.014767760418685,5
12108.00851453144,0.9308247461470602,0.4857982218581677,9.861469172786403,0.02672439774794663,-0.011078547162198634,0.004905739903398831,12.217544359564284,-26.30147135885601,-44.258429627211754,5
12249.964765663559,0.934992844459794,0.3885732603426146,9.802968644178035,0.02165898087559735,-0.03605342233588959,-0.004374708412160868,12.47700657132184,-29.44195629940185,-45.68246615167769,5
12384.988243910851,0.9261672574759139,0.37599577477142954,9.9350608028722,0.005041577912823715,-0.06389825395101269,-0.0005605450323579344,11.872440625268865,-30.102621084599928,-44.481622713740656,5
12520.989311730551,0.9108359756599637,0.4474387304631042,9.920794167212891,0.04100469247881348,-0.07019545262862051,-0.022634976938422844,11.094655616379859,-29.34910993645569,-44.15267277830838,5
12656.989804869878,0.982253780423884,0.45084590488061027,9.84738660169762,-0.011040393035854097,-0.009610404791743537,0.0019280545340971526,12.547788403668829,-29.53674364770881,-43.341231818601116,5
12791.983534938536,0.9335506904222157,0.37447477091915077,9.844579642673756,0.017386309321571196,-0.05914319398801817,-0.006169075078321782,12.081846265785044,-29.40651377688998,-45.58813345465004,5
12928.028417620551,0.9150069955231456,0.39451641969303136,9.872830283126424,0.009571250358476387,-0.07481296084336783,-0.0011606749483328168,12.389171910112761,-29.44828846667316,-44.276163117748226,5
13063.99777848373,0.9460743171056549,0.34645235695887416,9.872135393828403,-0.01055988557572095,-0.0422651992735938,-0.003696767805368991,12.348143388545028,-29.864294938472096,-44.12186832032169,5
13200.010919558825,0.9605105828354953,0.3857328280021045,9.82851994752271,0.04578554572018759,-0.055187197279209906,-0.0004163301325821202,12.256146033684876,-29.543875132046907,-43.50707093908937,5
13335.005574014342,0.8895525138089961,0.33289710856627,9.741430790298505,-0.007659580134861007,-0.02661416211424103,0.022123800427140926,12.271744844704134,-29.249596806445187,-43.558123196428035,5
13476.986536573477,0.9182156924551724,0.3992655011045439,9.865855397357876,0.039240475646043674,-0.05146343232801528,-0.0100231402272358,12.146111976012385,-29.50193187922573,-43.23882263928026,5
13612.997766478788,0.9355591030808257,0.3213545422914847,9.994274191883143,0.0446410183811391,-0.01364903178572233,-0.015190824560924809,12.938121260020118,-29.659985164841693,-43.48699116871596,5
13748.993452009772,0.8890672748875402,0.37664404697489023,9.857687875651223,0.00026863193799615424,-0.07196543199856234,0.010145552026470687,12.547396303438944,-29.726691147321034,-43.870893816359384,5
13883.980917037165,0.9270196576419565,0.3958558065327137,9.94139848042182,-0.001141405422965897,-0.03436671597686249,0.03945269357779515,12.477569014892188,-29.8130200673145,-43.80462858788806,5
14020.017882618173,0.9653097194393386,0.35446331985785706,9.830062190410654,-0.0028991526966784323,0.001749684652846483,0.02220125629817567,12.194557032506749,-30.14722926481817,-44.289660786496796,5
14155.97441557767,0.9343373045607175,0.38235773573038523,9.840887748566168,0.047188194241525885,-0.07893295107839302,-0.04303107926894089,11.450442543112162,-29.563568684802846,-43.75050280763985,5
14291.03690369276,0.9998712301440796,0.3926035213623116,9.852396686629508,0.01273234410258267,-0.03383972897485969,-0.015729888497303165,12.332117711762242,-30.136307933275983,-45.16740471759505,5
14427.007846935776,0.9706702365718599,0.4123505331654347,9.762992847289064,0.019460163188477732,-0.014689867176000227,0.004858982557019133,11.721638363133525,-30.046909976482404,-44.143580739807874,5
14569.013744565356,0.9485851802355478,0.45082110087733224,9.77615694160527,0.029140741020261665,-0.0560594622778787,-0.031622254677021656,12.481245003795914,-30.808658018554578,-44.531326047852225,5
14704.949240420123,0.9046135807034797,0.3206922003917501,9.931486139490243,0.03628256523060787,-0.07141669663658466,0.017694023061189734,11.676351927938946,-30.02577083470602,-44.34980509263933,5
14840.001640669037,0.9692602527455533,0.46081167067368445,9.82023117741248,-0.0020421849286741474,-0.02109698624564904,-0.005776793741980494,11.942466333129023,-29.639993456290036,-44.48138839708817,5
14975.997151894988,0.9305847503340656,0.41463679404194437,9.870009055202313,0.016672033285897166,-0.058095066145924336,0.033360705268198045,12.542131161356462,-30.035719758040866,-44.611904585329974,5
15111.995511354042,1.0381224635520685,0.3755422028079383,10.091419189043858,0.07714730570035401,-0.07729946838076023,-0.028075788789399883,12.232938413534438,-30.23592642878391,-45.056169647394846,5
15247.963702143197,1.0107781846770432,0.5238463145682671,9.364231135656873,0.031046892520791444,-0.07514661030089358,0.02537154857686387,11.59270319395967,-29.80627840453509,-43.20384214308763,5
15382.994414511246,0.839692072688261,0.45392235716959917,9.815048493706197,0.048523801631272324,-0.07859581712371037,0.02417993422150466,11.567317798675521,-30.213422912670698,-43.949846117075126,5
15519.030581376466,1.1302107224100744,0.49603119490776565,9.678101924507429,-0.015623110139606308,-0.04873376893394058,-0.021758422561751815,11.298069768530063,-29.59055399907127,-43.56560098687716,5
15655.004583158014,1.0242393862422856,0.5438819487942788,9.671374106121586,0.09254106839002985,-0.09395460225406513,0.024851541954469633,11.583631007480797,-29.717212117453663,-43.84777147233695,5
15795.98547423441,1.0841776717982516,0.4996122218612924,10.271943897194577,0.008471307859470817,0.0011743345347129835,-0.03209893562591295,11.609249383911203,-29.79915142227586,-44.139949476142775,5
15932.018136324645,1.1078521472216136,0.5809210273162005,9.935615804031128,-0.006055707040867374,-0.06152745768833222,-0.01762843613685347,11.501602622714202,-30.198438600046572,-44.39389419347971,5
16067.986284474633,1.0929772274152114,0.4921144199151096,9.854684335467812,0.007574273408390948,-0.13980207829688968,0.14054690148914217,11.497699075948521,-29.669170855209654,-44.643926990690055,5
16204.021979354597,1.087096102418238,0.3711856801743636,9.415263542343425,0.08677085367965075,-0.08668158715583361,0.03562984923050632,11.234431767499409,-30.066296904589763,-43.3328879926352,5
16339.011915520967,0.8027810324554102,0.5449750488567547,9.871743484504803,-0.018982750728810897,0.03058203909118713,0.02675427985369722,11.47352592330545,-29.894768627502764,-45.32826277303531,5
16474.99730206022,0.9555225713477279,0.5922198959725423,10.08287921616358,0.08551847682662266,0.00280757395065007,-0.022298529736994782,12.539013510627777,-30.452781068397844,-43.78335053424076,5
16611.02022337893,0.7139314738284684,0.6199221731056404,9.837457343026864,0.01568934963593213,0.07772947335553725,-0.029031401209525978,12.600427437286639,-29.88682634108848,-44.118984096028655,5
16747.033640971997,0.3992186162308452,0.7805818791787615,9.9123599135466,-0.043021247569340476,0.1436865749550938,0.033078324434942456,13.441532282208934,-30.38834536133929,-44.01714212890876,5
16881.99974610231,0.5899773238667823,0.5502006183582634,9.930920496856467,-0.035619539287934994,0.07421164439633172,0.021386591669969517,13.764754306824285,-30.068438371485925,-43.70456896736637,5
17023.034327859095,0.4890850573218398,0.5342520744752433,9.719573359453529,-0.0030015609344593496,-0.10001763452253835,-0.006567561716249649,14.263200786043761,-30.469464104260105,-44.19931101291326,5
17159.04541477636,0.47871104774929707,0.4919264858438699,9.752358057051971,-0.0036438706553150735,-0.09118339564406745,0.04979821939686227,13.87659108859727,-30.427419367755174,-43.5638818849271,5
17294.01187432592,0.6942116217215859,0.46913285388752757,10.083882048152452,-0.10128762479893787,-0.04161581717477134,-0.0052138006931332186,13.434110987747403,-30.18219725297884,-43.34464815700583,5
17429.997979985073,0.467756422200742,0.3465650901926929,9.422573849430592,-0.048503995088313684,0.04315488297667334,0.1053970458301692,13.677678080843368,-29.033920227453123,-44.03995980386734,5
17565.960851835956,0.39696853425495965,0.34800527660788594,10.171630614763263,0.02513195915055006,-0.03567347481810544,0.051555911874502244,13.454840409022948,-29.398505686268553,-43.57930332228466,5
17702.001981584548,0.4223567424453336,0.3020023305141198,10.067417184207834,0.05310262974324985,-0.07925125944866808,0.05766134490521088,13.113238146068616,-29.52961907904661,-45.268305049689936,5
17837.025619840926,0.42915044017382786,0.20827091542388337,9.754279614892402,-0.003874222791405103,-0.021449670786967998,0.006827604157627284,13.82964736870897,-28.725915479723476,-43.182504185404404,5
17972.993878428017,0.41019306253683985,0.44075703586810944,9.863900658637348,-0.004838784140226361,-0.023423064158291027,0.04520317802612879,13.402935496386226,-28.80608000902507,-44.651513885721315,5
18109.017735823036,0.4712268600730782,0.2991470518817295,9.985951344371855,0.03447483918477031,-0.07727376257488089,-0.046518081642185495,14.300858211340811,-29.51361298204035,-44.549964094682714,5
18249.973027509375,0.46198702783580536,0.31141112378502034,9.745422109544247,0.018103250695338954,-0.03849770647695328,0.017363638203741354,13.837582863338433,-29.038427109832003,-44.31005789732955,5
18384.989749099048,0.4639832260996468,0.44893653204107353,9.820188685336008,0.00112202145957305,-0.08336113660407879,0.025329544179894636,13.850261859985848,-29.67732223901483,-44.610687229574744,5
18521.023488823303,0.4490439621588228,0.35539946967567804,9.872583039047061,0.01841703517699426,-0.0478676940892212,0.013333887459259989,13.977936918479521,-29.46096136044536,-45.04446835439648,5
18656.966873847872,0.5148268860908587,0.5009704612395448,9.56218711201394,-0.017579614014426294,-0.05941349531447965,0.022073905487307314,12.977027389466482,-28.819693380248363,-44.48955783541459,5
18791.988202766435,0.5168760093943501,0.20275759624407186,10.070075681858699,0.04233394357607794,-0.02558275669310031,5.3503611803259197e-05,13.550780360178035,-28.416149072684167,-44.25980438377517,5
18928.05228222726,0.5539526200924397,0.6650806367597826,9.893621130021016,0.011328984055328182,-0.07098940684560981,-0.022969678866758554,13.568737660544132,-29.180889833457787,-45.27665290638903,5
19064.03097426504,0.6138770379466433,0.33184507077636305,9.734398859030055,0.04128551228430495,-0.027388630465190616,-0.022107245866190697,13.51061503277014,-29.632568814577585,-44.82229138920936,5
19200.026088752216,0.4983382254287153,0.3691705750942635,9.891941979733637,0.05249988713046254,-0.0412894495314813,0.01836352479737211,13.515682129314781,-29.19717792977038,-44.69469880365702,5
19339.975721857514,0.43605504900058584,0.36092546996370367,9.996772363129766,0.03774632881821347,-0.04859923063780002,-0.036458821280702686,13.579401222116633,-29.894231315185102,-43.91463634077612,5
19475.98502215,0.5046279177395139,0.5985361212857565,9.981231134911914,0.022489849268995755,-0.057366275821494284,-0.03629467564427793,13.32344197572686,-29.838065235408077,-44.13771425602408,5
19611.968990488287,0.5401389398434325,0.5581643594376621,9.665183812437455,0.008145729013365858,-0.05899383913885929,0.02783364328666347,13.864843620060869,-29.59914907906561,-43.62228372614611,5
19747.970984109616,0.5804816714034076,0.4554299751585944,10.077308029211624,0.0270220301694911,-0.02248108296588772,-0.01483099557746636,13.531593825144904,-29.85357300805041,-44.89457234277265,5
19883.031499601577,0.5412860711839085,0.4892388764200149,9.832755644822997,0.02077345509282804,-0.03185687261648867,0.016097630435210106,14.080312805696494,-29.696766031417418,-43.79525578128241,5
20018.99054817263,0.4929971187970808,0.4901244092573762,10.0642663747415,-0.013552548666909192,-0.034966875503797706,-0.026444799281916304,13.907462538220495,-29.494102976878914,-44.03265605502428,5
20154.99818408559,0.5145198891204925,0.4706328261442125,9.998837897942167,0.011538874925750247,-0.04656516497199823,-0.0033251259820671827,14.089647991124064,-29.216972632922023,-43.274567034832145,5
20291.002665317515,0.46259758776671517,0.43174646271024825,9.956359628447178,0.0722648881419702,-0.01373517456093555,0.05918311011542496,13.8325140678278,-29.404358276351125,-43.86765772316993,5
20425.99679906337,0.4617049380862756,0.49348821579163704,9.914609966350055,-0.029099972267156157,-0.07814000719040047,0.035883233474005446,13.68341873464234,-29.10547016995813,-44.422172830477614,5
20567.018399661847,0.45613681610223294,0.24903706359127836,9.6520056445617,0.012199582195608714,-0.12683012342299163,0.012141879845120735,13.18026083109684,-29.243022150719074,-43.196453974176016,5
20702.992524696372,0.49613265996986794,0.7755950276307766,9.88454022463106,0.0017704502916438506,-0.022605071201631292,0.0007462540850059119,13.910752646855222,-28.590673862890128,-43.92797504689329,5
20837.975630243152,0.5653012536052396,0.7531260729438396,10.061030621315059,-0.008235704416727493,-0.0632806777760054,0.03897351281276663,13.413888031235246,-29.526085749580417,-44.075415017202324,5
20974.03545547962,0.5780119403634131,0.38644752770757945,9.888823985029521,0.0658238856721294,-0.013544851658559325,0.03781915738197554,13.755173565264165,-29.240312521270095,-44.69108517888745,5
21110.030898173423,0.5049984865688691,0.5383248165915883,9.994673298410484,0.012495975258130624,-0.03883100547649534,0.03586421385682803,13.619761483152981,-29.049847887893545,-44.080290455266024,5
21245.98622960133,0.4882486268529819,0.5961550299810626,10.018266029223096,-0.032967545803952496,-0.05024757386658904,-0.03966460718082611,13.74529556852362,-29.27867041275745,-44.565206365840346,5
21381.018018720402,0.51640173815106,0.4571601692331273,9.788926131595234,0.03609609604887434,-0.030757829989395514,-0.0007319258248844997,13.516168464899714,-29.44069362900385,-45.12463708599794,5
21517.011037699453,0.570442039366381,0.361333245699762,9.856859786037145,0.08054631469297915,-0.0023962376961182584,-0.09565217898824899,13.794689318271548,-33.40974721694011,-44.55205872743225,5
21652.979575189023,0.4737295543934836,0.664031742203409,10.127217454799746,0.05498253338880265,-0.0474188799226175,0.02957867727901392,13.563665807008457,-28.977311358052873,-43.887884198817794,5
21814.998423968693,0.48223820717558663,0.5352598424456338,9.749704102150758,-0.01746072359403407,-0.04024340246410603,-0.008836652049830421,13.523879472554434,-29.694020306077142,-44.145919233084804,5
21955.042116956636,0.42889624127343584,0.44412528305383486,9.83202695352986,-0.027589689621881092,-0.061687926415834364,0.01669653401083778,14.067950155666606,-29.962016473379254,-44.99348193411631,5
22094.003357003763,0.50851589834716,0.5503701557868754,9.794443275507682,0.000774900005970652,-0.048092325556385984,-0.016224228525803467,14.10628949584537,-29.747637260108373,-44.21566287592053,5
22234.032871684547,0.47346019457298155,0.4690111081717579,9.907378751736948,0.02558088883985785,-0.05594673093062337,0.0003256340578212387,14.695795057107606,-29.636527460289695,-44.16942540542996,5
22373.98318343472,0.4096931517735296,0.47817937159744195,9.828867579303253,0.06786367491493622,-0.06634388923311488,0.025134798571604156,14.265354690272032,-29.775577637188633,-44.37193992371329,5
22512.984214014672,0.45984204100851245,0.48078076493625455,9.944774726746616,0.013146357862233636,-0.026138852395864155,0.024063297608246575,13.958773685675899,-29.424686561870754,-43.58151080158318,5
22652.979503392195,0.4648022392399175,0.5478994122520602,9.931855632915429,0.05015630131819863,-0.006868449126022642,-0.01510359843875698,14.317914351346401,-29.313457913051778,-44.18038796153527,5
22792.021889622407,0.5643483223182092,0.5354569369367459,9.828394063131343,0.02241721039486266,-0.016019485720405766,-0.0183382705532856,14.22157972994408,-29.801755545955245,-43.21524075472577,5
22937.986040200507,0.5118220256845766,0.5078379820368335,9.816318213216723,0.02222623080064125,-0.03219353572021659,0.010808174486235049,14.512510359979787,-29.477417174508187,-43.794076227315486,5
23078.023811896564,0.4207328638939037,0.5102067596835506,9.920678984052985,-0.0036221361875981477,-0.04844642529460732,0.023138086350616278,13.964871646548547,-29.817585486924187,-44.50622035832283,5
23217.00023396784,0.45129867599693585,0.45439913809506344,9.85107440406616,0.05202336513318405,-0.04734452980154046,-0.045452378945987304,14.476695499553605,-29.813079787933088,-44.17085014161057,5
23356.97704016432,0.4496604251259463,0.4524555038564066,9.90208341361047,0.033608404439622604,-0.05254196170848936,0.0264562741126818,14.355851433231932,-29.60475070545404,-44.42908485037532,5
23497.015223096856,0.462720048317443,0.6308742030879521,9.960237333646539,-0.016879899123591252,-0.024810244769903157,0.02978930164044906,14.213414164823822,-33.54740484235622,-44.670246306489865,5
23635.997513559472,0.4136754048064769,0.4946155327226149,9.774952371853413,0.04299706735160102,-0.048637490925396216,0.016289772512142402,14.23375124041021,-29.990837383081118,-44.16423177357253,5
23776.0107928931,0.4464656835924733,0.5603128550287453,10.019831341090999,0.05167529886422293,-0.05963484083748669,-0.03559497457658907,14.338143002156654,-30.548291296105774,-44.65598776072006,5
23915.984729416283,0.4497267872432455,0.4764015638573542,9.868962782756672,-0.008381880401015656,-0.004386010079824947,0.024351026967855485,14.236426106848112,-29.911109432711086,-43.95278927634981,5
24055.02221203416,0.44401267507448505,0.435483441906456,9.95939248189332,0.0008826806700373796,-0.05010806392380673,-0.0216620646854463,14.495753541314354,-30.129069910713476,-44.60169779804048,5
24199.944588777158,0.41486589565696047,0.484718535361202,9.87108675858114,-0.004381909456370113,-0.035636656049619395,-0.007148541236712828,14.100248442674925,-30.236575693528774,-43.67117163979153,5
24338.993100984066,0.4598904798179882,0.5665922766142842,10.000015339848867,0.011999931465555445,-0.035864055647652215,-0.02957206407447836,14.031226811467771,-30.747604808317956,-43.20843679762951,5
24479.016545534112,0.4098040450395705,0.5587021382751202,9.96076854501189,0.026799119686560707,-0.04045257800744691,-0.020015553549656208,14.202817680700823,-30.079637018450136,-43.37928428594053,5
24624.96606731728,0.42739079873343583,0.44519366694496193,9.871694424111906,0.03736980806044741,-0.048201229544510824,0.023751414167185708,14.391880349037708,-30.27716676738222,-42.98670325915565,5
24764.0348066585,0.44689454043803883,0.4897227124469306,9.824149790207393,0.007216662191659729,-0.06367625802636534,0.012873871048502999,13.904495920198718,-30.44671352500077,-43.10848637009537,5
24903.986223967382,0.40160967381983076,0.5413660161750102,10.028777881866768,0.025904305739657654,-0.07292701162851208,0.0295504846989033,14.34514486488713,-29.64328792720014,-43.42965444904206,5
25043.016542634447,0.42169158528440204,0.5001039593455991,9.892388612413713,-0.027931052268666472,-0.05541083459240818,0.017754203594275868,14.20798661070308,-30.24572616670156,-42.91476541019652,5
25182.986997255808,0.3603032056588241,0.4761361826633952,9.982783485563333,-0.0004751861697172772,-0.025140662579904504,0.03261314746061212,14.244582783203432,-30.47196400377988,-44.5375397943971,5
25323.058780632397,0.3817461303329957,0.5305479392836666,9.941532636696731,-0.002959278096647376,-0.04695719079584698,-0.019358902212048966,14.411999314470023,-30.097929585078578,-44.597571490789306,5
25467.029110690542,0.36880903981745816,0.538622535994025,9.914309361175068,0.03957960696363424,-0.045930117579645074,0.02337066257260329,14.027182590798867,-30.682816629321426,-44.04815569256397,5
25607.01392189402,0.3795892649933085,0.5269754714589894,9.936066088331762,-0.03467179867785473,0.00618076843473314,-0.018905740712864792,14.257128126956784,-30.740657533043052,-43.97734063429688,5
25747.006448141437,0.3182339937074691,0.48975673516083285,9.78445867712985,0.022264767139285938,-0.06045105857746661,-0.003390305134825456,14.673035715441609,-30.621135794543743,-44.9257811838222,5
25886.006677184636,0.3833336893956744,0.6915176846756286,9.965213429707523,0.02114767364749716,-0.08711339050690814,-0.014751266367703736,14.097279628740155,-30.82253455758327,-43.82512695719994,5
26026.002217791178,0.3860626508053793,0.5070545266434207,9.906609240588786,-0.010686870927425447,-0.12417821264945199,0.04359857412465311,14.042775728062237,-30.793308556206952,-48.24548711763916,5
26166.00822445954,0.46952725716200816,0.5237252115476501,9.922981497974503,0.033876451363040364,-0.024023695983237583,-0.0036315072694275115,13.91181222117221,-30.974967907069754,-43.575649879872024,5
26305.00180090287,0.45831235255642644,0.5258703465639171,9.946637782315063,-0.02028840175156079,-0.04494650801458913,-0.00043515191789187074,14.492954320753114,-30.331736941162646,-44.747941616428115,5
26445.014104228794,0.4156516900447801,0.6167842747179696,9.716775612912324,0.044100104868047184,-0.04285224285822292,0.011795628199407195,14.26244712181413,-29.83544157930093,-43.14089762278798,5
26584.030120877025,0.45073809308320006,0.553966173927394,9.862619703973113,0.017171765373909586,-0.07182793135991832,0.0038030596243767284,14.814850575424638,-30.65189761262402,-44.79525852841905,5
26730.01976722415,0.44025785011877516,0.5806736873502102,10.086594662122986,0.00877715635957189,-0.058338392126684374,0.024350857108309743,14.468259083287103,-30.361400140786525,-44.753954683428766,5
26870.993543630673,0.3938153490368298,0.48915066844322397,9.916199230057682,0.0280571031523526,-0.03715750668142306,-0.013488441209835075,14.304094766536949,-31.53257495808123,-43.966238198892626,5
27009.992216530536,0.48315056131730744,0.6162715586733467,9.827331262442481,0.012155527709304222,0.0039635883696827615,-0.03942383876540369,14.219724749955082,-31.08617030529376,-44.863590304398045,5
27150.027731587907,0.46928679294712594,0.6050816751163907,10.024420532522315,0.014895229258241102,-0.04534057567963917,-0.00023074198080788306,14.64550129212456,-30.819816207240997,-44.157347823153515,5
27290.006965284254,0.4815616725363595,0.6451577752106913,9.795333179245153,0.04153828950734069,-0.08782044759783647,0.010059046384326916,14.302147611699525,-31.434929497727,-45.51336996797083,5
27428.994749320053,0.506419418344402,0.5977941680217541,10.087903837493721,0.03256150572823742,-0.009782192726959071,-0.016975544700632464,14.902355608795816,-30.75809265864566,-43.81579309684075,5
27569.033325512082,0.5086506730913442,0.6840820677593925,9.873022848999105,-0.0027692552339266905,-0.05739360397366835,-0.015683148806684376,14.374117482650924,-31.18862876411053,-44.76964930050555,5
27708.0102041453,0.5016328219717703,0.6973955202749593,9.968004810069369,0.01894583573730963,-0.08028909327196627,0.01773189949236852,14.296655135364265,-30.542938817983178,-42.603151596255636,5
27853.989307061685,0.4661621211825148,0.5863230494623527,9.9340614518046,-0.007990758202228197,-0.026538994927822378,0.003978629630609337,14.171839393489808,-31.032161606948677,-44.36775829048302,5
27993.98568502189,0.43330070907330936,0.6671836168711675,10.045887676492175,0.0012149424445791223,-0.006927678706725016,0.002282570927710133,14.385628031180014,-31.673131972248573,-44.77328833258697,5
28132.993759037436,0.45772090188031034,0.5604608299412621,9.83151499464418,0.00758152278960872,-0.028155853010393757,0.037459578558198994,14.204365689222842,-31.357935075698027,-44.38036113974856,5
28273.034225710802,0.45712032746348497,0.6097720466917619,9.817472151830577,0.010367206341770959,-0.0662359504370034,-0.005945238080886407,14.816988539812241,-31.023011394583342,-44.28110876734221,5
28412.968799006652,0.4073746074298003,0.5691106423272101,10.014037536849933,0.0002535514136860355,-0.0606893266693466,0.004557837679563593,14.535000452302771,-31.029418377334583,-44.54652240339064,5
28552.0018831337,0.4071884396705955,0.5448309517647424,9.945108259042042,0.014923124573064737,-0.009014102296838996,-0.0451359986140053,15.33879901434853,-30.827762816628013,-43.94432262749913,5
28692.017417781353,0.4464628535739866,0.5998136501491739,9.713954296847362,0.016690693367915375,-0.06758682924976162,0.007615555688365991,14.420625880131745,-30.968847527479006,-44.465621908171634,5
28832.031910569833,0.450084508219309,0.5863383718942299,9.931489961875469,0.004614074530990907,-0.062362433240467405,-0.019423614893350025,14.78096586745862,-30.930210754675294,-44.698127350391665,5
28971.022094616088,0.3865024461243972,0.540563631966201,9.94392492630028,0.04043073318914795,-0.09648855416976612,-0.03699673816835241,13.982778805939889,-31.360686578418747,-44.36105750441597,5
29115.984656854183,0.4950861894209417,0.6243718884589833,10.208601082279912,0.004590743179556121,-0.02360309557451887,-0.02284927464596885,14.25831061768024,-30.658759885896952,-43.50001712453761,5
29255.013540493233,0.40197638992135726,0.30660438607165974,9.804384317651854,-0.01996493237080435,-0.0718626553866614,0.031574911737822786,14.191559837333756,-30.65716743652826,-44.02318473370977,5
29394.986671006907,0.41596416033511613,0.4845403510514482,9.813361669517015,-0.0014061496310786776,-0.0771445051884272,-0.012102715323079629,13.652632425715263,-30.151348171874258,-43.99785200326817,5
29535.016936051532,0.44984240829461475,0.5830474811208762,10.018662195204618,0.022123694915255294,-0.08765985788460245,-0.03802735665800091,13.551797581821624,-30.21421190524886,-44.89158637458508,5
29674.01688046096,0.47365711591209547,0.6414361938173626,9.819579813023388,0.015520786105104508,-0.051403478416282455,-0.017722698357403442,13.782591473416316,-30.195949908455802,-44.01948100148068,5
29814.022666034518,0.45081463361354895,0.3791826556740643,9.897597414789091,0.04583549698956472,-0.056546470120325557,-0.0027511074798578436,13.78484503681247,-30.147867672955822,-43.5288639475564,5
29954.00065168304,0.5171781983994405,0.29591985579724817,9.981700762167204,0.010207835996113959,-0.08194214862622591,0.03386467553530258,13.327042455052107,-29.88659350300643,-43.205829232099376,5
30093.0241431301,0.5005185056310749,0.6184818472794429,9.953021478702427,0.018004747288122996,-0.029477724569474093,0.013531597863968627,13.956390289357525,-29.328629055678707,-43.45915558052913,5
30233.004112694278,0.4855104483720016,0.4637142607259471,9.852177008228365,-0.004644888506527421,-0.03609104718975942,-0.041552575088180214,12.861834105933195,-30.210598369406956,-43.771480063420185,5
30378.017632215542,0.4004121605235066,0.5160383759286098,9.833391468876272,-0.013215182181094826,-0.050246759644649724,0.01904921931878248,13.27481219744524,-29.69701937467522,-43.80856770357794,5
30517.990266856174,0.4500037385067252,0.35265654285408804,9.838909674903704,0.07647657158233354,-0.030530172961134156,-0.02500146069670781,13.891781070247465,-29.39996637117793,-43.510966720967325,5
30657.972279167836,0.5166737253493996,0.6945236087879085,9.89110637105741,0.04801126346621603,-0.03073186169464004,-0.006725218046497299,14.476410868606706,-28.88583318714038,-43.429501501368705,5
30796.98209900733,0.4280092087788464,0.5138571280985992,10.06217364300749,-0.009856151132674568,0.013199470194170962,0.025740995404239336,13.850036461674149,-29.10497743682877,-44.05121362341182,5
30937.00601721403,0.41511281139135553,0.4713669952391517,9.93899565991082,-0.038022743016982115,-0.02148840473681459,0.006333033070706648,14.220563841832224,-29.869232207229274,-44.004076494867284,5
31076.97578260519,0.37699238550770264,0.5008678217979251,10.01079746569666,0.05209198389151672,-0.05253294291648885,-0.060237794559368944,14.95233074019851,-29.757186018800297,-44.46246005551066,5
31215.99125446258,0.36261902903592536,0.41931391925263,9.812822218923031,0.023221995797964204,-0.05181534169653045,0.030633771874130734,14.894034493369716,-29.737219065642066,-44.21635947178859,5
31356.012396643768,0.37356991276501006,0.46630137566048074,9.99246880279962,0.00421038427663142,-0.016112235237151766,-0.004914339545301867,14.481376792943774,-29.774853342097742,-43.342457141568644,5
31500.991174727107,0.3212611241182388,0.5018639894024841,9.966750943154327,-0.013295190494497658,-0.07683659765556607,-0.020715416922156213,14.654771107823992,-29.773998632555625,-43.48531080278067,5
31640.992286512577,0.4626472479667716,0.49249849006858165,9.843490871314987,0.03119816395585146,-0.010509851542947464,0.0017546551387410303,14.020353494056017,-30.4047984871934,-44.697085956132184,5
31781.006822022602,0.39244407550083094,0.4682674768263428,9.956715369170118,0.008238208450335172,-0.035399735892588394,-0.005722679640374289,14.2297714031036,-29.68388226731138,-44.327815828568234,5
31920.019260865436,0.3893171384892029,0.5626430900071334,9.958947653058269,0.037267803237920165,-0.05622831979244913,-0.00020774343531870538,13.412794058833585,-29.710491703395377,-43.83262546374901,5
32060.003413689825,0.37830284973860057,0.5183653647406766,9.925915645860046,0.01769761227393109,-0.07620781596757394,0.020561981427464873,14.06556900554093,-29.49148236655213,-43.71797114254083,5
32200.035729390303,0.3190534662483006,0.4557300837163922,9.883808834374179,0.019269996496439328,-0.04853159616437371,0.010566870252362949,14.417460657071972,-29.88236661926093,-44.12360942488748,5
32339.007616798517,0.4128932567827159,0.44399004692434807,9.814753243843718,0.020602012504255862,-0.055255280740158515,-0.01222538060635128,13.966611217025202,-29.54439021968164,-44.193371064734805,5
32478.977146291236,0.4324213387255409,0.4975544800881636,10.128319837515585,0.013939941960025203,-0.03485205069005862,0.005921531243241948,14.119420313213887,-30.122015266716875,-43.40501791911595,5
32619.041256265322,0.4370950313679642,0.47006752759152515,9.872767344789159,0.01597107253997263,0.0065708860298897475,0.006155709380302701,13.801188953727172,-30.155890695372847,-43.545025736125,5
2686.0024877809774,0.8526410982546715,0.38356362007670974,9.970130879148657,-0.010205441826361562,-0.020495491158501845,-0.017090397946241117,13.200924497222651,-30.049482207909485,-45.39796234279157,5
2822.0060656922883,0.8325426629281157,0.3136041230093116,9.799260607438796,0.03541511562807176,-0.0058098047721470225,0.0021182895966871075,12.439803619330933,-29.930550056605565,-44.42092422735076,5
2957.9878257688056,0.9303132679022327,0.2983616684424288,9.965208922176275,-0.02082224068172578,-0.1030453400383268,0.027204977347939422,12.453469456120068,-30.112642681345577,-45.391844182424165,5
3092.9758484875115,0.8974941901126877,0.3670277182526212,9.922761239784956,0.007837382800467745,-0.04178648659527111,-0.03581269799325672,12.244227119400842,-29.91056029471063,-45.104793936301746,5
3228.995474765231,0.8382672408520095,0.3511807942046425,9.794661807497729,0.021255849221277736,-0.054764845385945164,-0.022103632157536475,12.286941610208968,-30.0653496636731,-45.59769600603241,5
3364.947397591938,0.8490632910103518,0.25336539286016463,9.912112461032685,0.029426823959416353,-0.06224128725793333,-0.010745167630242695,12.052100712662188,-30.042179526512445,-45.109340596732864,5
3499.9909931410602,0.8529962744898109,0.35736546363473787,9.994230433606418,0.005684669971112318,-0.016473890366961542,-0.0014669646924773602,13.19654838763475,-30.119091920688064,-44.27249447179621,5
3635.9782339354333,0.9129052856196368,0.4460389449938705,9.933356029080773,-0.029389591953516217,-0.06567064725436433,-0.03232883165072111,12.445080527324105,-30.072242200459993,-45.33837010956319,5
3777.0064348721835,0.8985739536943878,0.2957090728251108,9.936727349555065,0.021404252789471646,-0.09819997788205638,0.05642939260004265,12.25522863124247,-30.393652300722405,-46.39508531088719,5
3912.967797397493,0.9524785201712759,0.26922714262397435,9.966472403797933,0.047258936385955866,-0.056390321876733034,0.02339956117846419,11.656231731380291,-30.002868093812143,-44.78411823206678,5
4047.9680048054224,0.9203494620221715,0.3870479542658504,9.9942387626345,0.023171031422786308,-0.08983885557220969,-0.023581914102800732,12.183246008188906,-30.114116375676243,-46.08705065761404,5
4183.987202494905,0.8856901237905848,0.33021996100308837,9.89472898582974,0.036065081319345015,-0.03407752620327444,0.008245202274004559,12.508911518305178,-29.23011994611942,-44.9646840707023,5
4320.01093188676,0.9334376595489304,0.33334331842639536,9.8088444896106,0.00563086968217235,-0.05289777035592169,-0.0164588575162756,11.580400152548407,-30.44441043278492,-45.82371199885741,5
4455.988267959768,0.8840519389280956,0.27769345110050436,9.88165064075955,0.01342448129457778,0.008759091486742268,0.03900546786583725,12.679488199376816,-26.42962186310928,-45.20128971224931,5
4590.992340429859,0.8902034369761004,0.4393046842062567,10.025523664508071,0.020847644617494294,-0.018595543591277394,0.02927672554248268,12.64751968089859,-29.87697890567229,-45.63372919661705,5
4726.97674086222,0.9027043248927262,0.2971611468356455,9.88660119609874,0.0026955357295506003,-0.007232515087043437,0.026916573351767243,12.236144219679337,-29.73736358273953,-45.78447199266091,5
4863.0085807336645,0.8806908781554228,0.21658126934232055,9.779721061126923,-0.00278671025180157,-0.08698215590990988,-0.05278031970593479,12.352368858719254,-29.23994435465823,-45.322897400050174,5
5003.994907606355,0.9401984036845663,0.3211478720534514,9.882081953917204,0.040326580569662866,-0.10281790993337943,0.007352369829719552,12.521163369318407,-29.658994862712376,-45.27158707288015,5
5140.008422126159,0.966512443670684,0.22319911763248526,9.8765994605053,-0.000985710707605347,-0.07232922465567156,-0.0063326107199376865,12.088093207687091,-29.20962966613783,-44.69878419648301,5
5276.001562033462,0.8929877188819241,0.21311478741006576,9.906533916226463,0.009523269680275684,-0.065226374961738,0.0007555087920750652,12.241145967264655,-29.787885345093354,-45.2519513509743,5
5426.985713033421,0.9743404780480137,0.31796640788083574,10.012425745124164,-0.0045727285256584255,-0.03280630852283015,0.03486849147008635,12.290313946350967,-29.243306332066187,-45.23498360775101,5
5563.001898895045,0.9991938636164063,0.20739636167127498,9.682016240944462,0.02736770115961122,-0.07603938533525705,0.003666726911488357,11.955626345552114,-29.66292882831502,-44.871216493078634,5
5699.023670067629,1.0066220586953358,0.302453231518329,10.088756685641982,0.03369824644983759,-0.05702881565611955,0.017163809722851652,12.310976148183506,-29.8733407766976,-45.91163379607774,5
5833.994789191531,0.9090570186423691,0.2893696221649106,9.95295321465003,0.009896563558667068,-0.020228730220601007,-0.0049554487796654315,12.330209736922118,-28.599789918697773,-45.212576023880544,5
5970.016404305201,0.8907494539696958,0.21070199272053095,9.82320117703146,0.02641009047044493,-0.05128220132198137,0.010143663323970317,11.88971563263683,-29.848921088663044,-44.86513194668355,5
6105.977878545691,0.9484295600007376,0.27391618445941684,9.911655721961449,0.03628452941948602,-0.067045002139883,-0.0268272582583574,12.227616804341114,-29.373134615913436,-43.48671470196595,5
6248.028790536462,0.9030707638580776,0.266535226095107,9.812788903628226,0.009917231320776347,-0.04224751757003979,-0.015542603795841511,11.546594189031662,-29.718302375546262,-45.81012119072586,5
6383.002358793987,1.047409447916206,0.33748149012016465,9.896049146500582,0.026305749073946803,-0.12177819195271569,0.01661500303359836,11.818024293032776,-29.511859767152668,-45.38105246546608,5
6519.013381812362,0.9035883004809988,0.29201464642972713,10.099536666073414,0.007639324870598576,-0.03824552771422733,0.02918093899988779,11.56207559424126,-29.14913726582029,-45.07763885811595,5
6654.970687474253,0.9085568753640269,0.3215627576070273,9.901328096089632,0.007427889629676912,0.00040325455674870955,0.025648291334585935,11.810204549441947,-29.8656451587501,-44.81796900866338,5
6790.975387111625,0.9915820946376515,0.418605885150714,9.858094964707963,0.012578806744564278,-0.04194967430610356,-0.05633996913952056,11.755580750109539,-29.36228045747354,-45.24667978925975,5
6926.0080642079565,1.0335011606729985,0.33152387764921437,9.938478239049788,0.02177047456128701,-0.035686189706653874,-0.0013186459299324613,12.043043732888467,-29.29375796043973,-45.83931115220367,5
7062.018831580673,0.9232423828180416,0.40599699114157534,9.96436839363499,0.028722176224503824,-0.041911443153265365,0.016470006406729645,12.24909135766987,-29.352105146612157,-44.28944509640176,5
7198.009770268268,0.9233187196317901,0.2807559006385142,9.926901655060613,0.02229703309417356,-0.07024125181210696,0.045623309742757155,12.697232508275814,-29.105476068343943,-44.887583907090935,5
7332.986717413573,0.8852263639170718,0.37813585114537424,9.9805300912165,0.015564813027785625,-0.05168190461370113,-0.04596844697076645,11.865428708358385,-30.56177483176835,-44.56551131207303,5
7474.982102882199,0.9797279913323319,0.42106589471022887,9.853766926778256,-0.04393391067528208,-0.05701695295509798,-0.0020383280258712408,12.142767359887445,-29.054057713253453,-44.65358203111153,5
7611.004932033243,0.9517354409040185,0.2709774176607452,9.751968236796882,0.02042864756060826,-0.034831246935819835,-0.002277461921705438,11.481568017533066,-29.559968304881156,-45.24515375942859,5
7747.000649806684,1.0147915005333954,0.33647842029005404,9.82380853428483,-0.006986852826456254,-0.02770445372959202,0.008076925667783803,12.371790377699977,-29.16429639516454,-44.90858392448549,5
7882.027188546039,1.0115259764548237,0.24884195143976703,9.910655493840322,-0.023834217410688092,-0.08912509838717858,-0.014001586652436344,11.60667049441321,-28.747549950675168,-45.09123720198593,5
8017.999395997585,0.9623551602938847,0.17375552041192718,9.840540364692487,0.022177444178355935,-0.04598495198917832,-0.037452003052520735,12.035868194615231,-28.97509820824083,-45.25170419939822,5
8153.981908254172,1.067336165466488,0.40666591888353965,9.744395017333089,-0.046723972541373504,-0.07856455886571385,0.0055444954835871555,11.093751551353927,-29.455076995487584,-44.59192294927783,5
8289.970149761808,1.0614165042448478,0.2985747196698953,9.784366774340269,-2.5503883998642804e-05,-0.04578518468006269,0.008520501825517725,11.937291001295936,-28.903792684189444,-44.559310664553394,5
8425.031995907088,1.0222609748554705,0.35534909146346505,9.828784586905192,0.003377037613926215,-0.04790924044688613,0.014511290432482928,12.155609668156345,-29.219094445939767,-45.84176801016174,5
8561.011686579144,0.9994324473395293,0.2797934146261141,9.900046022101574,0.0038085114719927805,-0.029810709718137686,-0.0020462161353862265,12.306077583432595,-29.539357125565676,-43.84914936458555,5
8703.00791877704,0.9848691998242372,0.3794521874159597,9.890266967715334,0.038774604554965356,-0.021468284791954236,0.0022411343251035995,12.556474298532093,-29.42363927702085,-44.25420576017183,5
8838.019056012365,0.9563467951554735,0.2855403784388699,9.848740720810385,0.04215729661265411,-0.03407700747808291,0.0048112744189818145,12.313933355717822,-29.10860158280604,-44.35206151379729,5
8974.01894284883,0.9161207013454602,0.35316701211086826,9.971680844214902,0.028513165677876293,-0.06442880828353399,-0.008644041264411664,11.906546018814685,-29.425569534129878,-44.40917592368961,5
9110.021270322535,0.8629124628761486,0.2620074839540832,9.852848268593172,0.013013998473976152,-0.049525044202257805,0.01661157011515569,12.088227450566121,-29.960362055716526,-44.22473629258928,5
9245.992867505138,0.9492694692835189,0.334009830929433,9.747554579307504,-0.0023073114928282845,-0.08288914595087528,-0.02035177153692222,11.705559771605023,-30.017292414816254,-44.337374865014425,5
9381.007654032672,1.0024370208014082,0.31336355106116576,9.77930408540714,0.015451402381415982,-0.08659059970584741,0.006522573925062976,12.64006376687574,-30.169847805092175,-44.71691448058882,5
9517.004331952865,0.9487155316993028,0.34873417473847607,9.929546346814188,-0.004194458626213507,-0.025576462962763197,-0.01964738936269372,11.66057405936836,-30.289091981852508,-43.57207907591427,5
9653.017004860276,1.0055475742669902,0.2766555767161807,9.829132788405502,0.028161700605588313,-0.02177895909478752,-0.025361393658632984,11.918782210014692,-30.108685195900204,-43.96406817449204,5
9794.001720705308,0.99655909668394,0.3142537705967243,9.878829378512442,0.04735472186348108,-0.05799542649913431,-0.019048519605236947,12.65292374976937,-30.42647385971525,-44.326569898528234,5
9930.007966407633,0.9895165993042241,0.3635648386307118,9.92310557262257,0.020358875908543062,-0.05713328523981673,0.0002710030613726777,12.630459941170484,-30.873510330671618,-44.32094745013267,5
10065.988723614822,1.055840704753499,0.3286129738185723,9.921915667666621,-0.010865127656724953,-0.0032478692150050975,0.0017136138670084053,12.468948762322563,-30.46056336057402,-43.2992787512641,5
10201.984627323172,0.9930218917369121,0.2807258850824923,9.69231309603946,0.019772582932107832,-0.07838626766933779,0.007304735902164369,12.231000631858475,-29.860286594467112,-44.10918664232684,5
10337.003288484493,0.9804302488628246,0.4061430434409178,9.938159924021686,0.0240258058804183,-0.07048662533214278,-0.023659352353480243,12.405016910013822,-29.647072846649156,-44.06020277816335,5
10473.007478240903,0.9472593004263676,0.34468387516407045,9.882204367398549,-0.012056160184358296,-0.05558293488930311,0.005194720863345062,12.470849370580977,-29.52373617498526,-44.115716692503604,5
10608.961610463883,0.9626398141622339,0.3582466953122134,9.656755609397186,0.05210076564336228,-0.10242067129102393,-0.011378864839704055,12.559025580274195,-29.965003077990072,-45.380837537864764,5
10745.015280557189,0.9388832745414089,0.3699610426657023,10.053679936596039,0.04396540310409663,-0.0451773988867208,0.04090635083077682,12.202090637990478,-29.310621482704533,-44.85589208000686,5
10880.02532325027,0.941941671859822,0.3870575371626539,9.880999430799914,0.0140961089266105,-0.00573928246756868,-0.013995946843143156,11.960849237060154,-29.66532450739264,-45.16871040677892,5
11022.014572192407,1.0009932366141276,0.2800890819186761,9.6868021601768,0.03993866322989388,-0.07017458512555043,0.009988891537582895,12.142104087989987,-30.08739858505619,-46.08788043040899,5
11158.00994441791,0.9906267034248379,0.42581766672284516,9.854581412415413,0.02882973535337492,-0.02645914409567455,-0.020511494795289933,12.622422191062592,-29.09209720340555,-45.23235768445141,5
11292.993077920493,0.9748979301426532,0.34943949938959856,9.942363777392261,0.02926734436915614,-0.039450441503610066,0.05701954025370958,11.927496825607523,-29.50480123480575,-45.45445189968002,5
11428.981271389586,0.9897165597171919,0.3929554201739718,9.78280205132072,-0.0031448467422691474,-0.05899328926340547,-0.0012305592240218388,12.677056025479965,-29.300043976276232,-45.62444034260524,5
11564.989198020032,0.9195414200186725,0.3020485365891746,9.86654316430563,-0.010074971292106301,-0.07986465310900182,-0.028476459233309957,12.05479269497386,-29.53336102280223,-45.928273549949864,5
11700.990344304117,0.8993777279249349,0.3503536085755123,9.895650815248548,0.03304255224004854,-0.02723878262046799,0.03027810207705629,12.0009089509063,-29.011455931001006,-44.461367258139454,5
11836.026262129395,0.9417561268039494,0.37164175030777585,9.808218554227105,-0.015419436593301389,-0.022861139160424433,-0.03976127851842433,11.81242255007851,-29.850586422336015,-45.12943075162702,5
11972.01152702075,0.9030099270544686,0.35148461888350263,9.898199695847877,0.06190407537512101,-0.05408048492045669,0.02148610648145576,12.62345895152728,-29.741312796838947,-43.978069249725706,5
12108.002432284607,0.957156039551278,0.4517511676127982,9.874009606210107,0.005197943395992339,-0.0600196784802562,0.002593973359068505,12.21548074157538,-26.307627489831702,-44.28166137416002,5
12250.011426826757,0.9711076641612141,0.40129560273664955,9.807367935478164,0.00658797958710617,-0.05807618732475755,-0.01654463170150402,12.452660805127834,-29.414747506882392,-45.68268095506198,5
12385.036460367144,0.9513453961743457,0.3607489740708463,9.930457257199734,-0.045904497897887205,-0.09968109327398,0.03019095300034164,11.823756107631421,-30.10669474410316,-44.47859206130406,5
12520.96965076302,0.9071674248618061,0.44193852755532104,9.940756725078082,0.026259934767005576,-0.10169506671127378,-0.014417454033983467,11.090016685029967,-29.340180081444263,-44.171526346482345,5
12656.995288846381,0.9754938798596579,0.40075167220401636,9.837000941947611,-0.026635982988705134,-0.015908327518260313,-0.02329035668646851,12.555462126813241,-29.546756650270844,-43.35648508547106,5
12791.984742341054,0.9393159025617677,0.38321048527103524,9.873923815147256,-0.012995354061080468,-0.07637259509429847,-0.0037252389828853127,12.091848317839533,-29.37243595496529,-45.595529169621166,5
12927.99138664339,0.953469839474088,0.3775788331320697,9.831229535544075,-0.005237455018289545,-0.0499940900506165,0.014134781059268285,12.353922766873145,-29.45787360615432,-44.28377634247369,5
13064.008274073249,0.9699928877208889,0.3587549220602636,9.878497600127703,0.012650835812400264,-0.04851741428787071,-0.016473517014119844,12.33771291691926,-29.898500359387782,-44.11782605227997,5
13199.999482600017,0.9694178055506063,0.3934823730787851,9.833863276859018,0.024826911558422707,-0.07212744605118282,0.0026065647429177295,12.306896258704993,-29.54069383887037,-43.56251185935308,5
13335.024938683491,0.8758043474216872,0.29395165121225536,9.724044947677925,0.0184296779949853,-0.04490508171330015,-0.0009532734264984747,12.348247221194772,-29.238717120044573,-43.52490259512153,5
13476.987875451492,0.9202989809636902,0.46410777393806124,9.873250742844077,-0.004485718327457251,-0.06364361096039636,0.02039195975301114,12.12787898397429,-29.46023211577849,-43.20335930203016,5
13612.970267635692,0.9131456631611556,0.3215199612459389,9.969551293828177,0.013877748334683731,-0.03163830014993881,0.006657771347085717,12.927036591385471,-29.65312973324102,-43.50908659978841,5
13748.98508818254,0.8889766638448563,0.4008986470517579,9.796868381866004,0.03583580905485581,-0.053686372213870084,-0.005284695834463723,12.556891718243506,-29.715703809852307,-43.867849804157636,5
13884.024729270863,0.9210337123553565,0.39297680026381315,9.945655165227121,-0.008763984673631667,-0.0031545484506148498,0.01847245483977545,12.459423758734562,-29.77247491364444,-43.7602784999176,5
14020.01241430891,0.9261867963597168,0.34356193253097955,9.889903177599246,0.001871789143895802,-0.013693287392111453,-0.014048450190967366,12.17810782009235,-30.155473911350867,-44.30244551593943,5
14156.004940423198,0.9368571312658239,0.39131918483498157,9.832088136360433,0.04288028995466241,-0.013792528917428647,0.041249592956274624,11.43736387096573,-29.608567132772688,-43.76014575765528,5
14290.98618394332,1.017897398867475,0.3911455711261057,9.809680271568197,0.050702797887687924,-0.035231099167690294,-0.009731534551315387,12.332665248047013,-30.106964007768827,-45.16617379809118,5
14427.000841808922,0.9425027984473577,0.3849792810431073,9.781653140452926,0.025562589201129582,-0.06298364471687251,0.02863629607813017,11.72259302810403,-30.068039135722895,-44.1316028190983,5
14569.04497931804,0.902218972530606,0.43944430195360346,9.826925875889952,-0.0033506658029376244,-0.03859587165584435,0.017685673105067277,12.493518232832507,-30.805598437660247,-44.5465743719521,5
14704.97718401113,0.880260710846083,0.3395700035249643,9.922192692571864,0.02646723262143745,-0.040989080047765455,-0.0026660600858075933,11.693221996513715,-30.06157017103999,-44.33227447676431,5
14840.019846061372,0.9753778516730321,0.39325358863846666,9.778164872198957,0.0258557690533023,-0.03341147457731515,-0.0436401053609843,11.959802590976572,-29.610319837798972,-44.525921683958416,5
14976.012786028567,0.9244438224495009,0.42470020629508776,9.873538890856203,0.0346916193899279,-0.045169612680552446,-0.015576317075923505,12.519322706734984,-30.043881916254,-44.66720111044258,5
15111.996427752541,1.000250033282767,0.380533581081578,10.059960242566827,0.04724905481940093,-0.0891768223489616,0.011532055603926691,12.257319310351745,-30.21958092381873,-45.089106363495254,5
15247.971616886536,1.0209289346387538,0.5105346131102763,9.345944097925907,0.012158921234910408,-0.09768906913426628,0.03220785531135179,11.553074150929348,-29.849218948286016,-43.21312158530706,5
15383.003958881636,0.8031139309346587,0.48043517676889064,9.79259582489203,0.03722813306388058,-0.06961478689084409,0.011954508233377266,11.585743015032211,-30.218981514177646,-43.96739326777639,5
15519.007000655056,1.1565793690998394,0.48775503029426026,9.669786917993994,0.02964259111568739,-0.0588546030025144,-0.05167341035620304,11.252700897913114,-29.61931661902752,-43.53461927725996,5
15655.017762757245,1.0560207911299813,0.5519221309745861,9.654602571569487,0.05922063072728456,-0.09007828551429022,0.04595813356688626,11.603918386510255,-29.703531428157653,-43.8173631490501,5
15796.014018191785,1.0438349198202164,0.4559996223931895,10.24026479642219,0.02510544064565299,-0.006030823655010195,-0.049570929865607224,11.586466987165453,-29.830605653242593,-44.17260653429902,5
15931.986054106357,1.083289798806602,0.5719276873390395,9.990899871258078,0.036822348827604254,0.01644963363490216,0.012976446302773186,11.509189819279712,-30.20872548227495,-44.439579269941035,5
16068.010854463488,1.1113824226669569,0.5139593550391488,9.82115787055127,0.06669552271216728,-0.10256897826364558,0.1569233109255464,11.518303193036799,-29.68653239651239,-44.67080640673565,5
16204.030168873962,1.1357713052546128,0.3437165734542352,9.389253669058839,0.10075052006859156,-0.07045964910265334,0.0640987406068564,11.204543847317135,-30.026921983982024,-43.329750818088534,5
16338.983321113157,0.7847875921750236,0.5533771546917782,9.887017834949361,0.020729712152232325,0.0569392130256233,0.008237458329344112,11.410486171246301,-29.858057492061707,-45.31422935107276,5
16475.000241203445,0.9612674330809808,0.6000477336427948,10.078163891138498,0.022875040589473077,0.015338407411145366,-0.021068340988867756,12.530958960434491,-30.401799413743717,-43.79458194249303,5
16610.99252694928,0.7041050325484738,0.6585367965216364,9.839366185589533,0.007122210146379828,0.05575925236916317,0.03220503218031524,12.593314225461642,-29.82947052805309,-44.11601896997869,5
16746.98609863074,0.39276083570388565,0.7394723514139583,9.92887482113371,-0.02981634258551169,0.1298366241429934,-0.02241398789782949,13.481906191300759,-30.423661691828382,-44.00263803675486,5
16881.960833628127,0.5889347403456483,0.5442502026584569,9.92463168463902,-0.032465737071910826,0.09621337868454968,0.013043770860090275,13.760355446014508,-30.106826699642518,-43.72170775376967,5
17022.9927275772,0.49633556675232077,0.5280821796548624,9.736187573294236,-0.008648674200572092,-0.042870247272867305,-0.07503600248494544,14.288651526789291,-30.44724813369564,-44.194964683587735,5
17158.97392257708,0.47660106391861995,0.4681987429322113,9.785746045315152,-0.028336730729007206,-0.08513347326678308,0.05879287685321075,13.876265931362115,-30.462084290978012,-43.52153005590128,5
17294.028334308143,0.7168579853579913,0.48095258748485403,10.095720355170823,-0.12975271932030158,-0.039322974533549056,0.013470906491130315,13.41394795138554,-30.19549567493152,-43.319209568004226,5
17429.99778544468,0.49995062192519374,0.3166655189467719,9.440238371627068,-0.004328404931223822,-0.005141043351925651,0.03781959247489257,13.652677871312598,-29.027469590795913,-44.03952522556966,5
17565.98682514184,0.3948787595669933,0.32449743801489317,10.123728382101513,-0.022055204476639396,-0.007066064067871271,0.07807840213303864,13.44576621851124,-29.377831715530395,-43.53920984133254,5
17702.0216622952,0.43709392354137305,0.3038502125548793,10.076013813072706,0.022642677694234604,-0.06279346029939353,0.012392676830423142,13.107713128507198,-29.52300397662661,-45.27833157694189,5
17836.98082867452,0.4376397819384972,0.23270943462640314,9.794783886001554,-0.04081940099743894,-0.009841007746586224,-0.014831642028900515,13.873741413440506,-28.708059308582012,-43.17717157080003,5
17973.010220013522,0.45762499315435484,0.4039766345053019,9.892177926133813,-0.024599128338615606,-0.09263826956960693,0.017850203275573493,13.418325897258878,-28.74709296061291,-44.64758903922402,5
18109.002131232603,0.48161182854281376,0.31875562877050817,10.001730280128973,0.016768521606981522,-0.06990509940277972,-0.0074530938450406235,14.278124666207656,-29.46312963806672,-44.60140711876606,5
18250.018152461034,0.49513618648331015,0.35318328970096213,9.747379827477515,0.07577232773526779,-0.01815091092806941,-0.0037847660687050488,13.859250351466478,-29.019985552283206,-44.25332165454943,5
18384.967214335695,0.46581274784802423,0.4807953754875437,9.833654021906455,0.038762008870601945,-0.05864196694767197,-0.00930434433818513,13.827790884403088,-29.69284949588615,-44.60314180674693,5
18520.999053458396,0.4458869916146779,0.3646544121681076,9.843969275811308,0.031345998685809784,-0.04710551448703377,-0.031125087460184147,13.9743086133964,-29.432357505341095,-45.01190402159267,5
18656.971354247315,0.5482616026636202,0.5197303885050746,9.586392647591365,-0.013413396262140644,-0.05893800250138993,0.0008854103301228714,12.989495181079473,-28.827502454744742,-44.51070589419835,5
18792.02291910961,0.4919254507708139,0.22258290711095488,10.03386035655367,0.05330752103923186,-0.0034775762547287464,-0.009572064408284854,13.5444237742069,-28.414054354927675,-44.26480630854989,5
18927.986141871494,0.5459774255506034,0.7050774139854825,9.923704066016247,0.04339929985871135,-0.05453021998643935,0.00039453572030464764,13.565808362184438,-29.189292806601017,-45.33410905427611,5
19063.976870217204,0.6174719068505782,0.3577765981241066,9.764039016751857,0.011016085893993784,-0.03021850134780714,-0.010176709518145435,13.47762443858661,-29.57472099059844,-44.785999863409586,5
19200.011752805563,0.5039017640938371,0.36378268813798775,9.891007870625558,0.015822258100609807,-0.06141506657660689,-0.0052955245001101115,13.550912140516036,-29.186679181379844,-44.68768286277495,5
19340.017902247775,0.442005583698781,0.37347979244207724,10.003949745901151,0.05725118047557518,-0.022973576468452456,-0.011019567762659957,13.593437113713868,-29.86372648200602,-43.94470338199443,5
19476.03229956485,0.5027479636748653,0.568842327932041,9.992493844306777,0.0312109057850556,-0.03916798689127922,-0.01868828561080637,13.329675000462828,-29.858613452846118,-44.12830000005995,5
19611.964373143463,0.5813613123299995,0.5710094219578394,9.686778580907257,0.06099613243319062,-0.03822851550440059,-0.0028138287271513383,13.897771236343308,-29.592040066799402,-43.62154483858633,5
19747.97286215581,0.5581697403466982,0.4703815753866482,10.104558583871317,0.006225185843270008,-0.04439079641802194,0.019463230880860174,13.487920511302441,-29.816799170145543,-44.90830109730944,5
19883.012443759948,0.52242766954719,0.5195175491232884,9.823135568734454,0.0028953546083728054,-0.029888178633074185,0.015816492487610523,14.115746361506709,-29.695521441256744,-43.772955539154665,5
20019.009751784088,0.4689672805231503,0.4622615165966038,10.02372147201987,-0.049776179699080096,-0.005558103297782297,-0.017546172766255273,13.883554279422674,-29.4761681859781,-44.02806406557592,5
20155.021637369282,0.549458733335907,0.48264888947677087,9.97167302444408,0.02149517073323967,-0.061422788013141445,-0.02054470677428562,14.067962323193909,-29.23234420465567,-43.29233557394467,5
20291.02223092529,0.4064143657215879,0.3892871309315187,9.998547150505997,0.05443705272427766,-0.013414911772608366,-0.011059880952710549,13.829143060432171,-29.43430935953422,-43.88059118070809,5
20425.978158413276,0.40488585406235744,0.5215793515990319,9.925347534443482,0.0019154384589050537,0.006099243781412288,-0.00259574720683885,13.676925940992952,-29.155318954335108,-44.413603689799174,5
20566.966291358403,0.43955583448785585,0.2924741707920185,9.67738111463251,0.030138111611173305,-0.12593605933561958,-0.04424947935353412,13.172036011327577,-29.202381592764183,-43.17279529325366,5
20702.99340400561,0.5005308237371516,0.7347344671492447,9.849079969380735,-0.025370876048788262,-0.044080868880707724,0.016438247021382146,13.918211474117436,-28.599163496641612,-43.90176358497695,5
20838.02339225506,0.5160857820224617,0.7473349878633351,10.072806591231997,-0.013148743029873108,-0.06256918406407962,0.03158773381510907,13.420355769114423,-29.514118198821457,-44.09681730602481,5
20974.008859801026,0.5764595993535435,0.382815954880928,9.876267952992977,0.03005063946300647,-0.05377673646389374,0.007041882627443839,13.74357533193419,-29.233106460299513,-44.71247736268146,5
21109.953081176027,0.4883730016364764,0.5220223542861481,10.016201113960497,0.03420052202360342,-0.02655862680025172,0.023824481810934498,13.593125120503451,-29.081610336757254,-44.11784237227649,5
21245.99812929288,0.46159784081846195,0.585287104544808,10.032025218153676,-0.04422427546120401,-0.08424700375347051,-0.04232664649668441,13.676719287437868,-29.298452444421933,-44.55288077057268,5
21381.03049848472,0.47333938813065785,0.4510681026479804,9.83079651952777,-0.013761047768077735,-0.03752882867238777,-0.017384256078017964,13.5166954356592,-29.43935667846836,-45.155703543236825,5
21517.036361765786,0.5430181683970424,0.3986782788867041,9.877762390194107,0.06784634025720018,-0.013279176457233281,-0.10422499002581197,13.825967714731071,-33.43633758970484,-44.49906932335623,5
21653.00852072615,0.5138904053812461,0.71025600020352,10.105031325477361,0.026674536602119964,-0.06662114580869244,0.03425123700544122,13.507531281895924,-28.9667199491211,-43.88402256826692,5
21815.00240552548,0.44010279376622724,0.5437192691682592,9.686119046526755,0.015861110747175607,-0.05195292911822664,0.0190271922220161,13.505948815038709,-29.722170697893493,-44.10287517384935,5
21955.005047123508,0.45933152298157104,0.42989665804484734,9.83669317961203,-0.011116445690118456,-0.09478103100127176,0.0353557154832934,14.07344269178417,-29.971937430045102,-44.97199874434687,5
22093.987164689945,0.5567229532521781,0.5659985483617324,9.835359159849427,0.02882476480196075,-0.02716915302092432,-0.03058096216073841,14.096354166417488,-29.7139318266738,-44.19328882107575,5
22233.990671055053,0.4799012485771667,0.46893109958730356,9.852088320282819,0.015283299615562993,-0.05244145960164338,-0.011347282611060272,14.690341825546936,-29.63704544849118,-44.12292287918619,5
22373.996326518645,0.42668004271806703,0.43898787329820904,9.844062038958361,0.016019681399822912,-0.021529371526571632,-0.000546916999120924,14.278866127538524,-29.787838648224238,-44.42445417723992,5
22512.99130015795,0.4707932820401314,0.4697284516877615,9.952134800277557,0.012764151243066613,-0.025817154673525865,-0.03842496625373584,13.982141238545015,-29.419098631547623,-43.574250610412506,5
22652.976114793262,0.467701178506945,0.5668985543216973,9.903874329285458,0.007444517758639182,-0.04186844173669135,-0.01789250218602635,14.272052854103334,-29.30254498051166,-44.16860572585437,5
22791.9923095948,0.5232438146446147,0.4923433030703973,9.84028043644255,-0.0052768939165735995,0.001780658414838944,-0.023758672293827166,14.215533549595852,-29.8357381086994,-43.2243861506059,5
22937.99609065982,0.4939719104203526,0.5252878555799769,9.770441029440388,0.03166982625078466,-0.03415835207977228,0.03259109924508183,14.507919031859188,-29.466284393988037,-43.82009135237303,5
23077.999446163045,0.4222827692263348,0.47022470444419295,9.920386988948124,0.02988126219088701,-0.09721931831786984,0.012086369421691376,13.93372532053632,-29.846920106653624,-44.49976486697584,5
23216.98800781636,0.44815757529948447,0.45277302147620846,9.89657366728417,0.02154698242374661,-0.0488669805171075,-0.017230073450120634,14.521207855647196,-29.773059949046505,-44.19869160575465,5
23357.016005736292,0.4583836689574218,0.4266100144908131,9.878716062928703,0.020962880209250623,-0.058308629120329775,-0.006538735946035126,14.331042864698432,-29.64974880111166,-44.468545814953224,5
23497.00886774674,0.46094444023448755,0.6287526373704564,9.911880494251992,-0.014551752096565902,-0.051363770886397306,0.022816026724173807,14.19672989040401,-33.52593571106486,-44.636158999813176,5
23635.981791954793,0.4078070794815688,0.4604212860406832,9.802732663733023,0.01186140048313409,-0.04631092368981309,-0.005855674449648197,14.23765154237398,-29.995947571380416,-44.11728411393776,5
23775.96304048229,0.4513632434764501,0.5702093983543111,10.0110002718974,0.03944611902321981,-0.06099386252168878,-0.023608877219400463,14.367290296413168,-30.57274245201517,-44.61259377687968,5
23916.0087016039,0.4292873092855745,0.4893898919501448,9.881114050889744,0.017370415042285835,-0.044550555517310436,0.011648695037002815,14.25336963649437,-29.953421386823052,-44.010414441869536,5
24055.013590788836,0.43428335850683375,0.42722136620374945,9.950895066855448,0.010833099305871674,-0.044090868748026465,0.0047638358613243965,14.46180290450388,-30.120308191250153,-44.62472116610335,5
24200.01851947304,0.4456790768642491,0.4946444566354974,9.852912810294885,-0.01937044835501632,-0.06867917032771287,-0.0029650535058891913,14.136348005566193,-30.207106780861977,-43.64583492466491,5
24339.032455508706,0.41591148223624197,0.559404150958392,9.963974299238714,0.03520429091625091,-0.04229808067649115,0.01727172279295416,14.070100312896109,-30.715828994132767,-43.1894624741836,5
24479.00365872731,0.4158263320514617,0.5490803588453113,9.988297766939006,0.023515565413760278,-0.04888362971420585,-0.007541803718026093,14.20980283283311,-30.076420629944156,-43.39903134781769,5
24625.011497227555,0.43826558693992307,0.5002690643396023,9.883759714657343,0.020270958757762497,-0.04655005344328998,-0.024804820641287032,14.366561339581331,-30.296211576413498,-42.97103187785055,5
24763.987155406587,0.406128783419492,0.4866388335573684,9.836737266899648,0.01569907055281427,-0.0581180765640137,0.025075300859584038,13.938153083871274,-30.489706407854808,-43.136817651986334,5
24903.965438290485,0.3687103117226546,0.5649421594273163,10.022491278641322,0.012368836408777466,-0.06246403867795371,0.008906723408810723,14.372657978013745,-29.64900116817905,-43.44031435965961,5
25042.998229528977,0.39711978865356606,0.5139209789138747,9.89859238233753,0.012080762989425176,-0.04127553172191648,-0.013780998313557844,14.270941876593675,-30.23298019855566,-42.88450789996749,5
25182.959668730007,0.3884906897519679,0.49699090065390084,9.94722166643827,0.01757876247333974,-0.015532391082341486,-0.003875895781128529,14.228311233658378,-30.472991227714555,-44.545548190416426,5
25322.976951575743,0.41578112944892615,0.48536026374554225,9.928987400764326,0.02072027460212102,-0.03440242436145652,-0.003955892300271719,14.401652537430806,-30.08734825429181,-44.621826874416215,5
25467.051078871147,0.40557387272901546,0.5233331968544591,9.903230745806995,0.04452525071621499,-0.04534855899592236,0.03586117474346265,14.004484022814346,-30.649884803397455,-44.05555835857525,5
25607.028039350105,0.3904048352069081,0.5363683262769795,9.946115727188399,-0.036837994097131385,-0.01369062672419773,-0.028960806851282946,14.228362175769844,-30.79262404515009,-43.93711935101101,5
25746.98174212638,0.36581297117510614,0.48929237598431824,9.84463195412916,0.027383878774259424,-0.013031368900188089,-0.015068108547064732,14.666431843770964,-30.65414038322582,-44.92355292037587,5
25885.971448596196,0.3669509795656025,0.6497116527368179,9.952097102918062,-0.0025249392232205813,-0.07659884982534733,-0.015944370675115754,14.101654803888291,-30.867144953674902,-43.80933488017693,5
26025.998713152774,0.40902220810766876,0.4904126616949691,9.858262973725557,-0.00814307397594019,-0.10416450657188174,0.03969859183665757,14.015456576232747,-30.741827050694877,-48.24623900091047,5
26166.031917742708,0.45684384992353083,0.5574803275559211,9.890551592033301,0.030381832220623014,-0.052923084237294506,0.013712270105672372,13.904020665324804,-31.012019066690968,-43.60886839554589,5
26305.00575750499,0.42512001496016144,0.5006895015376612,9.959921640986858,0.04864069256150617,-0.04717779021392098,-0.03700875361472263,14.504913073341362,-30.316139532584614,-44.753258814350666,5
26445.00988690974,0.4557078081395321,0.5637580325312308,9.774739475414583,0.05834224893288086,-0.04180395065119965,-0.01967691107389852,14.334694566991356,-29.785519775453025,-43.10206791644678,5
26584.014841369186,0.481041059210186,0.5417400391318484,9.852960231107536,-0.003939559330854299,-0.06684745106471075,-0.0280041173937473,14.790100718066347,-30.665727030335884,-44.75272843231866,5
26729.97301786294,0.42439592213582356,0.5564456649090254,10.027271727881862,0.006565666302906573,-0.08447208195694346,-0.011777941294598861,14.492254521357934,-30.37026135770605,-44.775726197348334,5
26870.987638070314,0.38626187092366027,0.5179096741546702,9.905830623268024,0.04463981818949407,-0.0030828884959202807,-0.04273734038446588,14.31965669572942,-31.575043900879162,-43.94009912334575,5
27009.992781871842,0.43622668754301824,0.6559627185796093,9.82810821039025,0.001118617015761614,-0.03473860572914424,0.005795476833313965,14.255344188027816,-31.11283405729641,-44.879098232780656,5
27149.979587908205,0.45920772836687795,0.6216536705449979,9.970668060169467,0.011557822028847566,-0.036130568670094725,0.002930598779617019,14.605405269572325,-30.828151390727253,-44.13747654611263,5
27290.023074244342,0.47339767645269143,0.6304215286020117,9.862477419806028,-0.0016330940942750984,-0.06537246969413135,-0.011329247127122185,14.286697978828418,-31.460873397119013,-45.504438454824005,5
27428.983433824418,0.519093919000377,0.5611582087790166,10.122317367032913,-0.013355663545834095,-0.02719405780447571,0.011692779138256962,14.931237540324279,-30.735060651465464,-43.858983730492575,5
27569.048925283838,0.466981952985547,0.6589574438174521,9.870357190874545,0.030407610387999606,-0.045846253731436123,-0.00514740191941316,14.354404803476003,-31.20492941865681,-44.74083955993198,5
27708.00802273537,0.5131026238758879,0.6906477527314985,9.955006094147546,0.03229602120289745,-0.06189262330338112,-0.0066187642228404875,14.285654065588714,-30.49764579748471,-42.6179491841663,5
27854.01243324529,0.4534342647184446,0.6023879908251555,9.937218028029701,0.055621464086217806,-0.019295071500377847,-0.0160401891016953,14.198399855081608,-31.010191318705292,-44.39490297442481,5
27993.991953858836,0.41188086169597327,0.6901930891143877,10.073177019270362,-0.013495737129282882,-0.024091809043094766,0.011113519672318013,14.414897936287405,-31.629125374267836,-44.72645806402114,5
28133.018116093834,0.425398978945428,0.5506105914714853,9.895081195581445,-0.013993362415243543,-0.04818052239830675,0.0020854982577282206,14.162255656916642,-31.358753241885836,-44.37901091529393,5
28272.981961117202,0.4471939091465599,0.6417065303660417,9.843635875280812,0.02323023380480751,-0.03736754684681078,-0.009437949083955703,14.822214992832539,-31.041123550640826,-44.276289472757206,5
28412.989165342697,0.4074164988617788,0.5828437747709585,10.001251638110148,-0.011401037869683543,-0.07939639719124607,0.034704209714718076,14.543125978581681,-30.99690354132221,-44.546513999838595,5
28552.006405075295,0.4045453354031364,0.48477576541886486,9.928785924756443,0.014824725530575475,-0.04788491344676123,0.01117187561170099,15.342926788871535,-30.801157597817788,-43.92231062704513,5
28692.020509624857,0.4168788171858371,0.650736181404207,9.733046397594746,0.013454386147473164,-0.04104197903848703,0.0015177525781399372,14.43384890113741,-30.902724919781793,-44.421355131067486,5
28832.0145414236,0.43171244363060535,0.5804927905695915,9.889657280082535,0.006641005538768913,-0.05384162422961102,0.014443410663071497,14.77194781743351,-30.954625503193498,-44.65567457586443,5
28971.00297957107,0.3779694683570304,0.5850556065203122,9.96749439273663,0.04427987095147996,-0.06986757393593014,0.01921942412633762,14.024334250209453,-31.370113707749056,-44.32677423644004,5
29116.025029389588,0.45658688582430035,0.5993976008574926,10.178844660928105,-0.004598414921772246,-0.04203406319655573,-0.006514709215870966,14.289074947442964,-30.63724491127875,-43.53845895526814,5
29255.02330833839,0.4017479631173098,0.33849000799210766,9.76831001158696,-0.022160742938343136,-0.10870602139908284,0.043312148687507886,14.223051286556165,-30.69540131167721,-44.01514984241112,5
29395.008056121475,0.4194309520032046,0.489549705201505,9.788233638297003,-0.005156711083495777,-0.08505446481208305,-0.03352416656810668,13.720406064348209,-30.115993711275102,-43.95870027126814,5
29535.01710283473,0.45718822143571647,0.557919097146973,10.028042684849705,-0.015655546713492324,-0.08604600129475282,-0.016555807669080786,13.564341859518825,-30.18844984346499,-44.831760667093334,5
29674.01449441603,0.5188834179581762,0.6249025112537103,9.846383252627694,0.016005682193852455,-0.02057011667883474,-0.019987880747435967,13.759454588232693,-30.220832917094615,-43.992970510324625,5
29813.996602117983,0.4873289291229963,0.39576259846727985,9.890636103748996,0.03664586017989164,-0.04670894695342676,-0.022294149516696525,13.782321755673596,-30.18410380922967,-43.52936802592263,5
29953.989936403716,0.5038244147140264,0.2815107966226909,9.960508051286082,0.0060479744371910536,-0.048256269210472144,-0.009147425942957156,13.329501938567313,-29.89058433512902,-43.173954813851005,5
30092.989463586266,0.5343958289915194,0.6353227986786802,9.935962263262093,0.031408530510470004,-0.027398209104787078,0.012250532250089432,14.02450650432777,-29.301548616171846,-43.45563769110034,5
30233.000278853975,0.4800618037829781,0.4641612396728557,9.855655226673269,0.007432466674374031,-0.03683679797696069,-0.004464221148254648,12.846988584797082,-30.25653511831015,-43.744351787648306,5
30377.97237395437,0.44507167225356975,0.524027162934967,9.862299283854453,-0.006921096275325626,-0.05193098224121156,0.032333764276449996,13.344897394563763,-29.67002967599842,-43.840410168874925,5
30517.987012218295,0.5001298102726648,0.34041421268614386,9.835824428026658,0.047260776480991924,-0.009937849104135924,-0.055716576247649,13.936988894300654,-29.395804385317994,-43.50711650884808,5
30658.02434448653,0.5061887330655206,0.7060366682815845,9.871285461265021,0.047011880378272725,-0.05572583554537667,0.03644475599008774,14.430878443048787,-28.846402276779457,-43.37169958003205,5
30796.984164497593,0.45276762301707757,0.5145907708135797,10.024076559791407,-0.004277681946584041,-0.035611983130654515,0.026736577139483825,13.849412227509253,-29.061256752981212,-44.00409045212056,5
30937.018901203566,0.4146672474870531,0.4554559602111024,9.987278655239496,-0.025144560274147354,-0.022205767210845828,0.012072648349641458,14.17982362268686,-29.912556955565915,-43.96795808012229,5
31077.010185111867,0.37174002210810964,0.48305238970182074,9.967817562402892,-0.0040700136046258285,-0.05390445109787703,-0.031319134715805365,14.9257093421726,-29.733759339391128,-44.440247996211355,5
31216.041278732864,0.38007928517432377,0.436898184463677,9.803302657697865,0.027218662363104523,-0.06683996440466236,-0.02691649258839312,14.923595394319664,-29.76636354279656,-44.28045857203472,5
31355.984739804542,0.382481832618407,0.5150126279983068,9.94757936331284,0.015165456799411286,-0.025494945889382743,0.0010012708011673441,14.50518116168848,-29.769381049083158,-43.321048243953385,5
31501.005176727995,0.34978023745386455,0.5309283031373273,9.984162174846864,-0.03492980675796681,-0.05259329041063231,-0.006103876927951293,14.642408692313177,-29.786391499676313,-43.486897138516596,5
31640.982315382746,0.4014859226268192,0.5375576035157489,9.874615020048763,0.01052361647451681,-0.030360583744510866,-0.044761551953153476,14.017728604394158,-30.440661498185793,-44.70986335102767,5
31780.97201911044,0.401275825520756,0.45753322417402437,9.927920936408505,0.044966916522895486,-0.074339286156877,-0.03311366057473477,14.261004314911519,-29.65685436301102,-44.28288161386451,5
31919.992622040852,0.3678282271095501,0.5258434685661655,9.982589751795114,-0.0201733979898596,-0.06708835112424334,0.0027094626356668925,13.36265228005149,-29.69189420624556,-43.84278735357811,5
32059.96583361614,0.38612993518979183,0.5269839227922504,9.940971027685872,-0.006311462815320948,-0.0281568530593789,0.036075634712249886,14.025722391086763,-29.425291684250215,-43.7450276820873,5
32200.01334679419,0.31838306383986853,0.4671858121581496,9.888808660276895,0.014490270646374242,-0.0488246858423993,-0.00873140364063786,14.47679452182473,-29.874551080714973,-44.17772766170632,5
32338.99222899159,0.40618148772054025,0.4596170013061133,9.796390978254085,0.006798533256226297,-0.04773745329725582,0.003069937902481683,14.000283507081306,-29.514849757011483,-44.20729592379166,5
32478.983510411726,0.4187006709662614,0.4878643649200082,10.103735028961214,0.028214272427585525,-0.03334723372953214,-0.03337660462623095,14.122308883973966,-30.16986251241413,-43.42816542481332,5
32618.999051463546,0.4319491511250303,0.4613264155586266,9.87146003033118,0.04096888047685529,-0.024958091860042747,-0.029496375113394552,13.836524225468462,-30.175909534261383,-43.533831402591154,5
2685.9626457535464,0.8434118607374002,0.3644818282095604,10.036860206955787,0.02457048187864533,-0.04981264808511484,-0.013562820596641854,13.190769351361793,-29.995692453322373,-45.410154277515204,5
2821.9708247906105,0.8913275162459041,0.31478913336588804,9.80951299602311,-0.011002022635478274,-0.06201162099555575,0.014852411245352824,12.455781596759513,-29.88930154492691,-44.39192032411731,5
2958.0207021914193,0.8642095346903932,0.2736854324862299,9.984884865662288,-0.035191275139903735,-0.07384553846881015,-0.020350386228560773,12.511442994359687,-30.147115617925586,-45.37320834898591,5
3092.9501596165683,0.9082090701370054,0.3723502239467924,9.907300337113414,-0.013284032793000451,-0.041223113876651674,-0.023453467667380844,12.267376018848266,-29.895788261166686,-45.099677161542814,5
3228.9682969243804,0.9156897083028298,0.36707628868935677,9.787528988281759,0.037118363841464906,-0.04820970611241284,0.0009888073391960549,12.32958735879197,-30.013423433655568,-45.62209614601452,5
3365.007705923369,0.852997088453151,0.2521967906077516,9.894235089394025,0.041881397332467436,-0.026859503722987756,-0.010493484293808475,12.025460760780344,-30.05639159223827,-45.10147477402581,5
3500.0127269057584,0.8465071039903567,0.30900807334846697,9.993845819469707,0.006700552499121838,-0.050059660698859754,-0.012235686273733391,13.23697581776955,-30.113021415671838,-44.28502912429342,5
3636.003891384588,0.9088082891392377,0.37543043944124144,9.934359345331153,-0.010220877246842768,-0.07984100713349664,0.014560978503750252,12.435410531120473,-30.078674411693605,-45.24060987148325,5
3776.972069558039,0.9487873149901697,0.3458400539169304,9.943951849298257,0.04305857403367201,-0.11991626346462157,0.019761856856035983,12.254660037202875,-30.394433253426545,-46.395773436053005,5
3913.0234027464717,0.9024600036115741,0.3009829259256348,9.967497819669132,0.044387257024953754,-0.05173504701690807,0.01602526674926737,11.696219809340194,-30.024162843202046,-44.79245477912386,5
4048.010426037321,0.9572925722261346,0.42915016603487344,10.013179203749026,-0.004311560645732503,-0.08224837193920481,-0.019986292437284756,12.24190708024495,-30.06899348177341,-46.09693966516463,5
4183.976371016516,0.9270274404835234,0.34007479671124907,9.912302941616408,0.03354965431788998,-0.09646748199041918,-0.014343153281756548,12.456566009270098,-29.235963040756427,-44.92910719589395,5
4320.0180217691595,0.9368327961011937,0.3613363238075513,9.827362568337112,0.05148646647999626,-0.045832549484270645,0.02154497868972975,11.632973997860779,-30.486860861376915,-45.82304541827188,5
4456.017434275672,0.9218608109028688,0.27886785319255813,9.873982749160767,0.001125487489944258,-0.062499434899948345,0.003412328266308957,12.723453050497127,-26.443792402401645,-45.203994462276235,5
4590.992791649429,0.8863935316146011,0.4429527710023646,9.985844584253375,-0.03319348615670821,-0.03563208616855018,0.0003820104934331147,12.639474331258581,-29.897953559003952,-45.67700909239895,5
4727.008156484429,0.8975601812497497,0.2948664996900996,9.851273155543563,8.58530000219257e-05,-0.05000383955148142,-0.01070041622416785,12.219124941945724,-29.746223747767417,-45.828501801478595,5
4863.025915024975,0.8286707840982885,0.2444759708653989,9.792964356783289,0.011793090708906323,-0.056395610348191794,-0.0044731855477551105,12.334730870301255,-29.206724259646098,-45.32032276135376,5
5003.999803113713,0.9381252265484475,0.4012477069980343,9.877981942568159,0.028530225902979208,-0.06253394250538848,-0.015458818277717778,12.506143204359761,-29.61821686808497,-45.260956316391386,5
5140.016426923644,0.9818041265230713,0.2566069907643151,9.87447951855269,-0.024044159598985766,-0.060033368067896546,-0.029778679896979826,12.117938543977216,-29.19521343136426,-44.663067601726965,5
5275.946626383239,0.9288839180880096,0.22468745247033142,9.911398261811543,-0.022738143437257732,-0.006138716292234963,-0.02735584803588451,12.253576241436452,-29.78584059021281,-45.275578551954176,5
5426.966636294636,0.9696235117112396,0.31145204650084174,10.01366961508534,-0.014726733335516311,-0.04279386877302414,-0.033794122035404994,12.25923614575593,-29.241376883655263,-45.20499227354208,5
5562.986788267593,0.9506292620481854,0.27341630934015887,9.70668499419107,-0.007887417764690041,-0.08667849817251576,-0.03595787778798417,11.958210571717647,-29.673348892190504,-44.86770451519924,5
5699.021810978869,1.0393290129678965,0.3277163983774503,10.05235185000593,0.021795539251232683,-0.021171085922891048,-0.0003817733345694359,12.340397980655496,-29.8415108287041,-45.91627560036338,5
5833.974223042691,0.9107353855811654,0.32124417052573745,9.965527044602393,0.04424186544826073,-0.10703178641420337,-0.0028561977911921973,12.337636121033697,-28.612612381165608,-45.25834314173805,5
5970.012592045483,0.9299438086199848,0.1892421360841551,9.796522188773935,-0.011866913323729775,-0.03288311327829143,0.013113307015784476,11.923336800851201,-29.8405523717542,-44.89806777656439,5
6106.013625589864,0.8830264031183586,0.2765900971968517,9.914918625223546,0.02493774975427875,-0.03127639437165281,-0.02699676784522814,12.2579488401703,-29.36519048894377,-43.49184282778775,5
6247.9724861565555,0.8913980624692339,0.24908516348857457,9.834009889402791,0.02386116380197911,-0.04184485821074774,0.0067478199573367086,11.56272573025802,-29.64485400669703,-45.76114000985342,5
6382.979990817996,1.0394847163778493,0.32778959648812767,9.901898235960985,0.008596177815215796,-0.08055914965806055,0.013538665164200147,11.89840944352144,-29.49115980724617,-45.408985737140995,5
6519.026969259002,0.8808811118273466,0.267514126004703,10.101266994726616,0.012494517449661662,-0.006483500517201017,0.006205091049613119,11.574094295646535,-29.126161991888228,-45.03945677498429,5
6654.999420509682,0.9051927364943172,0.2813829712535096,9.878562126484807,0.023902898429230632,-0.03291787289176241,0.0077163684504350264,11.8381883219406,-29.834379055164824,-44.83287604118747,5
6790.973762453007,1.0270411508361073,0.368014024590318,9.853445609135697,0.03696512141854663,-0.0558651683294493,-0.04938513956692844,11.711446666375142,-29.319509374945127,-45.2086636897486,5
6926.029842930315,1.0091200306932067,0.3409986271107737,9.930960159607643,0.007736822061496227,-0.07720867919140129,0.01966106016613456,12.039745173944613,-29.314461120998168,-45.82937783287556,5
7061.985221708603,0.9130534356626947,0.4358657875389995,9.976483155371005,0.010152587689093166,0.018160564824499955,-0.00868115562950585,12.267708173054697,-29.365384277759812,-44.290159827482306,5
7198.015942872822,0.8947960609388605,0.2773858554698884,9.912386305872278,0.005248750954644811,-0.03911712092147275,0.01974772729192922,12.719618782683499,-29.1184491152086,-44.871013081742134,5
7332.996314162699,0.8974417269456023,0.3802937797676796,9.968687426614535,-0.028772925121486853,-0.06654095813622125,0.011564258158744433,11.865389091837299,-30.58465211831659,-44.55882506609167,5
7475.013283305794,1.0028009992032592,0.42946869356336026,9.878353154885389,-0.042952067922041336,-0.0439825333627825,-0.025362869723585688,12.109693264919766,-29.05492161206767,-44.646485183861785,5
7611.023559079805,0.9854419138450792,0.258206410777967,9.800191561956398,0.0014848311070999889,-0.07624294097389407,-0.015248281047938456,11.49703564903107,-29.577831993969156,-45.24255186418054,5
7746.9842200867,0.9615672865251886,0.36234109930297304,9.786874917450659,0.00024727132606238746,-0.08450306505219873,0.0014549634545684862,12.39443228445373,-29.131937053630303,-44.97808350373724,5
7882.007583619004,0.9719297034774841,0.3187076099042688,9.879274646162827,0.02083649838606038,-0.035517270008511376,0.01651966515061337,11.595688245819826,-28.744355074301396,-45.0518501525755,5
8017.994903025324,0.9355826332131593,0.1836492756251312,9.867601839881809,0.02384898215974577,-0.023681301658960107,-0.04533055577300761,12.067299962296973,-28.998245693770873,-45.28225477408155,5
8154.0054701628,1.0504776212207634,0.3984018026992846,9.767292352230957,0.014583956335785249,-0.03778578588017763,-0.044232177214078475,11.056966740729276,-29.45402897631936,-44.57891249609595,5
8290.003491367557,1.0677393696073711,0.29856168602774896,9.80386803592699,0.023335499829337886,-0.05909406862305327,0.014544850982232701,11.954180330217287,-28.955176825454206,-44.514797092106484,5
8425.0105294084,0.984158182215053,0.34781123656591095,9.839919646632795,-0.005620295057293646,-0.04866887680591109,0.022829658465005776,12.151352700266795,-29.21291546283303,-45.87483521774817,5
8560.980972582865,0.9609048582675065,0.2530153018287926,9.927379061507107,0.030626613474327782,-0.0895532122237774,0.03550072409331654,12.323341231705326,-29.52319703220147,-43.845981521884745,5
8703.027517422064,0.9933682268292586,0.3741559882013845,9.883332088885018,0.011629634119762804,-0.05507706011191132,-0.038577025076529645,12.595431344472205,-29.45310315702648,-44.28385245041963,5
8838.024415202786,0.9655895616928698,0.2433313705563426,9.82026935405077,0.03438907362111626,-0.032254204731082904,0.0304829548216167,12.342859636447248,-29.10447594191203,-44.33863219882112,5
8973.979507741322,0.893754381976588,0.3451563466165434,9.988839320829548,0.0036621485643936226,-0.014312348304900812,-0.01818726060984797,11.909917049124672,-29.430220671050755,-44.4498346097964,5
9109.9953124232,0.8926715847261152,0.2746719267767685,9.811635118025427,0.013094269877171138,-0.04074860029759079,0.0056729135102209175,12.120284996838384,-29.99840435037749,-44.23241980013928,5
9245.963336738627,0.9993519282542109,0.3265821524234257,9.750380483225813,-0.026139132387819182,-0.06055620939195992,0.0008279439607138913,11.689031609081031,-30.045341995142298,-44.3482752727988,5
9381.005825992199,0.9946848753730693,0.3239692629796693,9.786628155078526,0.038227652929605754,0.009609531795490036,0.01580615978965731,12.664138029532547,-30.197435798740294,-44.7002386981505,5
9516.99861581708,0.9859373907639745,0.3517219161001845,9.94107763542543,-0.03278000503162291,-0.042378480760527894,-0.02389655864160591,11.640665956396179,-30.260128180044546,-43.538288803302834,5
9653.046412384452,0.9974275634310364,0.30060263728204833,9.80167883708798,-0.02137064992728343,-0.053164203425313604,-0.03897604119711306,11.90239664128467,-30.10377169694961,-43.9503958172892,5
9793.993678233997,0.970041386663414,0.35152674124579375,9.848858901278998,0.04120538023293021,-0.05867607377819706,-0.016336676690828448,12.655800774801262,-30.404696191238276,-44.29705976513984,5
9929.988402670704,0.9846088279021079,0.35990812364832186,9.90907866893483,0.01966574268062825,-0.05079141629745333,-0.05477655930126684,12.577511769810908,-30.827447942809034,-44.31722736613038,5
10066.007871224438,0.9826964109368124,0.29845613910663105,9.915994743496903,0.001285951794197016,-0.03307930042337498,0.002185523853087736,12.466293552325594,-30.425943914745016,-43.31830949823245,5
10201.97465426893,0.9608620658944228,0.27659276336009275,9.723116218777344,-0.002045069579707388,-0.078547240598311,-0.0023306372768926668,12.202350243049635,-29.8489360295041,-44.14606573730917,5
10336.994605307433,0.9873539309806613,0.3876356660874633,9.934139749949246,0.05108881114610093,-0.044779999076434894,-0.03881251889833561,12.415952542665107,-29.641801585698634,-44.07528251624599,5
10473.006365430216,0.9587834964793115,0.31854649226686077,9.865378168952535,0.024813156535696934,-0.00675535506882373,8.151768774542108e-05,12.478632865843668,-29.527989869670975,-44.115412391152226,5
10609.006820919953,0.984289116796226,0.3715373524566215,9.637645698255827,-0.0017794464271808353,-0.09684564329590852,-0.010516786309004173,12.572114375301501,-29.98233032158232,-45.352368095829476,5
10744.992124981265,0.9923259695516656,0.35105829845868547,10.06346731877171,0.007454546091190999,-0.03070126764754973,0.01126679571404169,12.192633175805014,-29.290499319863834,-44.854017071991265,5
10879.978349614059,0.954740055499125,0.4026351378871934,9.913578789892979,0.010238403844373257,-0.03218964859108554,-0.0210287064557372,11.984233107805414,-29.681776777152265,-45.1972820574956,5
11022.015032702955,0.9652853979452658,0.25556616466586213,9.675321761037363,0.037029141698680955,-0.04813470462866857,-0.023105016600771452,12.137683277081141,-30.040274884863607,-46.066482789106104,5
11158.015228886943,0.9680317211248683,0.37385493617108073,9.903473136506747,0.028836298464337252,-0.07686341009245906,-0.04860194242262948,12.625076278320345,-29.068118981599937,-45.22567464388617,5
11292.979458853393,0.9653082551061132,0.34652814294829853,9.903334876030712,0.05445120852789743,-0.09050470705829936,0.007724010850414729,11.951546877577064,-29.535454687929484,-45.474389014847844,5
