Time(ms),AccelX,AccelY,AccelZ,GyroX,GyroY,GyroZ,MagX,MagY,MagZ
17627.360328861214,0.09097121733517628,-0.2986790935962713,9.893657408821369,0.007776119939787054,-0.023528369071350568,-0.00763705963934767,12.848098324429124,-22.674032613326638,-49.137453307253104
17627.349576205204,0.10117632626994465,-0.28861096959937965,9.910117581885956,0.009619085415782977,-0.04649787840667732,-0.002878485689160081,12.847220254857362,-22.672242251341185,-49.141092755834904
17627.337497701792,0.10010812336840931,-0.2781391215829927,9.903656920530432,0.039198326075392406,-0.05335318116167684,0.01674506449349346,12.853433848505828,-22.66761602790679,-49.148378241652225
17627.34874493353,0.08582538271622196,-0.28687098228904356,9.910749324965272,0.036856989511895887,-0.06020740761039989,-0.009865520472709215,12.845386813493915,-22.668518840735477,-49.12703505513108
17627.356117214655,0.07528812550528713,-0.2663106333739976,9.909652426464456,0.015551052003125917,-0.04795856465690716,0.002489008067380008,12.846358310361122,-22.665343417894903,-49.12439266843476
17627.362105013064,0.09723172008176195,-0.2951135297268942,9.922937808088028,0.023695462066409573,-0.03795190607469924,-0.008742270039177342,12.849988666643155,-22.684435762466432,-49.13439767567011
17627.33957533335,0.10395093980371324,-0.2853970723740606,9.905793334091436,0.004299111280402224,-0.04906498196388982,-0.0003608449882678477,12.848861296915574,-22.647947627138056,-49.1310694503304
17627.341629257277,0.08766268532701457,-0.2854416244231697,9.916880338653373,0.01652068618781504,-0.048020685952550775,0.00175803460173545,12.857202598414814,-22.691526179131074,-49.12154094338404
17627.355807523556,0.07156928230364602,-0.2792602830741182,9.91417140587473,0.010898131536562113,-0.03156233022189774,-0.002799394606865011,12.849574699678602,-22.659085117489862,-49.145661996378514
17627.339790764658,0.09086811554053889,-0.2654173938571314,9.90353958800192,0.0022840991880651532,-0.058348347714377774,-0.013666991553997854,12.854167403922505,-22.66418677769448,-49.13556353874352
17627.37113345435,0.08508684942968812,-0.2695654471290142,9.920611691006854,0.015356010676214185,-0.05843210989133801,-0.020981049754805928,12.842906183962567,-22.66729081605778,-49.128056931582044
17627.35068908235,0.09408074786361681,-0.30086154563519846,9.912402177179455,0.010261545615952269,-0.03426097215104762,0.006427496414761291,12.87521008486521,-22.672255606398526,-49.13414626680365
17627.36075101574,0.09477917931300828,-0.29631243024385956,9.908763045654656,0.01059064781947389,-0.04645825462372179,0.006381442133485899,12.846163253079027,-22.672634420693434,-49.1374164639572
17627.351068762862,0.08524205636982096,-0.28137198718326567,9.915547056633745,0.016145683021078376,-0.05472500395458442,0.0038803766539265185,12.858092309312681,-22.682189809136204,-49.13921744416384
17627.341030919026,0.09386103125119209,-0.2885387740386314,9.92479576761963,0.02833821514447565,-0.035876766672677085,-0.0027245339115097725,12.85233509076011,-22.667184226089656,-49.145144891314
17627.345482517703,0.08501420953949286,-0.2684651905703784,9.900667352784888,0.013648740216486998,-0.027072510690498208,-0.0075907431044677075,12.862497857174564,-22.682442348571172,-49.14375756308399
17627.335346774747,0.08944032914791711,-0.28066963962519226,9.916325881925195,0.022764959527043813,-0.05321698309335397,-0.011378790583139486,12.858210857202957,-22.657834151668606,-49.1477694845224
17627.33730844648,0.0777693988544387,-0.2786530167719722,9.907625289398093,0.009942863457471075,-0.038981093280182094,-0.005422119416855354,12.847597677386982,-22.640905646764935,-49.16591853452688
17627.327565316482,0.07985031866671224,-0.28595010633882695,9.897239626518607,0.005258726022439215,-0.030447765666772694,-0.0013465504831544485,12.83957962954932,-22.65463639734341,-49.12706670458765
17627.346461363824,0.09971794915898452,-0.27828206606830524,9.912135574603738,0.015037724460044734,-0.05586788410344974,-0.009038524127458869,12.854621894719106,-22.66274894011897,-49.15685626760412
17627.35253669473,0.09120993429685467,-0.2943715961436247,9.915675678184144,0.034928191145096064,-0.033766775677471925,-0.02196420461028494,12.852310431533068,-22.657619289450917,-49.12033997366915
17627.34275020975,0.08377121821084833,-0.3059642813725698,9.908272523414839,0.015646898967224307,-0.05255713973805881,-0.00784298239628272,12.874694119536152,-22.6719197199796,-49.14037151630555
17627.331814766807,0.09714336871876232,-0.2937974785482079,9.91196587983112,0.028111086497981587,-0.04025116704125208,-0.010023191048851163,12.857350414544532,-22.667918382897977,-49.1416717534433
17627.356732233427,0.09325864221972828,-0.29990240988139005,9.8970699571921,0.008106504703972194,-0.042532573432500546,-0.0067288950687355515,12.852071054699474,-22.664188695577813,-49.14530448806999
17627.342783900775,0.10715953298363062,-0.2911129438042617,9.910360831861151,0.015066743976089206,-0.026260620705659318,0.012615343311921478,12.864314525537191,-22.672874228922325,-49.12548059125302
17627.34201763487,0.09675538067893166,-0.2913309609597973,9.91107572925231,0.01111759695807285,-0.04479374324866436,-0.0019457631719918184,12.855600292006626,-22.680696864624338,-49.13631535872169
17627.335434494966,0.09317146445183574,-0.2883265066606197,9.894782232011512,0.02047488631656363,-0.047799730342134944,0.0005494198676576959,12.856117936261942,-22.678808113155835,-49.13700289703545
17627.339246441275,0.10633723283735894,-0.2755331822839767,9.916758684035424,0.01796536070469812,-0.0658141343396407,4.376179960891317e-05,12.866424732722873,-22.658647085906658,-49.138264955504454
17627.343078958493,0.07708033792131848,-0.289613488843121,9.909639635667068,0.02627320011463339,-0.03903363182480257,0.0056213662645250035,12.831756820781175,-22.682970300168304,-49.142912276284726
17627.363321686407,0.06495772997184719,-0.27624455671193093,9.902682741442693,0.013666179113691865,-0.03860944589590556,-0.005920671495868924,12.85724097641969,-22.664008714549087,-49.12637358798548
17627.350534387275,0.09795976447115881,-0.29651691536989866,9.896156460974717,0.00556269472055462,-0.05690974613353174,-0.016271670220024084,12.858628021089297,-22.686817532426556,-49.14494763872067
17627.358177105056,0.10229829453474806,-0.30055906983223024,9.907686278042721,0.021993584505161173,-0.03883338844669102,-0.004059045294623493,12.852197962901098,-22.66515648022117,-49.14040858763822
17627.345842992778,0.09620186696463708,-0.26648763501769096,9.91445752040335,0.013288464505692679,-0.03919985959322032,0.005008208938061679,12.840685187881283,-22.672538037696057,-49.13784499292295
17627.35206444625,0.09479653472529222,-0.2767045153326252,9.891592714875458,0.013527238517151645,-0.04895180958738557,0.008783000852944412,12.841461899218498,-22.675045742154943,-49.15027960274179
17627.355587269773,0.08305763042996196,-0.29041135110168625,9.905853221355528,0.014129983114843186,-0.04812857397061887,0.0015087639081835906,12.850380181105628,-22.67586743496396,-49.125385173658145
17627.370726983467,0.10439868152238406,-0.30214154437019286,9.897285780857064,0.022263891892821124,-0.06407522039676765,-0.004796438189196776,12.855486830576513,-22.672129046460608,-49.14073230756755
17627.33981197666,0.0991458992645002,-0.2932923776257177,9.913811810303134,-0.003242159596402871,-0.030931598224724896,-0.01606831067394601,12.847186706799082,-22.654228266605436,-49.143877023859105
17627.339389954646,0.10570150755366492,-0.30067922497759003,9.921065967450835,0.02115232343093866,-0.02507789641862039,0.0042226064283864394,12.84278153645962,-22.66213847189038,-49.15373067460983
17627.355416515533,0.09384686664848853,-0.2545571387546818,9.912626362627508,-0.002289435951280925,-0.03867070703972793,-0.006982367049806733,12.845293389792875,-22.67280423805873,-49.1243148809342
17627.36384504129,0.06493672824225138,-0.29568237923626567,9.904505372897159,0.001256918033363046,-0.03442560282179517,0.01650745388288473,12.841974228068578,-22.67561533078237,-49.132566062611204
17627.340531064943,0.09554682412573534,-0.28190398274640094,9.900927447197045,0.014405517877917572,-0.044585343359547405,-0.001915556232082378,12.866984847735223,-22.671475093618596,-49.14352534931175
17627.358012594483,0.09077951880879727,-0.2843065928871288,9.913428374276426,0.02692394094522542,-0.04481483571446998,-0.010427564950111632,12.864213424270545,-22.659173136871505,-49.134457010615364
17627.356595799713,0.10329789830983772,-0.29706696250354525,9.920989758304081,0.02699103931114889,-0.046137128734054775,-0.0016322123959690961,12.84608584840123,-22.67745757204426,-49.127302049527344
17627.344284070226,0.08885487936281836,-0.2857573642016165,9.909903167507526,0.004620457818934333,-0.055557232768490006,-2.6445654769420048e-05,12.853749461889509,-22.673372177328645,-49.148614448119275
17627.359759041625,0.09652678915933935,-0.28813886941818784,9.91669787146296,0.014173926505034087,-0.03773126781812414,-0.03652962448343782,12.84769322437035,-22.667768968017207,-49.145836033241245
17627.326079236645,0.09917746876510106,-0.28608621743728996,9.911674935891632,0.007205502153970049,-0.056738912979654214,-0.002268649515918371,12.855872659795658,-22.68771314696566,-49.155494860070974
17627.336633394472,0.079078140734883,-0.30764128224175474,9.91873648946903,0.0042276004750305685,-0.022632040839633157,-0.0006048528361997005,12.842728722392966,-22.66622178328738,-49.14832543491622
17627.36527270467,0.10209738694808686,-0.27236154939807267,9.905753950629716,0.020781838272223338,-0.04106272767088423,0.02675577081736205,12.840728305666222,-22.67549695288856,-49.131718835189886
17627.35100349778,0.10389813867462909,-0.29112297423866035,9.909628833932725,0.018595457667927338,-0.04477895218292288,-0.008050825146205632,12.85352403061606,-22.67373868808173,-49.13433906910577
17627.36821555814,0.076833352341797,-0.27442072157668895,9.91026971794413,0.024214449387902664,-0.03407153758944678,0.006583126377544194,12.842375895814303,-22.67150803928294,-49.12715682158339
17627.34352611129,0.11231197719885713,-0.2973901031497298,9.91843668759419,0.011923491997259866,-0.037978251135785124,0.006845472968823275,12.854105758120268,-22.678572573753076,-49.145295899103644
17627.341253009257,0.09430077250125014,-0.27506164407529654,9.902756376720806,0.017542216690110923,-0.03943473622885811,-0.009910154260634362,12.856588746900648,-22.684716706167734,-49.15252028368605
17627.359108379867,0.08920637709315783,-0.29322816767640375,9.911427329341205,0.010278399866786008,-0.04088849604771406,-0.005238280025541801,12.846924414022842,-22.669335312723035,-49.14347175569943
17627.35465150971,0.0837285460387241,-0.2932828807024511,9.903376204325758,0.005338603321650129,-0.04143584194951248,-0.012942434711127507,12.855870309756776,-22.666846409698948,-49.15189645292428
17627.350173906667,0.0797087537848497,-0.2896979856160511,9.911391695961889,0.003533703386517966,-0.028804829649347424,-0.005378652315141555,12.853801294820244,-22.672225421341892,-49.12361906676365
17627.344651605537,0.0857809074953606,-0.28761399258947895,9.898957341691473,0.018622465139490292,-0.040673838416159167,0.011862060715569084,12.864390352461013,-22.673448755975798,-49.15116924845758
17627.340292604193,0.09274395005021747,-0.28559548267080614,9.923399745191004,0.008226791215192649,-0.05141423582261069,0.0088706854123916,12.848927946209097,-22.668303237470447,-49.15987800944636
17627.365544003937,0.08081324019569869,-0.28622578052727704,9.898284508343561,0.015682560162874146,-0.02528563065036512,-0.01884739429120803,12.865180748042201,-22.661903220207783,-49.15408743272081
17627.344512728432,0.10412831360023192,-0.3011956096797238,9.912273486334866,0.021076258416154826,-0.04773475019865288,-0.02016382469495835,12.881008013874007,-22.662594283978365,-49.14305414818459
17627.356194154654,0.08291607963547468,-0.29739908272290955,9.92793205328582,0.003291753660158875,-0.052654212776306296,-0.002502354288998871,12.851653716883634,-22.653744563574246,-49.1435274845904
17627.326280426536,0.1072188055428003,-0.293245429614671,9.90486881218295,0.009378352196772006,-0.06490814373194252,-0.006901059655530889,12.844504896109775,-22.659567265830734,-49.13726389880692
17627.35142380993,0.09795688972232705,-0.2865258149635857,9.92714364051078,0.00511951938345215,-0.0417491653502329,-0.0033464649510343363,12.837288004675697,-22.669273551478952,-49.15502150106896
17627.35052529869,0.09778318982341638,-0.2977555062308816,9.89526064944661,0.02009085885701303,-0.0540506429841673,-0.0035204223026793617,12.84390945564105,-22.671482020785827,-49.132677640438054
17627.36113424962,0.0887569901123954,-0.2799143059784764,9.911258772547033,-0.0007210641775656224,-0.038312739738961224,-0.001352350842169052,12.837332199657144,-22.680553062136354,-49.14492232612096
17627.35008141653,0.07708540241656697,-0.3012452250405668,9.90431924962715,0.020806142885242795,-0.048566236903636525,-0.006931915900870849,12.835748420281462,-22.658675223800888,-49.130165627442885
17627.356146393504,0.08866672668687256,-0.27684799400792826,9.905183525737076,0.02637519474729575,-0.05108925385748379,-0.0021601573294178266,12.859459291254227,-22.662561679539543,-49.12618293557203
17627.368235935974,0.08953524390137413,-0.27927951350199465,9.914068275425645,0.01402781792045572,-0.04599181745295619,-0.009869904030328492,12.8742340018441,-22.673782859373603,-49.13504612479553
17627.352063172642,0.10347757478195647,-0.3115095989302613,9.902616124340414,0.004956462393519517,-0.039189096115540424,0.011700942059228387,12.848082471834713,-22.67948598542936,-49.132122614641126
17627.35556672795,0.1054314332356729,-0.29853895463063634,9.895916543445821,-0.0017641637783428945,-0.0550154292606671,-0.007442787832384113,12.844821380455468,-22.65739509950544,-49.142690617064495
17627.371109090906,0.09162613812332214,-0.3016116684314735,9.901864835915555,0.014225074627376016,-0.06222322165036617,-0.006975452906475173,12.857063288563406,-22.659978438494385,-49.13848727657695
17627.32153309246,0.10110045853025315,-0.28888537790874813,9.922168812440907,-0.00020869341055726812,-0.04443522453962288,-0.004862780637382937,12.857952327693361,-22.64956146631488,-49.12770378918688
17627.3434675517,0.10387345297059002,-0.2858010712960168,9.918268860048194,0.0017642635257319843,-0.04205413471260908,-0.009485819687146714,12.85316099832958,-22.650782393424098,-49.14219725783697
17627.3434159775,0.10498283446352233,-0.28372539137555597,9.912975430824284,0.005701579218754096,-0.03552725336627097,0.010405861217735872,12.841929926796016,-22.66869638703457,-49.12239359800323
17627.351841536045,0.09771140706556311,-0.3012052409260334,9.909438945277936,0.01243756114678454,-0.06663006404433365,-0.010362684038218726,12.857944739394698,-22.668710270559274,-49.14032055743784
17627.338671352816,0.11625626427554532,-0.2949716066718962,9.911700924255731,0.01640002521296564,-0.040316602942207874,-0.0007798614723724829,12.867437631406187,-22.663463079405517,-49.13486695026188
17627.351910318495,0.08267926669508799,-0.27379796917767985,9.921478045707572,-4.19886191225325e-05,-0.045214712445481225,-0.013478373555580564,12.861563229955225,-22.67746838505681,-49.14355644567701
17627.340154070804,0.0884213784358565,-0.2992629403515807,9.909381919953814,0.0028482018357234105,-0.04076236475639399,-0.013604006662911765,12.829498736266075,-22.675193924104647,-49.13263580007879
17627.335155630255,0.08463207867289509,-0.281101901066969,9.921623348330852,0.021140620534247468,-0.036685115269846844,-0.009910228719003612,12.842075512975523,-22.677456530619683,-49.142561291648775
17627.345242058178,0.09361698681252817,-0.2924671178275733,9.912580826993418,0.003703398013577948,-0.036152403861807514,0.002914924723137433,12.836706236590599,-22.683279504199344,-49.14266236807199
17627.3564452715,0.09074967378879564,-0.3014331170946501,9.911408823681995,-0.0003831644029013252,-0.04459020277395031,-0.012739259433634503,12.867426221567898,-22.659826589987823,-49.1458665026503
17627.347163451144,0.08519280034169575,-0.2914772797416037,9.913052762210183,0.03825879667101998,-0.04706012581109651,0.0070602359458759555,12.840802125532532,-22.68649929628546,-49.14206108709657
17627.35147924809,0.07780639021838344,-0.2713404889961268,9.928374489143668,0.02009172795721991,-0.04942294569662028,-0.006201923885069923,12.861123799390644,-22.653775555082316,-49.13233921547646
17627.35658251749,0.11501107786384841,-0.28240464154773604,9.912257903347315,0.0015373914933121489,-0.04731665393836908,-0.021041146455916024,12.846224397050241,-22.660212105854438,-49.152380538261504
17627.352894165335,0.07610786882727517,-0.2999830693942757,9.921274273438586,0.028839364656863202,-0.05674836732928472,-0.00403011388805652,12.867514648503363,-22.67333365137514,-49.134626661682965
17627.35033498766,0.08726294094827418,-0.2725129162107254,9.908861660630574,0.02658558640129382,-0.04819100384798055,6.34848849249206e-05,12.850604705173879,-22.655657713503498,-49.12999247170441
17627.346857003355,0.10187295648694628,-0.28336998402847907,9.921584132194631,0.01163455583858118,-0.0427062672787549,-0.0006379664426360374,12.83745007368333,-22.669395994128177,-49.1136673241115
17627.36133797723,0.0945394733330309,-0.2948132319408719,9.920776957796857,0.02024576449455469,-0.04671156221984179,0.018494933871650382,12.856798747937914,-22.665443595642863,-49.14235277294806
17627.37180719304,0.08616807470831225,-0.28882937764576283,9.919214329921873,0.017134388968281424,-0.053873530330750305,-0.0075825863051351495,12.85880837916302,-22.67424074358114,-49.12280217908831
17627.371030808157,0.06982988948508759,-0.30338930028869115,9.900311145570441,0.002561189859311733,-0.03474609140431486,0.0077482043830476854,12.84604543051603,-22.664373975853284,-49.15039170050486
17627.344406071894,0.09680182279382149,-0.28519803228820795,9.907305221335806,0.0021413213984689487,-0.04612963327680107,-0.002823108628407456,12.84785002911322,-22.657814843738944,-49.154234744193836
17627.34787270421,0.10362073961094603,-0.29404036337153616,9.913520222043173,0.01554653604644037,-0.050324115232059825,0.006909889091560378,12.848143319683912,-22.663503823607538,-49.14344247098875
17627.348322556565,0.09938666061222655,-0.2891330176890587,9.912248878776698,0.021200837784347268,-0.052384111610306226,-0.017803278832241504,12.85943475513197,-22.670877804234227,-49.14067366706375
17627.359799176975,0.10163001089430704,-0.2911288406974628,9.932107553749232,0.016387072992309133,-0.047272991593927005,-0.009806683342895594,12.856914853077933,-22.68177605811865,-49.15122318071289
17627.35850675423,0.08972933549137228,-0.27675771821370804,9.92065438932507,0.03095087279605309,-0.050091340106077034,0.005229869483849363,12.87266676768862,-22.678136990842148,-49.1386605099892
17627.345036064176,0.07551874964491972,-0.29082072916293833,9.911588605371737,-0.005278495393976524,-0.03240873588677188,-0.011221485111025735,12.8487534958459,-22.679683120547434,-49.1329120279193
17627.358739711042,0.08201287352716619,-0.2707770772728818,9.916846274622078,0.015870727013053483,-0.05665650126117026,-0.010448747064945838,12.850826526658441,-22.66526306580464,-49.13823096341452
17627.335707073384,0.11353058308669284,-0.28944125535912585,9.921196067590202,0.028397293767225253,-0.039491832911176444,0.01581164124199875,12.857858041050017,-22.68658796678938,-49.13294577588939
17627.366509211464,0.09181587592556761,-0.28448152990923575,9.909238038447633,0.020944788761958606,-0.04719751538960485,-0.00015444849862549003,12.850504313533389,-22.66759967743875,-49.15528798400982
17627.338435483893,0.10596136607165395,-0.29544491864568834,9.911653062768115,0.0212765521748966,-0.032973586743820345,0.005044039798713736,12.86164376050278,-22.67905899250354,-49.14056792616062
17627.348965795492,0.08882607324073982,-0.2903805859189688,9.901408135632902,0.009756582162334188,-0.06501920336572176,0.0024273417284375876,12.851165212309153,-22.67894209996163,-49.149414881689125
17627.353593494663,0.09011589049560735,-0.27872539943276275,9.90806895753793,0.015020418668072922,-0.060510248505482464,-0.0020967390247229704,12.848489125792032,-22.676743457351815,-49.12901505314217
17627.346281106726,0.10677978620978938,-0.31136865499615785,9.909648624342777,0.01920322025569738,-0.04093738573220671,0.00942876001637823,12.837145601421946,-22.661337766084998,-49.15670573522126
17627.371016198802,0.07293502476263623,-0.2800499237792031,9.919817902342556,0.015726947188792393,-0.053170037159693706,0.005917275197633756,12.843667213727235,-22.66760364462967,-49.15439252195897
17627.356851733086,0.10643021762646115,-0.283793900790865,9.91000001472411,0.007742629765387278,-0.046308733600768516,-0.015567734622648984,12.8343307307366,-22.66462949802136,-49.14192514905819
17627.34750558359,0.08586401364500118,-0.292150577609826,9.910170572382345,0.02250266239207363,-0.03974642852974035,-0.0002919390816678263,12.853022206443368,-22.665812195358967,-49.13343704684014
17627.340207504327,0.0854772054148249,-0.2880646409276292,9.922796307898697,0.004483794179723624,-0.02392063667306198,-0.00796214057855363,12.84582185167636,-22.668755253218023,-49.12850812674142
17627.372254896116,0.07851237123771242,-0.27837372227419527,9.904594253962888,0.012803043574805776,-0.025888942848060596,0.0007189999665477018,12.843776403128803,-22.656238756716093,-49.14284506360666
17627.35474028576,0.0988004227328241,-0.2825489129690219,9.910188691332225,0.03481749697301167,-0.03631897598628372,-0.0062478489304220244,12.847558571819398,-22.66778424368692,-49.147634494288305
17627.35863611241,0.09844094133064082,-0.2877475055106666,9.925316291100692,0.018817762013152606,-0.0486777298952651,0.012016576862171053,12.872918566313464,-22.65226787124268,-49.12283717898134
17627.351325239317,0.09593793741908616,-0.2830561402547266,9.91499272198827,0.01776302546958699,-0.0624954341793853,0.010577154407754493,12.84284172950513,-22.681152521201277,-49.137083201954646
17627.35809639399,0.09291474876336347,-0.28276090924288577,9.911518083156773,0.027599315962122423,-0.02937548745320296,-0.007649423647692396,12.823070122911712,-22.67454673189644,-49.13723403345335
17627.349708790058,0.08004149974738212,-0.26587422972575986,9.91891015692698,0.019153840977597876,-0.03730940250357738,-0.00019769194030938445,12.868138448006714,-22.661178586423567,-49.1525627656085
17627.37887736962,0.10319673661223747,-0.27730198806272705,9.900170463962187,0.01717522246512293,-0.04904854584868372,-0.00094810405632163,12.851947951857355,-22.69250809564409,-49.13065813498254
17627.346593870825,0.09471390558450574,-0.2845214088575737,9.920569948856954,0.01780305799715591,-0.05773512920883077,-0.010690902839067797,12.856625798558346,-22.67256389101904,-49.14245617132003
17627.3449528371,0.10935873594403582,-0.28514448920217683,9.900378732208194,0.010878965820020013,-0.04703410858325699,0.011618880979806366,12.858267818973832,-22.67966175648037,-49.12674281114186
17627.34667167408,0.07111362146685993,-0.2822709095089074,9.904501007167704,0.014070185175881607,-0.05567592042294588,-0.014797347708619174,12.855400970714232,-22.665498973681515,-49.126552794945454
17627.343494370987,0.10111272289608653,-0.30098834728769225,9.9014064626292,0.00967152954986796,-0.04384148230298733,0.0008257728414399063,12.853432459342086,-22.669676706088442,-49.1350815189682
17627.366768140113,0.07685333587680888,-0.3036046212266429,9.900220066770862,0.016939046090991804,-0.05620416382032272,0.0030625745897145977,12.83267672037181,-22.67799373626804,-49.13178058308313
17627.36412326115,0.09725085897972717,-0.2784392096872262,9.908863109471561,0.005657924188598194,-0.04866732458011882,-0.0016976402413295926,12.83439502675401,-22.666359621237408,-49.13744574866352
17627.361023665602,0.11076761002937827,-0.271310967779458,9.916441649734713,0.02117887326734991,-0.0421995503176994,-0.008401659970758549,12.86219147638751,-22.662943430590712,-49.14324812429561
17627.347225793197,0.0878463731903952,-0.2906303205839175,9.917603457355852,0.010715348452879948,-0.03847359547872843,-0.027187979954442422,12.842465584261813,-22.673270058716465,-49.12473349994662
17627.32146872135,0.09434925314612731,-0.28063672273253715,9.912661610723989,-0.0019399853764767647,-0.04910702097153395,-0.02539010217189603,12.841151945514426,-22.672512609606716,-49.138658678919114
17627.36493831661,0.08281762469833347,-0.30041915084739784,9.895329516631339,0.012970603780825707,-0.036059850607238014,0.005987884263374961,12.839670555073944,-22.65507095637278,-49.123689586698966
17627.372417339568,0.09032736710904805,-0.286369201652719,9.935947250610605,0.004063350617589464,-0.06783074230480103,-0.001974880314146433,12.855682990237788,-22.67216812304606,-49.15062317547396
17627.346493328354,0.1010455900058077,-0.26586161573784933,9.916110356586682,0.017614316266975176,-0.03747141760764919,-0.010703739455548703,12.856466350984395,-22.659234937386056,-49.13899361554037
17627.361269662055,0.0835169759176046,-0.2969541330259961,9.897540676210916,0.02226655677865219,-0.04177941758876174,0.021849041018780803,12.859320910538603,-22.673216569718445,-49.14285483099894
17627.34083410269,0.08295245533782158,-0.3060360653112173,9.902689497386055,0.005116919878502492,-0.048707323040763494,0.011346394215033324,12.868427434271984,-22.663043634451252,-49.125426453345234
17627.347256080528,0.07354280526200467,-0.30090090583338613,9.907197725560017,0.0156436950056063,-0.039271389265216755,-0.0014068714261964666,12.850250298086214,-22.67296954270717,-49.13617069119209
17627.34904972561,0.06984718617785751,-0.28681111053314484,9.914028026434785,0.020484988988438757,-0.05044604817979559,-0.013775352192753186,12.860906124371649,-22.679733853755984,-49.13385971259689
17627.36364877994,0.08247466989209437,-0.28031718706150516,9.915164258387925,0.010739655477701018,-0.04536868683183528,0.010883343299353693,12.862186271553744,-22.661463169588203,-49.111900346224985
17627.356728413804,0.08866397435936349,-0.277577222733758,9.918465724134585,0.011861967470674788,-0.046191997505540816,-0.008352219830104472,12.85625950243267,-22.671778887953877,-49.16216170120465
17627.3463373657,0.11552324886719044,-0.2903437505438868,9.907150936737594,0.022203210819677424,-0.04929320750099535,-0.00691338310662657,12.835620617210214,-22.66895305750511,-49.14942030467046
17627.352599621205,0.08566509776917014,-0.2829846567518744,9.886953795072301,0.008363455967443175,-0.04711615286130476,0.003955528070751566,12.870703400441354,-22.67212868953713,-49.14578914886895
17627.366275907636,0.10673512078206217,-0.2840049103429355,9.909604309120732,0.029280615578616928,-0.03868852759647933,-0.0008978426855174707,12.839550635262942,-22.69301004868186,-49.1531510523625
17627.33256529669,0.09411876197199905,-0.28127415358596763,9.910458356488519,0.003650577159057245,-0.05040524682850426,-0.0033737552351849323,12.842857895300728,-22.661629672847322,-49.14175234440036
17627.34303251245,0.09767330388743428,-0.29227551882106373,9.910963228450955,0.027633413950317078,-0.04622488204168497,-0.005378561205118575,12.839382156227199,-22.654775580485484,-49.14687058900798
17627.348161353926,0.10895550685852877,-0.29123005968356136,9.909101816357657,0.01389316120109697,-0.042941303535262085,0.0015755799008218075,12.857590416122632,-22.68079106415643,-49.127447378394244
17627.33937899855,0.09057479565991718,-0.29395868926288066,9.899801873075173,0.021307398149165317,-0.05732515970517149,0.02565900180751326,12.852865997540395,-22.667409594217187,-49.1444657098255
17627.347604249626,0.09297418762168856,-0.29624913953722265,9.912958448199877,0.015383593323795547,-0.034867712334930995,-0.010047428491890394,12.870540566994114,-22.65766714588402,-49.14630822311659
17627.36001376462,0.10152751287286844,-0.2904788623140575,9.901255521493965,-0.0017427793284044268,-0.04188460793234559,-0.009959910230242095,12.843445592039085,-22.670262212255032,-49.134131803932014
17627.34691338495,0.10578847297449173,-0.2815746393327045,9.923873918527056,0.02691550800544138,-0.04415480313135424,0.008408526627306569,12.84176610215283,-22.6683474114844,-49.13262752663007
17627.348508757255,0.10931391416791207,-0.2880552074879437,9.913520152908353,0.012827297487659576,-0.036448657539685986,-0.005927123145787553,12.861381706200918,-22.66798636559501,-49.13988236175425
17627.344081584793,0.09063114263123506,-0.27279662420191086,9.922253718473328,0.010663851795673706,-0.05399160635933335,0.00032832210351004714,12.853979973089274,-22.657904912597886,-49.14601753420793
17627.347264597327,0.06945661125964539,-0.29835723701885164,9.911633536157458,0.009635899622480825,-0.042789119695880784,-0.012091381134070494,12.840134167504793,-22.68030907176503,-49.130400116796814
17627.36002833247,0.09562022213454624,-0.3027428068840011,9.91472409570125,0.019893770839172674,-0.041643617297108616,-0.007613856533053337,12.845974249061015,-22.66789424335396,-49.133140493674446
17627.349196370786,0.10250642121071023,-0.3017574204775083,9.928653346710892,0.0041027620886732955,-0.04438483179247818,-0.00717731753047444,12.864264414994027,-22.663814394305547,-49.14384437184911
17627.344321612378,0.0983481582082594,-0.2795535694273857,9.908064548088143,0.024818750371010424,-0.04056340398408294,-0.007736606295295796,12.864635584972287,-22.673843194488462,-49.14909444242631
17627.34404326298,0.09332883370971264,-0.2913555643857509,9.913745696611223,0.02318601035531694,-0.031226988610034777,0.0012369355382239287,12.846068082197156,-22.665115506243684,-49.1440365764335
17627.352814755028,0.08779294808627404,-0.2761496211073883,9.903965180257263,0.017945175642829773,-0.059367971589690455,0.015618704240294023,12.850713449446452,-22.678555925361515,-49.14408869548247
17627.34707614989,0.09432003904550443,-0.2878198814824588,9.91352898708191,0.019643040320456218,-0.031740520717956563,0.0004187363087726527,12.838585925290596,-22.656662893650637,-49.120199179904
17627.356498594658,0.08687758518740166,-0.29912669330640046,9.910139273261157,-0.005268186079184707,-0.052751564306140045,-0.012245593217584247,12.849445565044308,-22.67881062058849,-49.14566737122447
17627.342466642775,0.10222699618870427,-0.2869177103239321,9.915545360683735,0.013847099137029339,-0.03843203552042171,-0.016004463271116577,12.854850687946461,-22.65835737782506,-49.158249451776825
17627.365492415924,0.08039775070026245,-0.2748621028091653,9.910328647502649,0.021176617725221947,-0.032725435914831964,-0.002391964860717593,12.852346870958094,-22.673134741847967,-49.1453520372925
17627.35286484086,0.10109635479535009,-0.3007962510537452,9.916696466591045,0.02707770184464034,-0.04099393133365825,0.0002120432810419409,12.85899976098728,-22.651236935550514,-49.13530655615126
17627.352169428876,0.08319325010810895,-0.27771154543780263,9.877671972177822,-0.011075022478721759,-0.06244806799192689,-0.0091489476318145,12.850331311961124,-22.659662277534725,-49.14126181559487
17627.35675105776,0.08862228258547858,-0.29191236779641044,9.922702560862165,0.00902815634585267,-0.04081526713509927,-0.016778163841893016,12.865406129130806,-22.66333989079433,-49.13994183244363
17627.35043057112,0.08835520378737591,-0.3031825084908685,9.905084980869447,-0.0019049280715504966,-0.025451168028214392,-0.004860272309263594,12.844445866048888,-22.67818621817051,-49.13119988690409
17627.33972632782,0.0772266927991348,-0.2844552168615322,9.903033885056017,0.028463750302743313,-0.05398660168267475,-0.007646274132634784,12.839707358772221,-22.671848175430206,-49.138228361971684
17627.356314997964,0.11543160526006607,-0.2727210202665698,9.902273466559228,0.010334716045460858,-0.046202533396228124,0.022534517065794464,12.836553885763047,-22.667725936893593,-49.159127904520496
17627.35140218748,0.09477667999030541,-0.3006837412339132,9.918508532952794,0.017685267876342062,-0.05430019228062421,0.0016517231994016193,12.859413507820044,-22.658317590876,-49.13335399528098
17627.342792314088,0.09505317051062265,-0.28823911300838456,9.915706660334466,0.033239531774113394,-0.02673413469191019,-1.0222595887239127e-05,12.8468864507683,-22.684745138772517,-49.13991107601249
17627.34883080959,0.08603187467810393,-0.2880294020668412,9.905235563116143,0.029744239602219343,-0.05107897505787727,0.007275996646636225,12.844156355223655,-22.660645252898718,-49.153642673514625
17627.35387064184,0.07584575009059721,-0.2905825386607747,9.92047308317706,0.004022872848886043,-0.03087525149892726,-0.006693921846857555,12.843120790201139,-22.658627771387753,-49.12496410013278
17627.359293340396,0.09614420548456223,-0.29010144384687375,9.914467896648265,0.005772819317206215,-0.03515164112141928,-0.013703503941403657,12.855655793430108,-22.673008138648388,-49.15150283755523
17627.350498752356,0.10527330582543716,-0.2840180471732585,9.908689269048242,0.015039064456603173,-0.04705472597798168,-0.0054579125716884575,12.846814329490236,-22.67846163047462,-49.14506574105671
17627.358213785894,0.08842917924902591,-0.30378298366467255,9.920400066182934,0.007362655524332308,-0.051462519385804775,0.0017333395606892914,12.85170779564861,-22.662067678671015,-49.12159566397843
17627.35416562253,0.09705214270999786,-0.28269952177857544,9.913311525396376,0.010435014621512594,-0.03987947270643351,-0.009705855559417132,12.857033094847784,-22.683902315038573,-49.12311570164273
17627.356329052815,0.10171573705561088,-0.300925654811511,9.91303035056913,0.028677062708309983,-0.03209412381853549,-0.027462342983052376,12.883894704480321,-22.658508470479656,-49.15254274086248
17627.365517253595,0.09724526990405183,-0.2819678049851136,9.929779761262136,0.017715491621903324,-0.04897173733049062,-0.0069793367752774265,12.848394830073195,-22.664291243660937,-49.155262859303534
17627.33564206743,0.08455261176305158,-0.26913962009966147,9.934024396835479,0.010791799477559632,-0.0470168706323119,-0.008822860138697868,12.85852749663258,-22.670064598974133,-49.12453581384366
17627.35985623661,0.10314332498387845,-0.27279899865128476,9.923579703223497,0.00972616383623868,-0.05700405767168727,-0.00931344850705873,12.850746827638723,-22.662992568769962,-49.14519781359082
17627.34912859727,0.07780471331918132,-0.2875476596207063,9.89744799974028,0.01279665333292832,-0.05341734176341528,-0.024465367346076503,12.84911760699641,-22.668172519706978,-49.17088079994916
17627.336436286772,0.0797936971097696,-0.29699443617409377,9.909233627485332,0.02919275436880405,-0.045343643611508014,-0.02607782645428775,12.824909382841922,-22.690893033244993,-49.141007192471136
17627.337677948173,0.0784179600913395,-0.2659167765550967,9.908138658770667,0.027527789623894607,-0.062375354028043666,0.002970030820480818,12.843762015759713,-22.680098732427897,-49.14140907284652
17627.36441752102,0.08569976292000185,-0.2778284840043227,9.901556779588345,0.02308020174281435,-0.05406572910067356,0.006364953551333392,12.85944628374663,-22.665900964777425,-49.141441373760586
17627.337388360014,0.09220526879520789,-0.27866096683287944,9.900877244464434,0.025913246337376832,-0.047750770982235166,0.001267117632682383,12.854962739764098,-22.675750603019633,-49.14096389922105
17627.364859018027,0.09109532641582546,-0.2868222924943865,9.920921923643975,0.011292016037277827,-0.04838663193318448,-0.012012566999897898,12.866664110687323,-22.65354880631338,-49.14179100881483
17627.371149262817,0.08377244235783969,-0.29881621363445654,9.908083326865183,0.0007041052877380157,-0.026360706263393246,0.010493332742859341,12.87121770237391,-22.66591515790555,-49.13984921475191
17627.351352678572,0.09709467451947454,-0.29032812118516715,9.887208458756946,0.009681060063670388,-0.02733439225620817,-0.005793242274565867,12.84181368564466,-22.65465105731982,-49.14110543003015
17627.341495146386,0.09169649299854403,-0.2932510846000294,9.925526571980269,0.021166569071794483,-0.03729206265699909,0.0067371251913637565,12.860320450314413,-22.666804236938148,-49.15315940173541
17627.343971010356,0.09862546838081235,-0.2907128008955493,9.91560369882881,0.006270082854694601,-0.04280532581707883,-0.015529619181538775,12.85409360634122,-22.682786307802765,-49.14954176517273
17627.352576520592,0.08590256012435268,-0.269213933016408,9.894778505241378,0.010912573250364165,-0.05555183313967769,0.022267743804917625,12.867287804467578,-22.668816646452335,-49.14053187621011
17627.346698912497,0.07845450005161343,-0.2882550208467013,9.93424990608794,0.004904279650240869,-0.03289855563074941,-9.841553197454138e-05,12.829882063984476,-22.66210345310427,-49.14065803982184
17627.358427789677,0.10440449841842368,-0.2905140219656578,9.909237110495585,0.005770970048659516,-0.05321104819349369,0.00235467522704369,12.87060577106081,-22.681166462621917,-49.145603189589856
17627.349052967136,0.08525828798042374,-0.2885324748851491,9.910312368088086,0.021970598778145473,-0.03918446103607893,-0.0012895553410391695,12.863157942354812,-22.66090974277061,-49.14916292649987
17627.339569917804,0.09129520299556466,-0.2849247154443371,9.91396861269766,0.01728724247908173,-0.03582813656666962,-0.00528399427052022,12.831632465136183,-22.661222173275355,-49.13968272110338
17627.338232855887,0.08647466825630512,-0.27957017946451607,9.911014975119263,0.007350530134622284,-0.04069497145954107,0.010842620116298966,12.836597891873769,-22.674574042532182,-49.13408231724429
17627.35789303625,0.0997227283865517,-0.2786166932375071,9.90961173599193,-0.005581850757868259,-0.04438343182571223,-0.01969958912537343,12.862100031236643,-22.667237321211815,-49.13361365978512
17627.35163278429,0.10523795391275384,-0.28630296628880486,9.908701747887546,0.01560097853610937,-0.0619576548771114,-0.004928268570297954,12.836710414122859,-22.655422825831902,-49.134240720641564
17627.353767241053,0.11084305430647276,-0.2785324155288321,9.920110044706142,0.007375103123140133,-0.04604360311203223,0.006300582221779498,12.83940923438412,-22.6618116899548,-49.15316348638638
17627.357522644452,0.10542464848714098,-0.29240067081902543,9.901013480647071,-0.001417393659029641,-0.03589306076668354,-0.002044950826172362,12.854515275138299,-22.686946663333764,-49.11984925185382
17627.346006797008,0.12288121273326388,-0.28729240607483947,9.922214779273213,0.006369994882889142,-0.0432281411510127,-0.0023032023234364884,12.857239939684142,-22.68152367653007,-49.13282046427042
17627.345381818188,0.0850964852186918,-0.27929469495129433,9.914617957978654,0.004334610588005081,-0.05116309877848224,0.0007938604247441968,12.837779922356171,-22.66343025126979,-49.16194759677475
17627.345967835852,0.09990526108008216,-0.2877595115521084,9.914478410235333,0.019215287868348474,-0.03499621773508775,0.010517581276210022,12.858425474964195,-22.66538688110864,-49.146959112341335
17627.35397663317,0.08469124661482558,-0.288929222392414,9.909889476081426,0.001665490253251729,-0.03979640758166858,-0.019078753699785185,12.866965973391011,-22.659022250757282,-49.13251694991976
17627.343192476677,0.08834720284763932,-0.28805447661488404,9.904512800539493,0.024470423854105326,-0.03967547515377087,-0.011404484815878874,12.862361412944995,-22.669642500494817,-49.13967250438623
17627.34848411833,0.07927148517927446,-0.268319725680018,9.900633487810943,0.01674339571335394,-0.050406218941603506,-0.021393149124423784,12.849348756575173,-22.66813217001578,-49.1364873494445
17627.355917780194,0.0888978400972627,-0.29343161363105236,9.89830830649635,0.016442912202233734,-0.04944618474244584,0.020477186800498842,12.853098077417991,-22.680410787842874,-49.140269019667215
17627.364955548957,0.09666033113364014,-0.28611355204249367,9.908991551811827,0.0154021331800658,-0.06144528227137821,0.014431701359938263,12.84752039875829,-22.639394979466427,-49.150942068052174
17627.356777902638,0.09552024614523005,-0.2878854441662864,9.907290760508157,0.0071876311027134765,-0.05159256000485349,0.002363042604831181,12.855002219816297,-22.654615833078847,-49.129684898588465
17627.346157521744,0.09951160268107599,-0.2880842787320897,9.91814163123588,0.0004317050095103258,-0.03681315498699521,-0.011394315860224623,12.869925405657272,-22.674692772812424,-49.140341737520586
17627.35733423766,0.08838603705522997,-0.2725662998364767,9.895820673396434,0.01724913128595676,-0.04034051565526427,0.0016654488534192484,12.854151388041059,-22.667955620479024,-49.13448953772722
17627.35285756172,0.09646608471641731,-0.28554564423430867,9.927833039687558,0.008887455933548886,-0.03506987323434206,0.0019057947374900809,12.859293717789456,-22.66319015426906,-49.14851246369647
17627.355087159583,0.06886413647858097,-0.27534171544394215,9.915971791710382,0.0037355313758422205,-0.04595557741341462,0.00904837736318295,12.859002240998969,-22.682949018628886,-49.147886513590485
17627.340060902872,0.07839846310133662,-0.30896643964854226,9.915278755095178,0.008043983007760514,-0.053390478339903624,0.002120281448329737,12.868215377834327,-22.673556404135613,-49.134127462393636
17627.346335050697,0.10105861247198897,-0.29307060569122195,9.897616108858982,0.020226028101794545,-0.03410856626165531,-0.013848764668423962,12.854186120627428,-22.673041263064526,-49.134091522059
17627.349303909996,0.11837531580843952,-0.2795728743108244,9.922058730444713,0.018146675816287258,-0.04873584328656688,-0.020734953573628062,12.843604052107986,-22.650478881720225,-49.12215760057515
17627.360672635317,0.08926704080715021,-0.2735429021698346,9.893855627286635,0.03243940139179254,-0.05060830246017651,-0.005049878675217971,12.842561658284685,-22.66931255166583,-49.13720980705079
17627.32494928224,0.08011640742158971,-0.29334618115872607,9.896056129679698,0.023338317143302326,-0.05780970671903772,-0.010693037076016605,12.862869825669925,-22.6833874232155,-49.15517103885639
17627.343697849912,0.08680670376895999,-0.2994422596821103,9.906217891233128,0.028959744504492846,-0.0511944058459495,-0.006452689697577116,12.85280564721007,-22.664030169896982,-49.1344100487841
17627.336457475478,0.09770772149944626,-0.27600580182785,9.90582737116136,5.4869926593698395e-05,-0.06208650539910632,-0.0048855101077344585,12.851364587301454,-22.655023509577564,-49.14028011560127
17627.348443617488,0.08340758822500588,-0.29237226932777743,9.904614229246326,0.015286748279473315,-0.04406660799026456,-0.00518645502948823,12.851595633194743,-22.662155491978833,-49.12066130631067
17627.35055943702,0.0872975164237231,-0.2956752319270833,9.901650752244377,0.013940417208372873,-0.04971088918434687,-0.009192121993528188,12.867451672930533,-22.674423506990202,-49.133573929545335
17627.33709707952,0.10558557865740775,-0.2749485137752287,9.932578353981008,0.02642588390410324,-0.05235339097843539,-0.02166567132612069,12.832457855391338,-22.68836174029526,-49.14188495311419
17627.325130494388,0.0927641460248474,-0.27958001066327054,9.926561403458104,0.02191410496360579,-0.036344963911203135,-0.0011957354008898832,12.874484376247686,-22.66454982425777,-49.15787539891166
17627.36026748206,0.08818101383884924,-0.28513223540433774,9.923255031332918,0.013695882610546195,-0.06538119264003742,-0.011221496677626692,12.844874175907796,-22.647167921022078,-49.134473688407965
17627.357316483864,0.07129239157295682,-0.2882563317534067,9.901696826563697,0.008474923583171368,-0.03892086518365659,-0.003938494815841643,12.858559205394778,-22.664480852160214,-49.129320733995485
17627.342595099293,0.08718704123998144,-0.27547858631748745,9.91151763621393,0.00210300825974539,-0.03663755692975451,-0.000758336406347212,12.842546058325562,-22.676112218207706,-49.15037226145484
17627.34964175387,0.10387012158418091,-0.28943077493350305,9.908074400916053,0.026594342874301066,-0.04984616899134317,0.006103641116331954,12.841743199035275,-22.69379573258681,-49.13589065457851
17627.372688117615,0.08654303869899165,-0.2917774691367406,9.910186628967713,0.006565259720396428,-0.051484391528389864,-0.013980377781943377,12.852113927297706,-22.67756790965586,-49.14381246705846
17627.358954724128,0.0878748424503918,-0.26618840836767893,9.90697923008631,0.01785795021846642,-0.051785599465078866,-0.0016865058919925215,12.818651151786137,-22.661725848948137,-49.145247961375425
17627.3427600216,0.08955162315529404,-0.3039112432649806,9.91575302652789,0.012700383700787644,-0.05063157633658346,0.007947512028258113,12.854275869126687,-22.673259330988422,-49.14627173918497
17627.33989950051,0.09982557194912467,-0.28994429282017614,9.91955604399903,0.02013113588150906,-0.041473828520898724,-0.011437363989226,12.848719250962477,-22.69492051022995,-49.132308205922186
17627.380251176564,0.07325327861509921,-0.29723097523387604,9.93088554099888,0.012735338318541574,-0.039058674155067655,-0.02177485094290857,12.877071241833251,-22.64954892165376,-49.132726888106156
17627.352059900604,0.10220151719924174,-0.27585087915730694,9.923087327190768,0.01656136466797208,-0.04151711473208777,-0.0028765243409939667,12.844015238974428,-22.65012518357568,-49.125390048623366
17627.36770608417,0.09711078210348512,-0.295993021568129,9.918210542880512,0.01483389871162831,-0.049022020602509014,-0.014144346870557835,12.853703430091768,-22.67305694096383,-49.14831092771376
17627.366893676222,0.10168347682689727,-0.2904277329363935,9.894317485763564,0.015185140471001864,-0.039418137443348454,-0.0063412146139502435,12.851165530548025,-22.66530746735621,-49.13749609771763
17627.362024184917,0.07574666896419312,-0.2716034437735443,9.917842726323585,0.006624408939619339,-0.027391120088938115,-0.001807697489063448,12.841191118214493,-22.675597689896843,-49.114960916952136
17627.337858157938,0.090937235075787,-0.3008824879877109,9.941240536503065,-0.00692386436636847,-0.03271934465389861,-0.00938105674528088,12.849806970407183,-22.677946051638074,-49.157105993420075
17627.365849889844,0.08925128678031478,-0.30890715636353355,9.912677402358637,0.01365794123410069,-0.05237486967495692,0.0029043511157406847,12.853502982503633,-22.668710218005113,-49.15451388281163
17627.341231760423,0.08842098943905795,-0.285220388027249,9.900533292401683,0.009902786820685258,-0.03748313251897725,-0.01591168413514925,12.844618496858475,-22.662269432179624,-49.12804597544975
17627.350699839208,0.0760044515225671,-0.29624621969495274,9.91395293309755,0.012704172880699615,-0.052022435235366954,-0.012572561685857858,12.8477249252638,-22.670317342480672,-49.14174578625937
17627.357219819336,0.08321761879133752,-0.2918127431322385,9.906664506585454,0.010458854712731534,-0.05188140764359137,0.01541170800456671,12.863069536750434,-22.660473556723925,-49.14335394653463
17627.368197826505,0.08898670989264922,-0.29538703672344974,9.91250611695773,0.007699025819846115,-0.05175907335597105,0.016359216474224218,12.857979807384202,-22.655647945021673,-49.136832725338444
17627.35451857567,0.09234724822609901,-0.28073129536182256,9.917317353515484,0.009893978083867374,-0.04314967109046909,-0.014309580288117678,12.872273684886217,-22.666876222352737,-49.12700315594726
17627.338426733746,0.09759954074128621,-0.27963136784815346,9.903768893069767,0.007523289025021252,-0.029899364349363546,0.007011004642813507,12.839427707075382,-22.676994288716593,-49.12926146727981
17627.354210269423,0.1090261770092915,-0.26890553421068425,9.908399262027475,0.03168088003523224,-0.03957904613757786,0.0033148901939512735,12.864057067918937,-22.673646415671953,-49.152247636287626
17627.342315673963,0.08625103026195084,-0.29332526248516777,9.910383953354696,0.015287556322546308,-0.02881700268812837,-0.00044072024524237927,12.856373670940723,-22.66796016260212,-49.12582646553966
17627.350218211173,0.1034221444908702,-0.29099867669118334,9.915787046827269,0.01035872295130354,-0.03274795547922959,-0.003197697991413074,12.843293547643308,-22.691185793023198,-49.14736529342422
17627.36041169602,0.0975473526371705,-0.2911579868537435,9.916603890741133,0.01279461911214962,-0.04722666766461131,-0.0037356952431233464,12.838655488301887,-22.67914379656778,-49.13697495681154
17627.340086469318,0.11491357736234427,-0.28461459532010475,9.92667272311976,0.011806813262885813,-0.05530150690124519,0.0069602679998620465,12.866698193649976,-22.659277018560378,-49.14076175855772
17627.34589327111,0.08996700463897635,-0.27725803116382075,9.929116935664396,-0.002499727105867459,-0.08348582787440675,-0.01573447881797608,12.844600250926797,-22.652145914398947,-49.152688431861044
17627.347202410216,0.1008464167373956,-0.2880485283361393,9.903841639361291,0.015183554408371255,-0.0378354014606012,-0.014072114770891942,12.844685696546382,-22.665934104467286,-49.13277344799502
17627.338533992297,0.07798213002951136,-0.28780472780615796,9.900696613974068,0.029868162324113365,-0.04597515565150154,0.0001550205024840154,12.853742060588532,-22.67585280115793,-49.137164703404444
17627.3304891347,0.0906720098181751,-0.2863466386243623,9.894442617909922,0.01982554788963726,-0.030100986798149838,-0.007934579523096442,12.857421425368646,-22.665837005015927,-49.150310174808126
17627.34372650442,0.08591363354610194,-0.2867973656814512,9.92249345457789,0.007876328831771157,-0.036216355212699336,0.0005066819262865979,12.843886732225789,-22.68047537423915,-49.14619463022513
17627.339550185134,0.09845096710976073,-0.30130835732433897,9.90829154868652,0.023305118071926468,-0.03953797292614607,0.02415128095086199,12.834587555065873,-22.68122107875883,-49.11291213225892
17627.363289967925,0.09334217569258967,-0.2864494546634393,9.913124840195687,0.00752260031116188,-0.06070852368552769,-0.01635174137607377,12.843600288628796,-22.676154508604093,-49.16001962436693
17627.362618496394,0.09428079999592724,-0.2808654177629063,9.900520631904186,0.004176287169192062,-0.04261732641186207,-0.004797511239602885,12.854818624794873,-22.67404527396478,-49.11711633527042
17627.341921852338,0.09307151929689994,-0.28275409374454524,9.916747869573076,0.013611010056756448,-0.062473627112566536,-0.010411784376236185,12.837357833165386,-22.66534480146591,-49.14279918009391
17548.614284189,-9.63537456965296,1.753566775782455,-0.359866101532777,0.011686970271073939,-0.056330219760191806,0.005507921560452168,46.19544833938616,-23.985420803351037,21.655093480452884
17548.64546849353,-9.641061555124699,1.7390491825897563,-0.36505833908355917,0.014446538107997097,-0.04231179520638193,0.010675968972002984,46.21696218019982,-24.01734675115549,21.659692086453607
17548.626635244567,-9.636585625575757,1.7770831555071411,-0.3548141860298575,0.023575889041358877,-0.009451930529131555,-0.009594352184106973,46.22543474482835,-24.007313485563692,21.677428528685855
17548.630740766854,-9.644747744874504,1.7564036145505892,-0.35789884810064854,0.027446414906704367,-0.027286636519740868,0.00030478262674059125,46.21753892879619,-24.009104798646423,21.641949930077015
17548.61107148087,-9.631549100587842,1.772693798738458,-0.3556334543023032,0.015437479430345413,-0.032413935601873056,-0.0034178489848863507,46.21251957494332,-24.02020324790283,21.658065375686594
17548.5996191057,-9.645871802307685,1.7788568511692773,-0.3580661483444958,0.015592359472229662,-0.044315583891932055,0.0036713575812046253,46.198225064206035,-23.996934887140096,21.648454683575846
17548.62564145459,-9.653317340163511,1.7570619628152115,-0.3733962930632596,0.027751382452214396,-0.04937906468417777,-0.011066354687614754,46.21333146074118,-24.00496556419556,21.654269162832055
17548.623042656207,-9.640955278414035,1.763951175851203,-0.3665235229424429,0.000689228454746749,-0.027407763471028013,-0.005837636026239152,46.198784828486296,-24.010204866556506,21.640214121964494
17548.627202661548,-9.625140400177433,1.7581972728646176,-0.35645802074542315,0.01190266381860293,-0.026035363289415088,-0.0022585368164118225,46.22924252885838,-24.01605639011385,21.660549157602276
17548.619555435416,-9.62561964659612,1.774924559699982,-0.3589382040823124,-0.004144026476132634,-0.04298779516778201,-0.016443287912823748,46.20412608082506,-23.998713507884645,21.658215878053976
17548.612542686595,-9.641314569017984,1.752982547555195,-0.3766230479155327,0.026491874196639526,-0.040337660194480554,0.0002405532397235263,46.216877747668626,-24.000657839436567,21.642978755305634
17548.632485061436,-9.634604207362095,1.7701389804579524,-0.3563391742270894,0.023183765357400844,-0.03892599518134768,0.012327792586811053,46.209900852413355,-23.996233198313366,21.648136079760082
17548.6250326036,-9.634211632590096,1.7763624351733491,-0.3891970847496346,0.020361640148702793,-0.046977387897982864,0.02023231912456637,46.20819710899229,-24.014350455065653,21.646016931115415
17548.63588520961,-9.628049424721912,1.766856388090954,-0.3599277711122393,0.013714870875781946,-0.03542887018186924,-0.01859252995736095,46.202816567764195,-23.99649710147002,21.643724023799546
17548.629445099796,-9.607285906546718,1.77510339460055,-0.3677840153714458,0.020928083078515125,-0.040910128647353265,0.005101596353287153,46.240421096202134,-24.00920925281905,21.63935291527096
17548.592923172488,-9.646552599823108,1.7768532006711157,-0.3553538152088449,-0.013531771567024476,-0.04733164267181418,0.0030482670799794054,46.22704209895165,-23.998120696731405,21.64816189652404
17548.638316557623,-9.629052716655645,1.7639378517087885,-0.3678722468971022,0.0073284858118612736,-0.0435839931763969,0.01426856119661236,46.19571158899176,-24.008219715753338,21.658822263024547
17548.634009304584,-9.639470479492529,1.7766002227983908,-0.3596457302326745,-0.0014279840155824695,-0.03340785883320119,-0.010373404525259908,46.21427454374055,-24.010753219866942,21.64406456341053
17548.621026516845,-9.644144431132819,1.7762960260941372,-0.34716385205444295,0.024317644058955635,-0.03710926589482512,-0.0010764094416460103,46.215186343116265,-24.003684110101496,21.639421060105516
17548.623027681562,-9.641178694536146,1.7633495654564757,-0.3572032830305976,-0.0028615579255766906,-0.03499769667821338,0.0037814200164999427,46.21302986361166,-24.020217720296387,21.640524361194664
17548.643439618405,-9.651675600326707,1.7758306388483676,-0.36946189767202614,-0.0020548120557341374,-0.03917935610373334,0.0020764772716496942,46.20180519670018,-23.98295116752413,21.6585594027443
17548.64454192474,-9.618641102437078,1.7698766042986982,-0.3563672968614645,0.004698244549502442,-0.04072614963134283,-0.01930492958707382,46.218894324185634,-23.99691172292581,21.665706529813402
17548.6162888035,-9.635895048410285,1.7736438641431305,-0.3748264103903454,0.02813126843819369,-0.04382783132551686,-0.022073565053606168,46.2094599617794,-24.00825827214284,21.643643864749848
17548.627713067966,-9.634495236137473,1.7722562025822954,-0.3536878801383034,0.01757270806704176,-0.04983926339377699,-0.00230720724864554,46.194450626924045,-23.98766817901497,21.64114211830043
17548.622772449617,-9.636264517124163,1.775518374903757,-0.3388357592445703,0.011029994361533697,-0.05734588805396777,-0.00964938278887333,46.20860968776286,-23.99386464808718,21.66212063409511
17548.621610583567,-9.657959574952091,1.7745017882454261,-0.36006765601602836,0.027494552280541915,-0.0391483061187743,0.008091180683350347,46.21911840974797,-24.00644453382924,21.646848193220723
17548.621794821527,-9.625212207969202,1.767896116473523,-0.3789626139905962,0.0077893228214560494,-0.040011651595062724,-0.011616902578225053,46.207884322145894,-23.99418139666176,21.649625082841094
17548.62834452794,-9.651650920733335,1.7658330949811865,-0.3743883828823137,0.01478872974778329,-0.0363812224072639,0.021820018595889664,46.21003389422976,-24.018880860372967,21.63791484274882
17548.61801098341,-9.637892074119005,1.7520080316101954,-0.34253539728744226,0.020543180776622247,-0.052735712440991525,0.0012174284468783481,46.25302530120471,-23.993807688202313,21.659352227247116
17548.616991988216,-9.62941678274698,1.7768826953458252,-0.3529600379407117,0.017848684362495995,-0.03508621807158925,0.016587219890802623,46.20860773096528,-24.005180612793957,21.650039045975877
17548.631083407243,-9.643154334990276,1.7556501580542363,-0.35070747939790475,-0.004887011556490383,-0.047554429169057624,0.003142407127568872,46.20530729630565,-23.997493519657116,21.65507660829974
17548.622888669273,-9.645509443872415,1.7616959802129322,-0.3662105297702403,-0.00952270048329809,-0.05723657185276958,-0.01033462342470651,46.203717604537104,-24.003151289849985,21.631295312497198
17548.628957484532,-9.649547108847335,1.7595761579011582,-0.34683631379120955,0.022292888482649785,-0.046554079645646285,-0.008307687902520549,46.209010365575814,-23.99766201942483,21.652258715500228
17548.6288574253,-9.641677029860263,1.7722342254207373,-0.36686523775238533,-0.004113464971060252,-0.017639522139722617,-0.007193968973111425,46.20814947422022,-24.004744346897347,21.630958039272937
17548.624553395322,-9.630427919598189,1.7640600355408766,-0.3526152675664468,0.0327908062124615,-0.03975935604648399,-0.011945552046289528,46.22384882208486,-24.0122068822659,21.63906560500476
17548.63264532065,-9.633931476654672,1.7528552129667516,-0.37352303635351025,0.02119218144583513,-0.04098453686018911,0.0014612790736404993,46.23434676394181,-24.00902483368906,21.638165126165212
17548.625698731972,-9.633658168834474,1.7672823866086886,-0.3573616884960221,0.009764521244104082,-0.042393978327018814,0.010161269334719059,46.2145009184229,-23.99754532014598,21.668730796267013
17548.612978844154,-9.640577388278032,1.7808983209625016,-0.35008442223685826,0.00966552647925353,-0.04271731931086542,-0.018191068939968347,46.22138590480063,-24.012244387783266,21.658709049331907
17548.631039214713,-9.640358693565762,1.772108436151428,-0.3668294542388594,-0.00926351199028778,-0.04167475283283069,-0.009221381417340142,46.22625140262808,-23.993660528102772,21.642846875989044
17548.60421619149,-9.6359250193707,1.787525659411037,-0.3755997846059926,-0.0004428010587751805,-0.039931994008907165,-0.010427322113964603,46.23213189852124,-24.01933957373083,21.6449497115751
17548.623771782306,-9.645430214759951,1.7701478059338571,-0.3623150189659272,0.009709135133028261,-0.04061846520160117,-0.01903447470891244,46.212993547632195,-23.99712523726597,21.658621416436713
17548.618788355132,-9.645010779835879,1.777465532230465,-0.3637526098767726,0.014626817752560264,-0.03625945667991437,0.0010637839915682663,46.20756703944102,-24.016237276637625,21.64551099348893
17548.616556380588,-9.633674366829633,1.7589118550129448,-0.35842323991671654,0.023373234326008702,-0.03542604516236494,0.012352275970661025,46.20661979496541,-24.007608315366678,21.649618521999795
17548.61402218452,-9.641267080126347,1.7501254139581361,-0.37015392228150146,-0.004816921137851466,-0.042874260792377265,0.0011086771326908585,46.20957816812811,-24.000104915262902,21.645127457178564
17548.616076425715,-9.647277063364944,1.7630557220055114,-0.3797214645470966,0.016260582082145474,-0.032361094431469596,-0.013328239293450247,46.21541337263708,-24.013717320759607,21.647861628404243
17548.621734993452,-9.639762716926763,1.7730955696668433,-0.37535076823349994,0.005422600628779531,-0.03464337620061661,-0.004829100398625448,46.20971828436897,-23.98113699345842,21.643116671424586
17548.61787568081,-9.637565083034703,1.7575809161955431,-0.3684396783741524,-0.006473578817017834,-0.03239714615966814,-0.01415602596848947,46.19882836825169,-23.993562876005146,21.653184807871543
17548.639386303126,-9.631210993441401,1.7716857072200984,-0.3407657282654773,0.029351852796473135,-0.051226401184347584,-0.0023852903617519847,46.21672780079442,-24.001291453341725,21.6603087683785
17548.628712856644,-9.658133834613274,1.7710207993662053,-0.3707857114072202,0.025655230399474704,-0.035527946136116074,0.004766217096338338,46.22434667612177,-24.0070889524227,21.664998321898604
17548.646928012542,-9.651437265259561,1.7772736528118898,-0.3566235075130792,0.011489843376087225,-0.04226610383621356,-0.003499628826570683,46.20044398321859,-24.00880824277681,21.68070358017122
17548.633462474587,-9.65342794758569,1.765439952559941,-0.37737061974040786,-0.0012482606079118608,-0.050300522940625814,-0.012429001193662666,46.22105042295896,-23.992014024219962,21.667210648692343
17548.644824832154,-9.633406377560284,1.7712310897467083,-0.3720015298411431,-0.006239712292543746,-0.049537817230869564,-0.0023865882946233316,46.215143778373815,-24.011900778643323,21.670282210812328
17548.61844629628,-9.647091924765208,1.765722942099929,-0.37732553642373956,0.016373384960353995,-0.052157492795536144,-0.004574414167854936,46.19865789816688,-24.0081961403765,21.649994914365323
17548.613615450235,-9.642632840392817,1.7696863412573582,-0.35352850113590906,0.02310617435663867,-0.06377612947075133,-0.014558919220464272,46.20088584726285,-24.005870886221057,21.661073656990784
17548.61842767871,-9.62683437980614,1.7675328767763023,-0.35549243445584483,0.006986714650820832,-0.0489483625658289,-0.010441130320350697,46.2228780520414,-24.00630526704562,21.644610847480187
17548.62039676244,-9.650072916132403,1.759858820256627,-0.3662948141455634,0.002882619184601653,-0.03917196045618642,-0.02096049602586192,46.212255117054845,-24.007676317465037,21.642230032118857
17548.613348853163,-9.626591080958327,1.7589085163586213,-0.3755295428857005,0.004924170884904653,-0.04296518515251669,-0.019774000337865128,46.20160689249328,-24.01404439807784,21.655201072991073
17548.624432866356,-9.63618466099975,1.7766519445176425,-0.3648329866484033,0.021195319615415185,-0.044124714729697374,0.002808257581551921,46.21342055279136,-24.003180329798138,21.647774570793707
17548.623141748307,-9.6249856002849,1.766722151073199,-0.36052556560138826,0.013041234783226049,-0.04088462993525934,-0.007362791829843336,46.20785463266774,-24.0136745100356,21.633095445970305
17548.605232409678,-9.646516671938873,1.7528124977943071,-0.35678871431089204,0.0034816085453963468,-0.04347455685874205,-0.008927799585881455,46.21826951885007,-24.023898424483438,21.65503860538321
17548.620175987428,-9.621581490457201,1.7649130143450844,-0.3685909396734693,0.019221756483283003,-0.049006125321137205,-0.0029024785593537413,46.207423533530026,-24.00121826680919,21.65185258663867
17548.616195365994,-9.636866748766295,1.7835259366341132,-0.37105459499490134,0.010167318450939128,-0.05442812741449737,-0.011960417280687731,46.20500447147222,-23.99834036274033,21.642829797635375
17548.631123731233,-9.641375611630316,1.7680502218237593,-0.3606900617263886,-0.0021715619948227006,-0.043856722375091015,-0.009659877159121125,46.21705894930306,-24.0105126192724,21.64336159871065
17548.63029572048,-9.643135970067062,1.759210634629258,-0.350509008632415,0.006593149873381643,-0.052066779303285696,-0.003007099505121613,46.19637066417953,-24.004008120315763,21.648512210504276
17548.615793625464,-9.636847067055024,1.7684998393938212,-0.3655595130898388,0.014420861119486497,-0.03636844891677951,0.009933621288304526,46.20890892274628,-24.00486286572716,21.644020887526086
17548.613582936017,-9.650535127490038,1.7650204883203273,-0.3390247514333928,0.0038094179071091194,-0.032997282970908426,-0.021421548875918125,46.20951157826239,-24.00249528037457,21.648561105280397
17548.626841330948,-9.633983866451462,1.753907095024259,-0.36129062842450194,0.011788020955093157,-0.03319298919143062,-0.0061128195980171525,46.20651484300301,-24.006721927799195,21.655440835584564
17548.63883544308,-9.622807473833701,1.767511229972135,-0.3587897864839191,0.019275180808292734,-0.04604505196701641,0.00433755434259268,46.2183545049088,-24.00124779304435,21.668972282067788
17548.618114692163,-9.631011093889084,1.791326833309506,-0.3522770056787824,0.013625496016077883,-0.04959509008577822,-0.0005113814885256088,46.23185030536017,-24.015103662176873,21.634903298535697
17548.63146759179,-9.636051435121704,1.7643083813637284,-0.3795464160354665,0.013507028526905735,-0.038543995084781776,0.001681886597565034,46.218038813848395,-23.99832946693592,21.65462953798298
17548.625335492867,-9.65005203715854,1.7645979159102212,-0.3416484160431014,0.0001732595209212682,-0.057350834235543886,-0.0015084029747397909,46.21284240850824,-24.008381928277146,21.628498236485733
17548.6297134162,-9.63165408582828,1.7767825889562607,-0.36237841943955185,0.007897317233178044,-0.030100088433610058,-0.009158742986062087,46.22756929581585,-23.996720320962826,21.64782521133495
17548.615704386186,-9.635978057991018,1.7586892845136903,-0.3725720388752624,0.013834385617619795,-0.03686779564084564,0.015158626319702266,46.228362067691215,-24.010133205546463,21.651290636214874
17548.632231529566,-9.647885906477843,1.7712592026557306,-0.36423417637527344,0.015873584658655,-0.04073722674618302,0.005330170840534046,46.22444024568886,-23.996799639541347,21.663754223824455
17548.62336564205,-9.63583711272552,1.770396235401015,-0.3599667419567133,0.0013124483777535723,-0.07224867831382836,0.010045249619133275,46.22268514808816,-23.991851565485796,21.64853578056497
17548.631905652957,-9.640144985620024,1.7723333157459111,-0.38489281343540915,0.003791499017973231,-0.020589165099589885,-0.0038073351167296557,46.22341767135372,-24.006044934018114,21.63986651140862
17548.615954481575,-9.631995774220941,1.7833264654294363,-0.35861715134832706,0.01403528021214218,-0.036931868267763256,0.0017936333014575575,46.21116964451467,-24.012405371226478,21.654389578479353
17548.615307812674,-9.632709765131303,1.7808055625351409,-0.3658696317919675,0.0032607980298407554,-0.05898770021158319,-0.015006772621683057,46.2249763257885,-23.995168808753032,21.66658069931099
17548.640089675064,-9.63286340800075,1.7648548079401842,-0.3560646305959604,0.0010236822638091843,-0.04859571079622712,-0.004624470848911733,46.199211189485446,-24.011022332890146,21.619867391728953
17548.63122304196,-9.641072134566018,1.759969921357939,-0.37490413504740255,0.008688175635494061,-0.03246057045484029,-0.0041233327030551735,46.20837393049342,-24.012694395229754,21.648800634951364
17548.635687847076,-9.62818297949345,1.7810161240383338,-0.3632505847872433,0.01726728376447066,-0.03560390690322026,0.0034263760494299836,46.209904769779435,-24.0171883048636,21.635504596797308
17548.640432859516,-9.636595775129672,1.7730514629596121,-0.3740686390823253,0.001405007088727669,-0.044405206947274296,0.011456287719984642,46.21475463144566,-23.99803106595663,21.64948599936998
17548.61983510625,-9.653407590868246,1.7863632682115211,-0.37990590863197354,0.007994725249370884,-0.04045673794629358,-0.007445047698878418,46.228572108135594,-23.994704928736205,21.65223557187054
17548.62541548982,-9.638481336451566,1.7522307585864416,-0.3674682400059755,0.0053965224861905565,-0.049451568332517286,0.0017237518065510893,46.216490366860164,-24.025802827730505,21.644745091037308
17548.621747041747,-9.619007568997779,1.7642403231049184,-0.3620831740441609,0.02200038989057611,-0.04541039843890759,0.0066160574334591955,46.216211307296824,-24.004770757268297,21.622439214331767
17548.618449732116,-9.635084550100345,1.7578290297551329,-0.35595234573416695,-0.00308084831261299,-0.061727091691368086,-0.01241634756782041,46.205501158064045,-24.023390323346113,21.632941293463162
17548.613603077556,-9.65439160815984,1.7690649830069536,-0.37173545146853204,-0.0004217729352865348,-0.04685669405898292,0.006318392874769596,46.22910896016331,-23.99504865589978,21.663097524142177
17548.63089676893,-9.632558907735962,1.7672990041048897,-0.3708586370445138,0.017533406278012816,-0.04968729674573051,-0.005413883464864671,46.23790571304998,-23.99133083148481,21.64353201102084
17548.634917854986,-9.653955070411468,1.7813375729310734,-0.37544031028946834,0.010896785908848256,-0.03612423437084492,-0.018303070742490983,46.215014730438334,-24.01424474639142,21.630754198064555
17548.622366919488,-9.643315004307306,1.7869494817751634,-0.3744393017060518,0.026866241516980686,-0.05218073068441338,-0.014294059530004424,46.2057087352825,-24.010802861001107,21.634993551329654
17548.626161163826,-9.635515361740056,1.7588026422302507,-0.3619108443789949,-0.00010342897352348147,-0.058369339866802185,-0.0025796413354677015,46.2167732068223,-24.00319994552943,21.64561327004339
17548.62331196484,-9.624237931391962,1.7785663392413553,-0.3781380346808303,0.016068243206468658,-0.06418627736208397,0.0026378815771238868,46.197933127622434,-24.002060483591066,21.646616385636708
17548.619471690516,-9.633611760090014,1.7703443371125736,-0.35953130010584733,0.009926946035465282,-0.0348698801067419,-0.001270828825652325,46.22174616449247,-24.00638500766804,21.663609486162382
17548.633343307083,-9.631801823394234,1.7592436843157992,-0.3670859194397763,0.02087572282757013,-0.030409223524505265,-0.0032875990666318506,46.21995528259103,-24.015320879361003,21.64625610599377
17548.622632457358,-9.638752872864181,1.7520392054226142,-0.36541080885006594,0.007030354679304573,-0.03852863793420791,-0.007711635430122408,46.23893851069643,-24.016855721839338,21.642640497546672
17548.624486534027,-9.625753455444965,1.7765263660229378,-0.36626243025408944,-0.0020588988973955433,-0.04798113039395973,-0.013411600138539826,46.219034648797226,-24.02113733224166,21.633295929639807
17548.622871412565,-9.653002257375851,1.7775842475423305,-0.3625529072382741,0.00913227521907966,-0.06179187049317949,0.012200665185572964,46.213640108399396,-24.009899272708697,21.665154300573043
17548.630453894457,-9.626813857434417,1.7609894321267767,-0.3626126577885661,0.018864140671285654,-0.054687548407158094,0.0031367439570466286,46.20312933702844,-23.999008774366366,21.63354595296412
17548.609763560253,-9.648503278052933,1.7764647628509653,-0.36471624586001083,0.0018544610360942612,-0.04770409307282071,-0.001698722420238738,46.21284856052732,-23.988194068831667,21.65503450358449
17548.652032512426,-9.655874625720928,1.769324352434477,-0.36232291969994307,0.013368597684161865,-0.044474314512238114,-0.014404512156549826,46.21460027791487,-24.014676062656715,21.642444952583787
17548.623896105786,-9.636170404519719,1.7640178157483895,-0.3670069554204625,0.00902585661150189,-0.04496978466407922,-0.007403888523534766,46.20831818978524,-24.000663561633374,21.662250422615422
17548.61504245372,-9.64419999326447,1.7587452394974228,-0.3596297809630397,0.0070661563392469704,-0.02972915560857225,-0.003942742337794158,46.202665546849,-24.026757730648896,21.62964453311905
17548.61918837891,-9.629704058654909,1.7756795449714344,-0.3708380465323949,-0.004508583873245481,-0.05628547957484353,-0.008008984911392722,46.21177781461096,-24.01343357016802,21.642016499287422
17548.614323828424,-9.63835601360303,1.7942512830768438,-0.36372875405032745,0.015564192592682984,-0.06126001042487464,-0.009345746329325978,46.21453618994917,-24.02122171671438,21.651365468438836
17548.633698830618,-9.636620854483784,1.7646219045570164,-0.3481576498554765,0.010563063943074531,-0.04320009419642572,-0.008316892797962872,46.21738657315595,-23.981913664257036,21.652605324446544
17548.62441286042,-9.65840710028272,1.7684843882390344,-0.3625116444196189,0.018573674962447276,-0.021252069168090373,0.009052604268728877,46.213281760500315,-24.005404728467564,21.662345051247716
17548.6343925033,-9.627461549582764,1.7705210773870175,-0.39066815436175256,0.017601414214036177,-0.048744782388252125,0.022487966506518485,46.21340308759488,-24.02889330683939,21.65065648182851
17548.617110463783,-9.631029244851515,1.7625760255349152,-0.35424425451693226,0.009482164537565913,-0.02853582626378509,-0.004591371039106708,46.21824941146475,-23.990527000020467,21.651321021426053
17548.619738342728,-9.645355735062667,1.7746547068962606,-0.35945251576811355,0.006809524301118786,-0.04201754442430423,-0.001466182898232758,46.21231649299334,-23.999221590159568,21.626285720536213
17548.620613345753,-9.633158485654505,1.763634631393881,-0.36251666661394444,0.022531429663278875,-0.04987670114310919,0.0011707838619279018,46.21490084035005,-24.0123365843328,21.657191885524153
17548.623965300732,-9.631674620861055,1.7699517699311276,-0.34552689887483645,0.009471291214839452,-0.039811938289906486,-0.0064195329175841045,46.20969244269488,-24.00054907666402,21.652950600845703
17548.606464799454,-9.640482341349625,1.7748530877220363,-0.3557668951605457,-0.0003808985931641803,-0.06433603921460229,-0.010580432619518713,46.222619152258424,-23.992139219896064,21.65405588732906
17548.636386929724,-9.656295878548104,1.779966216560619,-0.3561175893779872,0.022238330485796924,-0.039261192645404966,0.0030801789633234005,46.22089900018442,-24.003316923612694,21.653983493649715
17548.60765544771,-9.631613832447321,1.763579557456004,-0.35442976576684254,0.02522928539052173,-0.022009357431112396,-0.002691768001422682,46.204579673370546,-24.000581635188947,21.642723715699102
17548.62685241117,-9.65440911855817,1.761604435940738,-0.36820223477380437,0.031051636344942873,-0.03379615564867383,0.013961397816298172,46.222680172148415,-24.02208227944141,21.648891221924153
17548.643998162603,-9.646346717637542,1.7855281094600906,-0.3672305998725639,0.0016659898060085651,-0.05180411997702118,-0.00514153455497572,46.20226998051148,-23.99107908579487,21.64819134595155
17548.615628655367,-9.62995039965802,1.7733353412097397,-0.3642410218092715,0.012085409701181066,-0.042424227169018086,-0.0026682371923832837,46.225692308568696,-23.998687716259457,21.65494318415088
17548.610341796855,-9.634139570202121,1.7722710031337123,-0.36155779837640056,0.027435007698276326,-0.030933994429013602,0.023302189250826482,46.22274722809247,-23.98113823356573,21.639819148261576
17548.615317877422,-9.63400707620387,1.77174388815501,-0.3789855970892262,0.0023248403199853263,-0.03755650044270877,0.01594067184834191,46.22343547813875,-24.013486644780414,21.63966681148124
17548.631744636015,-9.626653686151279,1.7653977210401897,-0.37161649547123715,0.02290621319783888,-0.05659461998000978,-0.010251339528472759,46.20831689274359,-24.017032524064625,21.658754974134872
17548.630241562285,-9.652807801492948,1.778874674893632,-0.3459539760019457,0.005906764051807016,-0.04659238181756693,0.007553239610461476,46.21864454065129,-23.993145204991716,21.645612511583064
17548.6073046962,-9.651828591150633,1.7638409151581969,-0.3538262943126176,-0.0010260045246810508,-0.03186843132016627,-0.0013188010291086357,46.22162960761155,-23.99169920911827,21.650944445759507
17548.62718168813,-9.616811930195393,1.7649930483940117,-0.3553382602152508,-0.010192049149455677,-0.041325657649187914,0.0037509691811799285,46.232737623403715,-24.009506127544615,21.656487635676385
17548.624775057222,-9.616862791165879,1.7708268649602583,-0.3669046372653662,0.004559170131415957,-0.05902792707037952,-0.01193408966348083,46.23264966979954,-24.012716920365687,21.644267465271454
17548.63167479816,-9.629621466957142,1.7659972559174388,-0.3434163983285068,0.023200200397427893,-0.04106473091180948,0.00896963385876581,46.20257943900343,-23.9951386229114,21.634788232197288
17548.62944368842,-9.621589670580281,1.7689779083732307,-0.34339475324570323,0.02071075030887104,-0.05382573439517685,0.0017629323940459955,46.22164038438195,-24.016403141173093,21.652526406797357
17548.623320283183,-9.65103651062635,1.746856514035741,-0.3630756299462994,0.008468998760255916,-0.052140271609335175,-0.00970513809882629,46.21038140613531,-24.006800710635666,21.646982304191244
17548.613806208603,-9.639642310547208,1.7771250302224775,-0.36535601988060423,0.010010098802630329,-0.04616058168456928,0.00909337804772617,46.21520552834186,-24.002774121748192,21.64419664231266
17548.633332351452,-9.63538710797346,1.7787401565724261,-0.37744457627052114,0.023120737031859358,-0.05647778790558862,-0.008143855518872265,46.22015855069614,-24.01170567897813,21.648656396459167
17548.627589467393,-9.64624210991756,1.781253349238782,-0.3589826224756054,0.012205500393771235,-0.033333352058025525,-0.011781706809015503,46.215874760079195,-24.003394721175187,21.656633369679913
17548.59623630081,-9.651187513664228,1.762178516446211,-0.3546210295933402,0.0013032277802653772,-0.035365215431334904,-0.005283872562550538,46.22154902968897,-24.0038326055032,21.651887263489048
17548.624796295382,-9.64584243230039,1.7665026293350006,-0.35942062017528953,0.013946799157496591,-0.03955509368884923,-0.0016077593958526643,46.21585882532854,-23.994917688214834,21.63848451826742
17548.634268231486,-9.63838297872977,1.7725170463503053,-0.35701246111698043,-0.014195829174272137,-0.045120378633650884,0.002734756092937304,46.20568918068096,-24.01197844276811,21.655551218010118
17548.630819932732,-9.652398442102315,1.771147701075607,-0.3606728981822602,0.018672193987150216,-0.04101579750681216,-0.0021104918335228106,46.22435035952516,-24.010203268177957,21.658728300586095
17548.626823280556,-9.631657514710609,1.761863920118503,-0.34663832536839734,0.01698753363917724,-0.04435194580122707,0.009442609115691059,46.20840599585138,-23.99980638622932,21.633675512099686
17548.621009030023,-9.638471314383985,1.7711308240039334,-0.35536296864681133,0.0051470977147092005,-0.056558107529342955,-0.001585710151022015,46.21738788671745,-24.006059831273394,21.658414561571963
17548.633892510305,-9.626635386684471,1.7639134771306133,-0.37270524503804864,0.0195498386891609,-0.019674387628680606,-0.006961526640594192,46.214496133406726,-24.00444309535963,21.632299467796596
17548.633176605148,-9.627280849345112,1.7503205879796973,-0.36766993567927814,0.01388568270606142,-0.05164344421542374,0.003215301591317542,46.214835321057066,-24.008865496444624,21.64536773234864
17548.634712455663,-9.621203188023967,1.7728673523714518,-0.36361828994648826,0.017419746732792167,-0.03330929027554278,-0.005793185669235767,46.21116206161736,-24.009799843733816,21.647423418241274
17548.639760983096,-9.645099550489158,1.7698794819676364,-0.3467783955386547,0.025167979160589292,-0.03203390147160445,-0.0049387591356503825,46.21305399601004,-23.993616590529683,21.645398274215143
17548.632005900858,-9.634461651000928,1.7678707649578282,-0.3579595650822711,0.02680671133011755,-0.016178924544623736,-0.006863307183328117,46.21074182279562,-24.018562407763024,21.656501026184465
17548.614838842088,-9.638670952754321,1.7771613102758297,-0.351040956157191,0.011199604319863544,-0.0367342768626764,-0.010622466757115721,46.20801013740263,-24.010710376515,21.6585841211348
17548.61352884865,-9.631999833542789,1.76550697057728,-0.3600238809150943,0.013416925775425517,-0.04326945587707302,0.0002437897282771221,46.21350961395356,-24.017992498724123,21.652404280489154
17548.5970044108,-9.632620237101703,1.7511844156992813,-0.3629111379904486,0.009590179097789522,-0.04387127457333122,0.017215057200611852,46.21136011461022,-24.00937844224573,21.655578300519142
17548.629212890988,-9.637744339044415,1.764353602964445,-0.37238916394335325,0.0027906255527471984,-0.03261601843395677,0.00714450255373289,46.22719162580253,-24.00914888571751,21.627932006014923
17548.61138895563,-9.629992941958877,1.7592121957617015,-0.3636209027156967,0.019877415760478044,-0.059041496074984594,-0.002116796201994561,46.19363165746808,-23.999843094944,21.642116991171847
17548.610378919584,-9.642334899046707,1.7540623560771251,-0.3634461267710275,-0.006186014160204029,-0.030774296252751552,-0.010203774784222821,46.21005486586566,-24.01645869026562,21.65625457888552
17548.626056872767,-9.638167020078013,1.7670574053040489,-0.36723586417066584,0.009003741896900527,-0.035578849035464793,0.027747335061524308,46.220665142044275,-23.998169168795723,21.64775103520604
17548.63982182728,-9.640458969437764,1.7643984207107186,-0.37099605491120563,0.014031061644101698,-0.025579687128415764,-0.0007789790625938862,46.23194793557994,-23.992836993659132,21.657246283214537
17548.61499230277,-9.632205436040937,1.7692258994938406,-0.3605417197613545,0.0006436609915271702,-0.05581772296621242,0.008663786954152347,46.20531175456664,-24.001716165685902,21.655794848177443
17548.61275691595,-9.649286716884594,1.7778738378224854,-0.3628300146920004,0.013808525721154244,-0.04630784984995209,-0.0034032291279266526,46.225005588246276,-24.009290011922502,21.64291061390662
17548.634618949152,-9.651108117369045,1.7709044779664902,-0.3567053924838435,0.02140531968685248,-0.040974880869404526,0.005545913661492683,46.22797542289696,-23.996099125019615,21.660864553417724
17548.633935286154,-9.642495341220616,1.7557123240977115,-0.36048425494216796,0.006142703441455894,-0.04103694505173545,-0.014798262806536762,46.22100862020619,-24.01678043119248,21.65620659789089
17548.64022595804,-9.607335603066891,1.76962881747555,-0.34029522153828734,0.023125954065584764,-0.03475937486355717,-0.004609726231147938,46.21608387887464,-24.01980403385555,21.643889531928753
17548.620741317944,-9.627039634681635,1.774558605289029,-0.3643321665782825,0.012595096772869607,-0.051350860557579245,-0.008792005897857951,46.206408846003306,-23.99291905081668,21.63602091064803
17548.62373962586,-9.635068675489912,1.7829459369480327,-0.37701467880012435,0.020021197134646364,-0.03660386620187492,-0.005799908019604125,46.217585820170875,-24.01646197107987,21.65456858431925
17548.628297374875,-9.614573977816061,1.7501974299501162,-0.36254339005870095,0.014298074784805555,-0.02802506099243097,0.00031633865388462114,46.215183522027154,-23.99873740680476,21.62655692344464
17548.64338347162,-9.650820236487823,1.7536249843206149,-0.3583135200513422,0.00824691896450641,-0.03263727683139018,0.0009491559753176701,46.2282180726516,-23.99423909464654,21.64570118669472
17548.63464810978,-9.644674130469951,1.7634321037982716,-0.3611599240834767,0.014275486124254382,-0.05198360263534042,-0.03189781475473999,46.2166304859178,-24.00516133782403,21.65737832031001
17548.62903710808,-9.635412397862648,1.760973303865642,-0.3481203538667605,0.013385939946454534,-0.051914453231434426,-0.00405762809670716,46.194738975037566,-24.003612878288088,21.648188813891036
17548.624863763343,-9.627049475434097,1.742250400181135,-0.3653734387569877,0.029889913930719686,-0.033878826401304005,0.0194336757891609,46.20673090013469,-23.999803636006067,21.636389565822622
17548.63101599527,-9.632279452959635,1.785485717383957,-0.37186105731607955,0.0002801378019361544,-0.046134568922338984,-0.027216049054482685,46.207205608111444,-24.026499729800285,21.646047919298883
17548.63852992201,-9.653185714256555,1.7871722031384751,-0.3555801905124119,0.02347996487171114,-0.03337659988474113,-0.013368519629716644,46.210336169870395,-24.00251709071146,21.64854315017097
17548.62277624576,-9.638521391660982,1.7737411296953647,-0.36008992653594313,0.0074945876661382076,-0.05198182598430156,-0.004519473534104031,46.217123216451476,-24.01675625612393,21.642566159404957
17548.610833325303,-9.64977939750188,1.7785689307585086,-0.3685384675113962,0.008505851652033507,-0.04854259658414486,0.011463087815136499,46.208451925350815,-24.00473380699617,21.61751728494189
17548.626999761193,-9.6385348571413,1.7507271596913399,-0.37739774202193405,0.0183589196627402,-0.05435945900399048,-0.005074227324709357,46.21200709752769,-24.023575004219897,21.636098139059236
17548.629215796827,-9.637913327365016,1.7601445866776824,-0.34844343905701386,0.007317004617696319,-0.0497624681372731,0.00013458646162042582,46.20028154656655,-23.99367990775074,21.66991669385673
17548.626227594683,-9.620056558049662,1.792824707531435,-0.3648880599220965,0.005810958924774078,-0.04712807377076146,-0.012070390539343761,46.22349391623467,-24.009155411498888,21.64666247071028
17548.614726222873,-9.620070579877382,1.7570667450176465,-0.3701856909234258,-0.005124579278126684,-0.04980788550439052,0.007422697093872534,46.22803636632777,-24.0059518328786,21.652663335977465
17548.62270325436,-9.625501667781638,1.7727385031030654,-0.37195359220913204,-0.0008846991480733236,-0.04591490344538942,-0.009591729766395432,46.226607693744015,-24.004361223902634,21.647430698639443
17548.616783745263,-9.634272002856694,1.742335168492115,-0.3658552893808976,0.016698709912841985,-0.06605503367358023,-0.012716007008127259,46.196194251982654,-24.004624584875998,21.65085388127478
17548.628504638007,-9.63863853805064,1.7775577824381026,-0.33785049810025924,0.01458267771219806,-0.03526523396084138,0.007430440451851218,46.19371364395154,-24.01157325517365,21.639631387846837
17548.61501157545,-9.651367139712567,1.7592122082257655,-0.3585496068340261,0.03104742741800457,-0.04601274985274141,0.005385359919997729,46.211226396028444,-24.000522336429682,21.64390875372418
17548.609512946812,-9.655318394747537,1.7671582121626648,-0.35588372625295844,0.0026764274524278334,-0.03388309076731404,-0.00535468047616521,46.21592364378459,-24.006774755054956,21.63461593424163
17548.622882293406,-9.64005642632556,1.7584951993859155,-0.34743764785861203,0.0021737520112387436,-0.05074383780168101,-0.002116346704877182,46.21146732004486,-23.98473706744804,21.65909313721499
17548.62442696006,-9.623670484856108,1.7615592484615914,-0.33538859870752497,0.018617786015993863,-0.024862993860760515,0.004978932547202667,46.23546265410092,-24.014404433813617,21.648461930519844
17548.637276186088,-9.633554897835904,1.7767432740326998,-0.36489805078298665,0.0065242810261430745,-0.049298847004206246,-0.016502984419638784,46.209004956528325,-24.005402003046395,21.673429507916516
17548.61067856278,-9.618360169529247,1.7767104709102297,-0.3595663986624829,-0.006657519674335354,-0.03796400478797607,0.004956014386064166,46.21347462164543,-24.01330608726801,21.645199369821967
17548.613362256754,-9.63776388135648,1.7574674529605154,-0.35221351929860967,0.04041295817174366,-0.04367206524667743,-0.010438724690925619,46.21457374649132,-23.996893651993734,21.658147108306014
17548.62631561857,-9.646475308242705,1.7753628244584387,-0.34604376395368164,0.004795304399160717,-0.03820108266461635,-0.014172460456274988,46.22300984030366,-23.99032983871755,21.64475970270463
17548.621227887965,-9.626713780520982,1.762713069709582,-0.3584196642732348,0.02582570633607981,-0.029654276348206086,0.0005238323249591396,46.21895027217166,-23.999451780167227,21.657025614835295
17548.627756317088,-9.627573982826217,1.7705726893988227,-0.3680004572846197,0.005297803356574101,-0.040709854669327396,0.014232170817432523,46.208800373867,-24.00557711390295,21.639610900388707
17548.63036727197,-9.63503365995117,1.7551399009358744,-0.34610575899386553,0.01354253947117491,-0.05873466707670577,0.011395542248410346,46.20846410857637,-24.003025472549197,21.634948997371993
17548.637304596396,-9.635143835111208,1.7654034064878723,-0.3844071410102677,0.0178865101650901,-0.05336250981431461,-0.008137876118746192,46.21442848870897,-24.00679549121659,21.648017907211692
17548.613994968116,-9.64754682362953,1.7625819464790067,-0.35847870682623223,0.014971006833880439,-0.042518274394930784,0.003971374150171937,46.204316453020446,-24.013418593218073,21.64305386718307
17548.63290932847,-9.647513806449442,1.7596195186486083,-0.3642248884965366,0.013111701659979286,-0.0418943622270453,-0.00499818287444943,46.232437277445406,-24.010460935706025,21.668992953879968
17548.62560527209,-9.623131662617565,1.7486972622844337,-0.3620432560297207,0.004029013095714138,-0.05070603724961159,-0.01147380085386967,46.2110480179264,-24.007541825556835,21.63141174827855
17548.621395254213,-9.643679428773838,1.7722025167244955,-0.35719628518989677,0.012940773665148798,-0.03552769193829731,-0.003416007068990311,46.22328494127579,-24.023550911136592,21.654673571046985
17548.625343551976,-9.635350367116438,1.7624111434713412,-0.3455708571735316,0.02840548939510236,-0.03863949548602598,-0.0008980704629320492,46.22346558703809,-24.014238465467386,21.651978668157486
17548.6265560293,-9.64075604066293,1.768295499830635,-0.35621559327249863,0.003649685303615013,-0.056224431705119426,-0.02106956498639716,46.219225028148344,-24.0069915622342,21.65084575979437
17548.6239162382,-9.63173882920331,1.7588588491680763,-0.35484581387801795,0.00801188898427627,-0.052830880783254784,0.0027971110812599837,46.224349354293025,-24.003727487897695,21.648716302405116
17548.629610482425,-9.612987551118545,1.769999834545239,-0.3653707566647756,0.02626388497510254,-0.03846409946011262,-0.00206764864638745,46.21677488441704,-23.989573440420823,21.65022739223661
17548.61269338847,-9.638384067590419,1.766601353935828,-0.37261507617617784,0.004856475319685823,-0.034735290039937194,-0.008225142736936444,46.202388077735435,-24.00470752944183,21.658606673077074
17548.617093414632,-9.649888728975888,1.7556518437267528,-0.37177386982514765,0.019591027286153015,-0.03701562918939775,-0.009133480561493762,46.22916444643068,-24.00678485196094,21.64359908249168
17548.60804795126,-9.629782066953837,1.7619554817931882,-0.3677631323689938,0.020074417349245872,-0.02290677197986112,-0.005033097823988154,46.203913645371394,-24.00304826694694,21.64613119474992
17548.619426271387,-9.65820157017885,1.773535827811788,-0.3432971574401834,0.01098177389548142,-0.04402189460641717,0.0029894026278111854,46.21502636810361,-24.00615584398763,21.646866276903268
17548.609357125923,-9.631500657175021,1.7689662976298448,-0.36603572637695514,0.005789190993505992,-0.057099860468824926,-0.007824611999865436,46.20793847696514,-24.017791257266694,21.647745911010087
17548.621933916784,-9.633734624870458,1.7561971566389187,-0.34840214167245553,-0.0007584502282988858,-0.05516655830766401,0.004320053692599402,46.212528515693144,-23.99618863318709,21.646763742979648
17548.620658977557,-9.646310663135015,1.7450958375685064,-0.36876764947397916,0.02529145565718543,-0.03632688681616537,0.0011404060300688004,46.227700004093535,-24.00113679261052,21.643178665451277
17548.61920848427,-9.638730502762611,1.7726849214005305,-0.3771260933555425,0.002126322656521141,-0.046520421320378244,-0.017696802427529263,46.22065435038351,-24.011253849670556,21.658717529159397
17548.614492567875,-9.637809745825916,1.7672107947807996,-0.3706492462126662,0.023870348142006535,-0.04249549688868255,-0.00039048495636319217,46.209123828506314,-23.994114432318742,21.645425791767355
17548.628129191893,-9.631221261848044,1.768026089173028,-0.3505174847040653,0.016156283018267083,-0.02966881847375602,-0.0012786590274996967,46.210446963379205,-23.988146658225578,21.652628736794835
17548.613663188626,-9.64682265926851,1.7499006687224261,-0.35993835255213696,0.0024372804264397134,-0.03530477136216713,-0.007283927075231432,46.20722578895479,-24.00580882292974,21.654883513900714
17548.621903824438,-9.647325361763565,1.7725778338229896,-0.3614462616072305,0.0014019953105287274,-0.024429137844495963,-0.006851753101096484,46.238945836499525,-23.982846035495562,21.66148951748632
17548.624337797908,-9.631169492069155,1.7633985184624452,-0.3586706981042795,0.01066510270939831,-0.04509585566777042,0.0003195475343082464,46.209103393465966,-23.993918871705905,21.643400429760845
17548.6141873113,-9.647371481264907,1.7633280978971073,-0.3491891136449918,0.00022765440550726913,-0.03948790368107014,0.012055493726524496,46.214398298776736,-24.015852166204883,21.649044494847313
17548.630694511576,-9.63913967236931,1.782130573821838,-0.3618563402616009,0.004797674884878637,-0.04727892122028915,0.005616264298248858,46.2206938997546,-24.028353600564937,21.6518183440979
17548.634082031505,-9.627350847036514,1.776902499709918,-0.36682547193937654,3.561245206628455e-06,-0.04293282528482273,0.018246716571639586,46.199432546816645,-24.00028603777136,21.651234941975822
17548.61795014859,-9.63706313479381,1.7493531037790384,-0.3516828510773773,0.014115954617755978,-0.05290586495283246,0.010342385157868632,46.22177738295977,-24.016406666313152,21.656584311657742
17548.61760178946,-9.640230822282028,1.7850972693190579,-0.34621207497001016,0.01223731868948876,-0.029103523315042235,0.00128226200245203,46.21496213640011,-24.01268739367239,21.647642107594315
17548.63960194603,-9.643203708300685,1.7755660350155316,-0.3591197699843495,0.011803371551645953,-0.054328130204632744,0.002845308667184066,46.2143431504598,-23.994896955111855,21.635803316234732
17548.620063640246,-9.629729585321172,1.7797809893321612,-0.3580989377686087,0.014192677557449863,-0.03290003190445644,0.0006648208633814041,46.209999364759156,-23.97914127086394,21.652113724175
17548.60477103818,-9.635340375433575,1.772629960847147,-0.3625248386515892,0.015472728770563679,-0.051341896023883594,-0.00574714868839663,46.22377494570147,-24.00039823784388,21.66672412965343
17548.6386101857,-9.6489936405655,1.77276318929442,-0.3645029281368597,0.006450584485646007,-0.06620671136403788,-0.00398608792607528,46.20423864525331,-24.0022666189209,21.637244160641426
17548.615729900343,-9.62899291813153,1.7711205783705812,-0.3571414218846048,0.005692891429016681,-0.036909237854827796,-0.0010886408086922235,46.219245461672685,-24.002138119706462,21.65427892176303
17548.627669442863,-9.642025261972917,1.7598425632956096,-0.38537092889999025,0.021744207248443007,-0.05014475147264624,-0.013666967522247464,46.23200669334472,-24.014026797243485,21.634905388871925
17548.605455249526,-9.639082514698488,1.776349912122316,-0.34603005063274955,-0.003333015182975071,-0.04866100469578731,-0.016000383924379972,46.22611271433643,-24.0033642437974,21.621019425577256
17548.619319804446,-9.646395752254588,1.7459760845848202,-0.3708167536476159,0.013706075529240035,-0.059535770720877956,-0.007846134256389125,46.231715214838104,-24.01446740468487,21.663544502758437
17548.638870324685,-9.635077469793591,1.7802279395683684,-0.371860578836581,0.03251919964754595,-0.06031963367192256,0.015736169567789178,46.2260549099498,-24.00497799971837,21.659739839149733
17548.637799918124,-9.610339705485398,1.7664009351560064,-0.35544051669002963,0.0029678797261099045,-0.059968541540884504,-0.006802748501100877,46.194142338863934,-24.00283806730162,21.637665259003228
17548.630898297848,-9.639278956331237,1.7594820440167076,-0.350822687492741,0.03344497090744066,-0.03396785403427979,0.013205692478971362,46.217914946096315,-23.99699410512949,21.6485426810189
17548.644815989355,-9.638728900197831,1.768606739630363,-0.34375252600723344,-0.004238960596242592,-0.0460557516883746,-0.005529903395224343,46.20651531669288,-24.00342665935702,21.657296825521325
17548.628867441716,-9.623542718056727,1.7618867720399674,-0.35253934913505347,-0.0018399457170689918,-0.0514818080218252,-0.02322308589815355,46.23395504003367,-24.01239936897724,21.656631444561086
17548.61966889118,-9.636201541888514,1.7636524442221104,-0.35181366416130017,-0.0032140015574924873,-0.03572426178769604,0.00617057419562559,46.21547614844763,-23.991817903373523,21.661493911205426
17548.6291455552,-9.638012459619423,1.7638609112818895,-0.35782143674069355,0.006915259633760575,-0.04908970493526694,0.01451560736685932,46.201919487550306,-24.015964094118004,21.627861969768844
17548.626947911685,-9.636300711074263,1.7850416397956943,-0.36033065955231414,0.004879613591419748,-0.050495011589808556,-0.0016158769532481315,46.20326786060242,-24.01029178651816,21.650889464102665
17548.612458019987,-9.649726997330912,1.7671998443527124,-0.35065178510607464,0.020113634205930094,-0.046193415514,0.006385344967318305,46.20923689054105,-23.994898870206033,21.639347601764474
17548.636152260886,-9.627646916753415,1.774977981529604,-0.3525219975565649,0.007509634793841303,-0.046333013972716386,-0.0009472817699513736,46.227303994102094,-23.990957065632017,21.646536451908077
17548.62633209765,-9.631131990046192,1.7708147550991529,-0.3786225701931091,0.023199450551563534,-0.05449132588287489,-0.002524650079470758,46.22261712803186,-23.999535709898755,21.648512011798456
17548.639432234042,-9.629119958383196,1.7780043484843864,-0.3672042535019232,0.0015075491130637567,-0.04467914385587786,0.012790039216285859,46.21996101086764,-24.013477374895217,21.649951705734537
17548.62393333378,-9.627831507106947,1.7537801775968183,-0.375706393106307,0.014925275321458764,-0.051654304999899064,-0.013103431276767864,46.22013945245734,-24.018585935219704,21.658660755449326
17548.62323833248,-9.638660523979116,1.7696029653563023,-0.37819199988896457,0.02824169158298266,-0.034367758073370336,-0.013923350699196792,46.2201590278854,-23.986325348213395,21.659454361338614
17548.61738529707,-9.644116945853458,1.7702797877953123,-0.3524784063675785,0.004041767308498787,-0.03196882294954928,0.01479203370085596,46.21847199506291,-23.999007955748944,21.62744983170198
17548.631748631396,-9.642490023593885,1.754202469656275,-0.3690674238915194,0.01721469262070306,-0.05267508526888502,-0.0015132603658755918,46.22532288522828,-24.006147603917558,21.661075957765895
17548.640845944617,-9.648874802747692,1.7650248903215002,-0.3599045041778424,-0.0010159379747457543,-0.044394252825209965,0.005364123498890617,46.2304089856045,-23.997878207505515,21.646641637947777
17548.61614670268,-9.63558387941853,1.7675383498102628,-0.3631668553423419,0.020092596218644992,-0.03638468835926206,0.004459614024166485,46.22667692366312,-24.013474969555535,21.640454592555376
17548.61868757648,-9.610557537336566,1.7762174605410084,-0.36221102160097024,0.003526767441115384,-0.037916093570649546,0.008230438198776776,46.20989125974348,-23.99090907161283,21.653150770269722
17548.616831852472,-9.636979618888743,1.770858191680647,-0.3870997354488674,-0.00016820364794318393,-0.03936595113830208,-0.018358169791864932,46.203097855135724,-24.009893571988048,21.637450931894843
17548.60907114607,-9.65764080070193,1.7724812487103812,-0.3694014703360444,0.0017884119023068076,-0.047180429855352576,-0.009830293634119565,46.21804740681616,-24.00197574772738,21.646564668954582
17548.591713950846,-9.635074004683782,1.766595000281487,-0.3660398139261908,0.0050418591285126884,-0.05763960489517797,-0.011880059352030532,46.209518988898175,-23.996499743049686,21.65380491966671
17548.61953958393,-9.630581621688995,1.7630710290985654,-0.3648460199206635,0.02398260808615378,-0.0515504663468586,-0.010638645461947175,46.18989130031772,-23.989540466485302,21.632521879161896
17548.63407599938,-9.634209540384031,1.7772327301579325,-0.368591442633775,0.01221974579752024,-0.05545155641621265,-0.0195617864524384,46.206927663585255,-23.9932921834895,21.65174074651138
17548.63497325615,-9.633931248920844,1.7656540213052332,-0.3694840299001816,0.02264131123573592,-0.05266534411688498,-0.005934793644390568,46.218971092256076,-24.009335710919164,21.642577368432992
17548.63082536793,-9.640240557690138,1.7721987671714574,-0.36322081182447735,0.022170635658370054,-0.03909302517915497,-0.00758139687704844,46.23423626120827,-24.018229181495343,21.633976787396808
17548.637242403984,-9.653097125507177,1.7622636510056662,-0.36291760225224806,0.01637194725850371,-0.06914467569813396,0.006683010291010639,46.21947909833829,-23.996334338729056,21.648283501533353
17548.622510875914,-9.639034037610836,1.7677063535663042,-0.36352548630898884,0.025339750499866847,-0.0536771017102187,-0.0033110186631929634,46.202454036064665,-23.994598329715608,21.643271455052485
17548.62471169564,-9.617990279208579,1.7737953594124767,-0.3629973581166378,-0.012147288305662881,-0.04038764936044536,-0.0008436236615744126,46.20604962493069,-23.99887420808593,21.651546791199966
17548.62596153731,-9.634452130235497,1.7598966987356999,-0.3714421148461446,0.004667474633541185,-0.03279936273530774,-0.02073613321129018,46.229830727679534,-23.998296834310448,21.644381339495244
17548.62628653669,-9.664278774188036,1.7554390672273252,-0.3589169925198771,0.0222379575616918,-0.043343327137894565,-0.009196746652088576,46.222664680716264,-24.001701668669778,21.636489965189206
17548.629521762825,-9.64458821637247,1.7622669389060108,-0.3544281820160824,0.009755737543035357,-0.040715561088818734,-0.008471973999046048,46.229374986342876,-23.979579267588058,21.648626869573743
18038.989888357966,0.6346006142347445,-0.41923265253733777,9.879074876126552,0.022449059097108752,-0.04405248937104091,-0.017658066982232993,29.842035326803583,-23.188938757996997,-49.59066226780671
18039.00260053911,0.6148424486274192,-0.4110359371193807,9.881400888276085,0.014337367567106856,-0.04480167912842578,-0.017931408254119322,29.839522842954256,-23.19124110038685,-49.576689692416565
18038.96876904103,0.6185608587596428,-0.4170951716205625,9.874694674707776,0.018524172884493484,-0.04668390997244709,-0.0006023826913631597,29.844341046461114,-23.192304464543287,-49.57326570710705
18038.97591597364,0.6349512882324524,-0.4197180073539051,9.876275959692457,0.00987641221483957,-0.06232544965303364,-0.010974096349235305,29.845354110717096,-23.20437158991453,-49.565789876319066
18038.979128967952,0.6317933041960981,-0.3883669807758805,9.897544179899738,0.015049803770511459,-0.04184855487147304,0.0009160596795528672,29.832071958830774,-23.162284921713102,-49.57148793459907
18038.939316730808,0.6402771174059043,-0.40843004980964964,9.889353922408159,0.005751096444717945,-0.05054680616678766,-0.0014939984958373888,29.823243132000187,-23.198066237541298,-49.57475320159884
18038.982824825292,0.6322899594745418,-0.4014954542110694,9.903314288494293,0.023116555878412333,-0.039346226802135384,0.013243946305712921,29.84448803783002,-23.18343854529788,-49.577159181549405
18038.96925947263,0.6188155480981352,-0.4129954504966717,9.872151396195433,0.010563308759149539,-0.05673495058321714,0.001328889497014274,29.848210470567214,-23.17681419687455,-49.56536794012423
18038.971425207,0.628017880431124,-0.39441837956959314,9.905411176763305,0.007514046304721682,-0.04493855548347698,0.00475003848504252,29.831046138017477,-23.19100077062607,-49.56156113370327
18038.98314517345,0.6300737782217698,-0.40224824582614643,9.882979267562703,0.005425875238809176,-0.04635008195770633,-0.01471693135903136,29.854891928089742,-23.193291069084296,-49.578262168735336
18038.98573747864,0.624221057702665,-0.40605219444279256,9.886221362085696,-0.002733359878835634,-0.05963672334191417,-0.013826207350130622,29.840384465372203,-23.19531043174117,-49.56679114124242
18038.96448848443,0.6364235536555759,-0.4175950070975978,9.879624639728307,0.004387117555811752,-0.050061842341981105,0.018173793690791543,29.85553277749302,-23.192474660403423,-49.56713239247619
18038.965021757667,0.6501420581212634,-0.4071777769317229,9.889273587386795,-0.002393508146077356,-0.05765360726581506,-0.00578788871710249,29.834851473473922,-23.180786313081107,-49.59008180233134
18038.97455745969,0.6242499482912212,-0.41371306017413695,9.868259830906666,-0.010762768820885102,-0.06100148610344479,0.013570863226761343,29.83571951894194,-23.18149939738818,-49.58409739870948
18038.950587981974,0.6162778002785508,-0.4107959844353514,9.881310736746078,0.02602055988461035,-0.05264870520191304,-0.013240687355071437,29.834673126469667,-23.189149412016587,-49.56337606134564
18038.964860974324,0.6432217188033872,-0.40087485387929367,9.871426868137682,0.013140021278682619,-0.04646535506714621,-0.01359497112108072,29.839306097674072,-23.195336807437727,-49.5726216248285
18038.96544377968,0.6370954985895702,-0.3968481685818201,9.887760681026467,0.016278159689723928,-0.04842782430953273,0.014155280645283406,29.83266289872767,-23.17708045454801,-49.58039781101555
18038.969953853342,0.6402632536447947,-0.40630333912846506,9.881436484535252,-0.0003174822814681604,-0.04434044029655505,-0.002146684070167069,29.839277071773093,-23.191133798095393,-49.587151815445694
18038.96483815521,0.6332306589408192,-0.40513137250603404,9.87700009405173,0.0015803383176266079,-0.051160154860643535,0.0019967575339289037,29.854090223202526,-23.18752401468055,-49.56900240639326
18038.97256678991,0.6443741946354432,-0.397337786794165,9.892044346509348,-0.002721128163383265,-0.05683906801756966,0.011922699976059116,29.86487220443253,-23.209675528890582,-49.559789371843486
18038.982010095635,0.6347329367351342,-0.4250562525157805,9.869061799119875,-0.0012116072389319402,-0.048208409328783564,-0.010657036347882502,29.845774686360276,-23.182514643310853,-49.55509722223858
18038.95679895118,0.6321869784901344,-0.4089203017290704,9.853636897904357,0.004622263550370892,-0.06094064672994075,-0.015766793516938913,29.8383662327425,-23.180188475921906,-49.57139795744361
18038.970857256445,0.6251413050632615,-0.4180049191612246,9.884892900763356,-0.004882333294995321,-0.03362595230791872,0.005256315562937033,29.84381269605717,-23.178909251410648,-49.58362975509041
18038.97022638887,0.6348302916245872,-0.39938380630535586,9.890833757159763,0.002689264376265651,-0.06040171252438024,0.004242289458572358,29.83487468662849,-23.208449100445545,-49.56272897865524
18038.96887252121,0.6378941671336291,-0.40665000247066757,9.880483108490466,0.014281984539508512,-0.04953342149038471,0.01472030517135696,29.841725035152116,-23.182502745876835,-49.57940353864916
18038.965699849898,0.6396437820867857,-0.39946710611586894,9.888321306789894,0.00958352604665923,-0.05827367633419191,0.02194800689432125,29.85111703748938,-23.20022422204814,-49.58367430901214
18038.953781737906,0.6415823724426365,-0.39478155847691243,9.867767411161372,0.0030000861988413677,-0.04895960313510612,0.0324336361803667,29.843074444147963,-23.18238740087119,-49.5977828472437
18039.000212528066,0.6445714594991229,-0.40841691779922973,9.898551600355637,0.009168792391921211,-0.0380784552435617,-0.002853753966397095,29.8482915357866,-23.202266214754612,-49.55768704376567
18038.963875923437,0.6305805434464382,-0.3870112749008554,9.888630097667091,0.027078020944931686,-0.03939520216158863,-0.020249981266609263,29.85060892494055,-23.200791882834444,-49.57429962337246
18039.00215041184,0.6223650230770069,-0.4096999919224073,9.866676171145686,0.009736358286721907,-0.034335980841237734,0.0015151878500070583,29.84157542713247,-23.19112915814254,-49.561033159088836
18038.964382733615,0.6368826226811407,-0.4024589112458008,9.877865326074666,-0.011975195277486594,-0.05309567015512948,0.019531390904406337,29.853861767585716,-23.187168206709558,-49.56353913124432
18038.973500391763,0.6324316599897291,-0.3951027298021154,9.88407562800183,0.008986031843776474,-0.04933812713251568,0.009160595143733082,29.842426505627284,-23.183155123124763,-49.57208011686634
18038.958820771855,0.6231825906847448,-0.40138103500584604,9.889164731513823,0.009841152086540768,-0.028336387636060202,-0.002067854454606593,29.847230972607928,-23.194911367086615,-49.56137701829966
18038.978482001734,0.630528095005333,-0.40414560963948637,9.876126645878918,0.00921324984227521,-0.03892973875322075,-0.007169351142031988,29.864835138380972,-23.19575634224956,-49.58859587123595
18038.96830716019,0.6274307667471256,-0.40110547370602556,9.876284057939182,0.015572245820163299,-0.04954015827663685,0.005156702689765185,29.84236720269205,-23.213493418100118,-49.57221575571142
18038.992360921802,0.6296872363474231,-0.422961838648923,9.86398888659809,0.018077126731641573,-0.061425122222593095,0.008127482301977148,29.83348287040494,-23.187694238706346,-49.58194391388478
18038.99426645562,0.616472927845499,-0.428959522113344,9.875052241539475,0.0163170613952843,-0.06966218085857968,-0.008493180303659514,29.843026527791018,-23.191235651236465,-49.559271996694925
18038.97066927475,0.6169638787389096,-0.4279121883044594,9.8895646610666,0.011014507560461555,-0.059335380814374616,-0.03657233510173184,29.842795454322466,-23.20233127048287,-49.57507798502969
18038.956861971714,0.6373205415394515,-0.4143140893611147,9.882653108883114,-0.004425119861797645,-0.04130384594927011,-0.008081253056804695,29.838816000926887,-23.181617608801922,-49.57707699428338
18038.972495704325,0.6236645320864292,-0.4052715671890537,9.866089267744476,0.02926987293510748,-0.055208379597344814,-0.003102845541026743,29.85065976571908,-23.2023153705479,-49.584281913477184
18038.97082071287,0.646766154062092,-0.4259559332701509,9.874407297920614,0.014357474964392374,-0.05731657019911312,-0.004035350649887407,29.816731237133315,-23.178835180777305,-49.561805974175634
18038.95416540374,0.6199584937944128,-0.4101426260474954,9.872445996935248,0.014661830161764299,-0.0483801038929784,-0.005858708655247041,29.843086461759228,-23.22637170961554,-49.561571210101505
18038.963170626637,0.6056011137640089,-0.4168577009967639,9.88378979521654,0.010989803955473386,-0.061946664784938946,-0.011597079819304518,29.828507229263757,-23.189330315155647,-49.56833024519489
18038.975891351005,0.6284957370962978,-0.40127713975849594,9.88033792329835,0.012406470724410368,-0.06720187740707219,0.011166944159053036,29.841974309903087,-23.20674193793602,-49.57654608355263
18038.96896355914,0.6313002307958635,-0.4073870097087244,9.885961395982212,0.0008372637519583857,-0.04229575470566961,0.005147643789534355,29.830325731505013,-23.186139410409925,-49.545651618583754
18038.957444092845,0.6155721875442515,-0.4168400596802358,9.882048593316247,0.007093003555711972,-0.055142132891499225,0.005625392468016482,29.8486226172579,-23.19516165717832,-49.56578400330281
18038.968753018948,0.6215357308347945,-0.4154935477520713,9.86322688912471,0.025482804036403794,-0.05693566541270832,-0.008885061823305996,29.843993456182382,-23.200150536265422,-49.576652403209906
18038.972327622134,0.6428126166672873,-0.4157682064368319,9.886783424160207,-0.0027081561150901212,-0.0534155243772199,-0.010372766235467661,29.831386983379005,-23.19475368321257,-49.57078208873036
18038.97012474091,0.6330150337546387,-0.4042295581381878,9.891249640893102,0.007741403227939885,-0.030203903493857022,-0.018023062463839553,29.849715947654765,-23.18082064028174,-49.58812751495835
18038.966253713046,0.6345505739821595,-0.404690061571494,9.881797386288959,0.015524387682293918,-0.06500928123734595,-0.011640124524587726,29.848099443037338,-23.18622920965967,-49.56779814324543
18038.969027735282,0.6385933500342201,-0.41855187538290495,9.879796325443044,0.015792846555582992,-0.04247953563442997,0.017447333257006488,29.85281564572169,-23.201134149283874,-49.56039359602693
18038.97409610863,0.6241089355679899,-0.4197917491205128,9.86775458035593,0.012976541619719168,-0.04610658044877543,0.008443291741041,29.868667836037545,-23.18206679235188,-49.597324145300604
18038.9707780362,0.6300647963199212,-0.412451763445028,9.882319161167636,0.006740277930380539,-0.04962766498323416,-0.004335751254578785,29.8398959926708,-23.191228204582064,-49.576354667021164
18038.957372020843,0.6189213043078062,-0.40325465077016664,9.874268219314626,0.022532661085106133,-0.043311913737305,0.009663882173082568,29.856601195405688,-23.19408593698235,-49.587001087666025
18038.961566176426,0.6190705752136647,-0.4138679455488397,9.880120099612693,0.010096791799581135,-0.039118210032937896,-0.01573084065225073,29.846270151673682,-23.19193665792028,-49.566012755430044
18038.956858992668,0.6290570712766872,-0.41591616983191376,9.876302375217358,-0.00470491513458488,-0.06365287906998765,0.012099476469441789,29.841727127326287,-23.17532111650586,-49.571243949716454
18038.973398357175,0.6307081990725504,-0.3904252560512277,9.87267932702718,0.005369487257281805,-0.04085556976635598,0.008622634450772252,29.852385854662668,-23.171355707609155,-49.582286236159796
18038.969793907476,0.6365434657108623,-0.4048214540212999,9.874578982705627,0.01891005397639073,-0.056163636866554685,0.010315053384270302,29.83556372367773,-23.181737393510602,-49.577532851099264
18038.96928242633,0.6574552350144413,-0.39340462633092976,9.876925730497458,0.019977000810189195,-0.05075738054662586,-0.02217697876082312,29.83801101092516,-23.193414844445062,-49.56913438996399
18038.985195277164,0.6440537237705742,-0.4120154758574286,9.883486618772674,0.002215190988800537,-0.053025064462669365,0.019611768265801025,29.852572237797222,-23.19905469288013,-49.57006203039472
18038.978170135168,0.6249721007068337,-0.4068065704204337,9.888222754188213,0.010234828667970779,-0.0431308454283332,-0.011717182922708394,29.85172361030589,-23.191067673075334,-49.563013957870574
18038.972845512828,0.6202265023514035,-0.4125509682627158,9.893192266586638,0.01951839748429035,-0.048500691211863116,0.006463454252131891,29.84341317867223,-23.188504738722656,-49.551844075319075
18038.962995413156,0.6202769261561092,-0.41585952840782925,9.887972481119137,-0.0010493765701499475,-0.05197881613959679,-0.0008557781334692068,29.857734953412443,-23.176404056817077,-49.566048806312764
18038.9699701651,0.6442808935784056,-0.4008466370962149,9.880740031159812,-0.01879544705937576,-0.03350473971467846,0.012567345410846368,29.841795916240557,-23.210298047049644,-49.5945148494982
18038.980189991973,0.6257649984191723,-0.3947168009337525,9.869791824294824,0.007803052167258219,-0.047388132976542166,-0.005156942686970934,29.845972423138008,-23.174108291947835,-49.58329527113445
18038.98079169501,0.6280851924003402,-0.4315088310308737,9.892151848744025,0.01994266289541196,-0.05841033110102274,-0.006150249875778365,29.859425096016842,-23.176848874067804,-49.59356578668451
18038.974982216354,0.6318335680458333,-0.39586603099701584,9.891648429059357,-0.0008196268945754384,-0.07097459961147287,-0.0006921562973800093,29.83782365981915,-23.19087604760437,-49.56710948967069
18038.964443157944,0.6314637899530651,-0.422646205008424,9.883540162580815,0.018036044096104053,-0.054950850534040495,0.003759421427662871,29.848882474229175,-23.194853161993546,-49.56997165113555
18038.961225015915,0.6498693914234965,-0.38953532461233265,9.877665078827707,0.010426773836204677,-0.03627504746714086,-0.008396299825136162,29.83766052770517,-23.188637388023086,-49.580556756405876
18038.96336139021,0.6305767196894825,-0.4093674804367932,9.884040793504665,-0.010288393587071436,-0.03126852033224691,0.0037675869209264677,29.84935221516519,-23.18490834698405,-49.57122968082235
18038.976391420663,0.643184026954101,-0.4030162366293675,9.895301612500681,0.013509385163844973,-0.061342257123824136,-0.00044828421903180665,29.82859850163857,-23.19777992325229,-49.583965958408655
18038.97635511483,0.6326920789349362,-0.41870403968962877,9.874656434480798,-0.012351068906692145,-0.06529794727510678,-0.0005796022333592996,29.834201405755618,-23.18988470973768,-49.56213416568148
18038.970761650755,0.6171898194674138,-0.4053874001100919,9.882888100288646,0.008572494473799543,-0.058949654214537184,-0.021093319485275198,29.85079114695969,-23.19184134536507,-49.57382153482166
18038.97100199149,0.6188191779916455,-0.41153042507246124,9.885222554998098,0.005843498613135199,-0.0342469174770309,-0.011097684450911352,29.84201178846005,-23.18672341579512,-49.563945733480764
18038.980934598425,0.6501853721876578,-0.3996696920879258,9.888456896397807,0.027518983913847196,-0.051092324881711025,0.013297785168464317,29.848517785124216,-23.190959431213333,-49.56823798895726
18038.96789772021,0.6470343625923749,-0.40848005472776666,9.87742352052677,0.018508659120735092,-0.04712082759715538,0.0004622246042783368,29.846497761412753,-23.202311987199856,-49.57694351175631
18038.97169457079,0.6359987889342139,-0.41745271167651454,9.883250037558671,0.0137298536040462,-0.04904100239360467,-0.009353304506194591,29.846297514069853,-23.204608381001417,-49.56506534280934
18038.972747423893,0.6255272617591318,-0.39799369923593486,9.882222955729492,0.003930039986857844,-0.06454063018010318,-0.0035187481137818836,29.83024928395184,-23.190479882882507,-49.56459307342702
18038.956710381473,0.6363080998783507,-0.40420771246755743,9.874125798551917,-0.008933342453582092,-0.04564500631431228,-0.005629019462677326,29.826847436683366,-23.195550992902938,-49.584088511592356
18038.980381981208,0.6316865874979717,-0.4125775693275286,9.8793121594302,0.01275302644697241,-0.039446773222713435,0.012959322748672798,29.843228123675576,-23.184202873580052,-49.576406345653936
18038.969384625183,0.637824904716108,-0.40803160301030117,9.87656900775382,0.014900438490966617,-0.042162848075214,0.0017835068436992546,29.850380695236563,-23.201271188579707,-49.577793946461846
18038.976792591475,0.6151403136258004,-0.41049431094599886,9.883461060294582,0.02142244392118355,-0.048778785244183054,-0.010574937760562063,29.867092668837234,-23.18854621311793,-49.570517450767
18038.972227182014,0.6375889628010588,-0.39449391058166433,9.874866548925537,0.003714833827769792,-0.06617006657827204,0.0027000258346235543,29.825685120147888,-23.18168955738983,-49.572939725739644
18038.96411441245,0.6277220756627743,-0.39427938344158453,9.885192865613911,0.017301252303312684,-0.06111084970546319,0.005461395721471907,29.832122290184508,-23.20440892278977,-49.573145651507375
18038.973629175318,0.6291583945764817,-0.3965667020565592,9.891242674910535,0.016477006122046042,-0.031172458719445354,-0.009624178809348977,29.82794034224609,-23.172722482914423,-49.590085962343295
18038.96839198898,0.6275638255736112,-0.421548011220267,9.902428823473796,0.022453784160156108,-0.060044333892469534,-0.009504188072196886,29.84735417409102,-23.193226289655907,-49.590462814161256
18038.959026743163,0.6101544792927103,-0.39864047940928066,9.880227562188473,0.01753099449620239,-0.0593491305157333,-0.007813157631582196,29.861879190800664,-23.19092271128446,-49.58214998676659
18038.970570230824,0.6297693054494534,-0.41745981242724506,9.874499397916923,0.018252307835038693,-0.045116033329489304,-0.0004984497930198103,29.848193499846236,-23.212994523767847,-49.561715216034486
18038.967003025464,0.621346567395314,-0.3929343116650846,9.892744795781441,0.015273958935497578,-0.033401659326206964,0.007007851917220496,29.84747403722777,-23.17447922202597,-49.5836354025177
18038.979094853912,0.638120266943665,-0.41017625360563725,9.878825442988894,0.017691637089444788,-0.04077474387985734,-0.018233073862416013,29.85220571528403,-23.181607205608344,-49.58073602903153
18038.99032294452,0.6252441877549988,-0.4192121327373002,9.873972811852752,0.009458486762538987,-0.056683135633034884,-0.008545750763006966,29.838688706958163,-23.179188164094207,-49.58765415393364
18038.965409350556,0.6456523972140804,-0.4105858682459242,9.889255753688523,0.007011248495618589,-0.04313911818225302,0.009262814295478967,29.839749454671633,-23.190784298121162,-49.58856379365698
18038.96532477034,0.6311959486853866,-0.410414835770706,9.891785131597933,0.010516953483666673,-0.036540922974269315,0.009777950404045594,29.846874529732972,-23.19586633432253,-49.58568357620177
18038.978303903245,0.6317354985230504,-0.41650293472975325,9.877508653333345,0.01405059485147012,-0.05512003706181119,-0.007343266688108115,29.8424857023478,-23.193380888163293,-49.569924502353906
18038.98685296617,0.6391573905975182,-0.40116367144130205,9.88309579623751,0.010643605042819644,-0.0457318204165898,-0.013131194036509823,29.839848912004435,-23.210658944492067,-49.584302438153856
18038.968708962468,0.6404068220349738,-0.3992579132545788,9.885015451035668,-0.016856363665620863,-0.06259359139253036,-0.007742155716420518,29.82758269495243,-23.206208368390097,-49.57160870747574
18038.976087056275,0.6280983479139634,-0.4161035790746131,9.878003375541551,0.017499645523521574,-0.06298344028911956,0.018061128901779477,29.85390196858518,-23.181591699558602,-49.587553390921606
18038.95852299502,0.6268587404699105,-0.40257039054863347,9.880610426927662,0.007975949687545619,-0.07072898316771423,-0.0035501381700707027,29.84319704535717,-23.195146592015405,-49.57066341417852
18038.985355863995,0.6354688074165129,-0.4176491020508651,9.881346596787994,0.00826688482276519,-0.04420776148137079,-0.001737555084893181,29.8466653484965,-23.195832378398578,-49.58097689574177
18038.96721672507,0.6353979022195525,-0.4073686658956968,9.87667965883278,0.01627319683590123,-0.06777881523323993,0.0017224442961423908,29.867353502319272,-23.177027960525773,-49.566693365149476
18038.975360754415,0.6283534058156035,-0.401911572429754,9.882573708477853,-0.0003520523678794494,-0.04407198487438419,0.0049024310186212795,29.839361588345923,-23.174291082457003,-49.55792577141666
18038.968237487075,0.6444022467471955,-0.40870894389265877,9.878666282238841,0.006665245341925698,-0.04567416631793509,-0.019640479154078013,29.84280530254339,-23.206052879654262,-49.58235865563983
18038.97150043996,0.6280115921959313,-0.4030282132400005,9.882192176806678,0.005566865072566767,-0.04440927136292842,0.012309811431629377,29.847495927419963,-23.205369307381005,-49.58546723620227
18038.985634458462,0.6312654130445914,-0.39637606615036747,9.892168727573647,-0.00021062088173232074,-0.05939777409909905,-0.006366490917434308,29.837719612370556,-23.18878777122491,-49.58496595382601
18038.95905992772,0.6428667535653039,-0.43217454315545906,9.875170419138335,0.0021611343536662355,-0.04401893752395222,-0.0007048981448559454,29.84780774610881,-23.206698964188796,-49.59675963858254
18038.9705963787,0.6424232077946007,-0.3986294446152592,9.882498444713757,0.011835847387599829,-0.047769509960924286,-0.004271754023092287,29.841292842491026,-23.18619693422024,-49.56960260289425
18038.946796219287,0.6220843793223508,-0.4058719764745032,9.878082578261278,0.0006136872616551679,-0.032774818427499255,-0.006214737706532961,29.84094079658741,-23.210419314760273,-49.56402381392012
18038.969189309846,0.6214643051934386,-0.4079626643204722,9.888945428620397,-0.00578340027756849,-0.05866706584010429,0.005325971396088892,29.861695074442,-23.18837095469196,-49.58942448514474
18038.968128077224,0.6194772791068337,-0.4029293031132117,9.872649898342791,0.0016460963438168653,-0.055958045083932664,0.007093327306242867,29.835989491044916,-23.190415434833767,-49.57454558767691
18038.970817862188,0.6249088663861708,-0.38907922535883016,9.86957843995622,0.00443733169118266,-0.05245716467993035,-0.004733928799371347,29.850020793369335,-23.200249404898123,-49.56748974152152
18038.965860864155,0.6122067263964301,-0.4139483883684042,9.888325614127092,0.0030634062124889304,-0.05443329026997785,0.009047253926701825,29.846697016409454,-23.211257302426702,-49.57290467655055
18038.9648668905,0.649204378262967,-0.4016742948137338,9.889890465797052,0.0004392979495687309,-0.0677720784197635,0.02317819616972632,29.8370723410168,-23.19475032493658,-49.57141691680766
18038.980649836274,0.636135257736211,-0.4278449196422597,9.891775342819226,0.002273296242198788,-0.057132278712851536,0.008680444123279523,29.83137712551495,-23.20690260429894,-49.57495419803986
18038.965777944486,0.6274934266935951,-0.3881940912285541,9.878626136430551,0.020338948297110335,-0.04276896376264378,0.0015792717721381507,29.84358779440394,-23.17876285524067,-49.57494595395803
18038.96431221448,0.6347767192168563,-0.440578508448802,9.877408548341885,0.01534540139761334,-0.04647987327198892,-0.005660377469944137,29.828863779988154,-23.21283558994231,-49.58736316217255
18038.965141591325,0.624914572008249,-0.40848159767732234,9.883167247228943,0.026663045452372098,-0.04940063938819296,-0.01969426502924883,29.846478668116138,-23.19842472354829,-49.57541376749789
18038.988679480783,0.6437442435593682,-0.4066758679046026,9.874472333600183,0.007817392288092296,-0.045238299155838796,-0.0027889439560737457,29.846039123102283,-23.189856616031523,-49.5662404437992
18038.957287899473,0.6296740541275555,-0.4049445585653793,9.8795339430731,0.011432625555375968,-0.05069105311909185,-0.011225075353699297,29.833187484682796,-23.19090068480606,-49.586396956013814
18038.963112228226,0.6396950455036741,-0.41536591727796424,9.87219775190286,0.012675224276358346,-0.05115802729998843,0.003006870789561536,29.850668850219225,-23.191781990834137,-49.56509577774877
18038.97469424768,0.622455815353267,-0.3937460076257021,9.885172424149284,0.00875565971832542,-0.04375483344847456,0.009501820402989034,29.823477742223762,-23.20087148437597,-49.58101409329928
18038.9788262588,0.6273295163897564,-0.41503257630635465,9.888003436696197,0.0036875581324116516,-0.05382002418931008,-0.009151714921251998,29.851144528216068,-23.185774462159834,-49.58358811951631
18038.974719789276,0.6327598159954282,-0.4102002883086953,9.868899332320533,0.021915744680321193,-0.04330001785296593,-0.009833781387185549,29.8549475831291,-23.184960770195108,-49.58099252186223
18038.96950292554,0.6318269298236137,-0.3966237481859228,9.864499057755605,0.009694133832130658,-0.052911506344331276,0.009241848990571828,29.834302533103408,-23.19705358344042,-49.56599606836292
18038.979095451767,0.6204237228977475,-0.42441952145445294,9.875323988019845,0.024009120650338913,-0.0454282103874943,-0.0028978365537396297,29.846259831032594,-23.18650775048863,-49.57822765742157
18038.9771674201,0.6198001361322149,-0.4077048893191584,9.893602203934755,0.02464490417470092,-0.050305592903546865,-0.0014142783825282557,29.84755787334114,-23.203665979125468,-49.56959193252655
18038.977018519072,0.623143325592012,-0.4152064806165534,9.887405398664795,0.0017906886381469887,-0.03858317302570627,-0.010941793348905363,29.83984651698783,-23.203190924162516,-49.56365497644155
18038.965544917344,0.6395512508249698,-0.4073309488803791,9.879514637508391,0.00930122951472401,-0.02081474324344462,0.002153239844941616,29.853594544696456,-23.189989709770206,-49.545356628203514
18038.96274488018,0.6332505701596866,-0.41245253624610073,9.898821753116952,-0.01541248338361299,-0.03969060176133859,-0.00499309399070321,29.844404329108933,-23.177966084144668,-49.56378415390877
18038.97886169625,0.6444621293488744,-0.4074906186742787,9.857392007847043,0.009156323547165226,-0.03303799706031246,0.0013622886903531214,29.851837933426374,-23.187731445476302,-49.575498357291025
18038.963238845452,0.6483677178882196,-0.3991619273256113,9.884710474639503,-0.009742118015098285,-0.04197775522681182,-0.005991133580560383,29.841711195433717,-23.194242851700523,-49.58011384631877
18038.97934096151,0.609392783926679,-0.38702983521946427,9.877275746849037,0.011048084809449864,-0.049404994459524225,0.003294697532697845,29.850831284986533,-23.17329433006904,-49.5898471923442
18038.976301522292,0.6350488331044971,-0.4122224514389869,9.887659896003685,0.01257639975050994,-0.05504784908239529,0.004759351244240065,29.834771256941508,-23.212716352512132,-49.577495708415974
18038.95799579349,0.6351132486516781,-0.38726329232285056,9.873730290334427,0.018417520545219255,-0.034563258611671185,-0.00961672451538885,29.835449261246218,-23.19139822268146,-49.56876526982977
18038.971200970966,0.6285077609021534,-0.4021084910443731,9.8807715763504,0.019769611942567968,-0.05857411379170547,0.006793501771118514,29.839205819950084,-23.188324900545318,-49.577435499189875
18038.973744794053,0.6319015411781251,-0.4027108563800855,9.877594829655218,0.01867689947812666,-0.031553027891923886,-0.008253830988928294,29.833766442918936,-23.184687461042156,-49.570927096405065
18038.975308513825,0.6320599692948338,-0.4228568022206414,9.87636851590881,-0.0029627175738347195,-0.04374543555228438,-0.0009061378520966508,29.829292948851318,-23.17676261774145,-49.569948781190725
18038.958706200956,0.6384604835967365,-0.41213188390145955,9.871459953835112,0.003858815748934853,-0.058013292678322316,-0.00019025193423806018,29.85614113948504,-23.19639613190067,-49.5792627327208
18038.98483498009,0.64101045996443,-0.391569893021053,9.875247915672034,0.0015499232516991354,-0.030550892013115907,0.003842519451717768,29.840902094254474,-23.185806244399853,-49.5714130699138
18038.97495722055,0.6239318405747519,-0.40846723846282484,9.881305745572655,0.014138143074239566,-0.04119191150590347,0.013391974379657808,29.843818682876314,-23.203525082686667,-49.57205459206135
18038.977743856776,0.6223192951862346,-0.38540652255062086,9.882751979939515,0.0028585732815466884,-0.05388409311594379,0.006726785029922389,29.86474188466858,-23.20423395154655,-49.56490548986882
18038.969745159666,0.6403479855759622,-0.41275893079428755,9.891444681616171,0.016733662426403464,-0.047901197184333895,-0.01506774708187521,29.8555471987925,-23.19583097074666,-49.580188172714564
18038.97725467492,0.6349364783670403,-0.40369336673382267,9.872742635995847,0.003271734119132305,-0.05239569406729347,0.007084878105021126,29.84829124763813,-23.2060186343099,-49.58471575680438
18038.967633013937,0.647373941560727,-0.41944605187496614,9.87029628597938,0.002129038049533025,-0.04994746282578914,-0.009203555621586583,29.83816739388346,-23.195720079400306,-49.57695723008263
18038.97067873499,0.6384626705323839,-0.4000101391316715,9.871112536630612,0.01661185552260816,-0.03007091180770785,-0.013847448652146524,29.85787422783219,-23.20320351464648,-49.56010409068868
18038.954135561475,0.61986992035602,-0.41703981908091414,9.877657572169763,0.010759810531991005,-0.056327665103160465,0.005464097475085667,29.841504398929466,-23.199915389174073,-49.57362000009394
18038.976097352297,0.6222305989392466,-0.40046057034357563,9.89938088910118,-0.009016077756141352,-0.04776255954863428,0.016572635405435833,29.849634545341598,-23.18375441453075,-49.57128035178469
18038.96849313745,0.6179901305513432,-0.40526840027377525,9.902818369762478,0.0141627702652024,-0.04835191727735645,-0.008524355931251195,29.833871215936213,-23.196336409478125,-49.571185889662665
18038.967776909565,0.6436149373065595,-0.39897092991182104,9.87368845734181,0.01277803072857902,-0.06079453452031434,-0.00395333247685807,29.84702861612952,-23.19204421523998,-49.58219716127335
18038.968299023923,0.6350338129531939,-0.39064956226229336,9.882060277955613,0.009537890745102865,-0.06358973681105069,-0.008633306789890964,29.843673732016203,-23.21240235604665,-49.57865497240631
18038.96564315793,0.6364541498868078,-0.3967963923278975,9.875499294358459,-0.005543638641025691,-0.06748168930469528,0.010520810789964322,29.860183229255988,-23.20293640985369,-49.583770084394104
18038.9751966401,0.634619747820761,-0.41211692053127674,9.89733519012918,0.001686483812606443,-0.03311150020193784,-0.0064010417451470375,29.841491244808115,-23.191828904032178,-49.58451130339218
18038.981598351347,0.6340458026860057,-0.42039370628213646,9.862237378907093,0.0004416739322729221,-0.061678574202916905,0.008209708074529691,29.840661469420635,-23.188400897453953,-49.57247593350573
18038.96922372294,0.6259447014214671,-0.4123574270812031,9.87437703765269,0.008040072606867428,-0.07115577753762076,-0.015847517903679702,29.828060907169387,-23.183190527280008,-49.58848239613876
18038.98342961691,0.6271234894697054,-0.39894238322642245,9.875047135615972,0.024504791303952035,-0.031317982198019165,0.005188914104212155,29.841484867276304,-23.18072935838264,-49.58698221953828
18038.99065182491,0.6346374705072626,-0.40737700907166174,9.884007261304248,0.02972333028099058,-0.05025331275138079,-0.008765230675283623,29.832904156341176,-23.18501680473261,-49.576122566868705
18038.9795950298,0.6466976329089662,-0.40589081470871935,9.855780709998694,-0.004325744327320451,-0.043739114982571735,0.001256940901487514,29.851308384341937,-23.189937089373704,-49.582311942734364
18038.940016348217,0.6291229169818278,-0.4059520158345852,9.898573574067315,-0.0019546622159811785,-0.04102942981917855,0.012689255616059013,29.835213098668294,-23.191650606536577,-49.55293422534731
18038.985556441214,0.6348091817560155,-0.40000429380292357,9.873506494051396,0.011031473168746265,-0.04705642269333301,0.008122072246129406,29.83750658451048,-23.195495194220232,-49.56884718723818
18038.96195315607,0.6406733971539665,-0.4220569863742197,9.890158270083846,0.0041455292723780925,-0.06059500024105284,0.01327005237571331,29.83194690433689,-23.203239769302137,-49.5891695624487
18038.956020136142,0.6286302558045729,-0.40213256888988885,9.894140520918768,0.010418737614665143,-0.05726803317237093,-0.0033593616524217936,29.847306330700526,-23.20662322591112,-49.56085502143466
18038.971728745208,0.6511901658994727,-0.41128056094596416,9.877670622279574,0.00873842775995598,-0.04181124388549276,-0.005045817871807543,29.835516933571345,-23.20075098495989,-49.596377043470866
18038.97611904348,0.6260944276365249,-0.4055201747925552,9.883725657885252,0.022163008940735363,-0.03614665480085395,-0.0006789520164421697,29.829110721544033,-23.182789935097656,-49.58208559982697
18038.965569867007,0.6301621738677777,-0.41769309796826254,9.881606225388557,0.006674804801276538,-0.05792319642537324,0.0009402852710073178,29.843582352025415,-23.19308207978378,-49.58017982472049
18038.9689733522,0.6178443616232194,-0.39914900056946967,9.877658577219437,0.0013388654253649167,-0.05655320665395289,-0.012500833132092127,29.849624938322794,-23.20515965987102,-49.56439744096436
18038.9757447003,0.6340606969699788,-0.3928023510922873,9.882354165404303,0.019282937581545846,-0.03608681253588525,-0.002753941073559426,29.84165304060274,-23.179704274034837,-49.57167661638132
18038.97628238665,0.6315847403871662,-0.39627043326981587,9.870353392095817,0.01047380544458905,-0.04009608474473138,0.017464430227221495,29.84634218217857,-23.19340611809878,-49.57310884061534
18038.96349113005,0.6234837073262659,-0.41017798881770035,9.881158627774502,0.013218261169652714,-0.05109895290115379,0.004002847736460652,29.842523469652495,-23.18428099529604,-49.57194629019852
18038.96832228541,0.6241298641075969,-0.4048395517748012,9.8916939733169,0.00046619260258497393,-0.034326380747038934,-0.00893389434253374,29.840848241569578,-23.20081245751904,-49.57390770756376
18038.963923196952,0.6276160868308996,-0.3967773931624873,9.8708894801797,0.009231230173561313,-0.04700737130137191,-0.0032160641156022234,29.828758997718573,-23.195585895468604,-49.569632794410424
18038.986902861994,0.6332171174125076,-0.41500845474652714,9.89891189613636,0.014192284680629304,-0.04388659600891161,-0.006449212447302064,29.859477693718908,-23.187161932176053,-49.58562605822982
18038.96866983119,0.6364327141270324,-0.4064065195978348,9.893844255464966,0.02051953377868795,-0.05489846171780298,0.017179446191724432,29.848720296465288,-23.193099701555475,-49.56347079513387
18038.977219335116,0.624541791753082,-0.4085675727820962,9.888852448194601,-0.013700749538218374,-0.07081477542509668,-0.003093111881038225,29.83847192715693,-23.189347531196862,-49.57891668995525
18038.973295679905,0.6303559911471439,-0.41379513035029103,9.864275928142645,0.02361395270852652,-0.034837064061596694,-0.0024913850131352885,29.838061485439816,-23.205831402614958,-49.579533485865504
18038.985584457612,0.6329325030908057,-0.4050727428216949,9.863680247206434,0.00918265546528474,-0.04560412824192867,0.015555423646424649,29.854594784454537,-23.18401846040862,-49.56852349053615
18038.970077705093,0.6311058271108746,-0.4139688463536403,9.869842631124875,0.012654960350136349,-0.05180241577522874,0.008060751934855302,29.86186693477042,-23.196554948042994,-49.596626785311706
18038.964932970357,0.6389835927159327,-0.40316247918799764,9.89023385999221,0.01624605119758464,-0.04985066997739003,0.002892149798214179,29.843177442186885,-23.20079589761344,-49.591445671000955
18038.95965348236,0.628229644335711,-0.40212438963506025,9.878587117330047,0.00994485409475669,-0.038369922374272905,0.003591582967445819,29.869785781574127,-23.192141130950443,-49.57032010595311
18038.955467918215,0.6478263603013856,-0.41601321779273565,9.880344934370939,0.02301383502747536,-0.05364821274911473,0.004109740980897668,29.847639625339017,-23.195039843387047,-49.57752818185439
18038.972691272058,0.6312595341125735,-0.4145852965180108,9.881447000958145,0.010078916489345998,-0.044531424093225136,-0.0012359631270470013,29.849189316688147,-23.199175554045432,-49.57147002117681
18038.969685195338,0.6310151390228185,-0.39586568873216826,9.882949734349856,0.0015512822787440393,-0.04978166690343685,0.011219281131420171,29.834344835934054,-23.18665670060238,-49.560802886823495
18038.957007225796,0.6327257077577436,-0.40675474404241974,9.873689657317215,0.020831223270286327,-0.043786127351978975,-0.0008782405164629633,29.856960262765334,-23.20708965832548,-49.57588161575804
18038.963579145948,0.6296461043553154,-0.4155324361556316,9.885542160323535,0.008076719841869036,-0.055223542508660135,-0.016824446976595867,29.84993263988593,-23.180295758593516,-49.58538646080666
18038.986594252387,0.6226353839264409,-0.41131503440467254,9.8861972729707,0.008278609387979401,-0.04782853944662485,0.007769655814149971,29.82994129724107,-23.20460461701184,-49.58324580289643
18038.978066462438,0.631492682229902,-0.4151679546148196,9.878218567071377,0.013628311327933367,-0.05094950192476336,0.0017767180466522908,29.84909357002728,-23.196009465066545,-49.5660014358778
18038.97343146887,0.6272448080884686,-0.39982509468022415,9.887346575025182,0.003838243432775051,-0.05756464120232744,0.008759633156146385,29.847879596770536,-23.205322553641565,-49.57704862429272
18038.976967323604,0.6376196650272205,-0.4043323603461411,9.88448648565898,0.008100753012742004,-0.056250418529378565,-0.02055950037222648,29.84540460783365,-23.18715759766234,-49.576009538223346
18038.966694120725,0.6096224422242336,-0.41879075820275136,9.884412687445936,0.025982838177554795,-0.05096648658246761,0.003856545290273324,29.834370083096818,-23.194618031571675,-49.569322828955876
18038.96110257364,0.6328544283237844,-0.40726222950067326,9.875897773210209,0.008222542764664583,-0.03724457989094998,-0.008416930160848348,29.834317689461045,-23.202618566156385,-49.5770952089565
18038.975365608112,0.6336044419062187,-0.40055498119339655,9.891161977481904,0.01346410443889982,-0.04476842798832189,0.0005764869601590013,29.842768085316898,-23.194869422200547,-49.58734138638373
18038.963662805138,0.6363442318833893,-0.401286960042294,9.875598990931977,0.012926910433545248,-0.04021751964661878,0.0031574079864669343,29.847876967943353,-23.203516398892447,-49.583678289450305
18038.97824608523,0.6232814208037786,-0.399047958438629,9.876814990191654,0.02057538090958337,-0.051447069509130666,-0.0022498805990671797,29.836802804403533,-23.16143052913336,-49.575542768092205
18038.9860208765,0.6267492209762567,-0.41352673932257344,9.891484993220212,0.013859753690380503,-0.03563076026368642,-0.010711816623943661,29.839769034479588,-23.194867612062883,-49.572227523103386
18038.970636164246,0.6327751005476263,-0.4270202489054237,9.867538772292493,0.012131871728221045,-0.0584576230974659,-0.013150702269817929,29.853393398658984,-23.199819463556548,-49.56920805638428
18038.968882382018,0.6200839479150885,-0.40678469180620286,9.887419513212118,0.010846670586151776,-0.06041610157091298,-0.010266151399081878,29.84112521704252,-23.198145830534994,-49.58537700971032
18038.970566197466,0.618224663810493,-0.4106112462405784,9.862520184292865,0.0005628145636458384,-0.03640048416809314,-0.009475976238034471,29.84992763999865,-23.185322692415763,-49.57832798700718
18038.963851216875,0.6248722687379507,-0.3955283627090406,9.875829877674649,0.0014965665273201957,-0.055273825007897556,-0.017181027881978502,29.82155225563896,-23.1975050527807,-49.586490274061504
18038.96793565992,0.6394432284271448,-0.4132107561434946,9.88618842311598,0.019934696695870727,-0.0412227557530676,0.001833946447562149,29.858945611570334,-23.175015773381613,-49.58085688235696
18038.973661950877,0.6192484246852351,-0.40885493662370825,9.864066088998223,0.00259647802347793,-0.04209360008916223,-0.0143499584667749,29.838616151809273,-23.20355749458507,-49.56614141920532
18038.984356169603,0.6195303221941928,-0.42309396984340486,9.874976201987337,0.007163233961217225,-0.06978794869362975,-0.008046038490020047,29.847296887025912,-23.21453427923063,-49.582851950042006
18038.963171207655,0.6542483433818437,-0.41153405645810154,9.898545056158673,0.009283796884598154,-0.04955877230798699,-0.011693342196427479,29.835916226885512,-23.184927616783153,-49.573591794554005
18038.97237372919,0.6257312875632652,-0.4127927787270626,9.879423602837456,0.007256370673660447,-0.04355847097836426,0.0024606843608039096,29.84264297357086,-23.200986729228937,-49.55923845765421
18038.964777635112,0.624887813601384,-0.4013259270147787,9.873266527361235,0.0027429879183174253,-0.04613869436873165,0.011844780960814021,29.84794912155556,-23.194120793741792,-49.57135920139661
18038.99261715551,0.6201753120263347,-0.4078162385934725,9.881973643415082,0.025568500363314345,-0.05000814386929965,-0.012632796672355655,29.841108935365956,-23.19317812563843,-49.580705223347394
18038.95553455206,0.6327717897831705,-0.40885800377853665,9.87780582470298,0.003561381786844637,-0.05532020919933016,-0.016351651151779382,29.85423959225085,-23.18722313047429,-49.566859055511486
18038.96538917334,0.6402803733451989,-0.41633721278541425,9.872447913277188,0.008117836422839222,-0.04952639648752064,0.010178362063805709,29.833022019837998,-23.192284466240128,-49.55845000875057
18038.957065374798,0.6491985083633741,-0.420375925725105,9.871687226997526,0.0025014023555403045,-0.033031331066190696,0.012309722248236522,29.86067279035629,-23.186589249121194,-49.5772257399222
18038.97882978062,0.6341102201299863,-0.4172044995811202,9.87420720171005,0.013308270299738613,-0.053257186166255355,-0.0032789411189043877,29.851923438895795,-23.201005513973293,-49.57049429957502
18038.957155130323,0.6217113361047745,-0.4068129909901509,9.883506036856074,0.007955598361055232,-0.04529046507815126,-0.013299195187664401,29.847919314013858,-23.19521671194302,-49.586484774300764
18038.980724351022,0.638511736672568,-0.39825242415034384,9.860291665114287,0.020248909947222622,-0.04666757070442148,0.0058321745353919945,29.835604489353962,-23.18624473550682,-49.580392425675164
18038.961383029804,0.6369349064862476,-0.414460934586465,9.873419595739584,0.017176824159110992,-0.05211639906083707,0.015125914994784159,29.851650869383878,-23.18745136910144,-49.581789330597545
18038.991704963675,0.6287948727384237,-0.39591952878354786,9.879309949803218,0.013279879405849019,-0.045464079272547545,0.0013648233329347067,29.833271450011146,-23.185760159625374,-49.57491018235275
18038.956483578953,0.6278423169364512,-0.3966983800061795,9.887672793156282,0.007648870845637571,-0.04506931301857135,0.017298151233513488,29.82403275696877,-23.200744229222437,-49.57322316287908
18038.973551534404,0.6273063052475943,-0.4069903491855969,9.878714794513908,0.009248934279978926,-0.05403552004083667,-0.002397321729412697,29.825647095871627,-23.188967516081714,-49.5598011781353
18038.99636890482,0.627880227027146,-0.3928079335243288,9.869870710663223,0.008400136118258565,-0.06813795870464062,-5.287328031911508e-05,29.82892240386829,-23.19756310607102,-49.56369529768826
18038.96527505934,0.6427502571430956,-0.39399956764412,9.881648304220903,0.010320400140273092,-0.06332207763340537,0.004057077249002471,29.83798008035536,-23.187748726010405,-49.56985501768439
18038.99092019701,0.6421604663540428,-0.4078452556286702,9.872997332348646,0.009453850902397533,-0.038488537900583535,-0.00031492371156761965,29.822497377667492,-23.189855427381094,-49.57473316831121
18038.971131529437,0.6442921352152432,-0.39446636020146464,9.89622882067286,0.014519923777474696,-0.05680155395406447,-0.007273916161077354,29.833649349798144,-23.181672337330863,-49.57651609969246
18038.97092369302,0.6253414551316162,-0.3902898771031288,9.876592496106348,-1.1134096998540594e-05,-0.04839798381343808,0.013296558703338948,29.830705767072267,-23.196179486403896,-49.58901584539532
18038.96797589455,0.6348309566032839,-0.4168956955418536,9.8661343598597,0.0004019762495442933,-0.0422307402606035,0.020657737314786345,29.82792189354882,-23.187022008325016,-49.572981569230365
18038.972770795714,0.6421606830578712,-0.40634267864817064,9.888155256269432,0.0018828617873295084,-0.05333886578732441,0.009814821985072629,29.845784192190667,-23.195093863082576,-49.57731645541457
18038.956082039505,0.6351063474889401,-0.42200328088901007,9.868832045446133,0.012607568110029738,-0.03798442819939668,-0.016968582685511033,29.85646000868517,-23.18196478612211,-49.579021093724165
18038.96468597529,0.6334296810198304,-0.3941542315303628,9.881896056161194,0.015382787395023332,-0.04893786962751283,0.0027551597839304285,29.83906030409996,-23.20388587729194,-49.578978797816866
18038.978912578354,0.6252238059756332,-0.4013309386954617,9.878160447830263,0.011247630227672,-0.04805989388234887,-0.010515973371760568,29.847245942035432,-23.20292172885377,-49.57678520040829
18038.972073195302,0.6209759653214815,-0.40742895487793324,9.89258790274982,0.020566110808819475,-0.04970211920327405,-0.0031199964374813167,29.842902559613254,-23.18750466731204,-49.56177182074314
18038.965904516754,0.6408640879327514,-0.40661936349276184,9.881585141116132,0.0037321072310050277,-0.040676525777371644,0.0068078822935347385,29.836943321111033,-23.18878091902316,-49.58159368576713
18038.976179102134,0.6404102610752751,-0.4109192031801572,9.881492025191521,0.017571103659860723,-0.05163865559496987,-0.006957814252510578,29.842343459791405,-23.18687895619482,-49.57787695999207
18038.971822557283,0.6152367986768048,-0.4012969983569696,9.874789093030104,0.002652136431827444,-0.051732311032206435,0.010702905619444248,29.82660085169812,-23.194750894644343,-49.57594590773444
18038.96653919979,0.6286040842644912,-0.4092606275056758,9.868880410268345,0.01975216397647079,-0.04922980931371449,0.004396914436703307,29.852353732253828,-23.19894332796945,-49.55210808168948
18038.974445217427,0.6210654488833147,-0.40529501646461435,9.880377531646785,0.03233061230472191,-0.07136731819456607,0.007684220287222679,29.84742001474385,-23.19936509466731,-49.56511437040819
18038.986957557798,0.6484102617362363,-0.39846841122302823,9.86902151967281,0.0011251704171646327,-0.03526201403040761,0.023487822648278558,29.85265427212085,-23.194156505654142,-49.56643725434414
18038.987937557147,0.644366851526905,-0.4225446310833583,9.885316179363288,0.006874806818939584,-0.06820739943371164,-0.020726108948615606,29.833851999493046,-23.199646425308458,-49.57863928587306
18038.970936114973,0.6288358441678317,-0.41436773583829356,9.895561484654456,0.0005442423426235098,-0.04579595614601072,-0.022960736201910234,29.85047429959894,-23.20006524807644,-49.563651331759594
18038.975648502583,0.6354665510241523,-0.39934123037258634,9.866489676584026,0.009062666816671172,-0.061920759109897,0.006039656273894704,29.830118468541613,-23.177230508612883,-49.57054462680081
18038.96209308351,0.6275020998292637,-0.3936831731023502,9.899222911721493,-0.013973222930917004,-0.05468553182284139,-0.00927356904585654,29.841984106749425,-23.21656482921045,-49.5687602521737
18038.977330306556,0.6433191414447115,-0.4143750580632585,9.871656265069328,0.0057082950572425765,-0.030847685167602838,0.0021599330808671716,29.844543509093292,-23.201052091841355,-49.56451644054314
18038.98756349847,0.6234114637223085,-0.3900557024088754,9.879788792661966,0.015863854947082555,-0.05448692343828355,-0.010547160186266774,29.858881173973046,-23.20852914176902,-49.56903991939029
18038.978715283454,0.6224711952774062,-0.4171590640314153,9.886372820335183,0.003664517880746774,-0.05208439914399608,0.002080749577097356,29.82571161965994,-23.182070244514257,-49.57163633036346
18038.95924276411,0.6407361371959935,-0.4071940124977137,9.882068903196608,0.010841451392885051,-0.03948653363933903,-0.007161884184126769,29.83785840741738,-23.200527720219103,-49.568980991171735
18038.974318903387,0.6362725096842768,-0.4129385463583485,9.896061702068888,0.0014100327181444106,-0.03446347053058825,0.016782954682429338,29.834661474284633,-23.204830583015678,-49.56749380460878
18038.965029110637,0.6273218754035063,-0.42014713413440474,9.88815200839267,0.005752860918377191,-0.04793744042732276,0.00151711057994663,29.847167472676784,-23.20771486594588,-49.56616939107416
18038.988059274165,0.6435659068093855,-0.4180478591508123,9.85897552586468,-0.017103142610529618,-0.03224959125306085,0.021953866324557387,29.837577936338793,-23.18881040663476,-49.575696455538015
18038.961009043494,0.6103261671632816,-0.4145752428281976,9.893709320702428,-0.0038069930514272547,-0.04896335449762707,-0.011300936224745399,29.854323075190187,-23.205009577207104,-49.591852227986685
18038.973797926054,0.6185665790147199,-0.39459801013485113,9.902830894126296,0.02542715411170713,-0.04125317402523045,0.010687888723678332,29.852623042545726,-23.186024929491566,-49.58673781242966
18038.976749276924,0.6398598912101381,-0.40411789929007913,9.869146649502843,0.006826475315625745,-0.04008806372794829,0.0013444942908280202,29.834849671186685,-23.19511063456535,-49.58029200109658
18038.971373793254,0.6109873617243708,-0.416130975709536,9.876863574608121,0.009471982703367647,-0.06450459206785279,0.0026091895512583094,29.826332955130024,-23.184813113972147,-49.56127178112448
18038.95848624077,0.646028573111489,-0.3915488385093457,9.890802356970408,-0.003653271729561312,-0.06424491768157257,0.00707234852567801,29.8273203639257,-23.17842498186905,-49.5821289140055
18038.98246994445,0.6365082660962714,-0.4067750377445326,9.868047931490496,-0.003631648808506527,-0.04797517317632756,-0.006334862100766979,29.867622831825038,-23.19913322966989,-49.577864023774076
18038.973592171464,0.6280262682907695,-0.41299767296899476,9.887673524453273,0.0028030305679347146,-0.06869928048167173,0.005263107930385732,29.848752840439865,-23.197447147674595,-49.566397667288506
18038.9696024232,0.6181841618694159,-0.4137697341758541,9.871308343663767,-0.005069802638315508,-0.06982182812400306,-0.004446896593666218,29.831619666757156,-23.216128170571057,-49.582182480293135
18038.967554550778,0.6512882948956291,-0.4157147186507183,9.879810942390083,-0.001857850099060157,-0.03903472719915062,0.007489585034617168,29.817618033487037,-23.200310077549663,-49.56554467631107
17596.0580696907,9.69360999010115,0.7691739618394221,0.9999363099909334,0.031165054427333333,-0.05216893668325354,-0.008872428053434238,-24.85105434683501,-30.60710911956417,0.67006037099374
17596.079704660024,9.709411196778797,0.7808687011948329,0.9714229716662303,0.027941974967860543,-0.030812755584487338,-0.011508949548528626,-24.833370768172134,-30.618492142982593,0.6539268645310509
17596.063129129205,9.67707316113328,0.7758881145268429,0.9815457837618591,0.01929645909123597,-0.0471737298355231,-0.0211286119287119,-24.842112175732257,-30.625979202734797,0.6506742017896682
17596.065619768764,9.702157685902224,0.7799618908764587,0.9792583075471571,0.007975212697265432,-0.0468866793926862,-0.005833651839741797,-24.824838351473847,-30.614077570106957,0.6608044026975278
17596.05597923542,9.699386051060646,0.7678970575803972,0.9821890323509923,0.016104076398562317,-0.05333255331364077,-0.000269745574575311,-24.841028883620275,-30.628058328317547,0.663176938611977
17596.054700022756,9.67856826740529,0.7808363402726869,0.9808707552703227,0.026685228326640494,-0.048842640540875254,0.0018894185321371038,-24.837001574965377,-30.615106311792196,0.6623794953925416
17596.066213659473,9.687866531468185,0.7692395124476853,0.9806300521145863,0.032176482540154816,-0.05354410152118439,0.009575052727941787,-24.823836077530633,-30.59974414713427,0.6732329788748513
17596.07536244642,9.68359647301893,0.7465419623869972,0.9681667173239765,0.018046263715981448,-0.03955282050608817,-0.005267740751618237,-24.84804911360613,-30.615251809662603,0.6513434070656029
17596.053748512182,9.702722310467964,0.7652463794886958,0.9751532610383441,0.025901003144947553,-0.04713421279060055,-0.016960397107413597,-24.83854011523232,-30.60796059696409,0.6602991217463793
17596.053578425002,9.700190915223166,0.7725324208362917,0.9808854527833061,0.018763249184721706,-0.04124934525819183,-0.020771918332634018,-24.850790241713717,-30.622359186728016,0.6616606163990582
17596.052675102255,9.70877465964674,0.7772073933471625,0.9775463569344595,0.005084681582483288,-0.04610009346139529,-0.0013404936548962322,-24.865660956951878,-30.633325963500255,0.6709339220208924
17596.058263873216,9.690349364494619,0.779561719463097,0.9753381073651882,0.02957534381198728,-0.024271931011457585,-0.005591022559919161,-24.82133330365711,-30.640044821822908,0.6509598498301041
17596.05320894969,9.689249647480507,0.7627375571013998,0.9649843702055073,0.02641237036992513,-0.04020064545673112,-0.0018789684816463276,-24.84574153351258,-30.606659988841173,0.6682555525556265
17596.05561698664,9.68634726616036,0.7567872370525,0.9654478046772031,0.02454975667034752,-0.05022444856657596,-0.0037598471222664654,-24.827057811543362,-30.6090310164301,0.6461806867199387
17596.05861600354,9.697768233045746,0.7713615982216593,0.978998793066356,0.015525511645253351,-0.04323068998709456,-0.012179500886306635,-24.860614711954202,-30.61490143347866,0.6718282033179724
17596.06515167653,9.695078737055496,0.7755364946008442,0.966193920160951,0.0329499601649584,-0.039803366421174394,-0.010734116697427937,-24.850152046254713,-30.615175613003068,0.7001550250185061
17596.067474366664,9.675975739565935,0.7722620595541714,0.9624974766035197,0.026478302035792815,-0.03803429295980619,0.01123268678611157,-24.843987759628945,-30.61823218617012,0.6627457094001966
17596.05865773864,9.6929136828689,0.7659757926255062,0.9698677987872865,0.012292204677812266,-0.03787417762928444,-0.0043168032493240555,-24.82125534431847,-30.626578811727704,0.6568214854801606
17596.06471724616,9.67934415610042,0.7544453576023656,0.9880749796230167,0.015553200990842581,-0.06665668442798453,0.0030586897408801843,-24.84062008438363,-30.61690033166712,0.6583714695546691
17596.050386718296,9.70728771615695,0.7553760060708544,0.9679166856072752,0.010676752279854358,-0.03515532001602381,-0.02149353092451657,-24.84618385754944,-30.627863261953852,0.6678812364861829
17596.055633650114,9.688189964921792,0.7566744281474398,0.9742193027608556,0.02578795267559918,-0.06018761292197432,-0.013707113400309834,-24.823074875375497,-30.59223346964463,0.6508169741174398
17596.042254212312,9.689701120898466,0.7671444484621337,0.9736068049386046,0.006060516508340233,-0.04580260122963148,-0.015184396754236915,-24.82772036794485,-30.61489902106379,0.6434685059838251
17596.065954553767,9.688230717054457,0.757890167706175,0.9820049780442446,0.025775880352810608,-0.038404476190954606,-0.007766462637013707,-24.852880676382178,-30.626663901130346,0.663736837343551
17596.059268577,9.700796994289249,0.7691081496763016,0.9752039342121278,0.002574904618670779,-0.031759549624228924,-0.008728265905248934,-24.84610669164375,-30.603154417600898,0.6744126885301892
17596.065333063638,9.700488163553562,0.7792259727898587,0.9755717010125586,0.014847638722150535,-0.050317061682202055,0.0021212376796971395,-24.84687709085177,-30.604629885441362,0.6527659468312539
17596.049034402728,9.693769027485896,0.7636125957951193,0.970824203095621,0.009981832251782955,-0.046908479546113414,-0.006738628260958637,-24.838344740765685,-30.615968437937017,0.6707951966720942
17596.047337403335,9.66747863952392,0.7683198843616043,0.9799698644917818,0.021131616473013308,-0.05683938453028231,-0.01150385926374313,-24.827380730735943,-30.59900517287973,0.6755305012252747
17596.05429452309,9.68539981725728,0.7633169099684506,0.9691424573103734,0.009737330941638308,-0.04900091445928803,-0.0008422852640620451,-24.837463266811778,-30.601699429660712,0.6817106384072348
17596.080908745033,9.675748716125524,0.7819121672230712,0.9815468514838641,0.015934227580441603,-0.04222739828306848,-0.01692577632583431,-24.852788239049872,-30.608094792461944,0.6630927669671375
17596.064166143555,9.692972665475386,0.7686732502972228,0.9651963162317785,0.029308787473667393,-0.04538735677980664,-0.004246442710286945,-24.827437800889566,-30.604957602033465,0.6725517463573869
17596.045278887268,9.701444554591843,0.7647138529525926,0.9678212294858398,0.0039014008309914694,-0.03866025449145692,-0.02894337968431973,-24.84151192213229,-30.618214006342775,0.6591489781018872
17596.059982477636,9.700445707330614,0.7848472105741544,0.9625157092067326,0.029833097611569794,-0.028502485897211036,-0.008305917840121115,-24.843651834249542,-30.613678787439646,0.6696880395258591
17596.066136080994,9.690162578398416,0.7620444875895583,0.9707040800991208,0.01893476310386965,-0.05057562743870323,0.0015184285260844022,-24.85738054158105,-30.622058747878743,0.6609537511936507
17596.06301291918,9.67943279734019,0.7556582353064908,0.9635939698833782,0.03150664119086407,-0.05483915983056972,-0.005347255870788189,-24.84797551768957,-30.614802596242512,0.6558320710955913
17596.035353747033,9.671240908869361,0.7572147537738965,0.9608418539359141,0.027011649272618017,-0.0521198892738079,-0.009915914319658835,-24.85260848803065,-30.615764304692,0.6780163680764019
17596.073078015157,9.683952270544376,0.7526452331259397,0.9898887155723234,-0.0007853315386216093,-0.02536106965752118,-0.0027439167927833423,-24.837660234812827,-30.62929307066723,0.6627315365250991
17596.057861528283,9.700528033912548,0.7515057708611647,0.9692302748641781,0.022423576868930217,-0.04707638818509156,-0.001321130339333032,-24.83845093625121,-30.61007620039075,0.6709167894367652
17596.073243885006,9.670470975949323,0.7511524250866006,0.9728782956883222,0.03576028966979802,-0.041653497059512094,0.0003658941458610323,-24.841461463307922,-30.61752524509489,0.6628220792199576
17596.038201312494,9.686049568501693,0.7786121815731868,0.9617005649638593,0.011615472173028725,-0.04916088858392958,-0.006291475580151973,-24.83259652892817,-30.631360031453593,0.6355158388096309
17596.05546805176,9.692130922766713,0.766397719096787,0.972841621775841,0.011028874976534809,-0.03450914322422873,0.004491082537559359,-24.820546913700444,-30.615458035368565,0.647934243086345
17596.059168050888,9.685630546882441,0.7840106672746898,0.9795272705451081,0.03353056137752171,-0.041849507246421225,-0.0006826815389786847,-24.854342212669135,-30.61776943165586,0.6660612142887918
17596.059045540307,9.702790194207052,0.7603194370765107,0.9781588936571192,0.025667122231263297,-0.037309797060480536,-0.02090188498442944,-24.83820865176087,-30.624965354581082,0.6716380831253497
17596.06265670198,9.698436072064684,0.7602376930562877,0.9723513627545489,0.029626326099521864,-0.04600702821389674,-0.006204026325989712,-24.860500440912045,-30.620984544299603,0.657617055460908
17596.07344100742,9.70248279284932,0.7656006946563554,0.9745617960688706,0.005284635919217531,-0.02734370915606612,0.0031664855577052354,-24.864309388584275,-30.621727952710327,0.6683890688327947
17596.065746673994,9.701156300828766,0.7647702587818174,0.9582046748359904,0.032289481620908674,-0.038255535203961105,-0.005846317973283522,-24.847078813106542,-30.623880738967745,0.6508863814873762
17596.060302764163,9.705011183341227,0.75474078205362,0.9636562174100272,0.02576984128856344,-0.04551379875817685,0.005230791172068284,-24.841295568171997,-30.6180642059267,0.6512649157691204
17596.048482024053,9.685102440103265,0.7585121275017326,0.9743107152335887,0.01675040570621891,-0.04355473714178954,0.00041247877874712275,-24.834359842175466,-30.600737175055816,0.6640315551462851
17596.06418218812,9.676932879039915,0.7529449929451456,0.9748793800290955,0.027005990567522058,-0.03570307831874907,0.00031557136357551925,-24.828589597082097,-30.602182143755577,0.6594438086918722
17596.04258660239,9.687006222745369,0.7822207240746684,0.9777610303023679,0.015879868373787836,-0.03814610160671011,-0.018327479558131386,-24.831842427331654,-30.612374996380822,0.6522717955177539
17596.052359490863,9.68712804128395,0.7542398752720112,0.969287142635222,0.020927745035194865,-0.034257955685416244,-0.0017956267512105775,-24.86215418461229,-30.618327135483668,0.6551977356800437
17596.048855714896,9.701141465054473,0.7470620459818966,0.9796448389289798,0.012461380252892614,-0.024279278820603434,0.0006804123302373236,-24.845804366976108,-30.62007107611969,0.6646083287106556
17596.06465279068,9.71338852722427,0.783423395290521,0.9681833076139089,-0.004404314305033363,-0.05491722163043285,-0.011822847458300693,-24.831609562924776,-30.63628244731852,0.6676355983758195
17596.055409758796,9.698589619745952,0.7547577656122937,0.9870478353255665,0.0032784274654853035,-0.032281676922801664,-0.012670508284403154,-24.833468681404792,-30.6239521087595,0.6628814436392014
17596.056976901313,9.720124987109356,0.7609740267377504,0.9730985538644974,0.02490213750484848,-0.03629644327567494,-0.007389275903439662,-24.838043035999267,-30.619388955133203,0.6816065858023148
17596.06773027559,9.665206646451177,0.7579234317001613,0.9728708721904462,0.011971748106448913,-0.047253397095821645,0.007997495266441442,-24.84290300106293,-30.58521174088686,0.6633850802706982
17596.06763376579,9.68783923214286,0.75421720380152,0.9750844690085679,0.019082611169610394,-0.03646485408472524,-0.0005335754981015389,-24.837463911763532,-30.61739118950784,0.6646077611377764
17596.059237593538,9.703544248507377,0.7769069341813561,0.9862892750840403,0.025006063781429524,-0.0436805500752861,-0.01531767049301698,-24.84749465398678,-30.607528485840895,0.6569334437771939
17596.051147970073,9.698288538141387,0.7679221138547676,0.9674725580702894,0.013401311771422144,-0.056120206682368924,-0.027219869927812394,-24.84020088444906,-30.6054434445627,0.6593533319026273
17596.070344972184,9.69911227266579,0.7694279992716658,0.9695380981456526,0.03162719816771418,-0.044488825312033596,-0.008199304738929724,-24.846595272295552,-30.609061745939613,0.6521350530645318
17596.051999605166,9.685327428210831,0.7675285282100784,0.9633337125503889,0.019817160526121026,-0.03498550870652597,0.005351430884239052,-24.83486098474742,-30.63919907235981,0.6626043180347913
17596.052171766485,9.685557770222307,0.7567073427540472,0.9862034672221652,0.008517588589584724,-0.042426956868320785,-0.005609676239655857,-24.846221767305877,-30.61954875558447,0.6502207541002272
17596.06261913433,9.69024731617238,0.77873867051761,0.9725858164930243,0.01971899469683969,-0.03964889414727483,-0.01029171608513272,-24.858407467577514,-30.62103114417787,0.6508079533711923
17596.051970077722,9.696582108605798,0.766357585429656,0.9885797765676033,0.013171744054442998,-0.03918455550414055,0.0018398882872126855,-24.844924649092597,-30.6047319617155,0.6733525591980771
17596.059133403414,9.689848793720007,0.7684640992471521,0.9758680646011562,0.03917700544967377,-0.046099306163208724,-0.017147800485516996,-24.83987416426896,-30.632064079431196,0.6691904317630968
17596.044077009323,9.687159262782007,0.7717340383164308,0.962343756824459,0.008325292248353105,-0.04828188484022605,-0.014287638553948753,-24.847759415338135,-30.62853787120388,0.6788411015857155
17596.061230136096,9.682062281061421,0.7756228211251806,0.9693225298641501,0.017272970881556677,-0.049198003445569655,0.002521518675056289,-24.8411900810795,-30.615888072734105,0.6573783867597497
17596.07171144357,9.68010989737534,0.7629549295203764,0.9883521109893965,0.016643955064791906,-0.043256018531439205,0.006749595042084879,-24.843554942670824,-30.62317928598919,0.666914108550881
17596.045515814563,9.682897760587464,0.7566715013972316,0.9520464669247796,0.034545197937661726,-0.056560930174407935,-0.011195691877760466,-24.828898243634477,-30.605611814141447,0.6446747605437977
17596.05674330603,9.690968764002523,0.7817219066412681,0.9694398588953722,0.013763093662079128,-0.04378087744785875,0.005455688399335413,-24.82544330644687,-30.60888641896753,0.6494234452975843
17596.069057104887,9.687770947359166,0.7638832101480849,0.9693579505257843,0.0077482627854120675,-0.056535785364421526,-0.007445327001676993,-24.837445833790127,-30.627668824705776,0.6656602617458408
17596.068692288372,9.699795190020604,0.7728819554287778,0.9728381250846121,0.01914885798930357,-0.038432904948232746,-0.006523894856606007,-24.83246160884665,-30.60931769960711,0.6512002777867822
17596.049120084783,9.688450794203945,0.7673050675616185,0.9850899067839152,0.022046192811625946,-0.04994042709970761,-0.011789136135636227,-24.876737625649902,-30.622290818589764,0.6572337225666468
17596.04662518535,9.698756637867604,0.7642157821614736,0.9727424075480761,0.013822266434492211,-0.05404313121905826,-0.00013185655608108273,-24.831470676014252,-30.598599404545805,0.6694107551761869
17596.049978988744,9.66858014844252,0.7630296014921649,0.9871279493442487,0.03775705811752804,-0.027593871489245938,-0.020755987674390495,-24.85610682294002,-30.60331351801899,0.6551725328029486
17596.06661258191,9.69979438448595,0.7787737145484503,0.9816973334998311,0.012300892427293887,-0.04942919973126184,-0.013683183741554281,-24.84725053935315,-30.61677180611458,0.6707679583524905
17596.057524385327,9.690264071446828,0.7484234237744888,0.9643650932765602,0.013876277980152195,-0.037082329753478326,-0.0016902684582107623,-24.836638466344372,-30.610420379128776,0.6626575892014075
17596.065061532896,9.70028793613068,0.7710042267594661,0.9531488120010254,0.025891276150429028,-0.04965701772285101,-0.003135366762142456,-24.826735872762455,-30.616052530908686,0.6599061038910466
17596.076386477253,9.65618130638404,0.7671290620507517,0.9748732981121178,-0.007168634384340518,-0.0464236699873666,0.00027022703132857,-24.82500845734173,-30.6048507251559,0.6493926776265285
17596.07444991272,9.696842094938852,0.7761603630463045,0.9732112499521428,0.02815471194489585,-0.06630721396828143,0.006441128051723362,-24.842425771276368,-30.623071397938634,0.6709519298716037
17596.03906746461,9.697638196274555,0.7464508481800795,0.9804451576674165,0.022846447271667528,-0.024906659720544556,-0.004450034284680557,-24.845418275057018,-30.628815684432556,0.6560336162743624
17596.064038629353,9.673004613799645,0.7476639567130323,0.9796781903988845,0.017265115972429017,-0.02081055640115236,-0.003824252428169428,-24.849114283521097,-30.624798616871004,0.6638363385186201
17596.065103901423,9.672987599852249,0.7595941762597489,0.9678275865229624,0.0421186303124928,-0.05092745761621198,-0.01977985214770022,-24.83668721825775,-30.61670833268207,0.6517226207339166
17596.074936274283,9.697912431504381,0.7688539641181535,0.9535912976499381,0.021080279688966235,-0.045296629373597505,0.008264523341005567,-24.838549690444733,-30.614546417929578,0.6595051759362487
17596.052249991943,9.691516731463627,0.7704428555857101,0.9649008413336583,0.008960604508119831,-0.059377006409267595,-0.0077259346713219506,-24.853029905513885,-30.615151959407722,0.6677499912631341
17596.06558501156,9.69689555507394,0.7721267411224823,0.9671810467753786,0.015605535380939943,-0.03272442277217867,0.007062451125855583,-24.857126873908335,-30.635123676434713,0.6552616720327433
17596.088569874308,9.664557948199132,0.7568827819830011,0.9686321518395297,0.00878368807827635,-0.0470185114106826,-0.0035840165919517135,-24.848056210174224,-30.621448427554235,0.6738696026307512
17596.060462781545,9.688786989094615,0.7523193790399897,0.9659832984213241,-0.00929442448464262,-0.04338355005498981,-0.004647904617356177,-24.841853675304097,-30.615531399883388,0.65500999341203
17596.061726625907,9.693540961738844,0.7578847940655712,0.9812726520502175,0.019636598699020052,-0.03333923078876205,-5.922828347337079e-05,-24.85834232339849,-30.5998966914669,0.6513026941139504
17596.075147679374,9.679826991864681,0.7608889402990181,0.9874267920567215,0.02018576004697274,-0.04356357588422335,-0.008046042131498038,-24.850009502473387,-30.613695417723996,0.6539158348834176
17596.056650904102,9.694191638885593,0.7663669695920757,0.966788053410061,0.010332227020601345,-0.031206244020945805,-0.002091688614200493,-24.823503049524312,-30.624769878842795,0.6550469426230784
17596.064918822656,9.686921094284932,0.7773596576279092,0.9683171109089936,0.026133402991775675,-0.04242204943930247,-0.0013695499984429835,-24.836897130211394,-30.59082026180488,0.6672576077217639
17596.05886852264,9.689540651612528,0.7543800804858611,0.9875485911462172,0.018705630719944064,-0.0352378356709454,-0.011169724821515873,-24.835149411053784,-30.605115575171233,0.6678257149825673
17596.066917860444,9.70456498753642,0.7629025422339119,0.9759824660251444,0.01398392897498068,-0.052673770324129066,0.01726577884191389,-24.850790910854812,-30.62465897622455,0.6672235544245724
17596.065483552888,9.706503545070168,0.7837312516786931,0.9765318688943141,0.01706341836443863,-0.04857479163875974,0.006527294524791294,-24.860448565996723,-30.60937428968524,0.6612695108212424
17596.045330513083,9.660003220293055,0.7617353445331292,0.9814192197146097,0.02712479376897317,-0.05890173342694328,-0.007926328647010317,-24.843077512806904,-30.620640327661363,0.6576388763975878
17596.080514828587,9.708626353757586,0.7565930612891205,0.9771461121567312,0.013366035946232254,-0.05567991103848144,0.01109413460708876,-24.848921860989364,-30.6135593630169,0.6619881332031374
17596.057833373325,9.682936126766569,0.7633876791100266,0.9712194108661463,0.015951424956794556,-0.024040133785742174,-0.010697267368498173,-24.83649252529592,-30.617206482113883,0.6770802201697511
17596.0577158448,9.693748381614583,0.7667916008727497,0.969453681510419,0.024883295285643977,-0.03631855901822563,-0.023976175962814025,-24.820115882603968,-30.61753821080816,0.6632598182894733
17596.07222278569,9.692753258375712,0.7738993860098582,0.9997560358220153,0.0014356030874734457,-0.05266344010423043,0.005448324963852765,-24.832684584660328,-30.6092495609533,0.6488486856023338
17596.06589421013,9.698380607960058,0.7664541739535347,0.9897161469398063,0.023671353004466218,-0.0223849864613885,-0.006957644852745722,-24.83868119948735,-30.620875677123472,0.6567384482877978
17596.04649199895,9.677035510501883,0.7683774176402355,0.9615617690095439,0.035056088177892096,-0.04820429083730861,-0.01139667333531285,-24.845186799097437,-30.598267264743445,0.6628772219141095
17596.06223424495,9.677927054614296,0.7415500986623506,0.9613306300879823,0.025390950445760962,-0.060587868710423334,-0.00226347852915609,-24.83515682954222,-30.624007149216116,0.6676124799003073
17596.06526051429,9.684664300919756,0.7691729441538955,0.976285001075186,0.010786791343733794,-0.029915079703083332,-0.012398118619842868,-24.828966269390374,-30.618617463285464,0.6625214689709699
17596.059870479323,9.677777648152576,0.7557522372415167,0.9672009223244253,0.010533503840145647,-0.03743768615988051,-0.015565043839559242,-24.846203719285057,-30.624793430774563,0.6610722109433488
17596.07162177442,9.69024312650355,0.776725482403342,0.9778904915479983,-0.001283342808164431,-0.03905738629772474,-0.024523717913282058,-24.847055324715207,-30.61709636079518,0.6660795419604726
17596.045851163715,9.684334114680047,0.771700158209763,0.9753689510334185,0.02936725575489116,-0.04779903048155138,-0.015504899402087033,-24.854169641106747,-30.61072347018852,0.6478312246535238
17596.082657518356,9.690572365985659,0.7452330588919264,0.96316870332187,0.016768589507799362,-0.03709667693994663,-0.01529170214573709,-24.831887570999807,-30.613183047631264,0.6658581869523721
17596.078550492086,9.686866071124115,0.7701398982557662,0.976880245058453,0.012112359912370856,-0.057193300963092046,-0.00025544832789330466,-24.834754198112456,-30.644308777367453,0.6651376712345959
17596.063679163522,9.686698242837624,0.7528442919418438,0.9642732050195839,0.011545175748069465,-0.04452751857485941,0.004140963538317099,-24.836031717566016,-30.623188306731826,0.6706000526163937
17596.073871765144,9.69751394247939,0.7493090790367183,0.9590009205478401,0.005123713189875315,-0.028946504396594734,-0.010911646957465496,-24.852995182184067,-30.615309978437224,0.6630592765590628
17596.046149623806,9.679555280528676,0.7847952239460378,0.979751784876734,0.026622509390743225,-0.04510542865357462,-0.004613423884661018,-24.857866535216637,-30.637324586680442,0.6808994695160699
17596.03365883942,9.676431305362934,0.764687068279413,0.9824593454571972,0.0032748963675355586,-0.03170001276501855,-0.01105841908833734,-24.84899735969962,-30.59808756993901,0.6473087071821236
17596.05522098208,9.690779369806943,0.7771598635290091,0.9659637735376793,0.023303811787772404,-0.037520109131617296,-0.028468207729332538,-24.838154314542695,-30.62807443235169,0.6554091418821916
17596.042673494743,9.702947533932,0.756173290473389,0.975600516142672,0.008747443721024907,-0.06305226494785282,0.00593701684358645,-24.837970442486373,-30.620796069231748,0.654061883815734
17596.066189034034,9.690210454285182,0.7595864939416498,0.9675900015370205,0.023377725848197056,-0.05626823792162046,-0.0065805796812581805,-24.854353009753837,-30.622162375354506,0.6586358196450461
17596.068974238347,9.701182096191467,0.7663516752271134,0.9676064038839121,0.012336449439789591,-0.052721386874314116,0.00011293385740141024,-24.822817395910203,-30.611381741627724,0.6771067256767136
17596.057083518954,9.69620743040996,0.771717576223396,0.9777509037998217,0.0150752415596758,-0.03543508769446083,-0.004612623882470063,-24.843553595103717,-30.624266184284135,0.6601784998739979
17596.054990559172,9.694473826789874,0.7682220434512571,0.9663647802861235,0.029538210778477104,-0.04929239211506144,-0.010745138672392872,-24.835913727863314,-30.59825708204349,0.6613938376715702
17596.06640703156,9.696381706786367,0.7708555892157408,0.9849917194999529,0.021384159970962366,-0.0565610949280553,-0.010884029980577635,-24.837704478813933,-30.615981711674934,0.6489063433182087
17596.046960365704,9.686070819581598,0.7648014403638892,0.9739586720425196,0.028694995510869105,-0.048508232505415375,0.008630221872480925,-24.834165451877336,-30.6154120247289,0.6662663430699499
17596.062513747147,9.680590332313125,0.7578811531914065,0.974791204374254,0.01655856214378513,-0.05978838595110402,0.01271637128063341,-24.83844981990095,-30.603784991266824,0.6528343245885374
17596.070518565382,9.702802119774914,0.7505771492688837,0.9579834851460775,0.021041231299648196,-0.060097183765774,0.004964291735168959,-24.845503280422108,-30.612068144659972,0.6504206865000655
17596.073873511672,9.706898824601826,0.7745004115471518,0.9830298919188628,-0.004696124206036999,-0.02135081211622555,-0.015995030109062027,-24.833016975768967,-30.61566850969727,0.6847389576789865
17596.050079052766,9.69149618608916,0.7677725651053308,0.9730851245423549,0.011470780929495286,-0.05507142333407129,-0.011562702893409795,-24.857865803533837,-30.605540255231908,0.6554397735392661
17596.065979400606,9.69212323006131,0.7723971465740315,0.98555687309822,0.016711478290448892,-0.035265244676480595,0.003528900045779532,-24.824806706637425,-30.616771143952413,0.650479805107885
17596.060942965076,9.67008452865881,0.7424809082966404,0.9838041638598165,0.02105279158629054,-0.05843345123384417,-0.008537734360221996,-24.850241369069476,-30.606662822411476,0.6689170180226033
17596.083722038013,9.693401175674255,0.7900052907501294,0.9835955262237128,0.015245834475419775,-0.035517455967391004,0.016872752679373097,-24.8338624971122,-30.62928040462163,0.6416850141010955
17596.062304206574,9.675569783305681,0.7580952575863251,0.9656922618685195,-0.001898075082007282,-0.03469926489377644,0.003953555367171621,-24.825795691262137,-30.601875342391377,0.6775002408708584
17596.055642700445,9.682160336122957,0.7583358169712211,0.9545748913738886,-0.0003919613338278019,-0.03496559756382606,-0.007397145004701195,-24.838357681362215,-30.610091646668472,0.6517372625052501
17596.05301264615,9.705726168041046,0.7592224017256698,0.96279784404828,0.03818398861792528,-0.045055977657049155,0.009838600423534613,-24.840275807975967,-30.625790759367455,0.6597942398529056
17596.062191637047,9.700577190026282,0.7756328856971497,0.9664116999136271,0.03790889551034724,-0.05436019412533253,0.005310569414137435,-24.83644726772004,-30.609120893289493,0.6560196565865642
17596.0575843172,9.683854580156648,0.7563834818593218,0.9666864083729018,0.011767370223776417,-0.05293382472047928,-0.0014248557284788628,-24.845236609178034,-30.61856034737989,0.6523398958381196
17596.07125439705,9.695323726775628,0.773986397563211,0.9874037268821382,0.004466266404167191,-0.03267956308112089,-0.01663692986446771,-24.848803738037173,-30.612262720174193,0.6703312874841381
17596.066663297726,9.70772782172893,0.7651148019867435,0.9739048114954719,0.035758205693206264,-0.03747954828620822,0.0014529755795213766,-24.857181590098115,-30.60311027888931,0.6713682216769252
17596.060797368315,9.704435394362164,0.7771275739367387,0.9664612381728842,0.017754175773951775,-0.054472326346788245,0.010428578085143626,-24.843360956544284,-30.62682756526493,0.6664318528824045
17596.054665009964,9.685658704756884,0.7637421582745392,0.9726350692164737,0.026761279762136794,-0.046817264950846545,-0.018583467365476822,-24.82629241293042,-30.603476283071,0.6715263444842237
17596.057983279723,9.69285884888415,0.7602376351079012,0.9854283291544796,0.03213022946074084,-0.02878154344749456,0.0053182621963917065,-24.834103194421807,-30.603874046069613,0.657951446799617
17596.06335931769,9.6884916065302,0.768629087594227,0.9637871634281066,0.01754501230874363,-0.05013991970935201,-0.009464624538758244,-24.861171570169628,-30.635021223362887,0.6646816326326108
17596.061491735098,9.68574708131243,0.7528141870309284,0.9660855034052567,0.02114927797688558,-0.043540420188337994,0.000667467234786584,-24.841197874568344,-30.612504016717224,0.663713868294763
17596.04713100591,9.684282411339725,0.7819646455411005,0.9871157718588035,0.012921259710803082,-0.04914907706176046,-0.0015230974223606007,-24.836867879063835,-30.63039992334447,0.6637178720565426
17596.06260646317,9.68578934875872,0.7582417145779031,0.9679210628803847,0.03562894858942832,-0.04503769240151664,-0.009791678776267777,-24.84694480030961,-30.61585343802771,0.6596950128431321
17596.065997957663,9.688010360325151,0.7756712301383611,0.9760000436719497,0.02623307423326491,-0.04031511709325886,-0.004517902837967395,-24.86248766509134,-30.60942219805533,0.6603453555308928
17596.075273643495,9.685087106207503,0.7479395827631341,0.9803894423702804,0.012052797835674813,-0.04732433644181377,-0.009624119408217936,-24.85209720294207,-30.613971473924867,0.6555747647988504
17596.04825710514,9.688105329686424,0.7731657730674976,0.9680012360002298,0.01560072826563853,-0.03762638923403196,0.007207319308505634,-24.845142587594793,-30.623080088566574,0.6808167180026227
17596.069732543543,9.691863336004698,0.7671207642945395,0.9857510741384491,0.005699511538935897,-0.050271555210519,-0.012237043893492401,-24.83508583941355,-30.61891965105976,0.6616860905490058
17596.062661844204,9.676907756153614,0.7619986705897359,0.9870886007260252,0.023831631367247846,-0.037387947528485746,0.008567735774290413,-24.831049598705103,-30.618295791277973,0.6705961775943569
17596.050455284032,9.671553343601236,0.7554724098598666,0.9925288262352147,0.03215887711530059,-0.05557767554380661,-0.012601953821292894,-24.83405227826509,-30.625279187977398,0.6657906610560802
17596.067096904753,9.704759859787366,0.7561481923640303,0.969317091603277,0.009795046440906896,-0.03993675474330281,-0.03363739578210777,-24.84717383108471,-30.61177314845208,0.6584130765827523
17596.064876731896,9.685821757333802,0.750259522323452,0.9728115561791953,0.01946883424404943,-0.03243512659527445,-0.001576716272130772,-24.845131187545274,-30.631347793437584,0.6681915297464723
17596.064463422026,9.682388303730333,0.7662585130532519,0.9733744749108048,0.02352596146749488,-0.055825033652302715,0.006891096892178616,-24.843288363117015,-30.624202625128042,0.6700401728403338
17596.074757463895,9.682432869002907,0.7748080784892644,0.9876177127681459,0.0025138712371133246,-0.03626545417879984,-0.01088229236317052,-24.846305038902166,-30.61759704834579,0.6608157680550689
17596.07032620742,9.677785219481956,0.7600725958682641,0.9823943315289121,0.025636009426812916,-0.056121859976882155,-0.014262097696197414,-24.82776766646853,-30.63367914630995,0.6461268518042949
17596.07186851072,9.69796158046892,0.7711659920527201,0.9651510742260617,0.009783449767717313,-0.04868153373794351,-0.004130294044545674,-24.86012968577635,-30.606790806087442,0.6594392223698211
17596.029208474272,9.700529028699727,0.7700432765077025,0.9803154830984472,0.011750253474480922,-0.057255356971274235,-0.025007206272455076,-24.837217632753088,-30.616144562931446,0.652676171906021
17596.05458060809,9.684442923457858,0.7730082857691168,0.9766422475245148,0.0122072947011924,-0.05995054120351157,0.0005123039117963133,-24.85404937295178,-30.60563514094334,0.6663282043451342
17596.064233696517,9.687000414437676,0.7546274244697981,0.9675464354025348,0.0014489444713020744,-0.0655790580010743,-0.013808979865733616,-24.859980910061353,-30.611608580294114,0.682716974702145
17596.03798859238,9.678139389103467,0.7513061723593304,0.960523520321615,0.013558556202442238,-0.04625308314530977,-0.023618453928241526,-24.841837089659982,-30.62816102246302,0.6722859343695016
17596.07879053346,9.701455663299425,0.7743804317177753,0.9738253072433732,0.02883414698519667,-0.02341327710608793,-0.0236339651021461,-24.852573022297324,-30.61356388978062,0.6614459588588151
17596.059678043614,9.683549607656504,0.7767105238287445,0.9805718141961773,0.010027572101801222,-0.05910326872224263,-0.008445407777535023,-24.852259926778515,-30.619324231285795,0.668312358764934
17596.067041553135,9.687914968189565,0.7699442201969691,0.9779146502888875,0.012319981416801379,-0.02813116442122054,-0.003190837653682776,-24.838807649926917,-30.61408459632578,0.6582495208267064
17596.060409576632,9.694479954025711,0.7492972668250254,0.9692417495870018,0.02327301741131762,-0.05053798305346923,0.0011425283144033717,-24.858126718098962,-30.595009714844753,0.6655140267697939
17596.05642826379,9.687391890812735,0.7662718102380709,0.9718362835889858,0.02623395256544333,-0.0224874979032545,0.0030615081753700623,-24.83439241712207,-30.609990468748247,0.6805703885645015
17596.05975397133,9.68351630981626,0.7523845410245321,0.9837291441009025,0.01709883166024485,-0.03212585576051505,0.019319290284969707,-24.845622490213938,-30.61169704288484,0.6527793303315018
17596.06337509395,9.696800311637617,0.7673068772424781,0.9809696959652617,0.016330898466773085,-0.04232401610802221,0.0025099280155047405,-24.845872083449123,-30.60017795550814,0.6614505458415859
17596.05060206157,9.684285029375728,0.762207924606906,0.9750102118132511,0.013147008087675046,-0.04512120042938481,-0.0010417561904311305,-24.834243286490384,-30.61354114474131,0.6504558943598445
17596.052226958298,9.693525189039931,0.7709797326300063,0.9799444283202244,0.025553388689577475,-0.05605895802438274,-0.0011092726452896864,-24.836950058616242,-30.608575541756643,0.6624732846281216
17596.062107791502,9.691993408799831,0.7684968330238067,0.9722507184528112,0.005439725535168033,-0.04179465306523083,-0.013238856892228916,-24.855517702290093,-30.616871644649482,0.6569374246920621
17596.05729884329,9.700487723576686,0.7609738902982444,0.9797720783513649,0.028728401652603132,-0.029484653457706664,0.0028927927804264708,-24.85666212377154,-30.60738304121313,0.6540075201364263
17596.068363026785,9.68467963188834,0.7684895370196069,0.9800182767474708,0.024761222066840966,-0.039125212969809836,-0.001402792161295323,-24.84401714858954,-30.602148622569526,0.6704255987309989
17596.06454050908,9.698470644633156,0.7589632555774257,0.9749378997510805,0.021199649663178256,-0.05331794152299461,0.0009120793947388411,-24.8475642662334,-30.60690919209166,0.6543389308742747
17596.060384303466,9.68881121963187,0.76640265269342,0.9685121078723874,0.017218865675259022,-0.05735604805333623,0.0031344471232198088,-24.837214669069187,-30.615405779972725,0.6621027825620719
17596.049638557753,9.686197481349678,0.7660889783294811,0.9757666243770213,0.018450842496262318,-0.03734405675856927,0.001510912081585239,-24.84315118303398,-30.602164114226145,0.657712422385824
17596.066306468318,9.689790111985719,0.761436136520936,0.9664205986629336,0.01097230419830721,-0.03900602020368389,-0.006141569034799731,-24.834173479932375,-30.61601324546642,0.6700235670225029
17596.055122853806,9.688720055168353,0.7568232724859111,0.9704388016706561,0.012536441309393302,-0.038903121263998544,-0.027989725643111363,-24.831900188275544,-30.62852819076631,0.6815479704798402
17596.05167594105,9.696139940315728,0.7568864933780284,0.9869788262363778,0.019081920750494308,-0.040886031769951384,0.008654322175368611,-24.84700913467438,-30.61488735468234,0.6715385658999864
17596.055351375755,9.696300702762166,0.7694547601093087,0.9907131890918611,0.00960781684717513,-0.04028692873590908,-0.0007355871760965386,-24.84043730814969,-30.629717033826054,0.66042179484981
17596.061838019075,9.699787612446814,0.7672208339012638,0.9618911748227614,0.02416904108461864,-0.033805371777751746,-0.007451748276695486,-24.830583522710523,-30.61406581229144,0.6425756988462145
17596.06215166515,9.686159444800412,0.7826482726734846,0.9718094909617289,0.0030841968551869933,-0.04397742548270904,-0.004846686439560148,-24.855006461436005,-30.607529673808372,0.6721263399332617
17596.07139272084,9.688548799078138,0.7626298820855446,0.9792782853063673,0.03235975151873868,-0.04573109995148124,-0.00941722566836532,-24.816791919629967,-30.618719556201302,0.6478298883659777
17596.06674956825,9.690208747625325,0.7724613274249633,1.0020780731044365,0.029909347914933042,-0.04528221226304855,-0.004904915326576298,-24.840255034488344,-30.577668727493567,0.6699110610866611
17596.05582716284,9.6895356529778,0.7613560390285241,0.9775579576094648,0.012886771063539203,-0.046758592962356876,0.006674821714047266,-24.858845649944623,-30.633139658604147,0.6627492028012447
17596.05344322659,9.683075328105737,0.7739237097178555,0.9827531685591022,0.028006221098345205,-0.031088706969646614,0.010470040619817222,-24.86034643282568,-30.618100357799186,0.6485485849746139
17596.04774773262,9.686920801244154,0.7653418325448516,0.9696601334566582,0.01721163281811886,-0.039028101038394845,-0.002865585112725834,-24.825630090357837,-30.612215920809888,0.6484092442448346
17596.053732310662,9.683642913996941,0.7796712275445875,0.9909267548455549,0.023760602792216697,-0.030663388968962736,-0.014879517212634554,-24.83033661802764,-30.603017839708766,0.6585214113581441
17596.05661487498,9.676324499091397,0.7669951110704131,0.9783965778962308,0.0205234362372417,-0.05126687330740568,-0.011272195456633126,-24.84140865677938,-30.617239302393703,0.6430609842605097
17596.048577161462,9.696816064116952,0.7575388104908926,0.9702905210609862,0.005170718756245201,-0.05988095831198104,0.008883952305104272,-24.82563263548409,-30.624972144831514,0.6500294189962778
17596.068902446103,9.683865638015039,0.7617232976678212,0.9891361656612013,0.002180597855031602,-0.03824668095916759,0.014055593346722042,-24.839769549449215,-30.626924745071136,0.6635420733320462
17596.056414702267,9.668692414496208,0.7586214165507051,0.9762935696295646,0.008329905539731076,-0.03826799251439055,0.02024758031598286,-24.83326676833919,-30.618394443307483,0.6683357621379791
17596.064282900676,9.691620496883168,0.7836221715071379,0.9808145772452509,0.013408129698371537,-0.03464268343278807,0.0002802418226191391,-24.853018063694133,-30.62250683570512,0.6555310070702176
17596.046011637398,9.700368624810174,0.7704224338976338,0.9672857728747365,0.025474039539686535,-0.05006612842886308,-0.009738950651095644,-24.853706588334703,-30.617062990107794,0.659677416438701
17596.042293653645,9.68478713166909,0.7543184461883425,0.9681425182537395,0.033341243752132974,-0.049941973733155856,-0.0004775907337605271,-24.83881828549846,-30.602590061239976,0.6588896770258977
17596.066370164874,9.690018724387789,0.7738666994700889,0.9714490289987553,0.00618670653927164,-0.018011496237081915,-0.006659105931595529,-24.842490888650097,-30.60797272814428,0.658068570526839
17596.05423234789,9.689148709274662,0.762158622617166,0.9904862798694056,0.007394731612079252,-0.03897751288927154,0.010680716048144991,-24.839848223342642,-30.618779052832885,0.6501167831076721
17596.055319438074,9.703649809656676,0.7830173452802729,0.9744339511695526,0.02228782749879282,-0.04754286990992165,-0.01882464194865533,-24.853020983257398,-30.605466732737035,0.6710268698909074
17596.050241695088,9.691433758414878,0.7734103682959796,0.9510419485797917,0.019570039875388537,-0.03597406721655842,0.018963907577565733,-24.834937696482438,-30.613313401961076,0.6752979393936308
17596.058779385432,9.661219094595909,0.768770904034604,0.9714034580118112,0.01747340670261427,-0.03589618618021054,0.0017039117400523135,-24.84215468659091,-30.620943053908498,0.6753393095183755
17596.062649678275,9.68141412703895,0.761542242152323,0.972046521702447,0.009942409270559262,-0.04412403348168742,-0.023235661163461135,-24.837259603104073,-30.621348397420384,0.655235334660904
17596.058195190526,9.662197514770737,0.7741546434727874,0.9649923193372425,0.021437891066787694,-0.05028037346038859,-0.01379917928143443,-24.83876472884402,-30.627078478506427,0.6719245368129104
17596.074725552062,9.68075022731513,0.7678857114210228,0.971587000944854,0.016547765356035686,-0.05319679587463445,-0.001663340219757216,-24.839620273207654,-30.615240973637487,0.6708621162110269
17596.07561828139,9.693864323087933,0.791968007982771,0.985927197501892,0.02470724967254645,-0.03906516701755098,0.009751674018012007,-24.840812476454893,-30.629984863284715,0.662599439588089
17596.067648975128,9.694836089758848,0.7768525687418655,0.9611649752986293,0.007534327480583556,-0.03550262184830647,-0.012811050346257128,-24.843081463484804,-30.628272060526907,0.6438708866979258
17596.0581355071,9.685573077211115,0.7697571916612536,0.9794601205721601,0.013833462257539493,-0.034128495076423425,0.01396681945594086,-24.839086059724693,-30.623439137130298,0.6708869078620248
17596.050677003954,9.700492388352478,0.7596939596924264,0.9932114716978748,0.019239834009326665,-0.05136814550223766,-0.006372379721507022,-24.83966585298247,-30.62066046055614,0.6615210166957466
17596.062808614424,9.680698191507503,0.7651649959270275,0.996575106140643,0.004700470927141393,-0.041726585613131376,0.0131836700328436,-24.8349299194041,-30.607643494472544,0.6458046236723481
17596.06755935976,9.66873173661786,0.7600375423101865,0.972260698753554,-0.01269168378838545,-0.05272808804002455,-0.002097795264388488,-24.83907581275674,-30.627256733561797,0.6654965475357568
17596.06038567302,9.679715048165843,0.7486341831865848,0.9712555885862247,0.008681788007402056,-0.029377289271909565,-0.0046104440972947955,-24.84487255716397,-30.610589860900447,0.6569761234249061
17596.066344638006,9.672645081898587,0.7654179482987307,0.9673740478644468,0.010056940883530497,-0.04464202278405908,-0.010649626915480014,-24.846183445199017,-30.615644244476183,0.6523979233239386
17596.0413702502,9.684641129070403,0.7644267773633278,0.9761305300265206,0.019648117584545044,-0.031131439053647736,-0.019737773150843352,-24.84264256640132,-30.62361705342346,0.6794119042628946
17596.06590038135,9.676702167670673,0.7618218812248366,0.966307747235075,0.03757741211609396,-0.04047867217440777,-0.001813636562317711,-24.847361721937748,-30.621027070242114,0.6554792896192532
17596.042673905707,9.680523678701709,0.7697259166059859,0.977278352387485,0.017222424375605727,-0.05191003395914109,0.007746772759403531,-24.856644401305953,-30.612095776675478,0.6652577798110367
17596.07067853817,9.692272320076798,0.7658780351123494,0.9831625526715981,0.011164809981854913,-0.03892069772951798,0.013137388906996464,-24.851734399721533,-30.62472606921237,0.6707699023339372
17596.064449736365,9.670983692391806,0.7793226306068138,0.9845952514636569,0.021438002130113744,-0.0116540432715274,-0.0008766058421025374,-24.83722053740726,-30.62044849110877,0.6714523672523429
17596.043876488973,9.694959404424806,0.78160107112111,0.953155329778606,0.02298693734342645,-0.04763280686920654,-0.016831072144525932,-24.853229585950437,-30.616196609215798,0.6645203505908038
17596.06537445929,9.684976415982083,0.756496325281151,0.9756000295112971,-0.0010493114964155482,-0.04270213408759992,-0.0064125497515250636,-24.839614037943555,-30.610343620614312,0.6718713820531154
17596.078792045148,9.680822825249361,0.7606013337510947,0.9742456904381468,0.03737103370657269,-0.039645286974066864,0.007905156822663711,-24.865177735596305,-30.61300705812868,0.6664227949234856
17596.04730882396,9.708542374259219,0.7597263456532205,0.9662765649783595,0.022629593107928437,-0.04748441509220754,-0.01365808155300774,-24.829215487895933,-30.61639020713121,0.6540285126159333
17596.065687692124,9.686689527276627,0.7678212999441343,0.9790857198102854,0.028799368660445683,-0.04099301560914526,-0.0003590073432655793,-24.84414032686086,-30.61572032940777,0.65111654822309
17596.064875651322,9.689819305256279,0.7869245167328912,0.9856923078438858,0.037045950694431506,-0.026938067775396635,-0.0006704799119006469,-24.831619077202284,-30.60621888496681,0.659203043060556
17596.08058994543,9.681589783164403,0.7652648521233949,0.9764479110615973,0.016563337211215175,-0.03700633972800699,0.001520939259147266,-24.839817285904168,-30.61087721999406,0.6617276841270675
17596.07418915612,9.678452463405364,0.7712434631052829,0.9530139587961336,0.01094241684812519,-0.03422340242532855,0.004892957339890554,-24.841641665518658,-30.614322957594258,0.6585530636478536
17596.046881284732,9.690595022984278,0.7512092852934457,0.9799355365270522,0.02509272554452834,-0.023361665439908672,-0.010969768835698451,-24.84995193095231,-30.6300276607866,0.6717863098975226
17596.04847317407,9.684538919563877,0.7679660101516252,0.9680669644809481,0.011681573683551529,-0.04958803126734349,-0.0019983981581391417,-24.853050916596345,-30.621823893875685,0.6684730758862036
17596.066951161734,9.68966558431282,0.7698013617013839,0.9772256106320374,0.0031168259656122015,-0.03380393281793845,0.004060068622057562,-24.84522533484431,-30.623081509613588,0.6562555444202591
17596.05523038369,9.700920347789701,0.7679916900303848,0.9701529041879029,0.010931952717513196,-0.051469107032273274,-0.017565414578332113,-24.832131385573675,-30.620273982596718,0.6496717047941536
17596.06495753509,9.685915691442187,0.7506510405049808,0.9752775461353915,0.03451526076443594,-0.04124188036923727,-0.001885055724528129,-24.832806044046432,-30.629568223147277,0.6601346724522684
17596.05553410463,9.694746415570208,0.7885662713747329,0.9833119653214452,0.02362409329672297,-0.052285988399928714,0.01647107961571784,-24.85260728439678,-30.61035125751495,0.6474681644804642
17596.049457261302,9.683155809379262,0.7704740744055704,0.9713596148291417,0.027668453616268657,-0.04319239858681989,0.007354311112051104,-24.85314107196444,-30.613942047457353,0.6665269511686365
17596.057327287625,9.682472029533141,0.766754713104785,0.9891572723063654,0.008496209192839464,-0.06324451154336061,0.004357172340453698,-24.843002153785054,-30.604669575749288,0.6817140394906628
17596.058872999485,9.701299348339347,0.750583455174996,0.9753152104261085,0.0164874686029105,-0.02739752009761176,-0.014807027365843519,-24.841515854185296,-30.637955912270915,0.6618815645665342
17596.062147613065,9.692814429509456,0.7847965479045466,0.9546474202521869,0.007780394895245832,-0.053750800214112895,-0.00895850976305459,-24.835603460603775,-30.604265411638572,0.6636356845401692
17596.07408030326,9.68501380251888,0.7661867906350683,0.9724001085134653,0.030562733328891742,-0.0516438253198568,0.012772874642862163,-24.830430761937144,-30.606706988290096,0.6625249024320483
17596.067737744594,9.683305133870677,0.7565039135495555,0.9784531619292013,0.008153515400272359,-0.024622654702567276,-0.008667048795507011,-24.836197327333377,-30.62608845219208,0.6635119672242392
17596.050085410607,9.6677910656612,0.7497517650371034,0.9667442701252713,0.01809234904293655,-0.057153132680573954,-0.017863533466110724,-24.85509044201044,-30.60934189535761,0.6707281776432797
17596.058769156,9.68617111054074,0.7828114558228373,0.9773691881797357,0.010555570282797199,-0.05418212377293315,-0.0024219393471230886,-24.865966802080482,-30.64117862017974,0.6831090663232168
17596.05526631644,9.696971824231737,0.7782042039326376,0.9928384020277733,0.015597918856150432,-0.05879069783498629,0.020689063228657083,-24.86674627415998,-30.618451913660184,0.6575422501088485
17596.05324943383,9.684274364171703,0.7583528190466293,0.990007098093701,0.01801144059950515,-0.050291827403084,-0.00021389633734342477,-24.8413940226256,-30.622504902427476,0.6590138673523326
17596.06066786212,9.697055307826242,0.7649843904437788,0.9650148211836266,0.03254573995209953,-0.050557649858450515,-0.006054778793978239,-24.837943897279093,-30.630007416741833,0.6460615717482752
17596.0525532233,9.695770480117357,0.7600868584720684,0.9701092868877238,0.008058931954674145,-0.03778097519911094,0.002578960231381406,-24.851664295547984,-30.612581831539572,0.6764699888774262
17596.066316862773,9.68861162024026,0.7694776682931432,0.979605331090719,0.01521383020557579,-0.03134585982802199,-0.017136950347749424,-24.856377041051648,-30.609490569945265,0.6586285829274674
17596.05378203415,9.684606402150267,0.7627427142192595,0.9740503602904725,0.013957844111535594,-0.040097382242126854,-0.00772772498726536,-24.848663304996986,-30.633916013599872,0.6782776434107213
17596.04318097687,9.704653019258705,0.7748350153342437,0.9765726575663417,0.0022441418917199026,-0.04403703835615658,0.00019966196629052314,-24.841367823589085,-30.610769492871174,0.669989461854285
17596.059240284187,9.696829593243772,0.7628874709428455,0.9719049608161252,0.009979022462452417,-0.04156628096366013,-0.0098241219597686,-24.831442759132024,-30.611200150408205,0.667220767795991
17596.062870237547,9.677688482411524,0.7742255458077129,0.9702251350734744,0.01963836803033761,-0.029794661394963125,0.0002550709902997025,-24.849197027294657,-30.60763035073969,0.6545699714828112
17596.07314496815,9.683035938785153,0.7701690159086416,0.9936594972540828,0.006814615840636749,-0.05653974127594337,-0.006045577935890124,-24.83779015286475,-30.613328726991348,0.6684455707849721
17596.04961139379,9.695692577101857,0.7762584132100564,0.9869549150655488,0.025386189820120194,-0.04801274702741883,-0.0005935472215752909,-24.826745722913433,-30.602593232696606,0.6726432510386453
17596.05159647983,9.69918959346332,0.7551642734570181,0.9639663079889441,0.031203167359623925,-0.027273970510944226,-0.011639008865082456,-24.86077587660781,-30.6199947054049,0.6649547908365518
17596.055191736054,9.689943847767589,0.7721977168311716,0.9694750474201086,0.037572594986598276,-0.06363294571222639,-0.01607074671750246,-24.85165382384806,-30.61073216099003,0.6469883717345142
17596.052894266286,9.684497583148485,0.7686947481101353,0.9851219033846916,0.022410103696809146,-0.04754671635058356,-0.0021538242225036665,-24.845609269623615,-30.63457262313441,0.6466489967117313
17596.0617794363,9.68334826675267,0.7450809443428862,0.9582498757571205,0.015601989338310137,-0.036441151185401095,0.021973780458914283,-24.844859550098846,-30.61721820049508,0.6724703360471621
17596.063277771027,9.681471594170842,0.743015169261178,0.9599523673359429,0.025571630323951364,-0.02867518374181127,0.00602976885283807,-24.845525823143447,-30.61058354138962,0.6423133124249208
17558.054996826424,0.6972138792486927,0.44084944467947806,9.904887651539743,0.007165624508163756,-0.028625570426618317,-0.011051493556816845,13.142693719526136,-29.86228828658605,-44.39367525791472
17558.046083752888,0.6840908216912934,0.4331370296220666,9.883675127280746,0.020551925984373717,-0.048115377020119206,0.0032391007945868477,13.129115691325019,-29.865774237244683,-44.395101541427174
17558.048381981436,0.681919258853054,0.4304963947949008,9.900674407698663,0.025425346841474104,-0.03698168758248892,0.0017143452594855885,13.14950215119613,-29.857571616735957,-44.39321016295895
17558.049638660123,0.691785133495553,0.4196172327989436,9.90027861563588,0.011567321524864678,-0.03297493238079687,0.00017322813299471993,13.141246588154882,-29.861257945337293,-44.413603677794015
17558.05774446534,0.6857690350284287,0.41769822837885895,9.895348389245896,0.01805227892129395,-0.01639365162530977,0.0030728997579728603,13.143508961531953,-29.867567557249266,-44.40082813067691
17558.066480874597,0.6889165474893229,0.4500920557493036,9.881457882892999,0.026114022818024094,-0.03674268405048029,0.006178846503282692,13.142031210058107,-29.861418355992694,-44.40269456496841
17558.045093233522,0.6724001713275835,0.4278444527814055,9.900212118122015,0.005634002108621262,-0.04872071057870953,-0.01081292845012281,13.153419654549282,-29.8785342520103,-44.39817958822185
17558.034722754517,0.6999597445763042,0.4459068532444257,9.877425632732999,0.018724563789062964,-0.054328174058473844,0.011898193880008876,13.128395272902448,-29.84908912439641,-44.39879999406401
17558.052228348995,0.6935853624421741,0.4380351175983122,9.883812861585167,0.00181972367325366,-0.05330968513568226,0.0005507885074597736,13.116153474566394,-29.85138721924816,-44.40317819625797
17558.06657533316,0.6868071033607785,0.4405143512765876,9.870167323007294,0.0027832772311657625,-0.03895021611808084,0.010099271437196277,13.1523335709673,-29.847808001255036,-44.38935958001052
17558.07411951888,0.693348946923506,0.43770644229808925,9.89198624081217,-0.004278315910167916,-0.04847909314384742,0.006794781238089242,13.134081528664144,-29.866158276479606,-44.40102948746165
17558.064208045256,0.6780593123694068,0.41373417890164677,9.874418293337845,0.008103171354352475,-0.050222335269610736,-0.006117724427502871,13.134286483742569,-29.867584932481613,-44.37739815583965
17558.062408563183,0.6673257428901557,0.4407030302552962,9.887145768712418,0.004016410367411112,-0.03628719984587509,-0.011414449088534829,13.143744138378642,-29.85285006683947,-44.38344493307255
17558.064668516832,0.698809197554329,0.43445612299784186,9.888961846912544,0.00914521083576108,-0.04529549525826644,-0.003416521379842605,13.132574284037743,-29.872125541299777,-44.40407320587196
17558.056645102337,0.6876707122678859,0.4340659482985392,9.89907706777197,0.0033861501356823986,-0.052714705576020995,0.009627495949122046,13.14976826512165,-29.852512397476715,-44.40252069459988
17558.067010071205,0.6792770243923857,0.44633876404497314,9.882215570718186,0.0334244605572392,-0.03605937784916847,0.005189202041049562,13.129584945066762,-29.85358157864168,-44.40203512341591
17558.08290249771,0.6793063907668704,0.46036083246679316,9.874397168818305,-0.002242046431490015,-0.06400177773500212,-0.005217806149088606,13.131934046973527,-29.854972395953297,-44.39123007704043
17558.053512279006,0.7047958493594356,0.455736703666547,9.89324034364886,-0.007269805001060453,-0.03539438974643365,0.0024047294908342157,13.138621307150151,-29.87037656678249,-44.39528808168434
17558.047984208235,0.6764792503613979,0.4333408293161647,9.87605748060329,0.005873199971832739,-0.020791724601596156,-0.003906601178965392,13.140513278094318,-29.844491056533723,-44.39072757762591
17558.054730408112,0.6855354790651579,0.4388858528173797,9.895951948110557,-0.0032227490468585886,-0.04394943796122092,-0.014032576385602551,13.143429459139973,-29.858473402296493,-44.38297360198529
17558.05388084622,0.6933831636919843,0.44295958677006425,9.89091664251598,0.00634696120004874,-0.04817109018680438,-0.009838857780267723,13.1221739671865,-29.865926257704928,-44.39027119018371
17558.051112915062,0.7005435165245361,0.43657305877054153,9.89747283163521,0.03678275277264573,-0.032829654072997976,0.011761396495157431,13.136196470231102,-29.87453768897432,-44.38519874827292
17558.0529096189,0.6841440112315343,0.45707548105405954,9.89405647903351,0.012774563860899677,-0.04202638103110684,0.004783769263618647,13.128528614237435,-29.864018841228987,-44.401101195950226
17558.055093789608,0.6851876896177207,0.4555411615550487,9.901668383037014,0.009374222171459798,-0.036532983607718804,-0.0038884611152342832,13.140180642545724,-29.870779730348172,-44.39478505595836
17558.07353876883,0.6839076630515477,0.445786974444163,9.881803383249585,0.001381195858287403,-0.0425147226238246,3.8405340489033706e-06,13.140233347963608,-29.85225466067168,-44.3915409820571
17558.045327182423,0.678355330683923,0.44104450884005686,9.885271836733871,0.009144557617267533,-0.03428020757796463,0.0070692664199892685,13.126524399038034,-29.86563778137613,-44.39169007835543
17558.05709183151,0.6798371289873609,0.4346890406381364,9.882653641280367,0.009114196007794038,-0.03981691967040456,0.002893113394898464,13.126853629509418,-29.856115385283093,-44.38344831518996
17558.049753764535,0.6902717671288986,0.43786152204604983,9.89065427080432,0.011036967608572552,-0.05445596677856675,0.005925239363438408,13.145902804273708,-29.87118079100745,-44.39420970948294
17558.058910811065,0.7050002603558191,0.43909005065659207,9.88025972894891,0.0019731000584781895,-0.04881906137824931,-0.0026469487473940036,13.138518780039165,-29.865713718643093,-44.40793048786939
17558.04691307524,0.7017299159813453,0.45130331374148813,9.883063177170147,0.01826989078109602,-0.02968185519567572,0.0021004384643196743,13.134273921725997,-29.85600694419295,-44.39207452850144
17558.067323484967,0.6776408221757666,0.4295339221368878,9.876190710848777,-0.008926016835308985,-0.05866319548155793,-0.0006558298314376898,13.132451502660055,-29.863108827341556,-44.385604513508156
17558.027750086447,0.6851298482287387,0.43703818694075347,9.885325279065055,0.011563553946186475,-0.03757263501580773,-0.009152905325856624,13.128348266483346,-29.87146753317075,-44.3861467508384
17558.067362398313,0.6989962068244479,0.42714074220744247,9.875827651189791,0.018693143193229504,-0.02993389620409759,-0.011025718919688683,13.148162297028975,-29.890216490758554,-44.3872162692825
17558.05247279843,0.6924827990325193,0.43518297907281417,9.86740253784568,0.015456590619012986,-0.04811529808643274,-0.0046533012568361854,13.149632437017814,-29.858818467175304,-44.40685443562831
17558.066477615313,0.6934388666299466,0.44317850414877014,9.879625654466501,0.0181540828217153,-0.04803412309568867,0.008667867035510127,13.152629959888658,-29.86028315216095,-44.39200711504226
17558.05721437459,0.698814689717323,0.4309966575702053,9.89351216632653,0.01255251252442184,-0.053683526748008095,0.009509636693697563,13.139070764002174,-29.8637678559966,-44.40680854797167
17558.05142625399,0.6864743045815134,0.43206173630633554,9.914358241266704,0.018316308161012054,-0.05146956988461701,0.009350309423882259,13.142690693050348,-29.869148039434368,-44.38800486918161
17558.03859198812,0.6899533960632327,0.44294231456314614,9.875781378077114,0.019426583630467134,-0.06089485858253653,0.004964525019405571,13.153544812834157,-29.844209926689242,-44.408377044753294
17558.059529600843,0.7009965116879641,0.4164997838726849,9.886429839667922,0.004144101473452703,-0.05845967877981572,0.00023023179941672142,13.12644691967856,-29.88181966105567,-44.39625254969304
17558.059212680182,0.6928770922953521,0.43464031902757944,9.893062315606793,0.01875815397265758,-0.05610169140939296,0.01417402387648903,13.124442613290583,-29.863328709259893,-44.40784320224714
17558.057077719925,0.7051722472680172,0.44345983683388185,9.901036462104974,-0.007729610710151253,-0.05740179531255502,0.007608980456806785,13.140078562170817,-29.851397650552936,-44.38634545473071
17558.05053525843,0.6990393806517119,0.4384843116501669,9.886719303377866,0.012250115942529923,-0.04151501946887531,-0.011280684762743971,13.137822855388334,-29.852810773398833,-44.41382036919012
17558.054339774142,0.697663391331929,0.445267240523765,9.897040202177509,0.02721199909058406,-0.05768257698244702,0.008429885361940299,13.115895147123519,-29.85481132162414,-44.39803371759459
17558.052467795704,0.6861324847798421,0.4329094669267519,9.880882410125366,0.004695759637513611,-0.04488106889058958,-0.009838881732171291,13.145297082714393,-29.86643078508843,-44.38332061169355
17558.062746160507,0.6884674866743423,0.43323364547154813,9.883376129895792,-0.0021996361770964153,-0.05970460375161282,-0.007565720250138092,13.130640925587986,-29.864970337377123,-44.386261753562586
17558.064203028574,0.7086406899103432,0.43483245607450605,9.885416658065429,0.01086795489169348,-0.049329544290430107,0.00947222202410233,13.141829454431507,-29.859772812367083,-44.389487644397406
17558.06478351025,0.6834100138804537,0.43442446511230665,9.887806129955795,0.005831705542291547,-0.030136041701386784,-0.018737409353427922,13.138819565059135,-29.844930065536012,-44.392894595249096
17558.051970359647,0.6885343406832338,0.42707746589853013,9.87260054985222,0.025415049833977472,-0.05717343170693852,-0.03103945266916003,13.138224841778046,-29.844334596851827,-44.38119148847503
17558.070831996414,0.6851073506697825,0.4286144276507586,9.902230354541508,0.012464893496284964,-0.045229319905037715,0.0067540168950645805,13.137450074700265,-29.8660645666481,-44.38464422084065
17558.068731475698,0.6729964724723434,0.4474579487428386,9.899350163132176,0.018734665703355483,-0.031527805503163586,-0.006213051460515787,13.144328187506384,-29.861018676968516,-44.39173666545498
17558.06164562164,0.6861264594791197,0.42901562361510903,9.878412577837924,0.007541394617667481,-0.0464166143592202,0.004309367941920456,13.130918799890381,-29.84685474208402,-44.402293999035706
17558.053226340675,0.6774054403445479,0.4362476588341261,9.89443245957506,0.022143865408308677,-0.0374125306770051,0.003592925059158191,13.141420969876288,-29.841239580165492,-44.39132862460518
17558.045529104664,0.7033652940218713,0.44834828577597036,9.900234782702709,0.0038473065447010533,-0.06252619870037626,-0.010987974399667094,13.14902132859598,-29.858612093715394,-44.391411082717724
17558.07874775258,0.6842961573251609,0.4482217324244544,9.888683488994927,0.012431531278699089,-0.04787437798691886,0.016353446650640247,13.147397611258963,-29.85029796970938,-44.372998916991
17558.0547231873,0.6936944001631509,0.43008066674756595,9.872796706388257,0.02305177806898814,-0.037562387490070695,-0.020788697502905594,13.134328039386101,-29.864880423146506,-44.41048574982644
17558.04915406772,0.6929589683699157,0.4518439879728886,9.88137444470269,0.017489011381810658,-0.033501624228808695,-0.01961226329446622,13.138690614569592,-29.85936228796554,-44.40781987501582
17558.06921942383,0.6855828126453721,0.42597627180454545,9.894497883457843,-0.009934066345548156,-0.05585091996322043,-0.010396356512769983,13.135529155815533,-29.857383813732405,-44.39078339188698
17558.047482846814,0.6814471620064118,0.4633753841971382,9.87630021609085,0.01534938672484751,-0.07121093594088818,-0.010159746837012672,13.11663883408492,-29.854142273469364,-44.39770269186039
17558.054927397076,0.6903053008436977,0.440538368489953,9.883355458992588,0.009314127933310577,-0.02462241432661332,-0.005615638098974133,13.130186601527726,-29.86808124296091,-44.40458804494278
17558.07313568828,0.6837271324166605,0.4455721123826519,9.896199336763262,0.0018965737946421111,-0.03429654086313557,0.021346509112082544,13.17130735758825,-29.869741896046783,-44.38352849664751
17558.07256166985,0.652675495515001,0.4277949415744511,9.901655720071895,0.01450005492222603,-0.06496556256709726,0.00900838071792776,13.131240365026018,-29.86699790320565,-44.3791684752512
17558.051032567633,0.6885461026351928,0.4332675134869832,9.91444760098248,0.03667836367555791,-0.013241560340044138,0.01099918299195035,13.144265335852506,-29.85482714737757,-44.40246386632193
17558.051060663624,0.6766700516182741,0.41603946082477733,9.89606942275755,0.014058212988928186,-0.0437549299406369,-0.008953203322375964,13.13299906433705,-29.87289731466082,-44.40115366354018
17558.04499583391,0.6797337235206489,0.43882343834990883,9.907058273701724,0.0005988929977402881,-0.05703754286817493,0.009805797394793153,13.125152077825877,-29.85798913134083,-44.39208961460258
17558.05698282646,0.6946750100927076,0.44126800677215927,9.88742102376127,0.0009883167101775309,-0.038645245629296,-0.0010345869697811372,13.139419173235883,-29.858586281747815,-44.37784069664377
17558.042471927998,0.6704797007375305,0.42486759112851363,9.895636294427323,0.035684384753688736,-0.03852174291422791,-0.018870218950568455,13.135924413940174,-29.864216660040956,-44.38694011857247
17558.06161295883,0.6704027853965792,0.4310511429868535,9.87324898575931,0.014297600444699993,-0.033370628584742865,-0.0025470459101873608,13.133499341156023,-29.86350925821111,-44.396014310975715
17558.05187674199,0.6792612946245776,0.437902534823261,9.856263695442832,0.022702791024684442,-0.03377043171359463,-0.004522406823208331,13.143689776480057,-29.864903157340883,-44.37512135327766
17558.052774376072,0.6896315585639848,0.44377879925408736,9.901948820275702,0.011190812214425928,-0.030409439832362224,0.0010025826600425507,13.145485885721087,-29.862093235202945,-44.408375269772144
17558.052451107284,0.6766687888929717,0.4325817273419704,9.886325626134871,0.0043982363718317015,-0.025617329177804505,-0.003086003114702747,13.135666087101587,-29.85528372798019,-44.39368904730381
17558.063101940013,0.6854685070654475,0.43149900482599735,9.879881649154314,0.018925237245840196,-0.025137744170833556,-0.013477264409736692,13.131591847150265,-29.876014648981986,-44.37763452181244
17558.0550589501,0.6756489890771894,0.43875991416228954,9.901853433087885,0.01421738604479544,-0.023399036869632975,-0.006438841763909562,13.141544412661814,-29.865668149395294,-44.40296614750145
17558.062164081035,0.6640991261406897,0.4285440170297262,9.890780822214117,0.012883457461794937,-0.04552582685549456,0.003902478333082153,13.152555134918602,-29.868343594081797,-44.381960283842886
17558.061653844627,0.6856574426976683,0.4474657565448128,9.891250292167257,0.004818168855772129,-0.04745297920166267,-6.567571033732342e-05,13.114677108564281,-29.846296605056303,-44.39548413256521
17558.063078648694,0.6939565581506215,0.4292894204291839,9.889524315510704,0.019542414051700006,-0.016456163762036385,-0.0006264870626901018,13.133076173492512,-29.85724203917553,-44.38585845595842
17558.057165953847,0.697515722045602,0.4446782799103528,9.881192080831571,0.00246931441092218,-0.03812618104509696,-0.007382325339787201,13.152215573244591,-29.848512619730048,-44.39885007859984
17558.052680599652,0.680460485871121,0.4389962431735305,9.905577387939553,0.018211950610466526,-0.0539616331033418,0.004404648508277766,13.140061564948322,-29.861467000361287,-44.40225151407392
17558.055220197126,0.6946029450248798,0.4340588564971574,9.888850551205136,0.02314421075526112,-0.04198142596787271,0.0017154151247725064,13.131627157442159,-29.847098303745422,-44.39560128795959
17558.05279689674,0.6945176957437195,0.42052547283686864,9.877395495127885,0.004030488766696124,-0.07484438231753417,-0.008711701241992473,13.15103219173781,-29.86271199165286,-44.401821749515136
17558.048912279563,0.6874163870804006,0.43954866999943526,9.906251686378429,0.0029538188433069924,-0.06299773613142895,-0.00350871453244935,13.152282637164467,-29.8742037577985,-44.38474794050586
17558.047616600354,0.678097776855704,0.4194443408808955,9.902912443226978,0.024908340214066665,-0.048995226733067464,-0.002106956828193408,13.158253674138882,-29.86880863184955,-44.40247340899092
17558.04878117297,0.702818930911074,0.4414514131395714,9.886455853481737,0.0095894286654687,-0.053381980827227206,-0.0017093775004755813,13.141982965682567,-29.868161969751913,-44.39860747242844
17558.073241054943,0.69031688562593,0.4467316303969754,9.900706249475537,0.006397808797869427,-0.043796031787478595,-0.006439015753012283,13.143772522614897,-29.866938053054994,-44.39199781340516
17558.062550184986,0.6811745892341158,0.42908217650607366,9.90287040337205,0.015827722273592734,-0.05354174985041571,-0.011218131674301184,13.132131567779247,-29.865547655832316,-44.40084049481259
17558.05654715475,0.6765831363614259,0.42949376310574405,9.898017681395796,0.023677163360408836,-0.045077597480076295,0.00838895723678914,13.134775573094881,-29.849603715382894,-44.39714443697855
17558.047664438538,0.6781290816878259,0.43928914262033975,9.87967983376889,0.01279859727367121,-0.05414221600734434,0.0031863815397185627,13.141914021108315,-29.84675963880153,-44.38793319190124
17558.0496486214,0.7049855298427097,0.4340458349789565,9.901939749447589,-0.014905721711858924,-0.039113768746915314,-0.011913059358997358,13.138524183693189,-29.841311026069704,-44.39706659168616
17558.053393893635,0.6858881842476099,0.44435277911903054,9.886305571784812,0.014139468898830028,-0.04656352613811932,0.0014993093671190792,13.132522471857689,-29.852520299027596,-44.41784042261995
17558.068728929287,0.6949740973971463,0.4397788676855486,9.896254922872297,0.024384202807590037,-0.03789599673635288,0.0016940001426749925,13.13397605465414,-29.8312841496263,-44.418278747385365
17558.050465585366,0.6698740308871084,0.4200177629369444,9.899142751601095,-0.020415009659535625,-0.05738058655862037,-0.012383540249245,13.147184978857263,-29.859725459939252,-44.40222897867351
17558.042426334825,0.682212451102194,0.43956504268584223,9.896724445742988,0.011362158151994078,-0.048349430106132255,0.007694283233464655,13.130912510803212,-29.846256827400033,-44.391807763335386
17558.054784893273,0.6980193161209902,0.4522243260100878,9.889728623152353,-0.0016643464285705806,-0.028995368094440158,-0.010917603533349423,13.133268605060774,-29.8668034952962,-44.3840031936416
17558.067754505588,0.6904215378662777,0.4451255732449402,9.888538756674327,0.010231352209574775,-0.03542131259336409,-0.012897964605238215,13.138535281398447,-29.8404692487187,-44.38422838303109
17558.06718058767,0.6790479441983454,0.43695119276875904,9.88751841448312,0.02640353522169515,-0.03858794689224279,-0.01137409572639539,13.132727110313564,-29.85214113525609,-44.40038335516226
17558.07097220744,0.6845378052129062,0.44062902856886466,9.887911516292723,0.01701765988930687,-0.04363531055830779,0.0005719551909904917,13.138269667644279,-29.893317136368104,-44.380594624676576
17558.047302727213,0.6747164300887661,0.43961610213649216,9.889387040346326,0.006717843795293774,-0.04511688189243476,0.01100185455153176,13.154554192561577,-29.857717769463996,-44.392949342770244
17558.066832930588,0.6867077480563462,0.4282601604408237,9.892571034582172,0.010169785190277928,-0.053365575349965784,0.00018687135823815086,13.148308331504783,-29.855826346379523,-44.400625826309636
17558.0512581272,0.6876435109533178,0.44170457933040125,9.890525023625742,0.005839160363741442,-0.06764670706113667,-0.003098114698642228,13.141337760203513,-29.86573864450002,-44.40225983677492
17558.06660454189,0.6980501997856792,0.4373442146074142,9.89905289950245,0.016786838805490006,-0.06886884889909409,0.01307510073737971,13.135003337004557,-29.86088499014965,-44.39310538456501
17558.0492931382,0.6820711298760356,0.4492030681840045,9.891967869407356,0.004027370028859299,-0.03467073976724829,-0.003878819105252412,13.129147652736384,-29.86163184328019,-44.41002568958776
17558.05145869764,0.683059519566178,0.42481423712443267,9.87795872200038,0.01960403270675616,-0.05057888948903903,0.01299017944145189,13.126213819613938,-29.858906500817202,-44.38964089487548
17558.050127462862,0.6881195073311412,0.4371112824653856,9.901546308954332,0.015460857834416955,-0.03768062885719939,-0.008310387494081925,13.147079398828165,-29.861719809488395,-44.38405858387056
17558.046251554166,0.6982715782056013,0.4133883946381051,9.899926937961272,-0.01361713101155095,-0.038720771799038156,-0.004984805475125694,13.136925891830657,-29.87008098617384,-44.40013283450074
17558.051215474374,0.6888012868328913,0.43401655479554063,9.880624775511183,0.028073987333620626,-0.039770670198415986,0.006794764279788781,13.14669680848034,-29.856488229614257,-44.37788848863337
17558.045474412396,0.6999532927021151,0.4355164627787791,9.904937949373323,0.015832215814890582,-0.059447100734739404,0.0011054094686823329,13.129242546666038,-29.861724790404605,-44.38911142415868
17558.05728783753,0.6962497761471687,0.44078992312262655,9.898736405507075,0.01642464074614438,-0.04017412707628756,0.003238102119325849,13.142997396422155,-29.857569055948186,-44.410979432741705
17558.04599050327,0.691310289734348,0.45435568208319266,9.89599278475956,0.01092963665042086,-0.05201371066823215,0.007939261478650463,13.131214917619491,-29.85477602347525,-44.3899588256092
17558.053485627068,0.6838992845407706,0.43559813747872583,9.904806342483699,0.007341420604692515,-0.03986647683184301,-0.0005277626360123459,13.12499562480136,-29.846576750051664,-44.40044102648671
17558.05678257249,0.715795530725202,0.4434792960626831,9.885829068810223,0.009218243594282506,-0.05863497403939821,-0.011563175373041664,13.140607348617625,-29.85430584676309,-44.38763889107917
17558.042824050815,0.6880080539118515,0.4239041313406411,9.903316688129262,0.028598547892319574,-0.05033012429336324,-0.014980377833317118,13.129080447988365,-29.882273889980517,-44.39467982186482
17558.044891092377,0.6841496045312832,0.4483369112618208,9.868303394953378,0.024560130240202226,-0.04125139109808236,0.00617209832788326,13.121460770058995,-29.86903368970127,-44.39370127601741
17558.0552475066,0.6756490617499731,0.46421163306847585,9.912545930201247,0.012036356209959792,-0.04419584129898192,0.002970139222807264,13.133362978085108,-29.87208267814046,-44.40282958305419
17558.05817883299,0.6920083438653554,0.4383220469003911,9.89821713244885,0.009601532082543439,-0.04915483987321613,0.0005537097529976064,13.13577251795394,-29.85900367082845,-44.396547604148296
17558.059722039292,0.7038440221565954,0.4462597182315132,9.891427520895313,0.0145716262328833,-0.05663031269295891,0.004985353037898878,13.150836594898948,-29.858023170090604,-44.40235668628539
17558.04000259141,0.6908355283410171,0.4297362868154313,9.87411484421306,0.01315702105649075,-0.050263464718558706,0.0005481149271515137,13.135709099616115,-29.850025558818885,-44.388062237745274
17558.06195774876,0.6810239949976881,0.4192825388917424,9.893646159563158,0.008954253272390893,-0.06813674318389665,0.015237736706573838,13.143489787251331,-29.858434902891876,-44.379878701728536
17558.064069409025,0.6993071363292369,0.431828618002857,9.889922249551885,0.009015787557140215,-0.04539339641353571,0.0047655803454577815,13.137713095081345,-29.86307601402369,-44.393886969117794
17558.049746254408,0.6911034829638049,0.4338080056419039,9.902148701655985,0.002749994768256013,-0.05640249598608298,0.014055501210723673,13.141927982105788,-29.864259193151852,-44.39845666650526
17558.06395685367,0.7053254564135711,0.4439967167041399,9.88273361374515,0.008218400487488528,-0.028631296645677394,-0.011160460834196672,13.140712430341004,-29.84870395413406,-44.39630568631576
17558.03962535364,0.6865038086150399,0.4260514800466661,9.901477713652419,0.010034640158781822,-0.045006132548832824,-0.012117589428855515,13.147457434152654,-29.874466788878895,-44.40009883873373
17558.053428181054,0.6885168534963338,0.4617250265160817,9.881229370334463,0.012656342327160997,-0.05363305030168436,-8.204865248065819e-05,13.133515696473143,-29.846659037315188,-44.392495483754495
17558.061607885862,0.7007352168309241,0.41829107394473086,9.890436869315282,-0.005397309254469693,-0.055643248464909895,0.000558515753906909,13.135925270530207,-29.842006273566447,-44.393358062455874
17558.05380895071,0.6824463792496872,0.43161227863510165,9.877686454123815,0.010649763417938225,-0.0411620992166806,0.0013276332393509064,13.148275618253301,-29.853376000822962,-44.392336993482296
17558.051696467293,0.7101748797606384,0.4341104118617952,9.879952762726482,0.012819552189565575,-0.04226872871466212,0.00944037876348605,13.146015634823252,-29.863395853438362,-44.393974308593236
17558.06477155851,0.6858915531559248,0.4528878500774459,9.892167249379835,0.017543712166280916,-0.0436121393587389,0.0028441071845392426,13.134722265936894,-29.854496569877437,-44.38487466407541
17558.045839791783,0.6858185864660333,0.4424456321477795,9.869572500627104,0.030691457890021333,-0.04164285126028699,-0.0036812235218200698,13.128106673355658,-29.870790629742586,-44.412301557396184
17558.046799152497,0.6936364355104301,0.4202070990719441,9.874877998691426,-0.0036245080775410606,-0.026874581541221836,0.006068610355091415,13.12784432042909,-29.85842460106643,-44.37052864315715
17558.044269823287,0.6820997237972838,0.4327879786238733,9.871120459434838,0.0067617036387869435,-0.025764812206817672,-0.0050867002540530455,13.129761737721802,-29.850980243067585,-44.39316209999201
17558.047080303793,0.7022890841120646,0.44937159757048,9.88547330891532,5.260869925225245e-05,-0.032226388827728575,-0.0012754204184240526,13.141974434520085,-29.855307372281008,-44.39994998996766
17558.065888206205,0.698467900163791,0.4234683450037402,9.887985775290664,0.01677722429225013,-0.043596097122636186,0.00545981134307567,13.153313357624437,-29.85117466957649,-44.401531274286356
17558.05690067896,0.6904221938644315,0.44483768526165557,9.879489615780352,0.015718871549222593,-0.0420415046471017,-0.020582632526558568,13.138837854490758,-29.86734723933677,-44.38744995127401
17558.04951926354,0.6884767616888658,0.43919954354220914,9.896458033098872,0.017862351356427643,-0.036287951795770886,-0.0074386981553405925,13.150445229712973,-29.856092717310855,-44.3978372468757
17558.06478574147,0.6845261855805713,0.44735299447502,9.867356387426524,0.02020545120045516,-0.04952434251885146,-0.00029365931797569616,13.13560679605909,-29.860296136856423,-44.397114248975214
17558.053420209984,0.7005307872034433,0.42784027828139076,9.8888128558505,0.02347031167788311,-0.05071360734806439,-0.017385927751544194,13.143841894731938,-29.854259668169064,-44.397934776770526
17558.052890681287,0.7038070393229834,0.42954473208232397,9.882436698509474,0.013429005301101934,-0.07481007288204053,-0.010137657548240723,13.143433577374658,-29.88029890917563,-44.410524354177795
17558.047337364384,0.6863593800217599,0.4298615309836984,9.887393356754659,0.004130847104348374,-0.04325116079322887,-0.008710884618951009,13.138330011556548,-29.87370019573515,-44.41311417960631
17558.043101471183,0.7025946724452936,0.4269679963060887,9.894208811815757,-0.0023688024471376565,-0.03824945018620065,0.004997933331484069,13.11763487985415,-29.86878318626253,-44.40560699592527
17558.0507043245,0.6839920405329962,0.44355326934955663,9.8747388017004,0.01908873073548987,-0.046762386665698305,0.008845219912452218,13.141100763779798,-29.857074966413222,-44.409612741465594
17558.05806649743,0.6991446378213523,0.43308925101546514,9.886472450428581,0.014462211522549163,-0.040416881883058385,0.014259497005153667,13.134043258554359,-29.86951420624602,-44.37085259446836
17558.043827002806,0.6858823861595656,0.4622615193039073,9.887624650760422,-0.00904866332730585,-0.03382929694987258,0.00032615776599103285,13.141360704416778,-29.870692467417033,-44.38868998593683
17558.037445298876,0.70289699123891,0.4379681225059711,9.9028607318443,0.007256422165511073,-0.04744660970912132,0.0008456687447721174,13.138792509967503,-29.870460502989772,-44.38852237474236
17558.058170131786,0.6883884337072868,0.4355411084520503,9.892870769637959,0.0053413765088895365,-0.03871306914531365,0.0019982384811768165,13.14612941000778,-29.87846983408346,-44.37913637961543
17558.03806048106,0.6990489904727335,0.42976487426743426,9.872917790019473,0.005444445661769459,-0.051170106809275445,0.010864806527494924,13.148893109654123,-29.849258104944973,-44.39141764866425
17558.049641872178,0.6942257001159964,0.4343834259303448,9.890236080970796,0.020382679000485286,-0.05310200357933525,-0.012389340725627676,13.149958670752655,-29.853981977897018,-44.39557141852128
17558.035737374088,0.6781946282050846,0.4363465424837221,9.890528990370376,0.004090181961764009,-0.047004334934001316,0.0028067381992626234,13.148155573659215,-29.849806046627602,-44.393499218804806
17558.05446471174,0.6759505549031056,0.44501630146992077,9.883146392182018,0.01863966351827247,-0.05335762590646127,0.003975716418770221,13.141166477845745,-29.852679763192263,-44.417318156951644
17558.0496566635,0.6746911422929726,0.44255308519760733,9.88497611560549,0.013537128891998746,-0.03941053495435039,0.009255074558389958,13.1329522011169,-29.846210843884307,-44.382887998223865
17558.052724566216,0.6907498885478616,0.43569626514431925,9.888129018345216,0.018896195924697705,-0.03450529281481038,0.0027969483111584302,13.138935202978312,-29.861800326336905,-44.38779751603791
17558.062802833992,0.6772997252876395,0.4162272412006445,9.894030131710126,0.007543471378768354,-0.04987983092897144,0.023342782646341164,13.132567610787968,-29.864702015007545,-44.41690051229243
17558.061681633764,0.7001314424512183,0.44494213132912647,9.880562731408322,0.01193988528148518,-0.04830473293332032,-0.004041057935704874,13.143195506863568,-29.854104125474343,-44.39349928712615
17558.07191416907,0.7003983563594901,0.4391874184673111,9.881042532031286,-0.0026236207739102693,-0.037631918290038195,-0.01902510110496642,13.146827834544721,-29.855028529605242,-44.407814515282986
17558.06835271128,0.6786437110802868,0.42082293828201056,9.884231434601723,0.01827543987174929,-0.04478736882278906,-0.0027000537554876932,13.129837579759325,-29.846917639177846,-44.387632542818636
17558.03975406895,0.6885566064999172,0.4444023593440445,9.900950218712518,0.01201969119413444,-0.04932572767627608,-0.009681882233798487,13.132863452034295,-29.835519991578757,-44.39623083757082
17558.04094407836,0.6938869264301296,0.43535067159827556,9.855457545262665,0.007913227599997673,-0.03571359010532467,-0.004381097552812938,13.132485904238901,-29.855418407861436,-44.38583185358815
17558.064437219415,0.6741258281047736,0.43737865208620935,9.895904260888063,0.01704441069776217,-0.06230629785215888,-0.010097736026724693,13.138903619134725,-29.85217479102635,-44.39895261631314
17558.06004288281,0.7024224044741303,0.433471739920686,9.878460301060118,0.013195354432817642,-0.036484532864452225,-0.005170714723387858,13.134830701136552,-29.863841127290126,-44.39937140175791
17558.06726512714,0.7072837171738267,0.43533534981567046,9.898301845665337,0.01895848578057295,-0.05117773858004095,0.0011384668001510818,13.137557698656368,-29.860462860944818,-44.397890411241946
17558.05050682655,0.6907318572671458,0.43270530356224424,9.881120119789983,0.016069553354590652,-0.03799581345831077,-0.01870321746609417,13.138989612190887,-29.84631983955375,-44.38526048907564
17558.05687775362,0.6677220907915151,0.42164486185305067,9.870667441339531,0.012210817142295636,-0.041849844870128744,0.01301878242470401,13.131107752356407,-29.855130583962758,-44.41037379605931
17558.050685266593,0.6864102976905632,0.4360699185055485,9.890482252556598,0.007362073816120245,-0.06507933026080859,0.006042396408966823,13.145230927981048,-29.867281771696742,-44.37795382525294
17558.062818494793,0.6967068348285134,0.42225896317458805,9.889028754776241,0.022843835680635027,-0.05838264825564952,-0.010409343809368135,13.142732915220197,-29.847584085078374,-44.40476187715649
17558.05170409544,0.6909548060867649,0.43923646899849306,9.904195593974388,-0.00836705705236807,-0.05420271922415861,-0.013185584177903869,13.142769976621947,-29.873445965884557,-44.38194932945028
17558.06000184116,0.6956571545958616,0.41560361734820883,9.89930734464525,0.01937601796192885,-0.04773197028606746,-0.0022137683218382527,13.125296533489047,-29.848109031171447,-44.38274579410505
17558.05258697514,0.7000524227274515,0.4325202960666357,9.893964927928726,0.031034479557736652,-0.049750768139189876,0.007513277089670518,13.106447548298892,-29.864706179406564,-44.40013497130674
17558.06348342189,0.6984456516221245,0.44707897130293955,9.868546371621607,0.030447927809015535,-0.04057933468767337,-0.00684203118125156,13.148702130563242,-29.862115515828215,-44.394254756022136
17558.05569503109,0.6981243563435453,0.4271956974822886,9.895992354970497,0.014243191521900598,-0.03749155333184121,-0.00417554215489574,13.155053761591972,-29.871875352831168,-44.404126232386076
17558.068567233804,0.6919223152854497,0.45992525021620856,9.885851293828445,0.004085776321654232,-0.043451275192518034,-0.003388760613948943,13.125646031090822,-29.863209507938087,-44.38831198222159
17558.055184725126,0.6907869234426,0.44716146819739433,9.874882191249478,0.006746925029932647,-0.04135684337647946,0.0016553020551207324,13.131048142663786,-29.863634220554502,-44.404413178523484
17558.0512174228,0.6921458774145233,0.4392854136949768,9.880693599009025,0.0073597874483001076,-0.06371029402887025,-0.01626340364204084,13.162552633786493,-29.85320675989595,-44.3956123469566
17558.069006256115,0.6912723509749364,0.43684642230440723,9.88590515648199,0.0003533693352820496,-0.03037674254153737,-0.0006180499563229555,13.129347669120794,-29.86350152858407,-44.380267736962466
17558.064180030025,0.6926853649072218,0.4349931569170755,9.897058597959482,0.0031518148096364076,-0.03748548381852187,0.019719921015986623,13.14647451636873,-29.87874304082206,-44.40964978964426
17558.049296085446,0.6904020098537443,0.46271183395296556,9.884207458202631,0.024472215588916598,-0.03411613819122365,0.0004803794342147043,13.14690042466157,-29.871585565526235,-44.397408030091505
17558.06534855287,0.6919499191572381,0.42614549112991307,9.88663224307117,0.02465294290903488,-0.03757926514302311,0.002119455991711516,13.135511546386601,-29.868406730239126,-44.40732245958563
17558.03930007889,0.6906493014761712,0.43757216839300517,9.882561244638222,0.003220191112244369,-0.043481706785161625,-0.012471917458709063,13.122910416174877,-29.868767855892187,-44.40751446427639
17558.077928379887,0.6992822336967007,0.4498309598114779,9.892843785058801,-0.0017727257409065732,-0.04400088299958469,0.005067008042258229,13.160505100898495,-29.853749358882745,-44.40624487436315
17558.05741947226,0.6915434054347105,0.44817043489778413,9.889332614001974,0.005887475369388676,-0.0396556519442185,0.006398741748495409,13.14266099787518,-29.8638934826321,-44.38173595935762
17558.040329710537,0.6859848982555252,0.42173366149370095,9.882105928282781,0.01877436309518166,-0.028534956861385873,0.010121887752580936,13.119250693783123,-29.853180925770268,-44.3613478543791
17558.0469328285,0.6851023022218281,0.436230163580103,9.895189530025778,0.01032889112911757,-0.06433949379819166,-0.0010699786574670785,13.137093165080621,-29.850218230724792,-44.39310674876255
17558.055555383915,0.6669237937331711,0.41996205369813566,9.890304993761227,0.023871746906575342,-0.04764971983559836,-0.011549518575028717,13.122812381303229,-29.86486861050083,-44.40053139912582
17558.046943729896,0.698717341756237,0.429192339848792,9.90042425673269,0.014867423158643634,-0.03896043610249449,0.017952549579582103,13.139012981771112,-29.868867863092877,-44.40167868279415
17558.053639804286,0.6809404493932647,0.4395270061664356,9.882374209928425,-0.01351311793906424,-0.05298215767939614,0.013124266034735871,13.145059891101441,-29.86432566039054,-44.390357152087496
17558.04372136816,0.6987956671798302,0.4419593672975161,9.885310697638884,0.03277291591841765,-0.05177485839007719,-0.0037430571767955653,13.13254976789165,-29.845339718593266,-44.40567051947213
17558.061344986792,0.6868168866205169,0.43729836855019216,9.88643201604833,0.012321591277942698,-0.027837310984889393,-0.0037116519756518014,13.141149172270202,-29.846614550571484,-44.39648105296266
17558.049147362664,0.6968972528693043,0.46175000740036987,9.89631420441124,0.004426694691115601,-0.04201174030471751,-0.0064813337587188114,13.139120436130002,-29.854852515441216,-44.39928333389118
17558.045852248175,0.6884453654164937,0.44073513457973135,9.878193272011208,0.001437993192737819,-0.04816801989330281,-0.018764024583849105,13.14162355058136,-29.849943700251952,-44.38198749223541
17558.05792410281,0.6773502424648419,0.4087191827950642,9.896008962626562,0.024196048754297143,-0.0280327293148659,-0.011359367126959084,13.1391023936443,-29.87994806781275,-44.39026716873625
17558.059513963533,0.702415390088902,0.4466230015441259,9.896153497218599,0.02113669290452423,-0.046593408935252156,-0.0007944354694171486,13.12848171398092,-29.848749064866997,-44.40058598598142
17558.068229096913,0.6755184956684036,0.4357298222859834,9.912212080049718,-0.006647973099848671,-0.03921553666883627,0.007288462467089231,13.154475073018972,-29.84466498716743,-44.410782055900484
17558.060476101506,0.6883301947050793,0.44904987964026755,9.883036517598399,0.025348225630398798,-0.022341846799328127,-0.0007960135351562988,13.131430350135213,-29.866915331855722,-44.40210630153068
17558.040217131613,0.6842001397620917,0.42531962521171207,9.884676660918279,0.003552094273976592,-0.06022472296915012,-0.0007998372388625208,13.13321560540751,-29.86639188172777,-44.38638994799322
17558.036954306906,0.6839358190490897,0.4281309513274331,9.88543189463108,0.023067019665108712,-0.037866972913533595,-0.013621947505985714,13.13699137818623,-29.852279139857647,-44.41940140375084
17558.03829532566,0.6826675938880471,0.4364437641935605,9.901363441020964,0.008495525528283154,-0.03085236289704121,0.022850038164064446,13.126353459493412,-29.851151216938685,-44.38854597662847
17558.056908333165,0.6898938201357635,0.44015955677154545,9.893333986162876,0.0017353369172945776,-0.04975618980278201,-0.00751608865238575,13.14162052404184,-29.867210205761832,-44.405725772130324
17558.037033671724,0.691321636975021,0.43373178669853407,9.883526490652704,0.009885632552363393,-0.03363126034066071,0.0077723875697768025,13.152130415548307,-29.867301865071422,-44.40524205631801
17558.06331159717,0.6971048345968482,0.4261907824348906,9.885344564593954,0.018112409696564406,-0.04733706737349306,-0.002192631078656353,13.123823458933366,-29.877025430556298,-44.396069665021216
17558.055407290212,0.6875591872851742,0.43832879043596124,9.896217714969001,0.014364645538358369,-0.045072951586118536,-0.009166738948533941,13.136519564872446,-29.858740420619885,-44.40668663207895
17558.047745015432,0.6959693942566352,0.4248065405457771,9.90435639349416,0.005642908979243484,-0.04508612748300739,-0.0030249685768303286,13.149656587763271,-29.86199413607344,-44.394284431209854
17558.057270599416,0.6875128634309069,0.4288476313459005,9.885435250068246,0.01372991218991666,-0.05016053233082286,-0.011896353234452666,13.125186365545666,-29.855519239117335,-44.37912847867879
17558.06151601583,0.6913083762464742,0.4590456366411889,9.878005244619409,0.013987646113219291,-0.03879434871083336,-0.00488082725813161,13.132185354376858,-29.85577964730432,-44.39554140378636
17558.038302820907,0.6926550406802536,0.4470444558800415,9.879857232546016,0.0005954307705681467,-0.050054189758130356,-0.02198941144264058,13.129691908528146,-29.869004819097274,-44.38942178726073
17558.065445035827,0.6789268375277365,0.4309434465828195,9.902835729275056,0.005806692135344301,-0.049878243673486554,0.0006985394953397703,13.143789418501045,-29.85969127264379,-44.39934567751878
17558.052851061133,0.6869963819631585,0.4366863019430958,9.889980302639026,0.014245966626624399,-0.04397562962594203,0.009429767668732245,13.147244511550827,-29.84755713794417,-44.40207068250345
17558.04186801086,0.6891360221215469,0.4272787963351073,9.875657832315017,0.011764464000439614,-0.03239764824722368,-0.001541163973436298,13.11919153068651,-29.872404731078014,-44.40272341587358
17558.057121513106,0.7025394535256972,0.4351139435984165,9.899775861733495,0.028468958829043628,-0.037777692173712726,0.004379452811325857,13.139064549337787,-29.847839431135725,-44.399889180236094
17558.057443321104,0.6642936995793803,0.44226773367519295,9.88912956201532,0.031227335749044453,-0.05012248623080686,0.016806936477854736,13.144087629815076,-29.859237873666654,-44.40562681947205
17558.0568630155,0.6788213668531526,0.44031539131112996,9.890302395420091,0.004820318551075392,-0.048871137876976764,-0.016519523548604174,13.134036180547039,-29.854509261729845,-44.37042153379149
17558.048914317314,0.6745677098550328,0.448349478099957,9.874682057187066,0.032142896478340253,-0.049137260675934546,0.002346908710066529,13.151013495750181,-29.87709084565226,-44.40862552656652
17558.06401556376,0.6974911662909853,0.4380906578999464,9.87923351665784,0.0006446919545897763,-0.05034492532035062,-0.00048272181573620355,13.139028809219655,-29.866586376110032,-44.39201900526564
17558.023698487897,0.6876131446304301,0.43122477978003626,9.892235953773913,0.029684577634396005,-0.04042110958620425,-0.0009937570556730652,13.14301600074634,-29.86434568054665,-44.39847539156137
17558.07762407072,0.6940632626751836,0.4363774603425412,9.881239039445116,0.009078156712446973,-0.03542303147983396,-0.00043305967304306157,13.145131191555688,-29.857712071940654,-44.396781469520995
17558.036572813708,0.7113650693896352,0.4322957036328552,9.895208167004208,0.02055134451485026,-0.05117538698224414,0.007134520709365336,13.13486091535186,-29.851034583285795,-44.39424638743725
17558.040620956155,0.69871506431941,0.44232160151927225,9.891069057786273,-0.007681596135990681,-0.044048509540331925,-0.0035079996913053614,13.147861150579349,-29.87674305485935,-44.39617580834278
17558.048421486692,0.6773658161761023,0.43970312370075165,9.88709283671095,0.01792657437025074,-0.04025664075334245,0.013861433889091068,13.11697672517677,-29.84747099818616,-44.39358460916025
17558.069107490537,0.6778970963573906,0.4432693077587539,9.914200380319587,0.026733596906833433,-0.06611029486149073,0.00017160544967993003,13.133094149195822,-29.869051704241713,-44.39618563063333
17558.057454598817,0.68285917304257,0.4584680817263431,9.883082470297706,0.014470108433306138,-0.058667501127827565,-0.002680440216548413,13.137002353187714,-29.84754578080532,-44.402844138455926
17558.056953796244,0.6983327309614239,0.44562938175685657,9.899445051543783,0.02053707932966315,-0.04079727093103397,-0.007115288994682441,13.122619406120608,-29.87320615304734,-44.39050029437047
17558.05393188736,0.6985832032539394,0.4402828172936507,9.899727660511754,0.021260944896641362,-0.034499213028111514,0.006121108325885509,13.152952579333032,-29.84823229097098,-44.38904314868865
17558.068493748004,0.6952026860422851,0.44274674157270966,9.877477647681161,0.02527026386507293,-0.05378844377213676,-0.009684616186587027,13.147536702690223,-29.860658663543976,-44.396425107070215
17558.056475697515,0.6839106132768347,0.42917234893489764,9.88663493460631,0.008934881192587854,-0.0374399092741383,0.00934953024508907,13.151671622066313,-29.873184994517064,-44.3850921355278
17558.05195360282,0.6761367347743659,0.43105973771758804,9.891415284424014,0.0140851959181456,-0.04137125258498541,0.025056799041854507,13.12851685836033,-29.865115568412964,-44.399168405629474
17558.055046943686,0.687903466182898,0.436175010304833,9.864410266678282,0.015375966863928168,-0.05258304750270726,-0.0010317420681315382,13.132855313535917,-29.86687462748058,-44.3983835353937
17558.068234795694,0.6864018968089028,0.4526631959205196,9.898137103281753,0.0037795604910900327,-0.05378899372242633,-0.0027661942165375228,13.114148668210213,-29.867382453280342,-44.4055578561273
17558.0348090573,0.6950573899492507,0.43826110825232734,9.908759960710087,0.0022903716499144116,-0.03042421791615528,0.006941751173399361,13.120507332799662,-29.863237966033513,-44.38917457927285
17558.049820503395,0.694093814332275,0.433363925323983,9.881259952285365,0.0006002589735970461,-0.04628659060052086,-0.012843446696679002,13.16001219822351,-29.850815652702405,-44.38276652948985
17558.047301442486,0.6814842354208672,0.42266065540383996,9.882058743467315,0.013734194028680088,-0.05232169893482083,0.004108177933546275,13.14062267183797,-29.864112141254576,-44.40210223254102
17558.044903291426,0.6977626014227047,0.4417867311776402,9.89626172152215,0.013412446546633743,-0.05524616996481205,0.00855028779119658,13.139720207405993,-29.885553791980282,-44.39282514940508
17558.067644460243,0.6915480259292456,0.4447499011738902,9.890273080422435,0.007290806058910695,-0.0303821341602918,0.008938486599961855,13.13656645887328,-29.854068439498313,-44.410596258211015
17558.058981586808,0.6884799472014008,0.4362522923758928,9.882927609602216,0.005217041239067778,-0.06972308273078083,-0.024543978165148417,13.14083371303686,-29.874978231192845,-44.385463440711966
17558.04448294579,0.6893143848172406,0.43068919188512717,9.87693735410988,0.019309665823285728,-0.05206706306360517,0.01993534657713701,13.136813955772485,-29.86913805358979,-44.40216492154417
17558.04524962838,0.6937464005294239,0.4283022644563903,9.885105733247615,0.013744405026774091,-0.046906663656482384,-0.0033244614225656126,13.138513903950392,-29.865080902970732,-44.415434678963834
17558.072598666462,0.6831507849685993,0.45825350416648847,9.884908907589047,0.021608870582054487,-0.03771348972454144,0.005305923078632024,13.127755573781537,-29.863058434556503,-44.39504136104778
17558.060830377908,0.7075057990972189,0.4356130004856701,9.890874330549964,0.005508382630293707,-0.041857275016255455,-0.011607224513744274,13.147698180748753,-29.87034332554723,-44.38794939997987
17558.04365008201,0.69020368832898,0.42387363016259777,9.891381980773893,0.010617523829377983,-0.06142443323978235,0.00424817600928882,13.136605293956354,-29.840354920025955,-44.378990754277105
17558.072928810736,0.6804289489598809,0.421320567942615,9.883058974289986,0.010446580265563396,-0.040541920779015805,0.00415662636507629,13.130757895411907,-29.862460230712706,-44.39131301557642
17558.052615177457,0.678139451050945,0.43919890922220606,9.896735860625684,0.007521860241219579,-0.03790640510486025,0.008730640442354309,13.11157248849747,-29.86352333040047,-44.39753290507635
17558.046638899465,0.6985657508778058,0.4461390294569503,9.895385941624745,-0.007226706060635366,-0.03742413643125485,0.006031764011282646,13.15343693214507,-29.86250631521266,-44.39545391394468
17558.05349848963,0.6854469278775646,0.4441918984265949,9.88462779992609,0.016826284217472502,-0.04210994716347485,0.0008213477963453699,13.1366517524111,-29.851890059091556,-44.40103470304754
17558.055831267626,0.6917327221355887,0.43689049074206804,9.88416304789441,0.006297018692186244,-0.0442199561613997,0.01671125976376513,13.142699206629416,-29.85875437776777,-44.40287694447378
17558.071365373922,0.6803000338945421,0.4307390680631468,9.877885404591503,0.024412482828269813,-0.059408378816746335,-0.0036689905564568238,13.136137027423668,-29.842789932621397,-44.39615182298467
17558.0501851199,0.6929275502762033,0.444343646715026,9.89362659677129,0.011602290601084414,-0.05033845777352919,-0.006537531529694837,13.129086441353241,-29.85212279849732,-44.40123914252202
17558.0506229062,0.6867702350677617,0.4470590910772065,9.907628864268467,0.0018289383967511324,-0.02890059196759106,0.0025036450527218534,13.145456799644665,-29.874767143024982,-44.38245280168046
17558.059212212196,0.6907493985659896,0.4405749590736075,9.89380641710189,0.022063706128452237,-0.04965976984273966,-0.011111240359195067,13.138306678158052,-29.837576492867424,-44.40814732504008
17558.039244668973,0.6875074977366743,0.42723638757416443,9.892351387392772,0.021160832134548654,-0.06540470652280121,-0.012652676420135255,13.138798415847116,-29.859576743573193,-44.39851172694813
17558.039894505506,0.6943233956528415,0.45228222596234235,9.880783786921008,0.01638820477301598,-0.0544888810174378,0.005417191839902773,13.121652160210173,-29.867319000443935,-44.39618013475601
17558.056723886355,0.670789061594999,0.444350344794896,9.9025610499618,0.005026295796050803,-0.05243540806495295,0.009527886896487432,13.14359173504993,-29.88449242374605,-44.38584706115388
17558.05931496074,0.695126791424036,0.4307246797572064,9.873963792209713,0.014152533846550953,-0.03206900509512747,-0.009232706642516889,13.147029932117476,-29.86444029114741,-44.40514371747875
17558.05909435414,0.7002821352655535,0.45780760426942846,9.89473372510405,0.015101606817162612,-0.06233668721144135,-0.0056168841104799645,13.13111533907408,-29.828447230597718,-44.3984969144705
17558.04213079022,0.696949297035742,0.43433132838980076,9.895977206672935,0.015885058189595926,-0.0441021203362493,0.01142234167210421,13.148682226305695,-29.84787840654186,-44.400588961795854
17558.051889302966,0.6926514175237559,0.43081271272251287,9.873814537420268,0.015824439962783914,-0.05738946110784426,0.012896388037839924,13.142638000899947,-29.849326081443632,-44.38479093683936
17558.05577182083,0.6938328235998369,0.43595866265235295,9.881656976700004,0.008222927812505726,-0.05576111460444791,0.003970296462197401,13.13670856995868,-29.858007558462056,-44.39291104693856
