Time(ms),AccelX,AccelY,AccelZ,GyroX,GyroY,GyroZ,label
2785.0043153195625,0.17113886164733333,-0.27758726118393884,9.9135924687306,0.025247651655541062,-0.05583543890795161,-0.020687664509255115,1.0020151227292333
2921.9784298761824,0.38209757016847495,-0.3818598428852791,9.841598860763733,0.07551545025757582,-0.04097787958522907,-0.14235463322358705,1.0042882280871306
3060.00899859663,0.1685795137175857,-0.23057577604688595,10.169152435843476,-0.01636407812277174,-0.07539228866407842,-0.005929108563338024,1.000848393193757
3198.0118613449795,0.19443943215871085,-0.14822834162021228,10.476794771552534,-0.015208388710079703,0.07393779356955091,-0.008581174892532082,0.9908641890119159
3334.997725776527,0.07378974332684557,-0.4206116952504809,10.060723788172842,-0.04054100213145103,-0.051057791569566364,-0.01937452067909307,1.008231369056388
3472.9885802581903,0.22899745093645196,-0.5750694819936514,9.644896737813655,0.00883862868084341,-0.05287428710290093,-0.03595117871340104,0.9998708652641953
3610.993071412959,-0.055700311599511616,-0.5435276374825798,9.780431598888539,-0.03982229692463285,-0.08916789450094798,-0.017826296701103,0.9955123912122064
3748.995069512998,0.3001370608420805,-0.27023866466236546,10.455095164796143,-0.004844373236771551,-0.09348397995944793,-0.02770423453432182,0.9903261913172937
3893.004843436052,0.033547616866267435,-0.4651284217421384,9.641498162967727,0.06057293952023237,-0.06605427733532035,-0.003675936333904105,0.9927608815313884
4030.9915850657526,0.3484816774161783,-0.47024574738220404,9.884272637896698,0.10780475926078059,-0.1315729682794277,-0.010922054969220323,1.01421103001029
4168.001799908787,0.4019983179113126,-0.10891226513115657,9.328220078578447,-0.01577120964384641,0.06507157325595264,0.08818762910253695,1.0218359502265455
4305.01368660224,0.3251511285398426,-0.29587866791852363,9.865305513311904,0.041260481268586176,-0.08916873524854241,0.0661103058282875,0.9991294408626168
4441.998744508716,0.19219378786318514,-0.3508185476485682,10.05553012730023,-0.029558095376382373,-0.043885918311657945,0.020179892896901547,0.9896153361889032
4578.994827072502,0.24075999640584675,-0.39287232230551655,9.887461636674326,-0.0825772002210059,-0.039891071929468516,0.006635065228927098,0.9950451124600421
4713.997835651765,0.25536117825586413,-0.5218190816406697,9.987145776706317,0.14556496795967855,0.0370312838932788,-0.03411001469931664,1.00317392449003
4849.982836963152,0.1192793810781321,-0.4431375887797672,9.929070859121051,0.06448800884187675,-0.025652174152975868,0.0650067582325142,1.0044905261081662
4986.01150358561,0.14000471675796894,-0.5232337672042848,9.749570044972971,0.09843746114867434,-0.06659735888806995,0.02055108881489318,0.9924758380614811
5125.991820731028,0.0018267487561235132,-0.29424739277603973,10.084731062099818,0.0657443311073219,0.014240206688342298,0.054159456153724014,1.0049175445722327
5262.015395391376,0.051697903179806826,-0.10808245175485647,9.87968428557161,0.10957150031455956,-0.03543941174356797,-0.00033178629775836,1.0258394154325439
5397.994652976252,0.03377422644583212,-0.2596458605458298,9.752096683851642,-0.021776531962113717,-0.018654776952680703,0.06476584336372351,0.99477786563215
5533.997034464042,-0.01845553068455285,-0.24494826039457007,9.753043759136126,-0.07930139886750574,-0.09600305138019834,-0.01349760976978291,0.9964616441618728
5668.9902408835005,-0.04137711146118123,-0.38391271562703766,9.764003449502198,-0.11591985267375574,-0.024923684388235737,0.02519908288654525,1.000335990741474
5805.001720667607,-0.022209369996738344,-0.39967100165410807,9.878866927508854,0.05401030274986032,-0.060693312789044974,-0.023428118854885396,1.0178278333173594
5941.0195336457,0.09237753145849735,-0.3712624229833825,9.809945393150025,-0.05056939455392719,-0.10388640643942784,-0.0004724924189473651,0.9948258557305001
6076.9879978136505,0.08916861535914264,-0.35762258921779216,9.893184029048166,0.023449702557641908,-0.032989008880685095,0.025923958449701415,0.9834452566693858
6217.998361507952,0.08429382439773905,-0.38200217167924577,9.934668721130143,-0.015247316287655096,0.0025765887244331978,0.016636061103938265,1.007786871192222
6353.992495089712,0.08632548259392624,-0.39743516361548337,9.984425905372435,-0.017167164642042158,-0.021282327990376694,0.003008724869263189,0.9859023217911416
6489.993279995762,0.05065201074240844,-0.45396901697184167,9.93881516213132,-0.018616632082048605,-0.04506763712696836,-0.010086380721471933,1.0041184018008522
6624.98044835882,0.08665451453500816,-0.4742424689732113,9.931331569594976,-0.016344856939565312,-0.015186717470756433,-0.011780834840228509,1.0005628762569037
6760.990988423906,0.07777905734273746,-0.4839204646959736,9.816820625206816,0.02391830056517535,-0.04180765024262965,0.028801286644128198,1.0070806327103974
6896.99627120563,0.03378802645018158,-0.382818763612458,9.94886108258784,0.008572187697606834,-0.02302098695895699,-0.00261331888345617,1.0027499372376227
7032.999828336568,0.010497585899350664,-0.46905946449339353,9.89915803679985,0.02933465801200902,-0.03816071695666817,-0.005425130582089984,1.00740709853886
7167.993759370731,-0.060089175256334997,-0.5523778553629985,9.88017780119298,-0.06293499121756715,-0.04341203086188145,0.005094435916175107,0.9815565745833538
7303.993468930882,-0.010175958314180767,-0.5168456067838212,9.842377511086607,-0.03538206369050544,-0.0639145469193387,-0.005941239142849436,0.9952757584924038
7445.002182483718,0.034955293450247255,-0.4870042170640991,9.858857116784296,0.09852586974723157,-0.07814699400413573,-0.002318995812679911,0.9975780555849412
7580.998428800161,0.022448279796933972,-0.4414120862398941,9.790845659645358,0.008348719537374262,-0.043158726863351884,-0.008324556122279777,0.9915878081522753
7715.998162577543,-0.06893873971254065,-0.43100217950482117,9.923619418663343,0.03230443812851118,-0.044480287153532055,0.004705676906078323,1.0155133896249426
7852.002080536407,-0.15131264070311154,-0.467192108215986,9.76297642840862,0.08270178460496264,-0.04262630753781716,-0.009694039637080766,1.0115616230222233
7988.019702776546,0.05649109539406009,-0.3672413646845821,9.942821546639179,-0.06527736195217827,-0.031167995570197525,-0.014159094095642547,1.0080139347896286
8124.002931735974,-0.018729379343679055,-0.383074181557882,9.86043878859143,0.03556020555510927,-0.06557945764031006,-0.007606874155480379,0.9974326611723954
8259.004362204774,-0.005869908079756401,-0.42716523069529255,9.90488444301742,-0.0034541734968139707,-0.04043239646321462,0.014047580576217106,1.004249788767263
8394.979479332038,0.026115101301734535,-0.46484661294990587,9.820125872508111,-0.009692898405816617,-0.0396390574954605,-0.010347628869047703,1.0057358276246509
8531.005157143973,0.01818926211933057,-0.4162758048292203,9.859411492394061,0.018007126928084774,-0.0046798907447295835,0.002309261248972118,0.9992134799754856
8670.995230915873,-0.018185164607217173,-0.40072493927273184,9.921100229034096,-0.006549709592090543,-0.03906810880017166,0.02074066616956694,1.0062470025442198
8806.989420092586,0.008861153202111106,-0.4376198311479528,9.955391739860252,0.005896832043091361,-0.05391851912206567,-0.01581794793898791,0.9960730633567003
8943.00606846464,0.06184360276345014,-0.46887768185853435,9.975589164566045,0.020728272775257753,-0.0461208131835079,-0.01257147370416339,1.0174532225198123
9078.994273935366,0.036402473099810366,-0.4174051017477312,9.91916634862055,0.0203583598563853,-0.03800032479479328,-0.03141754523137233,1.0126228483180857
9213.983899006254,0.035599559920459996,-0.4540820027543274,9.862414833065491,0.01560323291469486,-0.04429635519085597,-0.023042495841931437,0.9748148770430436
9349.995447191062,0.10679089133202502,-0.4551695264192425,9.973987507078409,-0.0364404056065373,-0.034410934608111704,0.023035293497832805,1.0030246479780578
9486.002898051016,0.09588814860097782,-0.512981326134744,9.85973271431878,-0.03165459279250351,-0.0725518994973789,0.023455904888213662,0.9861200087349379
9622.012475172594,0.08432935130902584,-0.5047392438228264,9.9661081111191,0.00637096943799432,-0.04054907776889056,0.013053314524373628,1.0009597074573873
9762.006002289098,0.027213444171042316,-0.7207835091446628,9.707560646983849,-0.048254315985138,-0.0728063646789617,0.0466354455097632,0.99242636250311
9898.009647799261,-0.07053114348841265,-0.6258374830073212,10.010438436625243,-0.04725653280059,-0.003577103045202634,0.023386190747449676,0.9788184660314185
10033.991839050426,-0.05183510185848409,-0.690673270450604,9.81651310140125,-0.011927501775627099,-0.050774623195287215,0.004312164804898322,0.9852786837301479
10169.003175943373,-0.08212562061045627,-0.6297164452956627,10.013108762578964,0.027877593796766662,-0.03924557436587291,-0.004731269870028298,0.9895389952788366
10304.982262751511,-0.10197054746398096,-0.7100323057050798,9.867432981621588,0.015990878228141835,-0.027486527788096047,-0.019834001910734964,1.0043113499057188
10441.005296113852,-0.07566383710111824,-0.7012383676530091,9.952331670298154,0.018987696181955973,-0.06681338670214676,-0.01879058564682096,1.009821509692838
10576.992442951865,-0.05086357142818229,-0.6875918332854813,9.95602366387091,0.00751498778279375,-0.04076079402624551,-0.007970023587517973,0.9988665884383852
10711.997158033377,-0.0681000456279193,-0.7284604278505364,9.863519013839177,0.02366206074357358,-0.03593798862547137,0.000808819241154498,0.9946602717072347
10847.995735732606,-0.09927574908039752,-0.6904571078425314,9.964190712084887,0.019589914895280922,-0.07473732174762185,0.012320612240810807,1.003500633653974
10989.019022125434,-0.08011826132521911,-0.7311500130947249,9.907711810132172,0.032368780642848885,-0.03753101624028716,0.004155966282096461,1.013355900311849
11125.006142416412,-0.06552649922732619,-0.6252597870693836,9.893723183490222,0.032975676661592825,-0.045609709667104086,0.005265053634659878,0.9978736960026349
11260.011141175744,-0.04730602944214909,-0.6062515913190669,9.95001099757936,0.030243635136002058,-0.057199227662111767,0.01150923789413613,0.9970157910685435
11395.989564445126,-0.09947666032644036,-0.6531978561992496,9.911722474222875,0.037482174382306235,-0.03991655499190364,-0.007919677098327351,0.9953827235997776
11531.983885207881,-0.03023231358807257,-0.496686529934548,9.965892763192867,0.02435305378963857,-0.030052126424634062,-0.009686923543459248,1.0025281445643492
11667.001291778113,-0.0048229032375266415,-0.5502265044057135,9.90405338154618,0.033386892753574565,-0.02186180431960487,-0.003972662553266491,0.9954153040466652
11802.987658052256,-0.0660595209718551,-0.5738187902694021,9.972217473359946,0.014364933407270354,-0.03688410214201061,-0.004385228813783934,0.9903531086800036
11938.99769537459,-0.005578000154005655,-0.5447948393868469,9.961051118870591,-0.003945392842922851,-0.03974988091646962,-0.008124823747234234,1.0072528864184003
12079.995415807743,-0.02221115795840267,-0.547348676359118,9.8860477183206,0.004856811374030042,-0.035024562801882764,-0.012771092060989366,1.0282617353674601
12215.033932768793,-0.01652838096878613,-0.5470852421351889,9.917149030770377,0.02466414482166326,-0.03354146413610368,-0.0058372065632453915,1.0031132432730188
12350.991483952695,-0.05172236935571892,-0.6229013475861117,9.89858977480424,0.026395461712880968,-0.039278034937075504,0.011750069864231152,1.0079169853911243
12486.993784431274,-0.05836885157900786,-0.5867527021717147,9.976211631289747,0.006889310104118349,-0.02831101477572428,0.011290252618279636,1.0153145950212858
12623.001141990866,-0.0239885620556173,-0.581353464680167,9.820939497096319,0.0306242840221199,-0.037552466668705424,0.010093162903800057,0.9948729084998936
12758.010746641927,-0.020154942964744994,-0.6124039951935646,9.93722819853304,0.0005238300699741112,-0.06310992130697642,-0.00020818369086698831,1.0031998116754013
12893.996223415648,-0.027642109132515674,-0.6616056740618941,9.904748084771374,-0.004147898473775788,-0.034322801353433234,-0.015049656011162227,1.0101698465195115
13030.015643074326,-0.04835610902275549,-0.6133924957414917,9.912677624599175,-0.025961791505328718,-0.03679516679829807,-0.010662343015359019,0.9954698387917069
13170.99734670543,-0.048326687233082165,-0.6473669122802448,9.89430964964287,0.01923852175932085,-0.049390123737144576,-0.02282648307681574,0.9876431067082219
13307.002346402563,-0.08431757591044059,-0.6364197712248703,9.885451931118793,0.02873117191334637,-0.02831074175523814,0.0021417153090276635,1.0160226407601167
13442.99347474647,-0.07441346975489957,-0.6238389998132053,9.877002160890495,0.0036608473136582453,-0.02171025062558128,0.011498695444023231,1.0104660616149579
13578.990461006988,-0.14291047486323133,-0.627434397796194,9.960321138172057,0.053329132765591494,-0.008274573840043842,-0.02375417944935852,0.9678154019665584
13713.996691671395,-0.12238300536342817,-0.6247567775690724,9.865877930424972,-0.014175807444488908,-0.05033818431016514,-0.005702479625474749,1.0146443556074176
13850.005642439311,-0.08637213062301981,-0.5994727380008837,9.907672113198933,0.01602248131262609,-0.0653204546003039,0.0004655188586983424,1.005556055145563
13986.008123281475,-0.07807262384303004,-0.6058616963684832,9.910026461328535,-0.0001090351205992547,-0.05638490799365136,-0.010202039984650203,1.0100940716045912
14122.000113206059,-0.005971476404818892,-0.6055116013233558,9.815390374132276,0.033728934398130433,-0.058985475508608554,0.0010423691133940169,1.0092432845460608
14256.98492700891,-0.04040587239867472,-0.5299687471803735,9.917913595687285,0.017560247592259232,-0.04928963339090423,0.006644190354515925,0.9883229053698926
14398.986814952357,-0.0756115338500753,-0.5327688975992979,9.916876049964369,0.030492075078813078,-0.06741364127331329,0.03975856040794377,1.0012620709464886
14535.010052869138,-0.046380362342281094,-0.5435465913863203,9.88098616143918,-0.02482205267271249,-0.045241560571336,-0.0029150922886116678,0.9879467606756004
14670.00022185357,-0.047080387837463225,-0.5423495106578416,9.938622514969643,0.030602555638352905,-0.03425624438012509,-0.01423006562392235,1.0064060909521675
14805.99512419008,-0.032847273801261956,-0.5788903136043093,9.897401026384863,0.019359913997668003,-0.05360170997101895,0.006668815054869265,1.007062986154422
14941.99773094933,-0.010301017263784023,-0.5526228890653055,9.868575138444667,0.018851117176422693,-0.03973877035275271,0.01056207199687474,1.0131693682285707
15077.99663155892,0.02675409011215774,-0.5790844282584862,9.807693202916235,0.023169118107059936,-0.06344879414768217,-0.0015611063091207143,0.9890356380845209
15212.989479860522,0.025327510315475858,-0.5424713298832691,9.927057614651213,0.024879851722625426,-0.06484746279361324,0.024824706157300664,0.9984016787317402
15349.001082138306,-0.016853534317748945,-0.5001634804615738,9.906936555829922,0.029797349406623295,-0.049373912338663874,0.03588375810334154,0.9922573132943675
15489.996256694601,-0.004147049982743142,-0.5706792588118692,9.859177550523738,-0.011306480257541399,-0.07538366380548366,-0.010455104052838077,0.9965205460020266
15624.997175475208,-0.007095573882521785,-0.5324248926742385,9.88623504329155,0.011454655092507307,-0.03423861217579063,-0.009442456688901453,1.0022478194114075
15761.004867211417,-0.009306601802185937,-0.5663188103910293,9.878891336045136,0.007596502858781643,-0.044386352613145975,-0.002444413836457596,0.9966636998804711
15896.997285270356,0.013125027536149225,-0.5507356800732599,9.914871297489798,0.0002196038109710584,-0.0350733491239449,0.026751433891363436,0.9895853433954819
16032.992872444742,0.04241317954605168,-0.524487800676829,9.901848634206369,0.029728116667522248,-0.0437472895137063,0.01558979460671837,0.9893418264803928
16168.001191456557,0.024051662972635137,-0.48941672961842936,9.904780208443803,0.012235035191255798,-0.04750445776262553,0.004089034396962242,1.0027092370098858
16304.001832619471,0.014247940034117,-0.5159114666608124,9.904480878667364,0.022736748930162497,-0.06035048795213096,0.003871295758701103,1.0000183184859728
16440.0063803168,0.01039778660719196,-0.507031491436587,9.872618423905228,0.04308651807889046,-0.0645858513635158,-0.019513234585569982,1.0006040296308587
16576.001028759914,-0.012269545917221701,-0.4837730951307105,9.905945183183878,0.03633070360348086,-0.05362640990598063,-0.012915981454466057,1.0024502314079413
16716.014636048803,-0.00973714877069735,-0.43483632271616796,9.937170319011031,0.044225499639133165,-0.04870595318963651,0.0012652676937214696,1.014679539488956
16851.996953782953,-0.0026136858277134327,-0.38582890345984433,9.869020346095786,0.08209992087821379,-0.0718108337722322,-0.0032719011141793724,0.9887573970583624
16988.00668484904,-0.007310113238404316,-0.21491729485721606,9.93212031445097,0.09566371025019055,-0.025393703641691967,-0.03340774751428071,1.0030526211255053
17123.992877626202,0.012500704841048305,-0.31913877862429757,9.805366892793131,0.04863786539060223,-0.05016171726164714,-0.006230801351232395,1.0169894412708693
17259.014495008585,0.007822451986679392,-0.22779973947116886,9.953028525465315,0.012702474306392183,-0.04772984925071586,0.0011969174012367856,0.9946256873676479
17394.995818065716,0.05969272538044597,-0.21955146024124605,9.87339330831969,0.03575550887488503,-0.04600236267956735,0.005602226839952156,1.0058888321739579
17531.03209536127,0.09167588888573222,-0.12921828135755525,9.92923381837867,0.04969536467241488,-0.05397963507820676,-0.02166614741237328,1.0089263991382038
17665.989746073476,0.10338447755444231,-0.20009819808247561,9.942459035237643,-0.02591889755934694,-0.03128996737719288,-0.005952836359385638,0.9880547476297219
17807.002903237302,0.11556909759954222,-0.2037072171781955,9.927195210724797,0.036386275949846135,-0.04605677423579005,0.010763914542117505,0.9960001668707575
17942.98050690659,0.097975782440194,-0.14806941618886343,9.94190119453371,0.05560207247417489,-0.010510436875936762,-0.008474087962423632,1.016480695326913
18079.028341006244,0.13588951085664205,-0.09304395460901127,9.98940111760256,0.02544021088218734,-0.03772806037151949,-0.0018406721050446759,0.9987393558641293
18213.998357558943,0.06194239595436938,-0.12382540485086538,9.973242048971139,0.034245277335001136,-0.028782584682993335,-0.006477326264697174,1.0074353764229311
18349.990948561983,0.1012864041975103,-0.1428911724000204,9.908395641668024,0.004521037078290472,-0.012143439788699495,0.004048823213540877,0.9898775955777012
18485.977581566673,0.04741118395454425,-0.12144144318481481,9.897393546976605,0.00839677399434509,-0.04114680212850753,0.0002836703188319373,0.9933651186054565
18626.98947969332,0.09380740872163199,-0.11336916849700235,9.984627073510094,0.027102561599869745,-0.019906285100561937,0.013147549450951384,0.9893999170474926
18763.99948804214,0.07665180254664677,-0.055045091921043586,9.966982133074515,-0.0033849600701141985,-0.06498594920736926,-0.009367395309292498,1.0026697027105917
18901.00199763579,0.04812030284565053,-0.08143887375392858,9.872945958072012,0.012005095146343342,-0.03500094225200991,-0.021781727386613072,0.988297479982964
19042.014108056563,0.09408253366429069,-0.04232783141263415,9.942134277370645,0.04083038397782947,-0.04865351125521995,-0.0040689322649041446,1.0039005395095684
19178.997251345976,0.11722441033680969,-0.041957060868883116,9.940010707261068,0.011545406383768851,-0.04741760351958392,-0.03224722522547577,0.9992418673291565
19315.99570850914,0.11248754005280064,-0.07960829580225241,9.905638779006663,0.0039026868164422695,-0.04852609927501344,-0.014484885849616913,1.0018286674933286
19452.979123135457,0.08973180615650483,-0.12512968019548112,9.832938833850223,0.009361459332289187,-0.05587689635672396,-0.0026974283697160594,1.0015694088990077
19589.006193762918,0.09011179329134125,-0.0989195386606972,9.877653554608639,-0.008498289201012251,-0.06016892461891402,0.0042362780323648925,1.0038393991233512
19726.00415183608,0.12372786414433785,-0.08965966054233108,9.87133800227362,-0.0021242787123599196,-0.05196584030881215,-0.002170933769597953,0.998987597526394
19863.005791486357,0.11419631667643494,-0.11409390686736183,9.954606183466126,0.015477888634414485,-0.08633660030123895,-0.002970184031374533,1.0100258082228728
20000.000550770907,0.10054940061192802,-0.15093120457490428,9.872810946196406,-0.020245888480209206,-0.04812755358017001,0.016563472348714747,0.9832518678845776
20141.99340074391,0.1153823365452753,-0.1673613318483109,9.813887781716446,0.034468023538001734,-0.05800276837450863,0.0030469380933445017,1.0186700942870535
20278.995446042456,0.1393416328833835,-0.11043445878344203,9.845386452546924,0.04297036684561234,-0.04538356611273236,-0.003567867371758485,1.0046015766756091
20415.019099704063,0.09504465028324653,0.01793554407078287,9.941678978611117,0.02066926941249306,-0.050270008381314464,0.008150479846605878,1.0091837341236085
20549.98724925025,0.1358277760963657,-0.040638685150452165,9.959775833165494,0.028336269413381878,-0.036448568792509524,-0.0019233166206548509,1.0095221823256983
20687.02986666051,0.1352336576216302,-0.021883619624746806,9.97940593018572,-0.0016554225629888551,-0.006299519487336294,-0.03081391267607498,0.997801719771726
20822.995855411467,0.12978792157700603,-0.07271795036097377,9.867495000783864,0.036164522837687826,-0.03814812994388265,0.021058386911260926,1.009174913344003
20958.999680726498,0.10026029842370655,-0.0032860114834804264,10.01479898622383,-0.015479222777958842,-0.023437184554757177,-0.005825357532361916,1.0035099347915
21107.98762449362,0.13504623933375254,-0.07095762329869228,9.878637110894923,0.006041307942166995,-0.01728907005586213,-0.004613765794257012,0.996100988992239
21243.976678121922,0.1347391520077661,-0.06075203703967953,9.904511999791508,0.01699868079070757,-0.06491053787656566,0.010579963779020518,1.0121284437216647
21421.99765327146,0.12302452954837227,-0.05472612426068621,9.866351973714757,0.023440862736217774,-0.06310409869767714,0.01022080494566697,0.9987997836205291
21562.00943155987,0.10795383862816277,-0.016903419560506838,9.90587851095236,0.0255586911972981,-0.07195564058864147,0.013788483404129534,0.9955956158092445
21702.016540158656,0.16818088753520682,0.03551864101664846,10.025491868659616,0.03517460227113353,-0.06277563934537965,-0.001460460651765979,1.0011978724554371
21841.001381828046,0.09707527457742736,-0.020436545685117463,9.875959035002968,0.04376081545027938,-0.009690658834450494,0.03085685361781835,0.9954100027146708
21982.001337202983,0.09553909884391776,0.04983236303588146,9.92278434777384,0.012971848120642586,-0.0495366102115314,-0.00700880443122837,1.0033205782537835
22121.999397238393,0.10427648704990783,0.01674913824488768,9.84046214932264,-0.03445628582253492,-0.07405977938002574,0.0012059731690204022,0.9817128258825714
22262.006238587936,0.0797939919210788,0.04762244135683122,9.94279596834663,0.024431076619982808,-0.05481922934240284,0.00022049584372862906,0.9969369320173777
22402.017401419613,0.050903722386121036,0.06465619254793173,9.873867860479123,-0.0016605108427000439,-0.029283354806505117,0.003214133132433416,0.9921418655311389
22542.001864845515,0.1019860199454476,0.09741813952091384,9.923613108836857,0.012240414024815655,-0.06156328483722442,-0.014528205757103006,1.012439401284501
22688.003338927807,0.11073655310973063,0.06590705406430394,9.95719553376107,0.018601872980444602,-0.042247717929806305,-0.022307977768873586,1.0118740451844699
22830.005094111264,0.14955587324378417,0.06440436189714631,9.94991576662388,-0.008159282916124996,-0.037270068464448684,-0.002946011235879782,0.9984214681101709
22969.004917602026,0.12856544120803012,0.05874084874119041,9.86299801043623,0.007979475529383473,-0.05860828515282741,-0.006896763048448543,0.99515199961229
23108.979698203188,0.09437038807752425,0.04336147616653028,9.998724602096065,-0.0013372989444228771,-0.0450342895299722,-0.006698751458815153,1.007005398531849
23248.992365849055,0.15452079355980058,0.014345857872966007,9.91528500304704,-0.023329162916107978,-0.058261084263522056,-0.006913674990905675,0.9937855892383577
23388.003367039226,0.13946848921189034,-0.021558484059122793,9.96197049148805,0.008740868966921292,-0.05787964113574681,0.0012842160099386755,0.9988073128171187
23528.004670552586,0.18170081882520836,0.017397447793029375,9.955993481187884,-0.004473168278634348,-0.0761106020985873,-0.008239298185035835,0.9877045864899355
23667.001800798695,0.18820509105401492,0.009073447693372049,9.937861310124095,0.02315671285613959,-0.05827416948082768,-0.0017987408445809135,1.008891357638498
23813.010601576276,0.16133833034641534,-0.014477083791893532,9.902366607210665,-0.023480773694434645,-0.06657167323256526,-0.013057622509138632,1.0019224915595506
23952.991021639144,0.14327593123930402,-0.01175614163650779,9.941659978197219,-0.002149701349525626,-0.05247012857432914,-0.0023636823728141114,0.9871930558115123
24091.998585716214,0.1626688126908603,-0.04326773281523757,9.884281817074218,0.010367000170690198,-0.054728236667655694,0.012454592936823083,1.0036614933502201
24231.978545663485,0.17211507254892391,-0.0637276196562524,9.921655788991497,0.0011044455284332938,-0.0733917407556095,-0.007715310352451355,0.9796814764873716
24372.00185491267,0.26045372422447205,-0.0635758815173287,9.931139485312029,-0.0016538970293238414,-0.06069378279508109,0.013924159119849344,1.0049826795502452
24510.98698336452,0.18736630983576588,-0.09337653086021797,9.89533897342863,0.005542152523031173,-0.0438441827188122,0.008297923954150058,1.0026104487288379
24651.00427462517,0.230652811749794,-0.10515356609417457,9.909189408927945,0.023917532599542508,-0.06949932032932697,0.016728168336921593,0.9921104973208238
24791.01142325987,0.25310860826139064,-0.08122939596408735,9.930389703995052,-0.007657136994035403,-0.06407992133586447,-0.008778334598109082,1.0001709097186604
24929.978149201233,0.21264566504714824,-0.10055280843535722,9.909868092371015,0.008035422164272233,-0.05914134889312982,-0.025369150539302786,1.0016225137830532
25076.014991610205,0.21481336112884247,-0.10736318398160004,9.915319560019562,0.012630165313832263,-0.038678411002482836,0.010013641954769378,1.0038678226601028
25214.995419796574,0.20934606996154698,-0.14797985130408342,9.888476018685973,0.025487188281816075,-0.049947792875402935,0.004938363850722228,1.0113438884354033
25354.99496594954,0.18668518856974858,-0.07308707676386342,9.903489846201087,0.022325894049592607,-0.01754680340160722,-0.027312490889858036,0.9843752917226944
25494.98438055378,0.19842787910259024,-0.11539919057747713,9.860285154534179,0.012706566417183788,-0.03280809198484224,-0.0049692025094175835,1.0083375109172978
25634.00341273896,0.176593194512705,-0.12343469344036385,9.972108315578861,0.03906459025932011,-0.012060667758303287,0.005789471344527928,0.9959218693223578
25773.996808581793,0.22013607914298472,-0.054083956780163034,9.880816587815792,0.021475502520024756,-0.0404846812750894,-0.01976826291360672,1.0128910120059014
25914.00446389088,0.1906011429926384,-0.03611934499320892,9.925159640001231,0.011287719907800703,-0.028390152170110837,-0.0009888167095507177,0.969529126468549
26052.99476741183,0.16480775943613551,-0.027824822393626998,10.001212393638298,-0.018278840758949724,-0.03300750377931136,0.02469106662922838,1.0034595647864022
26199.004412153994,0.15749153427001725,-0.07840340448960828,9.930517860802558,0.009648537964913861,-0.05599236228035086,-0.013221894675919088,1.0040351781969337
26338.001342196298,0.1675246506778873,-0.13674418650517967,9.879244357814907,0.007742168637795428,-0.048923546803273016,-0.009173167685409175,1.004312001051145
26478.00355362443,0.2159638100837726,-0.06807884121220453,9.865740656425217,0.009608405349635819,-0.04736667946931657,-0.001794513750755625,0.9840506389682031
26617.979597890208,0.19868281715475195,-0.07836791618132444,9.909431202694341,0.011846812363368797,-0.06347015105761178,-0.007974960389201206,1.0217433008952967
26756.999494513373,0.1936098351377192,-0.08589924665106774,9.911339465958166,0.005024198632229338,-0.022029683891625997,0.00836516933759736,1.0032864374018424
26896.999885688587,0.2143712633085481,-0.10636569099701554,9.9068909456484,0.01023348991108312,-0.05460185119681751,-0.004976926397959994,0.9846316411924986
27037.00265543885,0.17671368542148996,-0.10462382749418903,9.952094372603227,-0.04976579519432134,-0.03787607558457637,0.002626908395850925,1.008633989314426
27176.00997204632,0.15425017958969053,-0.11033927262520649,9.98361233588346,-0.007210752141759473,-0.026873252311176786,0.0034555980624574696,1.01365187773223
27315.999497140296,0.20004466442404428,-0.13241649257991908,9.900267831898411,0.00582513645202858,-0.040575166245482595,0.0019865723491364904,1.0226814686828873
27460.992479154844,0.1783095624693548,-0.0955268387215975,9.941078434917095,-0.03681169933057781,-0.05228564808521246,0.010318181784290977,0.993607608335191
27600.99124948301,0.21082081275461997,-0.19577470054367185,9.93807860649991,-0.009784589570628237,-0.04619518478990287,-0.0012809795925136742,1.0088756859580232
27741.006075240235,0.20337632702602126,-0.20382822022846606,9.881541200856702,0.012144712343556205,-0.03397700174748096,-0.00462463445929729,0.9848857346129494
27880.005386390054,0.19528786734684078,-0.15708931827857991,9.93043248483386,0.003292791558808742,-0.05794192043676213,-0.014470161032724586,0.9957466199089426
28058.996806136438,0.16174516093747832,-0.13429040459100589,9.898667750653125,0.025246977856905904,-0.01438709279607374,-0.0024970859829124307,0.9973617031290987
28199.008056926537,0.19716485742706272,-0.15172347076826273,9.92306474153081,0.027730507963661433,-0.02745191282707136,-0.006877912745308774,0.9980436424397372
28338.008167867996,0.1672270177649503,-0.15823631942331862,9.911284139492967,0.024182847544025075,-0.02240891175922352,0.004048973339316295,1.0005641629915014
28485.004742899964,0.17446304149141426,-0.10450422604732991,9.946704506613136,0.02411513355347469,-0.04624972513745461,0.015148013194735471,1.0116404280487301
28629.99288042453,0.1946415395451886,-0.1273290169256403,9.923581247494058,-0.011340108499193988,-0.03889378729889657,-0.008530904901908555,1.0023260848789026
28769.990421589577,0.19544943110776145,-0.1689657905903473,9.854574029894705,0.022287680730996958,-0.059461905326271325,-0.002513348242559394,1.0222570292502262
28909.9916259417,0.18454718474484683,-0.1177923766801614,9.974932725026157,0.008007068698964505,-0.058365982490857796,-0.022228465795431467,0.9942597514719638
29049.009783712347,0.1787987189047735,-0.1745783408779048,10.005510505309108,0.011619081543196519,-0.03979490134958715,-0.007296782793718605,1.01798120600952
29189.006115110053,0.20848277687345707,-0.09538159851779858,9.882803430688607,-0.017778069016049683,-0.045498038070374586,0.018078140621321716,0.9937354620619154
29329.0261842534,0.18311208287233258,-0.1723926052612566,9.872745235580496,-0.003130149166326788,-0.08181589652585332,0.017796773211981518,0.9932352358009543
29467.984303350746,0.2259336255748365,-0.15399088992279744,9.919170639555656,0.01856014798270714,-0.04797747573493759,-0.0028496422493138425,0.9872204347877138
29608.00612120857,0.23591385285669284,-0.08474110199501442,9.958557327964982,-0.0076638269409361505,-0.046962160495643404,-0.009502334756268629,0.9810024906329964
29747.989757979867,0.21513210953309556,-0.15224296414001143,9.87281663992751,0.02818305798926989,-0.035071093637647544,-0.011710675518355149,0.9992198334658069
29892.982940320067,0.17059430690081587,-0.13236631282886804,9.880680316385982,0.04665255918806009,-0.05431054826860826,0.0067868104151459245,0.9850319807778731
30033.01155035052,0.20633495029687698,-0.10978841913739144,9.973076576789024,-0.015335593543164319,-0.040208313310691586,0.0006263917830969533,0.9977276477372798
30171.993486364,0.16331978835952793,-0.11748536098945953,9.940888289511097,0.01856008602938176,-0.03938675732970953,-0.0007138027436850097,1.0057948438100777
30312.99640268249,0.1530013266055499,-0.18384302195529165,9.849395603548313,0.02815200375343088,-0.058361617823846454,-0.014332654517175716,1.0073982266829042
30453.99116317235,0.15639033872549352,-0.1668553019878027,9.879907957408745,0.056577728478729716,-0.07063616680630903,-0.011394426038968654,0.9963548455741611
30593.02154653761,0.15952886882733364,-0.11517722963867721,9.970657432626412,0.03570972100000695,-0.07075903510694737,0.005078306355700093,0.9741976936760991
30733.011523699148,0.1883067872556227,-0.06574780584989602,9.976087011974904,0.003084919062974643,-0.012962486877279128,-0.006637017203678091,1.0049402014074722
30872.985191179432,0.13121369590565754,-0.19156711184557412,9.908901413691856,0.01915779565972164,-0.031681157501694986,-0.02191978476071699,1.0127697181421709
31017.992859181075,0.17425952086481244,-0.04829531845641479,9.988208062672296,0.007427457578768406,-0.05128489698646119,0.011951725459132206,1.014515630355145
31158.00316375314,0.11409040631565356,-0.13902974182718753,9.977457073059314,-0.044503081301755995,-0.04329274179667996,-0.004917507892431827,0.9911843969549241
31297.010624368195,0.1509153120388123,-0.1622494991528437,9.940621776245235,0.02976475917290088,-0.0477211739198508,-0.011427723104575016,1.0019170533580608
31436.99347356101,0.18464767530996398,-0.14022561596419064,9.938332115819144,-0.006565129759309092,-0.05122970181575353,-0.013129786469892683,0.9907873019714879
31576.99159322099,0.16443414582120205,-0.13782180298714383,9.94130174007813,0.0071691312284685275,-0.03844878191899044,-0.0031384331216524797,0.9968622064864459
31715.995709746054,0.21032795005302418,-0.1407091964662655,9.893987798395447,0.017335374319824858,-0.07076021438908961,-0.0020813831905388824,1.0060816656364981
31856.01922204161,0.21077773590250937,-0.12113301419995971,9.964170123933823,0.01874155243753291,-0.05752089128468539,-0.0089931508581263,0.9913781113936555
31995.979586510402,0.20916420858321533,-0.17907630056578633,9.928756720700195,0.006397761072232914,-0.038507244624613864,-0.007920925997411087,0.9912345158033108
32135.001315871883,0.20179027190231594,-0.15914986766855768,9.917586573636024,0.0032764565170218043,-0.06254389574896603,-0.008785144591777507,1.006074108634808
32280.993893166728,0.20183924634461942,-0.19561497958313645,9.876350660465508,0.016295329362346102,-0.061662337314499625,-0.02244814267360618,0.9962577470109742
32419.989395108536,0.1706462991840598,-0.15367184125875202,9.933265252640984,0.038694210991215235,-0.0385462613750303,-0.004144962042318238,1.0041558504667802
32560.00365313139,0.15834133364517922,-0.1576162441714128,9.91445787004693,0.009576406977717913,-0.05098292560990621,0.005371820404941424,1.0139371852189196
32700.019385178915,0.23377475778193807,-0.1396339956360742,9.872892619555149,0.04815938806622727,-0.061013212892551974,0.01270640984058104,1.0018803557268978
2664.0002609317676,-9.690558266548372,1.7044936631961858,-0.5541983972402929,0.04670061018528147,-0.0647353837199782,-0.0173582320345711,1.9891831410299972
2799.9953386691514,-9.690450940358435,1.642809901856367,-0.47816307418881837,0.03752295080350739,-0.039605357051462266,0.03252041762101391,2.0025721193668877
2936.992556045876,-9.577049485029463,1.6889870368128357,-0.5817698908412035,-0.012669045400031066,-0.012708098869245914,0.039442860311796266,1.9945451127551412
3073.993232069903,-9.618111054328295,1.4615344808040922,-0.35701942198633396,-0.06651065575353077,-0.03419287812473331,-0.07728000027085406,2.0118904667738944
3209.997685764249,-9.683935500844543,1.9154958141079537,-0.137996146697,0.01938579315830939,-0.022547893174606592,-0.07301539438415659,1.982040617087486
3346.9949659763242,-9.669093122826784,1.6548672896692136,-0.40930401885303,0.06733294686139933,-0.07018696110806853,0.01886146664403109,2.003675444728434
3483.984180201384,-9.568607288741502,1.8464273285396717,-0.551504336402178,0.05132953322660053,-0.0216429241672332,-0.028130588142297182,1.994082466194131
3620.992529869038,-9.752818986007847,1.7084525595529299,-0.19452035999552408,0.04869209635280154,-0.0449391908632815,-0.028776585254105203,2.0107183113550007
3764.006463617053,-9.721739913279654,1.4954135445698589,-0.333196818976055,-0.02191351017159525,-0.06061145280465652,0.022635275956920053,1.987825630351921
3901.012741086042,-9.55834015688077,1.6292682328776118,-0.6308559835948039,-0.02158837619666236,-0.05042551847176722,-0.023769137688466207,2.003355373673358
4037.993497309677,-9.82665538265965,1.395958609438904,-0.26083957307066014,0.04430203488632628,-0.0022312775511539326,0.016910513931075823,1.9890126263504613
4173.988863785751,-9.648378279426211,1.860860977732063,-0.2793543472399187,0.03406657518351377,-0.027405949414714935,0.04293719300775873,1.9895387285151567
4311.011132460115,-9.618244292657185,1.642195301122686,-0.30670894168995144,-0.0075190267892337225,-0.06619981744943844,0.005687102832314338,1.9994539025648237
4447.998703810469,-9.658270960377903,1.465030340052026,-0.5836170759149985,0.045086601700451465,-0.055172694177177954,0.014857747050510248,2.0019264646709787
4583.005772232582,-9.758620962630173,1.481645362605189,-0.5402666775134336,0.01658622595792516,-0.04256515547671889,-0.0346754164748951,2.001101723872883
4719.007877166048,-9.632130125360822,1.8776965200993272,-0.42251075426936185,-0.004753200369313743,-0.044241945660440936,-0.022948049757537146,1.99753762454601
4855.011316375671,-9.594437109062742,1.783945485276087,-0.1965827291766735,0.027270196228611526,-0.04168913604689489,0.01127108439151969,2.0159502448618984
4997.00265106625,-9.646644711947557,1.6376261072999487,-0.35881558100896527,0.01622762792863539,-0.04655713223200089,0.053281442562964236,1.9934171911529686
5132.9979305218785,-9.647836760006548,1.604079136496957,-0.40553382685276723,-0.0038559249200965443,-0.03808524937494736,0.005555408552575947,2.007889858993146
5268.990535094547,-9.6244726771383,1.7379041340486483,-0.469780122632245,0.002890480370458053,-0.03981618030805246,0.0034100530827596634,1.9984718695424901
5404.988250504018,-9.614239396840917,1.7508465801595734,-0.4191528320447806,0.0004310361714469672,-0.03004491538399894,0.003930790206779941,1.9805644286176025
5540.989901544642,-9.602052825884853,1.7014277115113008,-0.13271608693424264,0.023589516193860304,-0.032711939699675764,-0.042669625875805646,2.00242947375313
5675.97427973592,-9.61819504212035,1.7551712395781471,-0.30012149070108585,0.02447495774983506,-0.021700454851603712,0.0112166992066078,2.001608192859843
5812.0058532803,-9.62907257135958,1.7540698229468126,-0.3151432015232646,0.019331563253268562,-0.06783113574480147,0.03722305754763962,2.014412815615353
5948.00721009718,-9.601265943679492,1.5903489176660028,-0.3341591435758971,0.04882465489920084,-0.04440895580368569,0.008527148161616543,2.0124594086189598
6083.003390620546,-9.698392150014906,1.7392637145332364,-0.49388659204844193,0.049716796852619656,-0.01849476531215325,0.01907301003586365,1.9869222618930213
6224.993386518057,-9.559603769693142,1.9971673084159713,-0.5138951995675042,-0.0023607766950597244,-0.029737465923143542,-0.018296459773859856,1.9987696841375808
6360.999465074891,-9.627952904147106,1.6081925001933617,-0.46866917541059094,0.037508970510835155,-0.04289517333633723,0.01266631051038589,2.0032468683931053
6497.008973065385,-9.632214619256915,1.8096811977875698,-0.3673648816772659,-0.0004731559136991936,-0.025261351432234173,-0.02652604964794799,2.0007673341231818
6631.98692167012,-9.641319949301154,1.8031828840688842,-0.4091616824000096,0.01034930144300226,-0.04556503674373217,-0.0333183623154585,2.0182043802295944
6767.990317425489,-9.688724732426412,1.6934202308383808,-0.4387186559555099,0.028248685931376364,-0.051632759031625786,0.0036514989394909646,1.990340380099844
6904.004119927732,-9.73379414236662,1.6170897290534028,-0.4016970337619175,0.045415914148137546,-0.04890500609759321,0.015383617745159006,1.9699328897388055
7039.999553108882,-9.661736210643673,1.613997446327145,-0.42767562244217344,0.0336721272980902,-0.07994957514563567,0.004940658492159705,2.020655856134012
7175.015183213021,-9.650870868964054,1.6661666125311583,-0.5354879945250257,0.018536642036199463,-0.06161758479505283,-0.022395739676709617,1.9952926103522635
7316.014333929491,-9.625066555382968,1.7314360175830867,-0.06434214811009475,0.01169543974507978,-0.0758082234335561,0.02381059017888372,2.0047489785145487
7451.990679524564,-9.668595595019855,1.3900091453272734,-0.26515961597643245,0.01433809152060589,-0.07432425079355177,-0.00644694997166002,2.0152958296346584
7587.004605443324,-9.674597480667906,1.7238284724460637,-0.773353900430171,0.01693287538022036,-0.02053294064640295,-0.0440224614241391,1.9952747834777769
7722.985636508633,-9.616993640767841,1.8354527930776765,-0.12988425926164404,0.02996740990854536,-0.010428227073049417,0.02527869255899302,2.0055941641476607
7859.007246070327,-9.663236204444548,1.5883994411237743,-0.17609532225357297,0.00033984756773963753,-0.031854293735188825,0.01571900783514898,1.993659315084431
7995.007256810589,-9.734998961465122,1.799433949099119,-0.6719440364159375,-0.005477311366430912,-0.03394816440212288,-0.023550356555951255,2.0067062672332407
8130.004177147063,-9.690213167251061,1.61629034671006,-0.2527150660495847,0.05146892728399229,-0.02929597719237387,0.021783331350223593,2.0170793558205715
8266.02007161347,-9.574346455718802,1.831467178414475,-0.1463610965659497,-0.004148018207883482,-0.05671110918597204,-0.030987505141517917,2.012721107839036
8401.994664477026,-9.665163335546982,1.7019307376263522,-0.3037622966582176,0.036831607702320454,-0.07092068292583041,0.0018440231811779678,1.9920310071960003
8542.00287973388,-9.600987020783052,1.7830218916958809,-0.257858649330883,0.02546369391236508,-0.07041742721001477,0.017784052031128057,1.9829803276212083
8678.974099060993,-9.560262094193883,1.7951134351086167,-0.6430271068003798,0.01547036486284356,-0.03993052690151131,-0.020621568600353666,1.9999608460686857
8815.01510226028,-9.749046530927222,1.78826489925371,-0.11545653299347364,0.007393252750920464,0.025697329517967882,-0.029855419694900288,2.003200634633126
8950.994491625564,-9.622293933486224,1.908955145220488,-0.21701968405329855,-0.0032409962723513232,-0.0698543147441677,-0.000979903065374016,2.0013883975662528
9086.011321948208,-9.580810932776645,1.830596101025568,-0.4837530457672902,0.04589602325663318,-0.07165370934515117,0.03328833765850159,1.997801852610807
9221.995036519911,-9.713259797976068,1.5036547102989533,-0.5216907868941149,-0.0499950406604303,-0.02571286481822771,-0.02522505535128766,1.9944587686279491
9358.001678868066,-9.663744678650863,1.8089345598459197,-0.4539403402564576,0.016449864572874024,-0.006850552099648068,0.009843169563665622,2.000246345958897
9494.00503212558,-9.600293605356061,1.9963567858475144,-0.37972755792382396,0.025212895177530614,-0.03622514064433857,0.03192459511755889,2.0012194880826293
9628.996986934013,-9.60083044101424,1.895189381228198,-0.2747651641584442,0.0013181823728436166,-0.038822215020097146,0.013437481151199636,2.009762951522431
9770.003220113074,-9.655027823268894,1.7217978933251794,-0.47279307389881686,-0.012776835754221005,-0.0848286364593214,0.01703415775936574,1.9993225851258807
9906.012147244835,-9.598548306951146,1.8197774814757155,-0.4655394132827448,0.031640520716327725,-0.05940734245813608,-0.0004950692286541128,1.9864132945972557
10040.991027920938,-9.643909374741616,1.8995744135393744,-0.15798897612124777,0.0018334519847770152,-0.015118735297487095,0.012047296560511223,2.007267224647883
10177.00500924039,-9.711496258714147,1.5219922526410692,-0.3968208635546006,0.00446565723509574,-0.0816289837365329,-0.005755230648955233,1.9976506448881521
10313.008731640699,-9.609703804820981,1.747473480471037,-0.5045869030260738,0.008223168970714866,-0.026059409706358328,-0.025669687663468083,1.9978249840013387
10449.004459625057,-9.564814604836021,1.9076171456780002,-0.3242951050341802,-0.012154592043956554,-0.034279409592934976,-0.014111154617617867,1.9849100350802105
10584.00116328504,-9.591915001181563,1.8646094246070535,-0.2143157804377443,-0.030120454004689053,-0.024992989863925084,-0.016222965837121222,2.02087558975451
10720.014917962273,-9.620013440199966,1.7678925192340669,-0.3939802966019224,-0.00540453627683028,-0.04921010325314597,0.007236797350245788,1.9990087433859554
10861.007245389985,-9.592155562535075,1.8478605836044595,-0.37063919429023584,0.007002614074964752,-0.0488438947036498,-0.015595243818215424,1.990076111001715
10997.004044136042,-9.636780172249345,1.8124351827906762,-0.502363920664055,0.0025250166180663305,-0.043288321852429715,0.003509567959360635,2.0046033334196744
11131.982307209357,-9.59337041935355,2.0266279072497393,-0.5385566170584821,-0.004334575076338947,-0.006456499484133317,-0.01749696857067577,1.992122490097774
11268.00282494598,-9.75635048373122,1.780341301692949,-0.22254449711587765,0.004232407942095136,-0.0670126867495288,0.022470453869515954,1.9920420514382406
11404.012469324738,-9.641235453098517,1.5859545410197609,-0.48152575926712393,0.021978513681569424,-0.08232450487935261,0.02002975608246717,2.023870001925415
11539.998789233267,-9.6902338338659,1.5685922031531088,-0.6084809295229778,0.019607292773667708,-0.056020123044988435,-0.009357348986097932,1.9998597348058915
11675.005038318337,-9.748309904067666,1.6449222987751142,-0.25316520726841535,0.016949946453173288,-0.010518699140478347,-0.013178923378769615,2.0082943318707716
11810.99662226472,-9.603688194808871,1.7939887650488582,-0.2718112958855123,0.01618957650478501,-0.05816463143026943,0.0053784100553178555,1.9994618217666802
11946.998723091585,-9.63809722161382,1.7900814968719234,-0.4002925318927389,0.03132180887191281,-0.046977108738547914,-0.006613146550368297,1.998733605549295
12086.987712719218,-9.606547503702386,1.8477641042992583,-0.4727835574491796,-0.004518036775082478,-0.05360090475156356,-0.03050727916930875,2.0247301301655227
12223.00901289182,-9.551125425494313,1.6181077161187312,-0.38819633166853823,0.03795170412658941,-0.043040332050586896,0.011978704947691134,2.0001597097369848
12359.000429071799,-9.643876406293884,1.7449045092687294,-0.29760008574274843,0.05515298425952965,-0.021974904947944063,0.006835105952998766,1.9960542300962876
12494.998832251247,-9.582091615016434,1.8461620233308615,-0.2848325769368921,0.0216209566750557,-0.029255541800832736,7.539748182325214e-06,2.0152697148161622
12630.006951649963,-9.586270191865056,1.8460413504700866,-0.26230105995244846,0.0063809056819305035,-0.03575679147724858,-0.009438892213035524,2.004089601238475
12765.98820200768,-9.579771613346898,1.9137704930751451,-0.29215316711993783,0.009800467505138058,-0.040184721514445916,0.01339454547733711,1.9966373474404013
12901.998231258982,-9.652997211557665,1.7340512227465,-0.35600377788801263,-0.010350230770852653,-0.025977404834451504,-0.009555566576011592,2.0063370817581894
13038.0038965465,-9.641993175869876,1.8873924717630528,-0.4467327662070354,0.01623043696519355,-0.05071760544812736,-0.01720402854921908,2.0039254234983943
13173.000232711232,-9.571961400390258,1.7926736777906493,-0.395108508168782,0.018539682620716917,-0.04270981308060157,-0.001959986279688241,1.9999571057018284
13314.992553867673,-9.561923452502196,2.008578083707344,-0.23466927146108205,0.012477449973016714,-0.016641143297752126,-0.010261846114443012,2.001139921794743
13451.004263346942,-9.613420519625087,1.564209963122859,-0.2945318905908558,0.012272528499251813,-0.02665360784333682,0.002492367051622758,2.006851904172989
13585.987120053267,-9.654990587986344,1.7439145626220236,-0.33946179714414354,0.002323766555579818,-0.007682824224783647,-0.0032732857392627135,1.9970867281305804
13721.993011642226,-9.664318175223608,1.5991275858723106,-0.2670488432815519,0.05404790584947122,-0.04049952761429849,-0.023347589325932328,2.0307736593976493
13857.97816024393,-9.667044896398941,1.7141519853548493,-0.4470775163906285,0.022475084838091564,-0.04289536579323721,0.00015772578417041106,1.9889228895365463
13994.005253466787,-9.695640137916982,1.6012735661869844,-0.3096441915748321,0.008332205236683928,-0.018007903811717907,0.010911380446151944,2.0166450568805785
14128.992958113115,-9.683944330636054,1.7654810103014924,-0.31260591086627615,-0.0025818114911848305,-0.04334718566909555,0.010119292632049104,2.0123513426043917
14264.99985378248,-9.694956910577945,1.6090876098641793,-0.4477268592559021,0.008406885354622595,-0.058045645436117295,-0.03296177309768456,1.9968350913082604
14405.992219116937,-9.6158831638214,1.9206995682631356,-0.5861169399542727,0.005013893400571677,-0.024360258310675745,-0.011416595291407572,1.996505600817964
14540.984735779211,-9.657519015468713,1.7269519823022534,-0.3612349779635641,0.007911092323805219,-0.041738160806566095,0.007483254276455597,1.992788836387756
14676.99233582364,-9.593803578400324,1.7870489328732702,-0.31901847528927885,-0.008471902244969411,-0.02466565402169464,-0.003264857965041287,2.0162426342665762
14813.011480181083,-9.774333711770137,1.7487606800842888,-0.2596649425695631,-0.0014434998834172857,-0.0519927280603263,-0.01109623354020243,1.9990859520082336
14948.990743366972,-9.713668681056904,1.643259189683594,-0.6193224165422644,-0.0038770977361162065,-0.07100230007184183,-0.003963644219525694,1.9870544432087862
15084.002477393367,-9.69669135770917,1.6578620470360375,-0.4187025859508851,0.009854864080480833,-0.05047121937054975,-0.0036810444913010386,1.993543164584315
15219.998176544907,-9.702766250195449,1.685892239361213,-0.2653120297714693,-0.05081099400035185,-0.032056705369271174,0.00542929418640068,2.0054507231828236
15355.989525801366,-9.624735394785485,1.7879068895522656,-0.20249252430468193,-0.020467479158828007,-0.03928459887231555,-0.01996127459575996,2.009091490985456
15492.001568374197,-9.692024444931063,1.6779006269817847,-0.24454481683673637,0.0073334477979266795,-0.06324983684589354,0.03443337856054923,1.9998528343368513
15631.99046196315,-9.535619533054518,1.9619966410605354,-0.5093415621916286,-0.01667243287562978,-0.04970843488284016,0.005682793701706861,2.0131385567027116
15768.006547648216,-9.597893837625566,1.9569134958259709,-0.25082512998782325,0.014062256245457667,-0.019312774591456028,0.0022061399456185264,1.9943235636295638
15903.991190337625,-9.64636555023024,1.6462816515775962,-0.4039407163438694,0.024696442149716977,-0.041698941821073,-0.0072560707547596635,1.9973934933876079
16040.008436390834,-9.619625497985657,1.6081934370358109,-0.46047344989683403,0.029724944904526793,-0.05125982428769087,-0.008619064083917514,2.001562368702591
16175.007210666057,-9.579652255274054,1.8217701039406737,-0.27136587644756033,0.020520298961807085,-0.018277920342836783,-0.03694272816807683,1.9891869978037517
16311.008586726843,-9.63536400878434,1.6908525286267186,-0.32691148183543345,0.0064098037261545076,-0.030429136661145235,-0.033477155537837096,2.013571834261403
16446.994231980305,-9.55072317130322,1.948681856250366,-0.5028808912483438,0.01117095064858883,-0.07553483016051651,-0.008934199879860591,1.9886967974708558
16583.00041218344,-9.628640114481147,1.68097169697808,-0.336355244506744,0.013568295582055261,-0.04431499497856026,0.02907911139572363,2.001091677905488
16722.98743177462,-9.653859299691803,1.6987076929681542,-0.4333901714598908,-0.006415243284203532,-0.013062310847605221,-0.01818848199289615,2.012564390655659
16859.001184433266,-9.682252210791292,1.5993871662867694,-0.3868417756816694,0.05891787563514415,-0.05637834146812924,-0.010378234841424956,2.005879708803256
16994.9995327036,-9.710310489396758,1.687535446750397,-0.34137719409280776,-0.020671493385440828,-0.023891789342816043,-0.04618390893982769,2.0163856523011856
17137.004777458493,-9.711991391441888,1.9466057791405562,-0.4401371578728684,0.005621905218952956,-0.047659059556965,0.04377575298913013,2.0014962248738373
17273.004887143034,-9.728102485803316,1.4757506640714984,-0.27596357886118966,-0.06012278827754394,-0.0732714999995411,0.009296721927812238,1.9983911544539712
17408.982525430605,-9.60593895447572,1.8125344076525536,-0.6521032978017667,-0.025088957963503838,-0.02879368032927007,-0.04224072989968172,2.0217052038879184
17544.005718753633,-9.643569979751534,1.9705422481970276,-0.41064425496906004,0.002270120661240143,-0.019365480199264633,-0.024813409489209595,1.9882460365591157
17680.015732641645,-9.637139784357508,1.8463478336355694,-0.16210565456265752,0.02647669714211311,-0.03583400532661833,0.05862294639676265,2.011772363221827
17816.01298597916,-9.595500597059903,1.7329573412035042,-0.34406983152638854,0.00686968116634037,-0.0739452531772062,-0.03657255807018172,1.9929912009428925
17966.98785397956,-9.600642785091129,1.97161146428211,-0.26690540772316657,-0.005939869397986062,-0.003462279236060282,-0.03283183050961503,2.0101695725689828
18112.991268309815,-9.595612395676833,1.602121477148187,-0.3025652795164017,0.04399666846952608,-0.07122502716365255,0.014323322990178064,1.9989478893531125
18249.00897916468,-9.627240530472598,1.897772669194837,-0.5852756768878109,-0.004814827021149702,-0.03279772625745989,-0.04470299589986181,1.9796580348221744
18383.983587920135,-9.641730235578041,1.7487764985976424,-0.22537527895053236,-0.0008389624499636161,-0.031200794054037813,-0.024770201067276478,1.9997508548448992
18520.00717498861,-9.75816294433965,1.7091789412856584,-0.3874172805903215,0.024511336834499905,-0.08048724477824719,-0.02384480806880047,1.9828328770511616
18655.992208764244,-9.663817812525494,1.6694170454184887,-0.46615591931379563,-0.011930848069951188,-0.02924608148181316,-0.04666158197798629,1.9882161079319862
18790.99738538453,-9.65474872452756,1.8972633278357975,-0.17654671993714344,-0.021210402716250274,-0.03843520750108383,-0.01602894637739907,1.9905804833495968
18927.0016291559,-9.692001619594922,1.6622468996061166,-0.558312220609374,0.00452109452765884,-0.06760323682546172,0.03767797136110376,2.010170913565872
19068.99776243368,-9.607759001067723,1.708181861287888,-0.32913072083065364,0.005237297395938427,-0.0433089816834595,0.01662034581521308,2.01487423062128
19204.999318932136,-9.657685173044664,1.7669795836508035,-0.3286119906276931,-0.019627877340881974,-0.03465892166649454,-0.014596323940848348,2.008511820738303
19340.007240645933,-9.658614818519053,1.7694978084171462,-0.49806393040421104,0.023966025159945493,-0.04557774624271266,0.005228303028999695,2.0018251753466587
19475.974419882477,-9.650061398492452,1.6181123435047742,-0.40743089406152083,0.020909501250061083,-0.04714857847931441,0.029221171841778294,1.9999301025091756
19611.98997531675,-9.649237514045776,1.5038775222629044,-0.319762826113849,0.004199643161556058,-0.044789121915461715,0.005301311715316638,2.00274970464888
19748.0046412586,-9.645080914146352,1.808029076882643,-0.5313662255229576,0.006847712926800078,-0.010459798579454688,-0.03644677252146143,2.0013457306624116
19882.999147080565,-9.67997715566848,1.824155776258902,-0.1909628032187615,0.004376660404727449,-0.033957740844435126,-0.01294599364832761,1.9988893493762434
20019.01603512563,-9.672696837466333,1.6928388989197476,-0.277774249186721,0.006303352046565717,-0.05629655044491751,0.021387242054529475,1.987332025869185
20154.99952189755,-9.560943465089325,1.8908595447139895,-0.436534098393697,0.026106747214426212,-0.06156659078116001,0.009989154050745139,1.9965629269050422
20295.010163185223,-9.686772802090582,1.5751511617677878,-0.10233530613392729,0.017651324787977474,-0.04303302608505347,0.005253455078494207,1.9945613733294916
20431.002110866804,-9.659285255135071,1.593941306025537,-0.4353994802914014,0.03205925060552996,-0.056564189108463614,-0.017069019574099568,1.9788721048339588
20567.005394166266,-9.626228523627253,1.851711025173803,-0.3543856788924476,-0.004078715824205013,-0.026467816502701923,-0.02428720236125486,2.009998106128435
20703.006598954686,-9.725459937254149,1.6236792595922007,-0.20710049669637112,0.03566507674728098,-0.048169397206336936,-0.0019736467514300587,1.9992359470247685
20838.01434832077,-9.66191188785104,1.4930079505239409,-0.40398171335121424,-0.009508777073914771,-0.041864545091881124,0.019444565742900283,1.9930447837041148
20973.99612444029,-9.667015679576444,1.7411670982165803,-0.3204169643828522,0.030564155314150045,-0.03129973856230442,-0.005133385402087978,1.9940789752864116
21109.9951211938,-9.601868325209018,1.8089142055533676,-0.42477299303850097,0.0274347596448907,-0.03611426603734156,-0.02403909845008562,2.012529944258191
21246.006852174425,-9.615452536929809,1.9734705628698503,-0.2651433295614593,-0.010290834383919915,-0.03546870109954829,-0.02498825509903187,1.9926578416567968
21403.018830765526,-9.592230707113693,1.4425848961668806,-0.23562075647784425,0.016959059212451513,-0.07639189715524566,0.06420197533765336,2.016253045444724
21541.98618990846,-9.672854217594713,1.4620066222478485,-0.5880716668783862,0.030821149694974504,-0.035019574822510585,-0.0008380199206051384,2.0047183718324733
21682.02588210961,-9.615424879014629,1.8530528736794056,-0.3308277185637471,0.030335909389492096,-0.0035107988936963607,-0.0047566631583699235,2.0162631821079695
21822.00461425375,-9.605024457741264,2.032328163788153,-0.38067324375675465,-0.032794372643077635,-0.0688550826294804,-0.059412374749155145,2.002807115069538
21960.9736653945,-9.607922636527599,1.9831136915001648,-0.1429643858696325,0.008108119128274692,-0.041305589334140864,0.015040926641604689,2.010579277630986
22100.997587078695,-9.616801888712564,1.4538585501387409,-0.492613406150524,-0.0013803544038904004,-0.06608111806086274,0.031839407866483156,2.00976708320945
22240.994787032887,-9.600894251265292,1.6333996435260976,-0.37530717738360214,0.06816163858861257,-0.04316863460078207,-0.01141899084169603,2.0064737988711734
22380.003544259234,-9.654121238604874,1.887437057119049,-0.27439651250693714,0.003922068169725667,-0.014842159897820796,-0.03116910324574994,1.9823583869054349
22519.995711613763,-9.643179395325518,1.7007584075794133,-0.25202662527693476,0.01757360433019884,-0.05291569422746037,-0.02463498611066717,1.9907146466797516
22666.010353677208,-9.653276870256239,1.7641560156504859,-0.5001568235044002,0.032541783987845734,-0.052164956621901404,0.0046427061061307525,2.009249491859608
22804.999240754736,-9.61450456715961,1.8210246046991958,-0.36291001316239474,-0.008863463685180909,-0.0008197216921619927,0.03399897557147835,2.005212927510194
22944.989577624045,-9.601690276630851,1.7633502839258843,-0.24136201426386442,-0.02282555276000243,-0.04839108650281674,0.013663272774590339,2.0091645777408034
23084.006519953684,-9.630205614344188,1.8004233390847186,-0.256959612215277,-0.012723025219691056,-0.04553829312712878,-0.026237892143594635,2.0025726960517845
23223.99785476874,-9.621817599280787,1.714703816720833,-0.30893303983126436,0.03161877633511878,-0.03083540480357819,-0.030869577033621632,2.006295286413712
23363.999102538673,-9.558156920156753,2.004452995717547,-0.49997739393116153,0.009227246872982328,-0.023437915179958305,0.006099760371666569,2.012440526534756
23503.023775843216,-9.61882031631466,1.7025042393750098,-0.4147799344809239,-0.009434627717930447,-0.03849198997157001,0.0348802419625659,1.982261373112966
23642.993379728574,-9.67651654974117,1.6734138166175938,-0.3433510142696517,-0.014255971801759642,-0.03628263698079923,-0.008869010702328622,2.0002914847926285
23787.99239288981,-9.576668396467712,2.118288330703757,-0.394004670244374,-0.008037676600663735,-0.01049867584515626,-0.023473398072591942,1.9814306548222764
23927.999886132537,-9.592747715723503,1.9727107924410014,-0.3217973103474488,0.008842678103707487,-0.06626864003613343,-0.02313014147490885,2.0073361146254616
24068.006509126393,-9.636597317229558,1.713534019007125,-0.5019420322687549,-0.024532190548581658,-0.05706893998715296,0.0015761180479288298,1.9922607092902591
24207.987589271717,-9.664729798875733,1.7484355172948907,-0.5756412663489239,0.025281917489205174,-0.04440717716891039,-0.012490954365564244,2.0051735595076945
24347.008335953095,-9.615904544542007,1.8237592078782499,-0.33494530219575325,0.034755437291840684,-0.05109034863295942,-0.017166540283731612,2.0076757373392984
24487.01448910805,-9.582498863192148,1.9140364661635476,-0.2776252977279225,0.004838902126355793,-0.04565951345737642,-0.009638946496550062,2.002145005202357
24625.99396797508,-9.619212564747139,1.9283787369312417,-0.16208376382670556,-0.009409900120164847,-0.026632811471859454,0.00417954322090785,1.9994891144690654
24765.98552817053,-9.662598877631632,1.5899383373266267,-0.46248567669913243,-0.002898614054646271,-0.07747172319580989,0.017262379716457773,2.002682866831503
24906.000739535863,-9.635568599707241,1.758810555964585,-0.44677028701548405,0.03430867346131454,-0.026442435726130836,-0.01529350706078297,1.992298615746838
25050.993579806283,-9.665222636243813,1.8567532356215048,-0.25159183344661057,-0.001347643870523253,-0.05356258481183795,-0.0002093849627749409,1.9860179308337806
25190.996622475046,-9.631310488391023,1.7893901291520693,-0.39021365694454185,-0.017827285909306125,-0.05125020544418127,0.005620189418605442,1.9917559849999382
25330.99991456792,-9.601425542057232,1.6877286490560501,-0.33331821750489715,0.015174333965488602,-0.08105933888429484,-0.006217882363539032,1.9920534067241504
25470.002987610394,-9.614182461254765,1.858130541990639,-0.44684391641545856,0.008887994048579961,-0.013357749955538461,-0.012056466041473415,1.9736123981089926
25609.99950163622,-9.513312026231176,1.7879414370120734,-0.21560303841567532,-0.01433030103379714,-0.05218273876708052,0.006704894390367603,1.9985461334769556
25749.993460142414,-9.666849726368644,1.7058457203150752,-0.2857300254371203,0.0003654586148673566,-0.05727086373493431,-0.01978619197893002,1.99848839166916
25888.999350889047,-9.575382087623552,2.0058069614994833,-0.5349207617989299,0.018241535904592415,-0.04410726619889427,0.0004745249121589597,2.0049282814178384
26028.991320356214,-9.649650161662166,1.8794883027837737,-0.22268829071744592,0.03697633579515837,-0.04484595849582388,0.031503569424943825,2.0195981469581072
26168.017179266775,-9.59231333813325,1.9347323241732335,-0.8042577431470666,0.03898650363580636,-0.08022855026918353,-0.012592237271927507,1.9916833187125775
26312.99929556874,-9.580423363865087,1.8579888101757474,-0.3539718811133966,0.021605160506258103,-0.020073543606404492,0.027206151110654525,2.003163438188492
26453.011776773466,-9.693920715956727,1.6849403984722642,-0.31859273660226006,0.02211866650880794,-0.03591633319164738,-0.008550874506691775,2.004026442882043
26591.993971386506,-9.573813865137598,2.014675333883029,-0.3323945835232611,0.03257438852239639,-0.045016760686909046,-0.014628049501671389,1.986905700665724
26731.98895076702,-9.573735717652402,1.939947008876157,-0.1800755609412569,0.01720495997107149,-0.042880549215073005,0.021302573880149275,2.0183539072087298
26872.00023082077,-9.663800708473484,1.733659656855381,-0.6258855722035208,-0.0032470471705817704,-0.026665057132558366,-0.015720755473809946,2.002106656108109
27011.00270615894,-9.605461555042254,1.9996426434429877,-0.3521642943967343,-0.004192383787022143,-0.032115787060795556,-0.0039047189668768257,2.0110479438005764
27151.013248961426,-9.600715470890192,1.7786409171092032,-0.41357229645357474,0.029416537217753,-0.04920784337513828,0.002364323609910256,2.0107192949770285
27290.979734474207,-9.617455323253878,1.9834532554210818,-0.30848018947398714,0.008307926380171323,-0.01706266503239363,-0.026277913982825526,2.007380153612253
27435.995246703482,-9.626515940859875,1.796575067782401,-0.4395232724068902,0.008238327882067875,-0.04517821443262674,-0.003466070471066291,2.0090282407141493
27576.00625390064,-9.580780137416673,1.893655940249875,-0.3470916044550115,0.010852274630957446,-0.03438802284650676,-0.013190661327263301,2.0125734115630394
27714.99809407707,-9.618085900436101,1.902059890420627,-0.26163928108115175,0.026602354713938594,-0.052736295585241476,0.004284556530533602,2.0116193685296024
27854.979260960372,-9.63239737436889,1.7381965729724587,-0.47877066305850885,0.026014572704598466,-0.03914893865463134,-0.00046163146545473855,2.02104569621198
27994.99747711537,-9.621277511852501,2.0427572441258164,-0.40465435806341626,0.013688512784053109,-0.06143830885680258,8.138086904421114e-05,2.0068246483202397
28133.997056869877,-9.586595078677362,1.9369483570574948,-0.14063931457011636,-0.008885987504492264,-0.06198249742421524,0.027720618493211543,2.023448312730211
28274.003959375936,-9.661470325252724,1.6915760000706688,-0.5238801001290107,0.002497468330191423,-0.080604320897383,0.005013572631525316,1.996985923230548
28413.991649411684,-9.552231703751238,2.029077206712304,-0.5798562265701351,0.03865844350871967,-0.03640627363894332,0.010954714263567386,1.99821601007792
28552.993039783043,-9.697151999582386,1.9044561213990843,-0.1705387382475686,0.026038864112633557,-0.02281508942585533,-0.025050766334142698,1.980861775466052
28698.000706769984,-9.661767443464536,1.9683474463230537,-0.3081339780472378,-0.0011963988973033213,-0.06044530638254541,-0.020333197130908615,1.991158726613737
28836.995487892484,-9.598471751233639,1.8162497432333893,-0.5288015694338627,-0.0010049801249554806,-0.07457339048145174,0.006988494170469623,2.0144010634428633
28977.01246315388,-9.59108868224916,1.8075441295774062,-0.36113578173104677,0.02509797074020266,-0.03396569266252342,0.006714172845832865,2.009648286312683
29116.982465804977,-9.628783623514417,1.978688558022519,-0.3302567016273727,0.01572407375005605,-0.026533282774089048,-0.01504615031869981,2.0145396280134134
29256.008575637254,-9.64193378131941,1.7812191896718963,-0.43984078380931113,0.0013739523673318781,-0.07149114873082901,-0.0005342648728785129,1.9917006710107479
29396.01018095032,-9.675555247587658,1.699048335766266,-0.4938667431736201,0.03466306439377303,-0.052144630079907495,-0.0001861936751695087,1.9980203929676141
29536.003389322217,-9.530947009997156,1.9480241106330214,-0.4004738217458049,0.06830974372310135,-0.025184802369499035,0.009039965161361166,1.9925699151322578
29674.991752906204,-9.571337640785485,2.007887355043535,-0.20510851693262738,0.030412204373793075,-0.05538981152161295,-0.004997348292718432,1.9841580875862366
29819.98620624031,-9.655288932612347,1.871352854371491,-0.43561887727429005,0.027991428206525993,-0.0487854693591357,-0.022812118857214677,2.008551111452217
29959.99925906272,-9.551081446209183,2.054045996287724,-0.32275740333315095,0.05358077706616145,-0.04250911797265641,0.017430462608502065,1.990268142086515
30100.005385502172,-9.60579818248143,1.976335377284974,-0.3826929295930867,-0.01737340698827376,-0.04701087343839866,-0.01862060401706189,1.9910257333589723
30239.994756449058,-9.627326083823528,1.789078619102344,-0.31847534461689386,0.023061142270336215,-0.08002110911035597,-0.01880489701746187,1.997105667737892
30378.991146158976,-9.638258895853468,1.730288068749077,-0.49002434055120947,0.018454463218660577,-0.017785224375160755,-0.012189882673289297,2.001437719501451
30519.003664255433,-9.658674057330625,1.716571896999716,-0.291326305962179,0.005035562056840837,-0.05551823748720349,-0.028029459113018552,2.0009170472210442
30658.995346692354,-9.588850283846993,1.9211291256781082,-0.2644226975086514,0.005085061465409496,-0.04587274879875218,-0.020474442300727324,1.9946769793205317
30798.012011201256,-9.563891692868541,1.7891295685038273,-0.2920141033275072,-0.009362041474381659,-0.009519286357701903,0.01159624110807379,1.9920024795738571
30937.98582579652,-9.674504197651938,1.7722969939792586,-0.22054981886556463,-0.00162677507168546,-0.043696352722122155,0.004104783504100211,1.9967610208023294
31082.97366417243,-9.666401375132825,1.7405860286365147,-0.4094218351253966,-0.012799151766312439,-0.08983764490478342,-0.018832488002294725,2.018757057043124
31222.015427433897,-9.51874615898103,2.2515061033972135,-0.4353714206327795,0.007222595028324873,-0.0017191934943734954,-0.039277709698617796,2.0101979211837206
31362.01412433712,-9.615322927593743,1.935073956663124,-0.13708264616510768,-0.01143898523935667,-0.034106032760836666,0.0077948863131547,1.9908941738732329
31501.02316269721,-9.530004315801314,1.677755519877514,-0.11898399892255498,0.09053923492981282,-0.033857430552155655,-0.01246792789955103,1.9981117418641254
31641.002427765397,-9.73011005894873,1.6035536858728905,-0.14742817292319685,0.03819247779617803,-0.021144760348413415,0.025072888814069796,1.997315668248391
31780.994031682596,-9.658204547055348,1.8458929545583254,-0.36215799037060414,0.0019177963115101142,-0.04663983827936675,0.025361609636879886,1.9986150904559152
31920.01372416914,-9.752580851375106,1.4814662760208435,-0.44259421979177344,0.02668860345951835,-0.07198160724630252,-0.0010630504940588922,2.0201579199237694
32060.000725472906,-9.662466022760615,1.8139889429746827,-0.3683246551762507,-0.011658653053791136,-0.04190254463573698,-0.02391079716198556,1.997537124919243
32205.013048922043,-9.705536190018744,1.7006396868975717,-0.14226882846164643,-0.05330377334789947,-0.07102262039011517,-0.012924300069797022,2.000177970118076
32343.991850273465,-9.611741237657494,1.6059431182141104,-0.4043183209424256,0.028624344181126086,-0.044427936361768845,0.003928038871298128,2.0084116956032165
32484.008834370237,-9.68832519886031,1.7116028670702361,-0.25154271090770275,0.04953336839010356,-0.04055570473544912,-0.026472993433977406,1.9864110855266588
32623.999038798353,-9.610056692990447,1.8880675448339364,0.049485790798807223,0.04150693789447678,-0.06333440369028735,0.026637804353225537,2.0049670400338253
3160.9985894365095,0.03373451867129234,0.17243400118619334,9.885485790105244,-0.004141212252895961,-0.06308750050288094,-0.004266492927989721,2.9836723823767053
3296.995404365394,-0.014045368463027407,-0.03548638156207659,9.92763201679309,0.02646131390126139,-0.07710474932648281,-0.005024873055100905,3.0170637365339465
3434.006243629487,0.05716024390248158,0.24960173281770948,9.768158568402402,-0.009260966888761482,-0.06447710494959782,0.004135229714678278,2.9971970230348473
3571.0064696618315,0.041336318184958705,0.15861468660839828,10.017906341101057,-0.017300582494410587,-0.0215025045705532,-0.02611322137561983,2.991351751819724
3707.9856986307936,-0.03418544011950437,0.24369816251745136,10.125126487618692,-0.006824736404580312,0.002171892998427586,-0.008448272581013504,3.016851334229006
3844.0148696770116,-0.035584766813892686,0.09156951416761634,10.097704934727446,-0.029029137034596437,-0.0423022344217446,0.005585950271326987,2.992085595821341
3981.008359872035,-0.096687717903258,0.030550490892987284,9.750246562950649,-0.01259435494950792,-0.06769585091379832,-0.008770896602807714,3.0078522708482134
4118.009249772453,-0.021691523217385125,-0.1009582383105314,10.042393841701093,-0.010098445646880009,-0.05164813327217227,0.01086495027238661,2.998606714287473
4261.007130558135,-0.07129627665879669,0.28897233711741327,9.862682076401457,-0.02613312194898804,-0.03667253104791433,-0.01582711243899971,3.0080810872835535
4399.018891119203,-0.08803697294018308,0.038834280209839415,10.05979593716516,0.0038763790622596706,-0.08010187119239752,0.002856041396030659,3.003804292294036
4536.003313037942,-0.06526054047262712,-0.019905057407264993,10.073080213233196,0.024780273065564965,-0.048549148974594315,0.027678858825617377,2.987015327499104
4671.996325823324,-0.05380202900681294,0.18584343184171653,9.919111562987217,0.013694389932600972,-0.106211428835028,0.012650407509909683,2.992228809135219
4808.998497211066,0.041176112598669046,0.2074869163811282,9.803325898649772,0.020928546248303266,-0.08112800662639778,-0.0037574420644734376,2.9930462793887807
4945.98965369682,0.07270308117685541,0.02921267485569385,9.758585817456854,-0.011859158789393436,-0.07445018639541229,0.016667930782280415,2.9957987400432518
5081.999919235701,0.0478178732022215,0.07130290344023338,9.948985260640798,0.019159420383745594,-0.05579863008473771,0.01170653499973175,2.9923139397518566
5217.010549283522,0.01554036539180938,0.07696168682863187,9.777330793953023,-0.07349956119250392,-0.020983324454588073,0.013660061675585809,3.022578037500326
5353.001682337378,-0.0774685525912612,0.12599163952172832,10.019514006351823,-0.0002524942694097016,-0.010346052340593324,-0.0016447692873353672,3.00314083685476
5493.993733236613,-0.023911830701533843,-0.04960524583822943,10.038094119218377,0.0122752008840272,-0.06329803256871519,-0.008161313901459844,3.0005818776159625
5629.996677100031,0.1447991099750884,0.1508743342986292,10.229053376289006,-0.012143397008468908,-0.17433909447071821,0.021099488952745632,3.02661513540782
5765.986613464168,0.10402596493972305,0.11393420267054268,9.773705293520406,0.011221278172743302,-0.0806887128204085,-0.01768347414676185,2.999602865034274
5902.005402786421,0.1454572762042191,0.04951716655860867,9.863298677997534,-0.004910672467002587,-0.040631666569546164,-0.0001315702130914564,2.9978444455906748
6037.999111729695,0.09144899047880496,-0.0202658787960082,10.221807594501707,-0.002936830288217001,-0.03695504592127222,0.00731668951160661,2.999196829410427
6173.002949815186,0.10601076044167732,0.05203579546332812,9.847392973595879,-0.02027668521510349,-0.10867536850473848,-0.0232744854840457,2.9971732798846142
6309.009265399755,0.2668594966565076,-0.03871546883934418,9.89271745799239,-0.0005991369850811043,-0.09844546346844718,0.033561438502061496,2.9855894430750656
6444.996865082541,0.23494687476743933,-0.04030906506275677,9.861980880758779,0.0018593803845026156,-0.020668432376434787,0.018048006865079156,3.002659680602295
6586.0052868985,0.22309486565443862,-0.24234422130485583,10.166529670943858,-0.0021485447796464633,-0.04829104013834989,-0.007288821146467782,2.9920883694781755
6722.002015655722,0.24828423486485549,-0.1849747908454457,9.837718396867164,0.03547003318016632,-0.05040835457820536,-0.007651530986144549,3.00143722753191
6857.982394988963,0.2599690109603548,-0.023672316073292704,9.79915850759282,0.029689280138594763,-0.06067193013083632,-0.014209051438319485,2.996849488052419
6994.004415193299,0.23540034190931947,-0.05262519450010905,9.615120745824013,0.001502369061045195,-0.037097837539797666,0.006917124860644095,3.004314280089747
7129.020891800896,0.3647370781521612,-0.28714222013847146,10.504028207789174,0.17807609763502374,-0.08381192356559175,-0.04194921462025127,3.004069671145762
7264.999347195348,0.31466738957963253,0.1695944010539635,9.276058515344168,-0.038131915294561815,-0.06416694802051322,0.0484152574828023,2.989802179871662
7400.991188816922,0.3881265692822505,-0.20394590052385914,10.223896874304913,0.044919536826403005,-0.020526427869393668,0.030026807775093933,3.0029089084312055
7537.00817637634,0.36679428781981244,-0.35352113557843357,9.79544903484593,0.07784760987993576,-0.06171636312284277,-0.03415827349121288,3.008240649578744
7672.0007551382105,0.3053849653399609,0.09427597668665291,9.667268827053386,0.014771444495398257,-0.048560722314889324,-0.010899746393503152,2.999839460518643
7814.001420739497,0.35373158562018125,0.15120668058048028,9.805539238545652,0.0581226253102923,-0.050419381025611804,0.040238016435124355,3.0095632251516395
7949.994301038542,0.4169270284328185,-0.12555009241537224,9.973560222603307,0.03317232364647377,-0.043811197850828994,0.01661924985953926,3.0111578121900897
8085.0021813209705,0.47583434668357577,0.18650915632983497,10.123158834967262,0.026814047793201925,-0.03650276601554353,0.010844068296082145,2.9931713933066106
8221.007606936491,0.5323861694705082,-0.14465478218610325,9.814092941108271,0.042589624280770844,-0.02216689339133943,-0.004802441395869176,3.0075466047804644
8356.991969373425,0.4301580164695582,0.04974489003282353,9.732193320876641,-0.006671346027896716,-0.06254810761611669,-0.0521840798567642,2.990987131422456
8493.00023668553,0.48313984172203034,-0.06239978278235616,9.906651577136458,0.01448045851395015,-0.03434041481166263,0.00758467135218895,2.9920721044461245
8628.013768497802,0.4480248660274605,0.2107493636574724,9.811763969297138,0.0010741946750538382,-0.0526307651167548,-0.03113503238056219,3.012044988961626
8764.00135161423,0.4987326270458746,0.005865860434299624,9.94258705173081,-0.034964485103513424,-0.048902383836705955,-0.008617706919897836,2.991261517685561
8900.001423570842,0.5376953271136753,-0.11539484367604332,10.097644527437343,-0.02716202485616612,-0.034663630981361056,0.025877211396730843,3.012123284539457
9041.009491733088,0.4669798342581691,0.04994016085477849,9.769456580131909,-0.0007172923853826436,-0.028161856898883675,-0.0019920431503899164,3.0149777846987877
9176.001364666763,0.48381489291669677,-0.4035587439926316,9.873094139381623,0.07917979447073673,-0.0073501942001986545,0.025677099858075366,2.990722538640499
9311.986664234255,0.42903340876711965,-0.28686934505647804,9.946602557836496,0.0021327271912104945,-0.04929717109198265,0.0188751264928767,3.0066840209859835
9448.019485622368,0.45112266269179657,-0.07990591544235111,10.162581254941022,0.006057132181259586,-0.08505557769519097,0.02423475899950708,2.9936990609006706
9582.989881480924,0.4864398330874133,-0.3876105049295536,9.722249438391396,-0.006352374087382848,-0.09843878610064749,0.02063975547532373,3.0043951548723196
9718.99925708637,0.445939740340643,-0.1654687036160708,9.745277539044386,0.016624198391309356,-0.014366810428551305,-0.0034422610884988743,3.0126000907191064
9854.985242873028,0.5946234004604863,-0.0508062927282079,10.101086946322443,0.028077129293966666,-0.08923194173906902,0.019237097639079506,2.99960156290196
9991.0161171166,0.5685444937775581,-0.06838942908018802,10.121638208507957,-0.024010524486073388,-0.034441305668410443,-0.02852291917684777,3.0021454748724175
10125.9970105718,0.4650715643841298,-0.034558766012689236,9.760295266680208,-0.018430575589860783,-0.06052841842254273,0.06563596545954323,3.0043511842494026
10266.998346588643,0.580690345517466,-0.2726771368749715,9.750250814751304,0.006376414538479235,-0.049499116692639296,0.013010755602521695,2.9715619718983137
10402.99505242896,0.5739848990284905,-0.28784369152118017,9.937249071879931,-0.04072267871540425,-0.05044341293544465,0.025059720237463366,2.9844128408541204
10538.998873847731,0.5538264266047991,-0.38871032189235566,10.069940541065785,-0.03665052937949485,-0.04116284287142287,-0.01485323085305568,3.0056782647610287
10674.004045091495,0.5368632330646269,-0.24628263813196014,9.96849790738168,0.011284964246571787,-0.014046434794478223,0.001651316014813488,3.008067269700563
10810.000885984162,0.5612711031376547,-0.15319939704252983,9.944874205494028,0.021146576873780427,0.005044639787095114,-0.043693923002398265,2.9943902002691614
10946.00637266044,0.4846518143622128,-0.1977282523226159,9.88971545429812,0.025913759530235038,-0.06514124335011293,-0.021871841388455066,2.990704442635631
11081.998101406132,0.5260657864015024,-0.08540454183239683,10.099057769919414,0.038687636360764596,-0.06691761106457188,0.03204903457582789,3.0070312978089246
11217.015298217062,0.46782866952361646,-0.46539572805902135,9.908281859408788,0.037261128581334485,-0.0656880517215709,0.017356232265058814,3.0048767245196397
11357.998557866413,0.601136348943036,-0.2024276866422415,9.998189419331027,0.04976386736435351,-0.04103000506608559,-0.0134734663341855,3.00060554032211
11493.976824364998,0.5883543112257485,-0.11828207574353382,10.001199810850567,0.03133316767634268,-0.0311728851460445,-0.002515708454917531,2.9978184630263014
11629.003107122504,0.5596160536222377,-0.0083176585712138,9.80010611313035,0.02561786178055423,-0.023072244930819885,-0.006621291596183837,2.994679128099274
11764.999295780886,0.5578764565516059,-0.15553189560199054,10.035151937332731,0.0022287709363477664,-0.03617007357506216,0.02100134515989703,2.995199167110079
11901.011201071255,0.5772497689202929,-0.29496687273131295,10.148908785060588,0.0036327296843543357,-0.016860951127085168,-0.020587796166560913,3.0151821808437145
12036.996178950441,0.5147043635323126,-0.2837133926179996,9.940035526479239,0.019124355890497255,-0.04961236951366301,-0.014530668129880513,3.010265043824455
12171.99788727062,0.513659214453667,-0.44327586927702506,9.937475146411185,0.017310296406023454,-0.05516124436690707,0.0007571578659273522,2.997068852032258
12308.002407641907,0.5212798817051475,-0.34257477026845806,9.858296177310137,0.048941370671444745,-0.049627667962712965,-0.0018611814241558285,3.00423603661007
12443.984143611222,0.532037447396452,-0.2933130685902317,9.830663228147204,0.009488708237729997,-0.06172248482116988,-0.0073155586279834576,3.004989393433961
12585.000812463975,0.5878675727956427,-0.10865228436730373,9.690259268157908,0.021249675156869586,-0.06572691539905258,-0.026004007464526628,2.9948046424651755
12720.995257154209,0.5984001005715843,-0.3297293722902927,10.192342337563455,0.03352738494870277,-0.017735983078407805,0.0009088936130193298,2.9969116467461636
12856.99182334042,0.5779038174405374,-0.24832923492534809,9.92293644687082,0.03289155102661395,-0.040816198953447735,-0.03492039726101208,3.017981096814125
12993.015718479277,0.5049011087146509,-0.5587896701517848,9.862827140398059,-0.0003830457839757227,-0.03421655371158579,0.024225414448924763,3.010594488078928
13128.005661895608,0.5653250220725947,-0.4046058658320425,9.833789896529462,0.03158596294468722,-0.02609633642096823,-0.03189220562699112,2.9976339034137975
13263.988914690945,0.4496861904140202,-0.21711020145109425,9.67039896231536,-0.009425472011529577,-0.10138384128125176,0.021746068064875133,2.996983597897255
13399.993291523457,0.5861946886124428,-0.5906973679729434,10.155442112691539,-0.007228684402244858,-0.03850560938801522,0.013064262409060598,3.006107390618998
13535.995965036023,0.5572382958169737,-0.5876359781468115,9.979834683953701,0.0042818035375816275,-0.047645656862384714,-0.012417467327987505,3.0152259670509767
13675.999409629818,0.5726562702767095,0.10703778117218278,9.905216123797954,0.024839915963024897,-0.05312996896031841,-0.060330772040514166,3.005084282631631
13812.997783213204,0.5467579873103446,-0.35189475707401513,10.066483268705603,0.034622326038269646,-0.017232677981991806,-0.0326017410103723,2.994552272451591
13949.01283916686,0.5958825891089624,-0.34846092218058616,9.950303259755094,0.00810483677772837,-0.06899937785974354,0.016778859056798014,2.991911239065534
14083.974291915365,0.6839532200741509,-0.3943736206904065,9.729810958737966,0.02818755963203832,-0.039957113118403505,0.002633170068081305,3.011373022785114
14219.988440543731,0.5670361814945961,-0.09542341099617592,9.99610823800642,-0.03067481738013877,-0.0896026778117305,0.01593723363600421,2.9955563400985867
14355.989435939482,0.5950240353197466,-0.3986110306356822,9.917264209331787,-0.02251862726401444,0.006143000110376963,0.0034718406632630572,3.0038519824487504
14491.992591457782,0.6040490079963234,-0.5246561889602971,9.809738872718128,0.021484987496938526,-0.020567955947726247,-0.0071708140512791825,2.9906982655725955
14626.992428173136,0.6016547274535247,-0.34322698141843966,9.94218853802773,-0.019977061937104797,-0.01211500164016512,-0.019091853347985153,3.0074557775455677
14762.99832576013,0.4998011955395514,-0.033748808321133646,10.12945410364232,0.0016588800883419038,-0.04878134373313172,0.004875358733651781,2.987255227256404
14904.00625839928,0.5190917682792124,-0.5660743900841996,10.08680783276783,0.0442777543658268,-0.08591968653650219,0.020564682124668426,3.00369821878947
15039.982892128332,0.5902121689735143,-0.5543037071661319,9.523632280820998,0.045304022048583734,-0.0695654975963906,0.00957994355839034,3.020853281443639
15174.98363358163,0.5700858490560485,-0.3901378371394505,9.72503174990468,-0.005727471122904246,-0.07362459505750163,-0.026425958920960377,3.015509193331823
15311.005876116142,0.5875022709032308,-0.3025807423136812,9.867313449419019,0.02453395208587589,-0.07137208532487356,0.014324343978187005,2.9981858386655884
15447.003973897547,0.618214734843229,-0.27248914728776025,9.943965996115603,0.010990663607344232,-0.0337576141418176,-0.004455194916175797,3.013085935471927
15582.99395841687,0.5778096856659934,-0.5609677020519755,9.943330675511882,0.018456298486919088,-0.04449096859100821,0.019489608424697474,3.000498451847794
15717.981545776596,0.5185623380347731,-0.4153286873852768,9.59482808943685,0.030522737408407222,-0.05722668374452274,0.013826127213659658,2.9995284730333687
15854.014008151074,0.6013042442551553,-0.4765266068231032,9.945183140332226,-0.000794918058544808,-0.03108697732330954,-0.00018394002343092046,2.99908975419826
15995.001475440797,0.6286612746861049,-0.705182487189949,9.920166534062718,-0.007524818666687794,-0.05605058290942382,0.014439800115245443,3.0053041496818804
16129.98884221569,0.5403480782079019,-0.3850474709488341,9.885935895511336,0.028548663008458763,-0.0625938772272395,-0.009151314676175047,2.991856062597407
16266.003867075318,0.5862888462836399,-0.3650885176780506,9.983740438137493,-0.028164802306910163,-0.09720708900438131,-0.030524767474935263,3.0062153072360163
16401.988330820004,0.640692510527918,-0.6762010215804346,9.892326059458346,-0.010780778050981044,-0.051883505863520654,-0.010339374230179513,3.0049019478431833
16538.00089471575,0.6501712037080944,-0.5095707145978937,9.889682048457413,0.007101833862045541,-0.02764254544066938,-0.020762599579355143,3.0034456677321675
16672.979372577684,0.6060145106727791,-0.45537109278442095,9.90046702518315,0.021242280030789453,-0.045094986698193035,-0.01222998174068023,3.0088337087762373
16809.01598203606,0.672290672534439,-0.2604902981786864,9.888588318591276,0.03488993522120918,-0.03944553697179406,-0.02968017648976335,2.9988253192283807
16944.986047999493,0.630250550248539,-0.39198231658855703,9.770124468481809,0.027248820805179215,-0.04528716481286041,0.026976725690238967,3.003113580713455
17080.9996340733,0.6787577556431161,-0.4786565966997955,9.999781061289493,-0.02275265560300033,-0.08751417422405539,0.028481799944048203,2.995961070212305
17220.99241329702,0.6990623903982807,-0.5102273080933781,10.119893054590099,-0.011626320998684707,-0.042918213482900855,-0.008913751367858734,2.9916047870193214
17357.00652019229,0.6262738061825165,-0.40435418899522735,9.741375843562494,0.009894651665697416,-0.04811575832305564,-0.007085914832092544,3.0008631136480437
17493.007298086384,0.6187904462511509,-0.5699151621926379,10.048537113954808,-0.0159193381305504,-0.05012551268083598,-0.008224755645750067,2.998605154289376
17628.023902722507,0.6634954538024425,-0.3749495842791096,9.776415894088593,0.014241796525326452,-0.06333357415340647,-0.00011304878626064907,2.997542929917789
17764.001940283808,0.6643997320334925,-0.3314868589559422,9.826454511328095,0.020708214916911313,-0.030748627691497186,-0.00011074874450569476,3.0037257809048983
17900.00772154151,0.6613054682234502,-0.5747832226526258,9.918169025687146,0.01229608678453362,-0.047566028713665956,0.010677047794407233,3.0009423678145892
18035.98172791636,0.6530533466670805,-0.5325526937906675,9.631568323505796,-0.03991032847268525,-0.0433296288609428,-0.038471916341148375,3.0036153803175467
18171.00177244458,0.5931091319515625,-0.5124879280771986,9.810197158285948,-0.007139197186526764,-0.06873010453906718,-0.006956631334673468,2.9922073853199738
18312.000204221265,0.631970836235135,-0.39190005786642623,9.89273878083406,0.0313053990824,-0.005014116317689026,-0.031311283764417656,3.003474438167298
18447.99545500056,0.65651300735429,-0.4161101157107554,9.898175602010168,0.028094945869575765,-0.047978414108186804,0.03577921882937172,2.9919944142451467
18582.99412523039,0.7117656939145948,-0.510894481373148,9.98138873327035,0.031131324085270855,-0.01696571038031769,0.01750518615528672,3.0062057700599194
18719.007933262044,0.6719504780039163,-0.5195270654843643,9.92891170791379,0.009379890801480271,-0.04994302804379701,0.02572294148533825,2.9996635027650638
18855.013170348044,0.6908614901345657,-0.6437043576963928,9.840362735029325,0.008286220383089767,-0.039379491020218066,0.014929055099814556,2.999111120199101
18997.989238891005,0.714387420491853,-0.7248672518343262,9.948280948533004,-0.06901816651592428,-0.034728645183502584,0.0026170399293188153,3.0094946103965583
19132.992996457862,0.6881373593508144,-0.606635939198804,9.942550996167107,0.03594895973350342,-0.04302849587668332,-0.019300566579014442,3.026288518805939
19268.99668174143,0.7100848400584009,-0.5442845733014814,10.071424793554225,0.03636873241187534,-0.021339690075870128,-0.003652715230301913,2.9980594858937883
19410.998235110914,0.7512884392692654,-0.6017938920341418,9.845139610705882,0.006621836866220463,-0.057391434747159534,-0.011011835482141975,3.0006348088475385
19551.010985994544,0.7379907772112053,-0.5654444609131563,10.176085256637373,0.03634814308907104,-0.00956618138043502,-0.005694812588785924,3.00026550641326
19686.98713968964,0.6891715915386069,-0.6501214412482533,9.874040433479768,0.02113800876354145,-0.06228084158774806,-0.01935351075786492,2.9929338276627937
19822.991872683935,0.7251729482638772,-0.5911964759778403,9.74055951373719,-0.0192440365842545,-0.0590339388784737,-0.011996343635035439,2.9920005845870765
19958.009044872215,0.7324999807111695,-0.7349201829740386,9.88715850467269,0.0024601580762844523,-0.05104601060034811,-0.0030583054262168204,2.9954964358975342
20094.010531891017,0.7319211468036779,-0.4447788300888286,9.855012510395081,0.005466426163278606,-0.035240045168732755,-0.027679169054303704,3.0068114518002136
20229.987544244035,0.6999675643550876,-0.533388042277382,10.045065565259728,-0.00887781693910387,-0.05466706268297686,0.0025665371034381554,3.0143614723852936
20365.99529393858,0.7300486013014973,-0.5103769070214316,9.85571461343188,-0.01580464030657057,-0.08134437270857159,0.013647931929634458,3.0011405923550525
20500.995578193262,0.7167795604599078,-0.7487563021406752,9.859124643326693,0.015550656943730127,-0.05400742977733549,0.002721227601872091,2.981596417488252
20642.993195563307,0.7210008692151756,-0.540416847416989,10.130211058914757,-0.005879031735734657,-0.04602892820751181,0.00465735845285455,3.015765608066775
20779.02325354721,0.7936241849860746,-0.6356351577370092,9.80527264921143,0.002965728766255736,-0.049667337064597854,0.014471448332865962,3.0064078290291674
20915.00891921208,0.7429899529257934,-0.764973302273609,9.898803514252998,-0.007796753774404841,-0.0570810915868202,-0.002067866033295086,2.984527716405918
21049.995794597377,0.6942677906027442,-1.6163651520739304,8.774143442590601,-0.07721046766617348,-0.2599435000975866,0.06435699335380961,3.0101695120162706
21185.994096665654,0.8311293558021325,-0.6880483645653424,9.835292261940054,0.03268106699918023,-0.02203892885817361,0.026809337306328767,2.995561354871633
21322.007071580632,0.8110838946522558,-0.547756402746066,9.79579536733778,0.008535182252703053,-0.055495207116566525,0.0020110326168315375,3.0058792509897234
21457.99420737573,0.7830468699934001,-0.8247904169491074,9.891155182149108,-0.0032245692948354113,-0.03583885670558712,0.0027978193983353647,3.0098343026648937
21592.986265937536,0.7199205689469602,-0.9810395534473146,9.891670439005585,0.00366907929540095,-0.046778154070529,-0.009025935003804428,3.0037654324339687
21728.996988631672,0.6901431454547656,-0.4596832380803374,9.527986196856496,0.014521260389890872,-0.05354308391478784,-0.0016071479732984945,3.0181600690771497
21885.98469648467,0.8059474341966013,-0.636637374892345,9.872599472840806,-0.014388604395374732,-0.07388439331823975,-0.007670047856972384,2.9910148387555098
22025.984145624145,0.744418609045244,-0.5564697809712351,9.670410800310963,0.05176597177087278,-0.03771389639327653,0.009050796940799527,2.9804457488620835
22165.990878837576,0.8472399846627813,-0.788924628412054,10.141966184932413,0.030362310394683567,-0.036264789167399884,0.013930459518750972,3.0034950647296297
22304.99875106196,0.7791889068754064,-0.671143816740987,9.681010227292429,0.030622718251466095,-0.05755869240870901,0.0007858252303483603,2.9841034293958635
22444.979384068865,0.8341867815183243,-0.5795798452728426,9.59572489277444,0.011964488705185716,-0.06172109705674345,-0.019776212627339338,3.006790363104055
22583.989009894394,0.8505757369158681,-0.6396954615154161,9.641822762025749,0.032995165223915365,-0.04608333581317464,0.008893104868234171,2.999067737506481
22723.987320835637,0.8761544426304405,-0.6962676450520761,9.928982136608347,0.011103525800579741,-0.030705387457499084,0.0009526679597753633,2.994381674579473
22863.984684914933,0.8835722615087418,-0.6869716148953592,9.786447998661853,-0.019951947138733613,-0.04920915475435157,-0.03031032744621416,2.9921011927996926
23008.995692898035,0.8495038278358318,-0.5691532112971889,9.817049599873847,0.0072995012112674435,-0.028737160000862155,-0.010220022328131469,3.0030880514424223
23149.00605720038,0.8014781542638123,-0.7882714387967301,9.747541730266407,-0.02861099192115874,-0.0695039469148271,0.012032548135851423,2.996243866920101
23289.0011936535,0.8606591686670635,-0.8514557561675216,9.887870220645397,0.0085867377733094,-0.08232237983793649,-0.023004214007926398,2.98556267050197
23428.004141048605,0.8622513800073379,-0.47544732681700563,9.719528732232245,-0.02466267014753329,-0.08542130523223576,-0.046406741034002476,3.0109014319608707
23567.998059154772,0.9019345643981862,-0.6965276631083386,9.89303943021093,-0.005188434463925709,-0.049810420809720736,0.002388118156183924,3.0022117837300186
23708.003870095283,0.9828711894773359,-0.7182658946396963,9.854530066645522,0.03317810860574248,-0.056466774495864555,0.017403212876647742,3.0017487206649287
23846.996922297734,0.9317945980496036,-0.3461743448735429,9.62610781694333,0.031768558227254384,-0.012437634468006642,-0.025287401185398167,2.992451181157585
23986.993908738823,0.8430731468789812,-0.6250679871487671,9.789377385935795,-0.0019633126435910937,-0.025651644893573296,-0.020524395101614912,3.008745372571706
24126.00860208788,0.9547623320873065,-0.7229574741605143,9.76013583608837,0.010913263824953742,-0.09389789386918997,0.03644625825567053,3.0092916957295253
24272.006884786115,0.9582689474836936,-0.6760103329296384,9.750462995787053,-0.004020000290304796,-0.054123014162624904,0.001087806609616789,3.0088322438632087
24411.986790503946,0.9090013621861425,-0.5684873080032732,9.81824233817295,-0.0025554434632259326,-0.013913204784619047,-0.028505105934805448,3.0032490606911835
24551.002847577063,0.8570651703016081,-0.32665452074224427,9.878250800824778,0.014739593684582207,-0.0380644976468757,-0.0014240534150604745,3.0250899228920223
24691.010484366212,0.8932250254381753,-0.7295677130751954,9.727777138245976,-0.001479518303247622,-0.04030162163372802,0.02073725932829602,3.005578657536253
24831.000648498786,0.8207855209863121,-0.48450402693473316,9.607137324357335,0.04786534440409188,-0.048921925674822724,0.0011717601805933736,3.0067790294930576
24969.984332930282,0.9372326904733886,-0.5086234537910369,9.88759943843176,-0.019556234752072844,-0.055452918487047476,0.014881311323115437,3.0176670897222384
25109.993704748456,0.9114847198367396,-0.6168191261469432,9.879625805304839,0.009291732158378769,-0.041352680767781425,-0.007885151113945789,2.9966592634703684
25249.998939731646,1.0040364814295266,-0.7229286119728414,10.003899890545087,0.026859402333533393,-0.03999334877544333,0.0010864803273044144,3.004483620306534
25394.003831911643,0.8888490585914023,-0.5416528156328257,9.591915878964445,0.006758587674674385,-0.03725657621506305,-0.01130372799246221,3.0143026457541224
25533.99953512887,0.9474386772158189,-0.6661097924304767,9.740244195997246,0.022372776037543594,-0.06233535046463023,-0.02476457444408865,2.9955563986594362
25672.99222908838,0.9562041732071063,-0.7331435171303678,9.909801674394854,0.00914419430031193,-0.04055820795408699,0.011217340497228924,2.991830364513006
25813.001140562177,0.9482386730655489,-0.5483894195144998,10.123616381576197,0.020667730493931377,-0.013821621878157801,-0.004152142480512737,3.015112131451455
25952.98749303783,0.949485224293082,-0.40030519025997585,9.995947342224214,0.00919688826962837,-0.008224702265882067,-0.009447599465637996,3.0014803963237213
26092.000678171513,0.92455662976304,-0.6404568285453741,10.040546217967595,0.004237302317864162,-0.02654733044501118,-0.018756653386540034,3.0092526472517718
26232.00465859597,0.9464832820127492,-0.6215069684061529,10.009323917612642,-0.00460501821277238,-0.03674515289051884,0.007592736455690471,2.9926834925482324
26371.995868034574,0.9481738324797061,-0.6564111411854673,9.893660599594199,0.009145859857743608,-0.03767034012738506,-0.018844123321439882,3.007348740667278
26510.987140856454,0.9709589849654127,-0.5948945509506911,9.80173383830548,0.013134996993620208,-0.04329173346549667,-0.02271809571822958,3.0065316291264024
26655.981425032416,0.963183917116603,-0.5932835938721022,9.898302692803638,0.021922338153248993,-0.008552554142082922,-0.013665966482322952,2.9989698869852153
26795.00632818423,0.9516983582581084,-0.7235157428455378,9.891011812948442,0.0017241548969369766,-0.054751386408717656,0.008800383676541127,2.9900216014247896
26935.00001325994,0.9619563731626887,-0.7552756553083179,9.678417588330998,0.01565075318596113,-0.05657410890864685,-0.004278590140590494,3.008521705829005
27074.99801677691,0.9625702424644805,-0.6929843275547677,9.951749155700622,0.027986080504024673,-0.041173915743306845,-0.0025747469273994794,3.0048287299077843
27214.004098403853,0.88728137262251,-0.8143644198218822,9.69901111273082,0.008874718636375978,-0.038513021473048775,0.014392166008822815,3.017090562496572
27353.987016667463,0.9533420459314981,-0.6995249235214337,9.712084906870075,-0.007929115738266513,-0.04583577916375435,0.0016275077858171694,2.997106087007872
27494.00254731426,0.928594205596281,-0.8435809505775903,9.933091486081793,-0.007629947544260497,0.0018599442105302715,-0.027526149558451587,3.0131583701901534
27633.002636531433,0.9428323269564304,-0.5178513066334571,9.807591064928685,0.038751333334135156,-0.04481381535303482,-0.007850136874543749,2.989750627460716
27779.01013830149,0.8980206048804831,-0.6596039231905575,9.880682707233797,0.012377357888603306,-0.02283055857854585,0.0015638027608477554,2.994513554296365
27918.03034172908,0.9418123240418189,-0.825171818267024,9.94507928254988,0.028424682133756044,0.004635452882725045,0.028390483426187395,2.9970220217628794
28057.988347015984,0.8452294723866081,-0.6983729111352647,9.768625517422256,0.011256256939650334,-0.04948136852451085,-0.030755521266304344,3.011868128097656
28197.976071433954,1.0097990999321893,-0.5313503245312381,10.016385686320245,0.002033763950006434,-0.06171506462801694,-0.005738178561069256,3.006671229649622
28337.01492735024,1.0018548102121247,-0.5981683195000022,10.033500327940343,0.021501729084758413,-0.009098885637074903,-0.016148845141306527,2.9992659969609696
28477.00560036252,0.943513949070955,-0.566680778887565,9.897051156107047,0.0217872271879598,-0.04139225861258206,-0.03332084434264699,2.989596620438333
28616.99061924373,0.9009434734673836,-0.6316643795922277,9.904128813037552,-0.014393936733884836,-0.04104328898061698,-0.0237180512279023,3.00309979142242
28756.01798095513,0.8670289515104951,-0.6897949041721593,9.95616973615145,0.01181933999201506,-0.026788056498851087,-0.0026034017411124214,3.007269768740352
28895.994941088808,0.8494240149528337,-0.6462358703318438,9.968557678152852,0.027525155777183067,-0.02737045929281046,0.008556834418637355,3.013432817156789
29040.99323656293,0.8024220817616502,-0.6839332570843857,9.758842479228154,-0.04214004259475249,-0.07166610245351059,-0.012581987804918489,2.990583341939708
29180.98062705471,0.8471848146085259,-0.647868850276108,9.863214339827815,0.007637402940610176,-0.07350015820268435,-0.00862013876380361,3.000094580452987
29321.007539995637,0.8573813472083135,-0.5798791880882226,9.899953623781247,0.00198707319844672,-0.10186898514462796,0.00437638022272623,3.0175425553450443
29460.004156568877,0.9088599935731225,-0.7122871322710669,9.765880057905607,0.008572840869011207,-0.05738608882641925,-0.009938386058398464,3.005065158437319
29599.99198196761,0.9201783940715232,-0.6389219790948087,9.726655730248073,0.017664086786075454,-0.06545713534333418,-0.01989675591367988,2.98793583442841
29740.008348402214,0.8868218203449347,-0.7267198900626957,9.975789832312556,0.009482149662336981,-0.03489075299054857,0.004334541575678039,2.986715069280824
29879.006562506787,0.8903250724395113,-0.7191089520392255,10.059640373107902,0.023104357718269377,-0.011768960683556182,0.0018904815179286694,2.9930562279201487
30018.98787842526,0.9052040274006512,-0.7179804943196019,10.060766780887013,-0.08822063401099818,-0.06611555459429949,0.0007990717504712505,3.0213990385826643
30163.993682338878,0.8762752057424836,-0.6207778633491146,9.756213028264511,0.01914886655921347,-0.006348072628576162,0.010269869659564435,3.0038756904270847
30302.994888388675,0.9333311229860876,-0.6444145606751883,9.902238151791424,0.029812962248903414,-0.04812539854040798,0.0025472157497020203,3.003008641432244
30443.011909277597,0.8955121622639989,-0.7527690716904551,9.956136156923169,0.037042589422042464,-0.02995340535110296,0.015045153257002682,3.0058189775760082
30582.99353358487,0.815050526081366,-0.5604873604864121,9.980157771072781,0.04180997046742907,0.008889067176499389,-0.00639334674065238,3.004239976802017
30721.99740102445,0.8597361697656972,-0.9563603554390651,9.776682772994057,0.07119773913588094,-0.08623309650848424,0.03031170488268729,3.0012540146187336
30861.994205296465,0.9605944897734908,-0.3136879685207191,9.756706347459657,0.009185629791056724,-0.05139063587115935,-0.04653422775038829,2.9848489720275952
31000.998761958836,0.892224722252379,-0.6859501851899312,9.851170309550708,0.007108209155235266,-0.03852553729597498,-0.0019763205873518197,3.0137543020189477
31141.011924089762,0.8574361223700918,-0.44428098951892353,9.820808687719508,-0.005575890371142814,-0.048259001014001934,0.01278421430612868,3.003017203243631
31281.004061917516,0.8929817212442512,-0.6393550767235655,9.908679572708431,-0.01142538241668281,-0.06257050943337418,0.009792978821978465,3.003070719221097
31425.972930746164,0.82113154395953,-0.6811833238144792,9.725535833888241,-0.006749777660310695,-0.04841193047539067,0.03168947797300875,2.999147708863467
31566.008589323555,0.8039886564700025,-0.4788264594193188,9.68700917466988,0.026708391535515266,-0.07475954726876353,0.03210677161167568,3.000952983882278
31706.002987601307,0.7873156161989667,-0.48940068532202957,9.676051774558887,0.06842290292376442,-0.04181337217458033,0.01842149788378639,2.9955280167242524
31845.002237056513,0.9102813852351601,-0.5008346763139367,9.678608794048742,0.028072618158381555,-0.0536286688995994,0.0034713690792392586,3.0053872864142286
31984.999794266107,0.8311734942207941,-0.49709232022456623,9.45825003222378,-0.0059852210734832705,-0.06924784570501082,-0.0383782316138644,3.008599599389431
32125.00132111751,0.8803694663534196,-0.5813643100704655,9.789192583608044,-0.009855149646054013,-0.025126767460335188,0.05677887698106079,2.9962039846021042
32263.99519549422,0.6886387288961638,-0.8387495174491002,10.212986077300666,0.007279696740382478,-0.05815548642700248,0.03808377434775544,3.002845707090952
32404.000689647906,0.6787978907573706,-0.5045525287832711,9.913675956506584,0.03752841965518532,-0.09109221619326283,-0.006466391478963641,2.9904337414688076
32543.002709547345,0.8276084657114884,-0.5425209448139748,9.463073408872386,0.02437440407337715,-0.10021566043891396,0.008996663309360517,2.9816784121329856
32688.002934026303,0.9093589737545155,-0.6454866279143757,10.00256677615797,0.0450901038969099,-0.012077289242958431,0.0067036743891199,3.019476796668781
32827.998446099074,0.8816408644335629,-0.2781219892087265,10.2277115537189,0.0036044644240720135,-0.07015361687333918,-0.011744004451702539,2.983924408129143
32966.99081901273,0.8636717584239506,-0.2991663536390721,9.724982371122124,0.04412726955893252,-0.016104163516689828,0.0296297561153606,3.0091463478817975
33107.00440166557,0.8815221939646932,-0.6464320748391627,9.89306575554304,-0.016652997212826322,-0.03248810406681552,0.035028986162246305,3.020360934439675
2739.028406878456,9.705639844072323,0.8664678204080462,0.31718306475227465,0.02844502433318158,-0.0436339293145895,0.05170363132832317,3.974875306139081
2874.9809118986554,9.696754461895933,1.0639994212990604,0.6655235561292582,0.009939226683474241,0.01235801892772798,-0.0072886892873976405,4.009373222458334
3012.0211292296676,9.771986851363415,0.9984170782337433,0.5205282654433897,-0.004955764915148241,-0.04592297648727257,-0.009331632089053446,4.008883851351391
3149.0140407964846,9.679016197627034,0.7078762710052064,0.5597207531135261,0.028652911109541542,-0.028584041596887863,0.03068575096338556,3.9950133367522835
3286.0115876808673,9.683498683511395,0.8187114894564766,0.5708811256156537,0.03251567391614529,-0.020018886148586403,-0.009565478993606444,4.013526697446688
3422.020200627823,9.648814472726222,0.8042191517961,0.5839712289179089,0.030625940833823195,-0.027136437574998555,-0.010443326809837845,4.0207482610174825
3559.0034438825905,9.715027379005027,0.9648644645412875,0.6125041814723063,0.012446997933692666,-0.0453165504548743,0.024208660645427354,3.9900973087349416
3695.9884413055415,9.710332977466587,0.9429318755117139,0.6108693529420712,0.015927602138711503,-0.03436680716114319,8.498326044484208e-05,4.004061862837249
3838.989296568308,9.733565369926488,0.9494117543079873,0.7732842866155889,0.015174644042756745,-0.0389771244806927,0.010182604351699258,3.989064997682854
3976.006724568402,9.725189851328599,0.9245421677832024,0.7275019778144856,-0.004591198465291689,-0.014810224963083214,-0.007155072044940842,4.00880459224465
4113.98884849452,9.682616917931007,0.9253071346167091,0.5942366315982671,0.006500316299755117,-0.055118024300789444,0.00953370279731725,4.004405492685064
4249.990180861583,9.694397158893214,0.8487771013071348,0.7327721502209423,0.03343939756832898,-0.04876175525995232,-0.010596646351237828,3.9940530476678977
4387.0024097341675,9.643833174008691,0.8014787096448417,0.5998430607202153,0.02131917604901488,-0.050042722352730586,0.005052624030823539,4.009243124050697
4523.988851981863,9.68751986868725,0.861337321918486,0.684578377817192,0.010611393082214295,-0.05297828891070708,-0.005508087092823109,3.9859373492937986
4660.0075202964,9.717805240206221,0.9130567455742169,0.799626921594042,0.012200567333759932,-0.03868896291081421,0.015811460402853035,4.004711004937656
4794.989797470281,9.722980758693144,0.8035314810446982,0.7885824214781506,-0.004383697446582951,-0.034833235959929876,0.0010532089787902922,3.9954389457833708
4931.017863535055,9.671599398810798,0.8043614383015405,0.7569824910047304,9.291597467226916e-05,-0.04096083711450894,-0.003958103590436427,3.9769384990072605
5066.992826898725,9.706053990846447,0.7526790457784608,0.8079211878429622,0.006823980653699515,-0.05239437489568325,-0.014405315110627044,4.002506352733689
5199.005395628723,9.710322877716262,0.7702233244491583,0.6265970612260658,0.009761836997424573,-0.05302587983044608,-0.023649445338060165,3.988190333365634
5333.997701336694,9.664043977275018,0.802373249606276,0.5327237536139049,0.016398409545371462,-0.06391159948860081,0.009496704076247853,3.9940169411374735
5469.983475985943,9.695427280766236,0.8722798010164945,0.7490330401836418,0.021298291395186263,-0.05874920325570814,0.00916336557531889,3.988742179980171
5605.9886981522195,9.730161313997575,0.9606396972370906,0.7357933945218034,0.025940590732261307,-0.045209923169426014,-0.003941460768939902,4.0222405296447885
5742.016756255538,9.74660672409346,0.9144918365037141,0.7158455510172855,0.020070173129525137,-0.018882260049561044,0.027946300209702707,3.980599857589273
5876.989466377191,9.693860150062232,0.8186689996289522,0.6481426049593394,0.01739972517116075,-0.022154693229225562,0.006563853602501009,4.0135396923389735
6013.01266842283,9.65257285602599,0.7296144334410277,0.6869897289856886,0.01955416693367686,-0.04400738927016134,0.008765702214231228,4.037409278183773
6149.014522778004,9.767664800252637,0.7994827405838865,0.7643118908135283,0.04284408859153402,-0.09384104826571625,-0.0052992430504290085,3.999575172110911
6284.998107374142,9.72764935566769,0.7824809456218431,0.8396453183436732,0.02866713016430869,-0.029466182531413213,0.0021609677343881464,3.9965799727462064
6425.995128028171,9.688940584622499,0.9718560271953893,0.6863149581826508,-0.010262546219346712,0.005809227227657014,-0.001097315439518464,3.9961995493279474
6561.998747498296,9.591205296462801,0.7246569315932779,0.5621870525166526,0.014729246631851592,-0.041392779057141886,-0.04370700445632852,3.9849951605901466
6697.99396792347,9.81198357159195,0.7388530418908392,0.7512936760687656,0.0018862266918860708,-0.026429930601851073,-0.01733908095468143,4.006729621387582
6833.007292230477,9.651886899339946,0.8065434906431543,0.8063225346825582,0.01122752208113532,-0.015576760101413583,0.04512503522571249,4.010166635509854
6969.026856711205,9.701466327691001,0.842946006121306,0.6461275988664915,-0.013330531114778986,-0.06268156350868272,-0.013213153511107016,4.020924008703333
7105.015536295703,9.67610733558344,0.6930548834920734,0.869603765661494,0.023723690934132964,-0.055234829264385596,0.0013035866572964757,4.008064434246361
7241.0016341070595,9.713982448642646,0.7963203694261431,0.8384036552417922,0.01366308184266918,-0.04103925680459802,0.004387252538521927,4.0026205572232625
7375.998906596324,9.712459007082083,0.8332898262750356,0.898354133367054,-0.0030756317397906963,-0.03328503352553241,-0.009169119318930318,4.0116163818973805
7511.979958080602,9.708799458033328,0.847715473378068,0.8617598241374481,0.004169851670594173,-0.04677260143565818,-0.0018696365367916797,4.01813547283069
7653.014837130215,9.743890556992891,0.844200914956229,0.8710089855203298,-0.0016554160210133994,-0.03995231461429339,0.0004083955511402427,3.9991408837896247
7788.999950472908,9.705255136462473,0.7760813586266005,0.7997075872227181,-0.0017715743082082796,-0.030503696372205083,0.010384159115438872,3.99523439632565
7923.990515128272,9.680514902800065,0.7566862934528454,0.750698401537561,0.024402105736958505,-0.04425368926923227,0.0025085834054706995,3.998242054950631
8060.004953651854,9.747308033431668,0.8871290043434403,0.8648732413641298,0.03715731076776273,-0.04587164748012247,-0.0186048323222099,4.0126658237194635
8196.008373137194,9.735236104558538,0.8056571589621777,0.9371450997199995,-0.014967464394016099,-0.024350787669027797,0.002022974004434688,4.003549680092191
8332.008249641665,9.70631316062523,0.8119538606415689,0.804042457981841,0.003452934585147739,-0.06612943164632852,0.014081009719137038,3.9994933307988765
8467.008410151902,9.67248111222816,0.7123014464969798,0.7635551189919848,0.03233229459658434,-0.06308505887249631,0.023230358633030062,3.997343587442497
8603.006128539877,9.718876291556683,0.7686460619715454,0.9053952451940154,-0.008363998591764628,-0.04199042382598949,-0.015148051847903092,4.011520036504888
8739.026782874696,9.636461142030997,0.7181022073638088,0.7315014190726133,0.01191660145129212,-0.01751147476067917,-0.017967627164672362,4.013672187213085
8879.010980914853,9.650650005742625,0.7438120375189073,0.8121576538326861,0.020554836235090725,-0.05298321140457723,0.005848535600840024,4.015447797353361
9015.001435089933,9.683359585591466,0.8084282255130744,0.8833049186961411,0.02065061973043459,-0.05744684399200877,-0.004447355598074358,3.9830190345686733
9151.002966100312,9.698045820136809,0.7840869436325786,0.8718404817921835,0.019813302653156215,-0.06308858560309676,-0.00270681523384353,4.009989547052109
9287.021500339813,9.705526715417662,0.7954648262781299,0.8739289963717968,0.01259965683288313,-0.0394325839603086,-0.0014032046053380565,4.003603963093561
9421.988026699133,9.757743216836438,0.8471947132266653,0.9240907527672539,0.022771213800135134,-0.04265363287656453,-0.009538827146429143,4.000128787721366
9557.996479105384,9.75231701778785,0.7778108137139231,0.9219300351403812,-0.0014316437786942493,-0.02114022849559885,0.003815401913814977,4.009891140850852
9693.988680222523,9.75689755496778,0.827486354599901,0.8764159642469213,0.02136443913536346,-0.028061510235186656,-0.001496959654168122,4.00616367567004
9830.006387511221,9.642905968964547,0.6580468190449799,0.8444080317464722,0.01360264671058724,-0.019990656861539655,0.01566064721321434,4.001543470369738
9965.007928214203,9.690064879619953,0.7613716512003466,0.8900107386001972,0.02224999730397845,-0.022037636152451055,-0.020090516812778042,3.9890275098066006
10106.009592712187,9.735323151050526,0.8371451534378234,0.9722948900484663,0.006370746049599956,-0.05884933084124984,0.022234376206304234,4.017633975749675
10241.988817219486,9.67353489413827,0.8019228341076098,0.978850590902756,-0.0015080823241675337,-0.03758555657275687,-0.008590931855732016,4.0115415750043795
10376.983562009435,9.663213969215873,0.6777325932333901,0.7005158746100207,0.029496471846064548,-0.04204865388571527,-0.016948266671351842,4.004371352175973
10513.004589300324,9.737680589500174,0.7015467118578139,0.9068654192100635,0.02211364018045211,-0.062205886955253385,-5.546201791527055e-05,3.9980022030154108
10648.988906849543,9.762709064578646,0.8263688518262261,0.9367312008931478,-0.004777650719698851,-0.02865992297947842,-0.010269424621282323,4.000705026385104
10785.020024094789,9.636702352517318,0.71775702462888,0.9172453825281072,0.0374901778297897,-0.05358599263402986,-0.029727592684335998,3.9988563176047296
10919.976514991018,9.698654082922356,0.8474220635183639,0.8290613749896318,0.011074570199361686,-0.06444102657847053,-0.05460557196309327,4.0025986637951565
11055.997487731775,9.740086479021427,0.9063704302979378,0.8483400576983863,0.025447240511052602,-0.08866940993236494,-0.008232612656723664,4.007320404790706
11196.980603019416,9.586490224080524,0.7349487839644618,0.9402173983853572,-0.0016851293921087364,-0.03050455574416675,0.019637240082545537,3.99830138789419
11332.994926200363,9.710714863281662,0.9706622142747878,1.011357324946347,0.0035807455049112705,-0.04194579547741694,-0.031899880402171385,4.00443646771587
11468.002624820554,9.716670828920549,0.8929142808425857,0.9127564915732354,0.011113695901673517,-0.052195169574549456,0.014066574448104248,3.995627371731273
11604.001425779345,9.64663054035607,0.6952036377985348,0.8812383901947278,0.01479724302287285,-0.023860241061533803,0.0024399846962353433,3.9987741805594905
11739.992869626132,9.65596065432044,0.9211074750090904,0.6777189054110357,0.023919039049213886,-0.07288514523499372,-0.013133552524024207,3.997472424128537
11875.010983373606,9.51600471163443,0.6454596030976887,0.6546903291324095,0.02438779796294954,-0.06245146766999592,0.019904797452358042,4.0051050849335414
12010.992210934734,9.66717495095094,0.7325592463447522,0.819778644269294,0.046435461304362345,-0.0805652737896349,0.031863030131121434,3.9916342905052393
12146.988753320758,9.671031258409446,0.7020716078681886,1.0022426991099627,0.023300655781628356,-0.04461754519080704,-0.006216957398140549,4.000308462272977
12283.004348218983,9.778311553402455,0.8995041239583439,0.9293152355418914,0.02596581984101674,-0.03266189612880901,-0.018565444596154158,4.019682068794535
12422.998566446824,9.682028316245939,0.877025528909274,0.8588953119177055,0.007433960547331562,-0.016548868876813266,0.013314389188709586,4.001389518673857
12559.0059914929,9.571192383422213,0.5596481353155787,0.9067719863487942,-0.007171048800075227,-0.05850487877795291,-0.02037345265126745,4.014956334579579
12695.007888298538,9.857278653964824,0.9689599479863659,0.8098310425269534,-0.005690013096188123,-0.047133858313309,-0.022393407910361672,3.998977398850351
12831.016230820085,9.659320444157302,0.7070672932595322,0.9628879451191221,0.0036084526054087065,-0.0239870019760392,0.050101252292629836,3.994712768130693
12965.992163864807,9.657712651752313,0.7496691198295639,0.8904589961999149,0.03379776762717972,-0.017187579890820627,-0.016867652242588977,4.012753968577502
13101.995935070425,9.71166227145645,0.8611180347355437,0.970568098207882,0.043869208108441124,-0.027294162111116363,-0.014977035762057615,3.9923742038264978
13237.987085976909,9.72159558600014,0.842080964951941,1.0182283095440414,-0.009861434107191086,-0.05626286766026641,0.014788279361742044,4.0178650055932605
13373.991302840072,9.680329481195496,0.8320434182980406,1.0100722466561738,0.02669025666996354,-0.05432319069668247,0.01808253671428157,3.9966121959290204
13509.01537213326,9.631691647976814,0.9796457446355712,0.5559333748505332,0.2619949899195753,-0.08601816501159348,-0.02017877726672979,3.992417516098413
13650.00699168932,9.66162921610178,0.7849090255142709,0.8881762173788039,0.03146129484301199,-0.07192534220211182,-0.004460627105191802,4.003440411249458
13786.011917204423,9.671976317209365,0.7884926695090472,1.021413370193158,0.04152369715218791,-0.041267014871864856,0.00793973559355589,3.979075462203049
13920.9827965078,9.609133299918106,0.6816033084947661,0.7698396597199387,0.04589638827712352,-0.051280514038535945,0.007188494084419881,4.003924959704947
14057.003937332696,9.698646528131809,0.6945188383584615,0.9925096498187976,0.0166954318648945,-0.030137149789469467,0.012933031507695614,4.006641856717865
14193.002844283057,9.708158128533759,0.7602752213001184,0.9945963527047275,0.013969702748597998,-0.040588861762577526,-0.003158337600109744,3.983066571559053
14328.997302957203,9.704365954021535,0.7835401916977047,0.9828829234380149,0.007008328180264328,-0.06590504532087929,-0.002089932568740132,4.012209663540738
14464.005104399575,9.749564063100703,0.7762806907760088,1.0485869992063297,0.004128550306853419,-0.029779049216971824,0.001050644561976872,4.00172722296136
14600.015967225525,9.682158855187943,0.7159298425236394,1.031742899409125,-0.0045584515793801504,-0.014523343360701125,-0.0014352505680591543,3.982854488444296
14735.994226374774,9.632217389089151,0.7477284757241742,0.9134296937528853,0.017024965325293715,-0.03244660858481751,-0.003353797403042891,4.003245563381569
14876.994661862618,9.668579424798384,0.7704158993091054,1.0154978317021306,-0.0012558765178185495,-0.060498034982067954,0.011503395960030796,4.002857182287668
15013.009058745736,9.676127146159345,0.74030982030504,1.0921419240395889,0.03167492357426686,-0.04171743353082739,0.014630513526788395,3.987462768762332
15148.99843443831,9.734767202181546,0.8081109066174552,1.1047279124157494,-0.007412185423585049,-0.03897087941605279,-0.018360939400128083,3.989448752675118
15285.00553852778,9.693676318539659,0.7781332384096887,1.0165540460664098,0.006683353536877373,-0.02432911358907916,-0.013302276226558583,3.9991761734390967
15419.989439727053,9.644234223544984,0.7192399824024134,0.9592963005643944,0.009255288566376911,-0.006971793118958856,-0.01619847384042317,4.010126129685112
15556.005488072313,9.709614855616142,0.7775206140847637,1.0360713472572682,0.010912421012827137,-0.05052752270246239,-0.005861209412322581,3.9854413903192167
15691.99743002825,9.657580528780082,0.6974147819014428,1.0694636386532885,0.006338167337249524,-0.049553606423204576,0.013736886628316793,4.008094433206473
15827.996826307233,9.785545739036795,1.068226527973242,0.8978069627858063,0.2260870610737507,-0.1058913398940778,-0.00782243155173984,3.987395006507481
15962.989480810473,9.72748900791403,0.6890060772776553,1.1583228792457723,-0.016090986655751444,-0.030509254322694426,-0.026205143319720025,4.0070895209793616
16104.00147857077,9.719608147251462,0.7533487826839537,1.1076040840351191,-0.01254121262131402,-0.03957184031499935,-0.006495112746970461,3.994655363311642
16240.002129892033,9.67712526262967,0.8061536910088332,1.040032652657257,0.003583958867965198,-0.021339371657617835,-0.015597821505932735,3.9945562021820016
16374.99139802023,9.680048874734437,0.7378371088615832,0.9301591916838713,0.01758771489748097,-0.073402027819516,-0.020716075331943796,3.985968891563088
16510.991566387867,9.714868477035443,0.7031788050728011,1.0887451675572144,0.022312463474882797,-0.02893140960641257,-0.013845918894095987,4.007325000083988
16647.003085141518,9.643481834474851,0.7683365409974631,0.8704766103075217,0.009655783170317896,-0.03510390971567747,0.034955459642602035,3.9806741672224404
16783.001454125333,9.622969217299035,0.7519999412136948,0.8980948694591001,0.02421609508774896,-0.05657448576793095,0.009150105580672049,4.022680621613724
16917.99230370567,9.658699116121275,0.7163801306954924,0.941397595251997,0.04124437990614184,-0.06358489008264787,-0.002997313093281071,4.005412567175927
17053.98907843799,9.699990927972367,0.6942752960493134,1.1164581809951508,0.020228089962085003,-0.038320733184826344,0.019999700002073278,3.997664514396471
17189.99718440061,9.655761655041013,0.7399995644294272,1.0167000861160829,0.011524676527534842,-0.043877082214506834,-0.022621513013979865,3.9940625160073178
17330.989634613983,9.737064864188813,0.8164069753961263,1.105170989374458,0.019541193719139018,-0.0639116146393254,-0.005142132038013218,4.013791564777462
17465.983277711523,9.70414551747891,0.7437326978834234,1.0133931169940562,0.018708916179003512,-0.034541145571713415,0.017594042754508054,3.984340029399329
17602.00164460889,9.633548137913053,0.6914307396707993,1.044723592216147,0.02400731805470055,-0.03177445759877806,-0.004703331200199049,4.010647848110036
17738.000829575863,9.663625912662727,0.728922783280398,1.0731932597816762,0.03048925364420812,-0.05966543288766187,-0.03860675924593133,3.9979848644850327
17873.984195614143,9.68464146605681,0.7627661171810196,1.1335895213783738,0.016409360563990904,-0.06588740823502934,-0.02249014652915829,4.002859534662773
18008.988764364305,9.700955376831883,0.772191464750077,1.0859581270347263,0.022927892614275792,-0.04026821160374589,0.008623467909594918,3.9897987755338735
18145.00196252612,9.654739904807244,0.7412877804105357,1.0213550216131604,0.007724604470447916,-0.02816376808956668,-0.012546778014203326,3.9914086427614435
18280.997167932637,9.66401819960454,0.7137213131335186,1.1200449436160504,-0.007388205207080319,-0.04453335631067302,-0.0051803062988325845,3.9971089465525966
18420.989521370946,9.654230003818947,0.66797773840399,1.0170126344454502,0.013279905502747926,-0.05229266143440707,0.0015646461186941225,4.002873347491857
18557.003247902165,9.69927663035087,0.637507992068359,1.1346470289771158,0.019404452203299147,-0.06753524494551232,-0.00942596635691913,3.9724280973603303
18692.986540534162,9.683806683585718,0.6770871341792222,1.1345383649281688,0.016824161038608183,-0.05007856512414136,-0.014429119475264013,4.001010651339171
18829.010783165628,9.758436435981148,0.7259387381120453,1.247066048793441,0.07884458122004355,-0.045579188171502645,-0.013374464502381386,3.9946608036555884
18963.998588306466,9.66459236682303,0.7673325108989733,1.0650262463705726,-0.003783321272322981,-0.04931605055581468,-0.004910795563987919,3.9907399493832045
19106.01417931959,9.628655783318715,0.7401312282599523,0.9886933216222256,0.017718573840566233,-0.039856320347894145,-0.007741914240460126,3.98877856863766
19242.00661537035,9.759899203808525,0.8256223804287821,1.179163527221831,0.011577103882619432,-0.05560774684220469,0.010854632995728475,3.978797867084901
19376.993747568897,9.649416162754031,0.8173475907806895,1.0228539378829955,0.004029384281088887,-0.04181557828133506,0.003679145217077533,3.998919001906031
19512.992663465157,9.557600082503823,0.7047684719283118,0.969674000785383,0.013048997373714913,-0.01270092361926809,3.366913021978711e-05,4.011993042291281
19654.00370474796,9.657140576204114,0.7236509409011487,1.019763770400765,0.03420646127032295,-0.06454177186527277,-0.040516419747125575,3.9920692162643934
19790.001443375888,9.685077944046455,0.8169201359498829,1.2458553681715032,0.04929450370392021,-0.06609619851110869,-0.02268897455064103,3.99896942552033
19924.993307616805,9.682466891130767,0.808592548869193,1.0830764658544532,0.018730210487975466,-0.021938362612332292,-0.011030318037257727,3.9895450445102845
20060.999928654965,9.663507400697549,0.7438887745198685,1.0872310817594464,0.024673189073964857,-0.0685980231064121,-0.011307587838987773,4.000723054279177
20203.992049829176,9.672481983974517,0.7696087260623704,1.08402008550334,0.03050188413679212,-0.055403478556442703,0.011137096260378081,3.9936209094070603
20339.00550960572,9.687244108111088,0.880193500063564,1.0733512589022838,-0.0012008512312655633,-0.05698282552978038,-0.0030060963676059316,3.9946345184726213
20474.981080396443,9.656348528722777,0.799684516623486,1.1113319380443711,0.018111065470891457,-0.05984914918450625,-0.004691366876680352,4.012617855950813
20610.994116076985,9.776906368122358,0.8902381060015845,1.1637853199329948,0.014909072606341587,-0.02685737915391248,-0.03235578231270086,4.01108507987027
20747.002738630923,9.729601278526877,0.8240279331316944,0.9831635859957054,0.007769060186660799,-0.034331980484482126,0.02857596663379493,4.001622138892161
20888.007729803543,9.677534526423244,0.8661498566368626,1.0374783397707608,0.002386445643118954,-0.027556408503846396,0.00676606728409013,4.005636715122804
21023.994352592174,9.605219642480696,0.7559691266512235,1.1042265729638419,0.01342056509939176,-0.04307088477205764,0.0021992814487208647,3.998561290999984
21160.00515261331,9.685898407468665,0.8325951076123312,1.0906762354554198,0.012123244980381632,-0.03846590205200084,0.014033228827038247,4.006450705680801
21294.98420333962,9.690011772383253,0.727442710086022,1.0102505863830775,0.03130594012257581,-0.05307842728348644,0.0008208107079152075,4.002736858244045
21430.985531692866,9.698262302197834,0.7669958306466887,1.2147017918940612,0.005976643744264479,-0.03998071817753431,-0.014654744168450041,3.998373868714703
21566.999436142025,9.700087626254659,0.7575044438276306,0.9660879398405509,0.014873474869331868,-0.050565749779606345,-0.030823273975962715,4.004368589491593
21702.995214213315,9.609476756504494,0.725761213084242,0.8934488559792455,0.03220189537713074,-0.054723706051843554,-0.015260309499556653,4.004429115963951
21838.00388220641,9.635734700478208,0.8119764084226341,0.9904557866341058,0.018972215361143817,-0.04331749427969849,-2.8784067882959142e-05,3.9990317790090892
21974.016534908504,9.7140297987334,0.9040648015529258,1.0514560233525931,0.026055908245979805,-0.07255297315376193,0.0015859158936558796,3.998438110081624
22130.006240708393,9.704179368525379,0.8744152385808578,1.1262338242558443,0.035067358035431095,-0.03221494455360729,0.001783386474967264,3.982836409483514
22269.992966075766,9.660473317654255,0.7712459167643109,1.076962569336849,0.020648069346777254,-0.04947099507222341,-0.00567522085247012,3.9976791008247043
22409.990928754938,9.644089243928256,0.780932526375902,1.0713751578395216,0.011895769085397823,-0.05794115877551772,0.01968308829167673,3.995905812609279
22548.985703784754,9.745923189647355,0.7965642436644853,1.0448102590269037,0.021820227682332553,-0.06450385430048271,-0.002420285846909442,3.99936109712977
22689.01046420115,9.708620781614005,0.7947329437826957,1.288158462766115,0.018160107072048282,-0.025360186062518705,0.00910467200981786,4.000822334579022
22829.008571851842,9.71686257533325,0.7401884271296656,1.3151161746676177,-0.0077967848725569305,-0.015210660747128377,-0.02168528533160674,4.002064278119617
22968.013022314764,9.67544076041147,0.7529717308335622,1.0373832472182392,0.021813501146652457,-0.018505205022669755,-0.009942892570438717,4.011334222298413
23108.00101447361,9.715695407611111,0.8491648379174525,1.2066791954152112,0.025930095347555995,-0.050533235585497,0.0007459029787657965,4.0178459961588535
23248.013958653777,9.652544182460911,0.7143402853716064,1.260528683276412,-0.004832729230263878,-0.050359699149214884,0.01090184898024344,3.9927938263978575
23393.003544301384,9.640139189394038,0.7082786077068932,1.0886477213033297,0.012728208051604439,-0.04323739159150178,0.026262022406895826,3.9996862410370495
23532.996866123238,9.665589509323887,0.8019370695472045,0.9545416789401587,0.029836783369181177,-0.056979415347234934,0.012460379447282082,3.99184255053645
23671.997543828784,9.649605461866196,0.7226651801992082,1.0940541556018473,0.025412854864475008,-0.05200242506133578,-0.022325254434561594,3.990695324478009
23812.016464603494,9.733775301479362,0.7851220551523652,1.2078422152372472,0.039939712787006365,-0.048458536740041386,-0.019895103897735935,3.990817126723275
23951.967216697,9.756112099200323,0.826598477760667,1.2418056450867891,0.02867687847825735,-0.0386483714923725,0.010729986668696795,4.004806470552901
24091.00235804954,9.644727718629648,0.7836977799949267,1.1766146462674159,0.019371849085633976,-0.047432337564920886,-0.006326550288138166,4.005600426717137
24230.994517809835,9.696002638089153,0.8820931654541593,1.0850839824094416,0.011621998001695756,-0.041127125614129574,-0.0171893591330012,4.005120421517298
24371.002059793256,9.581421775835569,0.6758769489477703,0.9093665960772463,0.0021569915786153557,-0.0632777341210457,0.012975903599289594,4.004583076170762
24514.996296712736,9.651428067394006,0.7763478545189764,1.0417089172160325,0.019809002377183145,-0.05930474734809656,0.007833849192191135,3.998974144620825
24655.00319721701,9.686319913604208,0.8279155936958904,1.0793719569808813,0.027535029451617232,-0.06457100025200502,0.004522374041987901,4.0070152270467645
24794.003120447134,9.687709079815495,0.7751924395680558,1.2322192736016622,0.028048040728875904,-0.03812979855361156,-0.0034367871845127377,3.998080859037083
24933.99598411435,9.735239879838343,0.8337560896966454,1.199769136464066,0.014632688924061854,-0.020581508218326314,-0.00031253464410659147,3.98288223192175
25073.986746664927,9.687950783861748,0.7734327581169831,1.0990696837985507,0.00794536008991607,-0.03383155093090945,-0.013803497045062525,4.001077149174055
25213.001659022648,9.68005334561183,0.7445994864442341,1.1097098016136269,0.01389753486673637,-0.02736349411542873,0.003126302411090182,4.029521415598119
25352.997032641273,9.746689575054186,0.7519951834181735,1.2185020518543583,0.03534628226671695,-0.04331447391466939,0.01847879984599887,4.014781752311016
25493.003315376067,9.74818606670278,0.7669826559881141,1.2267523106646412,0.01906885831916332,-0.026997127540990012,-0.03760097757120011,3.992675862439058
25631.99842763553,9.69572859437528,0.7578185898977422,1.3833798434329259,-0.04066861146966515,-0.044757443271725116,0.0189047788187171,4.013805513014923
25776.99398488919,9.654586187413962,0.7622020793548353,1.180651049777217,-0.033446062932785084,-0.0378051229134906,0.004580975255419863,4.010645651692333
25915.994360128552,9.68362223987519,0.7692067230532089,1.108151990366458,0.03824634798848451,-0.034868594146572035,-0.004608763773313369,3.9974387358372168
26056.012126263984,9.701839349345965,0.8078386009539678,1.0746095322045026,0.031756044374930584,-0.04851735681960872,0.005512032740115872,3.9867739207164243
26195.99916997611,9.598780138230637,0.5601025644231915,1.026888728261059,0.0033210500121414466,-0.058354013772063125,0.012495756404611648,3.9953365979985334
26335.008146451015,9.82896641276559,0.9091725578169506,1.1895391829288984,-0.057148511133363694,0.04068953964259663,0.032200842035845195,4.011652391340862
26474.990611617162,9.526998614551868,0.4390239427524132,0.9457328615671435,0.005772410318049934,-0.09076512186446284,0.024223083074063578,3.9984823356494554
26614.99698770492,9.753484528977559,0.609061666346559,1.115804717487987,0.01874292335115035,-0.10868659999000387,0.022876716488095077,4.001295089550042
26754.009671894793,9.742817152220285,0.5738072744828208,1.3154914357678855,0.000671547775462927,-0.06186093153750519,0.020849250616038692,3.9984374151908164
26893.98427379211,9.771716904036493,0.7514587029585124,1.010262827130946,-0.022708800695376983,-0.039994724011126595,0.008448578788305945,3.9773636376710853
27040.00145235637,9.640260562379398,0.5534108629483673,0.942365633621381,0.018818732315930457,-0.05678974512024528,0.0178729604782791,4.003787230778755
27179.009978137285,9.755640874533148,0.5673494242840272,1.1113298759176027,0.016113197414089574,-0.01675021316634014,-0.028416528827739495,3.996034589076355
27319.00437687946,9.695195917791834,0.5234050954923342,0.7736240192790996,0.015373907661445576,-0.04108844381737315,-0.015889223735197657,3.9872016059617614
27458.001833413924,9.592738688422532,0.4209870778036669,0.9587571342270439,0.05112508763027648,-0.07361483098041002,0.01619775366883235,3.994228208335282
27597.99811958277,9.774655676965688,0.7544929109301867,1.2155983158600234,0.06029526714448529,-0.06507622475783256,-0.05636188213805118,4.007761056447646
27737.99740696453,9.811900059220976,0.8482504764684111,1.1210642696201085,0.01224812521924026,-0.03410986580942145,0.001417307853925103,4.007323109897067
27877.00318904455,9.668232849412716,0.7095067426025569,1.1237812337540836,-0.0024638802498496495,-0.04180824620340872,0.02716595928420991,4.002309647866229
28017.002605114667,9.691808198741334,0.6396144993583913,0.993228278036428,0.006327321346254811,-0.07093799814118726,0.008555654872175416,4.014617697954698
28157.003186089813,9.768221098600169,0.6123226487805998,1.1306315205230286,-0.03854418629845097,0.013741103555361595,0.013817117484910463,4.004816515963396
28301.995001305993,9.699022190976711,0.49957988324640656,1.0661248249441908,-0.010691454891284969,-0.019744391475929032,-0.0016696943930050849,3.98890170273937
28441.992038746997,9.696707315054613,0.6513927815319709,1.1438004634227885,0.05557562188545241,0.011634266744805012,-0.037251187995297544,3.9964036152519475
28582.00049956647,9.737993494131112,0.6995239458833725,1.1638398404532058,0.030725267321364994,-0.05616739576592215,0.018084832749772527,4.0076743223819475
28720.995057255055,9.631382561375217,0.569986810843091,1.1239556517252678,0.027010938479704455,-0.06984475794983959,0.003542676883780802,3.988961526124368
28861.0018507236,9.709747846787598,0.6564889144093516,1.1308082413808624,0.04763004756871047,-0.042408739237177286,0.003626966310731064,3.989925118718822
29000.006095875924,9.64352063457541,0.5633167687603765,1.1209241814333801,0.036420492214941244,-0.0410325885130386,-0.019243493592546002,3.9981468998840346
29140.00208030056,9.674483730022448,0.5793990090338111,1.0388264216206184,0.011165583538845832,-0.06200712540548258,-0.023902063801427068,4.003624319286277
29280.006457695403,9.644105357439882,0.549344244763599,1.0654807081785853,0.016175958127942574,-0.06010182334295179,0.00945438454814299,4.00774771481977
29419.006897134364,9.693867703767738,0.7146649405085082,1.1985218025631914,0.015545915514101866,-0.09447468522227535,-0.014784638872977457,4.0251758292522375
29564.993712984608,9.662054167714839,0.7669227670510672,1.021821487535653,0.057621476663424355,-0.0760403252551219,-0.018633053110648615,3.9930642831932404
29705.006671404328,9.744247722535867,0.7038260519223887,1.1980581150163614,0.04128406303721442,-0.05020969430709584,-0.031970802722950255,3.9847609233071823
29843.98245191403,9.730926985580238,0.6726598404266971,1.1927087407573274,0.018221531283230077,-0.047315366062192145,0.007875784589101547,4.000007216229521
29983.990483130838,9.61044199882912,0.5626856396315557,0.9143371570529353,-0.02103192445273315,-0.04335140757790345,0.009204729560317898,3.9949820727499623
30123.990361613363,9.671366315689811,0.6458636563427231,0.9855833447748307,0.05018102614974073,-0.07559866377185948,0.009223278937222605,3.9647486855650387
30262.98861685893,9.71165561933455,0.6401488689841437,1.0800210911443888,0.04584126922660341,-0.03172967481557038,0.0008408769521417023,4.003077093986219
30403.00581910532,9.759997964996053,0.7060415393222621,1.21357665855763,0.0048210747711579065,-0.047368544479626545,-0.007807667249155798,4.009086969359112
30541.99670329315,9.732780773024446,0.7502015701553904,1.2240131909606362,-0.0032116952651269036,-0.02980052513604053,0.0016489469326267043,4.00412624796348
30687.997658735087,9.751745019196083,0.8492167110133064,1.0656798043365656,0.013567969092580956,-0.028710982089371673,-0.03752831467082502,3.9966955441596568
30827.981571420663,9.722640124836138,0.7810254933416344,1.1819834379346594,0.010084154643573656,-0.04119307798399075,-0.00942761960189548,4.004691020671433
30967.00853301394,9.649686703495489,0.5036646687080142,0.6963908681422507,0.038931767237843445,-0.12672110929032543,0.007281140577160926,4.005272717804903
31107.994937671967,9.599130837827081,0.38717850587536345,0.9472020260351982,0.06482862741915021,-0.054630479351546496,-0.023991203231726602,3.9828890890518855
31248.002442284418,9.779611232184036,0.6856669471070987,1.1400796360149248,0.035064949669489504,-0.04461376409867779,-0.016656335996255562,4.009033730111819
31387.010757965738,9.75667890844347,0.8972311624029647,1.1313475135401934,0.017169536414080495,-0.004821036286734877,-0.018760273008806817,3.98316321455749
31526.991663999845,9.867120395397366,0.9933130195259212,1.0222385804333078,0.005125698194232176,0.006988484152470023,0.04749049666881834,3.9983686422525784
31666.000110684523,9.250608160605,-0.01561634521763818,1.383309780747985,0.05230572086015874,-0.06401955332337074,0.02041263260333039,4.011264870245084
31805.994720086237,9.903511846849392,0.6640835388857532,1.220388048085973,-0.020934515388025432,-0.019090240061053806,-0.0837334784721905,3.9980685553957622
31950.988216554284,9.703417393092,0.938966059159543,1.2616199043614336,0.006035536788353549,-0.0029500459559302196,-0.017844591614058665,4.005174444557827
32089.998040218714,9.627252073973395,0.8212231153385356,1.0264527097208391,0.01656296030124158,-0.06212848636853794,0.006622062361880004,3.999192803906728
32230.005190452343,9.647846982903847,0.6825616467881471,1.2461879798362128,0.009619550731740605,-0.042237605883660025,-0.030986135496430128,3.9979245699187063
32369.991788925865,9.745777543760527,0.935782425017868,1.218023899172564,0.024860411266745694,-0.01675508055697575,-0.022652952163688865,3.9909256321191364
32508.996218651617,9.755996350931527,0.9898158677510381,1.19025876817478,-0.02358572016133569,-0.04042418874152471,-0.012283115900975002,3.9867180687490635
32649.000885753663,9.590981569991738,0.6267227067385566,0.7433557448881644,0.012935062454636465,-0.05670298518503467,-0.006382457379913462,3.996389138374309
2686.0197546742606,0.8571832153146824,0.36378289603997854,10.000559588899328,0.04242644337413059,-0.04454581239827302,-0.0061544102106308425,5.009303871236814
2821.99795649569,0.8566678823395345,0.29162735353598634,9.797362945944379,0.03341598689207463,-0.0402658644721433,-0.0012878593303584642,4.985788373924904
2958.0228153933067,0.8655701389814872,0.30499507690370103,9.96511508780875,0.0027436719066997453,-0.06435276051681073,0.0003241592223573671,5.005091410697789
3093.006847601451,0.8974568282274834,0.3552105403936912,9.915909872993582,-0.00032371571691482934,-0.04878999611809831,-0.00022625269169305746,4.993326998098696
3228.989885629669,0.9064476485004291,0.3870157479621435,9.795449745069453,0.021451071043012478,-0.058114507681674296,-0.017742113120765846,5.0019725540902655
3365.0047362468936,0.849045393037994,0.22262518078153856,9.94118175664533,0.011510977083554325,-0.04591304793338315,-0.013894390765798448,5.009039607291327
3500.007894421181,0.8476590340872143,0.3507786553372332,9.982267786400175,0.0021414251338903005,-0.04530500741411917,-0.004186480873987223,5.023336522399328
3635.990633792678,0.9111497935563173,0.4081531497895952,9.929363827104247,-0.010692293981825241,-0.06098733244379376,-0.014451744051986942,5.007547150081043
3776.9819906812945,0.9099922378857968,0.32254291600336915,9.938696273467253,0.014727196791399305,-0.0835527657829045,0.016309098130342883,5.006432180839953
3913.0179361393903,0.8954175367195654,0.3170266581977682,9.966844898333521,0.01699701217039693,-0.053427224031315494,-0.008081142752600206,4.990605870064464
4048.0085534739446,0.9374332171996331,0.41200860930141936,10.008656296544075,0.009781524916219283,-0.05403831819633781,0.01155439700293023,4.992638878461954
4183.991456978192,0.9189324186009471,0.312190394383919,9.852200464604572,0.02617624733421562,-0.05548226747369756,-0.024574861194492294,4.9856651910445
4320.009431938616,0.9361945689237732,0.3525178719048028,9.787334615467172,0.017113613715099476,-0.0238242396382468,-0.013086685696400223,4.976577178442789
4456.013279312976,0.8854587739354115,0.306356756278925,9.88864192904536,0.006017822984267158,-0.016854456688290533,-0.013096390569756347,5.005258502335998
4591.000393787204,0.8782636717363772,0.4394429450577555,10.007863724332989,-0.010058261463254827,-0.022595050807566578,-0.003604520804001008,4.998664768661906
4727.008385336598,0.9136824443484265,0.31924277667802825,9.895014475392403,0.0027249245572604167,-0.03274879028046169,0.016950711509779007,5.011118934159107
4863.004753582639,0.8840446495804468,0.2097213555234424,9.812347471324804,0.00669300316935384,-0.05562458419484539,-0.0014679712471536788,5.007274410747848
5004.008863603389,0.926077676348996,0.35013576161852383,9.863730177670867,0.01940278727157573,-0.09095569378226483,0.020712292217174206,4.994100381494099
5139.993285050769,0.9680767034249442,0.24350712400891558,9.895129770668772,0.008660555065859119,-0.052834758087971306,0.018801712133030966,5.005677161127281
5276.014445363233,0.9285382907371318,0.251302772395931,9.90378027961864,0.0004181779287427154,-0.03223956590530034,-0.0019853304757091366,5.008802200442079
5427.0082572842175,0.9799120496012695,0.3215652122167295,9.98785955992912,0.0032746877858134092,-0.03245173378988329,0.001290334209673802,5.006930842359026
5563.009932888274,0.972068326302042,0.24504419902425795,9.709322006770073,-0.0038119140270719935,-0.04014680556669805,0.005872153518210107,4.992870621872581
5699.007819494703,1.0074322689936175,0.3068180274261541,10.061889110778354,0.038199641638800526,-0.04381997628955332,-0.007796613083383991,4.996913601985088
5834.002107612206,0.9289685377157822,0.2788622256203241,9.977147535478283,0.022606058303911995,-0.05250960995421502,-0.0011571511770336806,4.994130690353198
5970.015440167617,0.9071292685660564,0.22529282097860395,9.783849399316582,0.011122632901511718,-0.029881742003754073,0.013243250247101305,5.0115481601167575
6106.003815346014,0.9644375401371664,0.27067094866388947,9.880497957401516,0.023943498018133186,-0.04876325111668146,-0.008413104356190413,5.0072568572695735
6248.005557990923,0.9118971210352022,0.2571294716932804,9.820219652915318,0.032001995906630984,-0.06238843161775314,-0.016378043423014323,4.994597065797413
6382.995091638459,1.038618967845895,0.3389497479254206,9.906127680280514,0.022706718934871604,-0.08822238298641817,0.02896781157159743,5.007851654515136
6518.988834455387,0.930116044476159,0.29301776399089463,10.102743559890962,0.027633915965740326,-0.03809962434494737,0.01239485013388518,4.990684053545775
6655.004574025744,0.8967173902929697,0.28712107948935606,9.86123382260687,0.009562962413767381,-0.007066737950459623,-0.008733066358340999,5.011462429093621
6791.010175321587,1.0341800067461657,0.35586868522028153,9.888826176251225,0.03513957247477498,-0.056072074879639396,-0.03281614217579374,4.989764839439906
6926.005481029603,1.0183528181302388,0.34801058002472635,9.949310071958013,0.040251967045244086,-0.06225542326624122,0.021913374408236302,4.993786589367666
7061.996661627728,0.9040673773884654,0.3936354586405653,9.951028112931697,0.015334113045862244,-0.008353032543614101,0.011226236326722993,5.01644809602045
7197.990018913412,0.9115682092574842,0.27655567526680264,9.9314227676461,0.007872529530386061,-0.028037277404462966,0.002304043336661461,5.000518386123386
7332.983986631956,0.9121815481343649,0.35616199054289177,9.977045453990748,0.014491264055606214,-0.06155746872094257,-0.016951733407552867,5.004387396099598
7475.00512979641,0.9836051634870735,0.4179578987689849,9.877620152639215,-0.03241192741273638,-0.04525487807583129,0.000489577181932298,4.993478420859915
7610.99597930827,0.9559130025170902,0.2794719856358937,9.777083730564025,0.006719510820961084,-0.05034864567962391,-0.014102222328057029,5.005357207786678
7747.006624034453,0.9888812404968964,0.324113626931238,9.800501527229628,0.0010146930439995578,-0.04285692063007512,-0.003702016948471645,4.989804176996758
7881.981119609538,1.0081919193363607,0.3154562248863301,9.870623184587682,0.0008931022507628828,-0.07302062452994425,0.01781877171366097,4.990968743538554
8017.996410987461,0.9405235680442648,0.18429543465197815,9.847820282118457,0.004682132617503023,-0.04872394032797877,-0.04383236635740249,4.991403361581077
8154.011709821195,1.0395630318853035,0.37348982337026665,9.751705899461532,0.0025753071638746575,-0.04162542057172732,-0.02964748784638491,4.999324378635725
8289.982197873553,1.066258259930148,0.2692414711338091,9.778785274755272,0.0026041264668217393,-0.04657593664681993,0.005886243730259061,4.9926536167152955
8425.02200909798,0.9896076582041612,0.3376131308383879,9.871362283479042,0.022736080412223508,-0.04250283091727428,0.007020636273938208,5.008879295536751
8560.997720584472,0.9530865288804163,0.2703527356028798,9.906411431576712,0.021105531311902997,-0.049667779310306054,0.009940580265427417,4.9961228095423795
8702.97366598398,0.985631736371549,0.3732967427288655,9.883446533990117,-0.013104003364213,-0.007758590622641792,-0.008734152598596277,5.002846667430734
8838.013629024554,0.9492804941469969,0.272655701750068,9.829076894524515,0.021014105113259133,-0.02474753783339791,0.005205661406827052,4.998469284399412
8973.993823373528,0.9150173642141544,0.3705723672266829,9.991182843280038,0.007979886231360428,-0.021335291181623996,3.000622039184503e-05,5.0061611846031875
9109.984712257326,0.8503681878468514,0.28473847174706973,9.8392765622102,0.006924316856978377,-0.03797417224016869,-0.015556053539091761,5.002882379000193
9246.005001373702,0.9831000310995189,0.32721924041134176,9.75754420851141,0.007991319369256112,-0.0846579726185118,0.002755708234907864,4.992333430547789
9381.010621703119,1.025365232200001,0.33284333598541904,9.791551475977915,0.015864148628102193,-0.0328317075739142,0.0036016105011858787,4.997630940310404
9516.991209158607,0.9792897867047569,0.3330298718354616,9.94198324392049,0.003343310056857283,-0.04580326841500545,0.010581447228176595,5.004285688921773
9652.991895201529,0.9934349981508283,0.2933109778860085,9.819010494635382,-0.004680588660488225,-0.03784719059232941,0.004334838509482194,4.997862642577721
9794.0043763332,1.0289684101979182,0.3279724087561168,9.864645184381134,0.045008119227920536,-0.04341877265473063,-0.00552417634338924,5.0074182483679825
9929.990908984862,0.9835184664103042,0.37528042099418407,9.898743077729021,0.001906778267034613,-0.03635486519816678,-0.007700371171893869,4.999057568981356
10066.000270986327,1.0144256080760856,0.2691203807655884,9.92392785585411,0.006905666531865869,-0.01212575047777,-0.017786951896843223,4.987697601624754
10202.022452990906,0.9852708673924402,0.26989139463002615,9.693676001744665,0.022739240115608808,-0.06972441130220491,0.014345667406989992,4.995337334598084
10337.026419072808,1.003045062186925,0.4152918985301573,9.947889055025817,0.03896212362172917,-0.033660762548911614,-0.01661190900359487,5.003563959473311
10472.998531775153,0.9930505543063196,0.3071794957388719,9.867500370117439,0.008071810679518948,-0.04952946952915947,-0.005205282044914676,5.008486904110104
10609.012514874772,0.9617513512517549,0.3497761475239588,9.652307662493364,0.0219589436447984,-0.07584142327104668,0.0053235100241480066,5.00731940963762
10745.00851121678,0.9636681174805969,0.3536690282053644,10.062288306781504,0.0022809083781419066,-0.040061435146224816,-0.004311875415546674,5.00204605937151
10880.004483656894,0.94882872477469,0.39434030202433046,9.873782623911994,0.015610137273574081,-0.017136013355953345,0.003858447176742494,4.996822329961157
11021.995789396007,0.9891956679882756,0.2998673327267922,9.680499148662062,0.031900777702301465,-0.06272015290056658,0.007836187125358468,5.015466480048522
11157.982915636545,0.9799712498672531,0.3976664458969004,9.87523718941681,0.03390095491554268,-0.026414529792150105,0.001097643003309023,4.991823609487112
11293.013232334068,0.9819505131598789,0.35148234435506304,9.927297591840954,0.004459746642656187,-0.05581477660657913,-0.01832662456789303,4.986600950496546
11428.995047861465,0.9742209535277324,0.3978611699428212,9.7849841469379,0.016129598749496463,-0.04884887310268018,-0.020985636325239105,5.010215603774
11565.013989403253,0.9540398277724986,0.34125984718649316,9.86619336927924,0.0005979079232408968,-0.040740002749779576,-0.020331688030133084,4.988907799122885
11700.986207481423,0.8988027584247807,0.3418521806123588,9.896685204559391,0.030438919667768682,-0.05934927515218464,-0.005790931941817713,4.997932700358372
11836.000774512318,0.945594137282001,0.39411967400072084,9.822713177905134,-0.006540396523907257,-0.04238207356756792,0.011047399631005378,5.01104825279222
11971.995218743945,0.9036365531354382,0.3539541521209428,9.91119036251406,0.010985187691453726,-0.04771595672908779,0.0001413413831445567,5.005529010975046
12108.005511624111,0.9448139862392881,0.4674692761901445,9.900117988750447,0.018977107682826688,-0.041380348861153354,0.010126176612477788,5.002670857363402
12250.007808410148,0.9498165186629649,0.379342587252232,9.863900770197768,0.006711995871520214,-0.04554993490580179,-0.019459722740407862,4.986544452427276
12384.995708272683,0.925822779922455,0.38165826258003455,9.935219160467318,0.0034221239650924417,-0.07255821646323359,0.004050883211381953,4.986991784332578
12521.012734534233,0.8941557080229331,0.4363753587778689,9.927860437751313,0.0122560897897878,-0.05779868331836447,0.00032315956827805894,4.9914671714247465
12657.010346214242,0.9961689311248931,0.4268416173695482,9.867345091538006,0.009625075168046837,-0.015948671044912464,-0.020445305500291274,5.004942194068249
12791.99447273096,0.911360075398545,0.36890078600003523,9.873699048709177,0.0007143452341808641,-0.0682877613531284,0.007292071959940225,4.986782561595526
12928.005608102936,0.9325403387470514,0.3841671440316393,9.834028255198469,-0.01509718577422717,-0.06565960217038937,0.023685068445833842,5.006580521301676
13063.998631659082,0.9835500254107769,0.3265629975713672,9.872923347074517,-0.006724633771995437,-0.023274486550076075,-0.011142699020009611,4.995260622724135
13200.014765161128,0.9620874947768848,0.396922227382699,9.849781898643668,0.007264904423486881,-0.06405294867502427,0.0069627642484046594,4.998452042318827
13334.987861700936,0.8883760810402702,0.28813660622509346,9.773874222981902,0.03566236870945301,-0.03337601371321217,-0.005199800191461819,4.986609970036164
13476.997314229275,0.897669882936892,0.42262152363645433,9.844249476462732,0.008755930964770894,-0.06723145086551557,0.028186940095925348,5.017474538532825
13612.98899270857,0.9178911243594968,0.3026652425356592,9.965941361493966,0.02358852083388019,-0.051641901722095325,-0.011882625034411759,5.016115801221944
13748.998284512965,0.9233235753054996,0.36320940332849794,9.810094713170015,0.024633158175435172,-0.05362340442462261,-0.0011464000218787988,4.991268741554183
13884.002711104727,0.9527553577805603,0.3966027908975346,9.91697870668509,0.021485003778247105,-0.00840396255145852,0.026518806916477893,5.005738906825395
14019.99534165728,0.9325618592892709,0.3399581720063543,9.861350061636177,0.002555911842892539,-0.048421646770829566,-0.015334718439244374,4.9829244713579905
14156.01409718316,0.9465416927557613,0.40556486471059233,9.851630551971251,0.02217743247681322,-0.03492603313727882,-0.004439678423731561,4.99903900037584
14290.998181301065,1.0106093613605414,0.38274076993893585,9.8610978052337,0.010560424562272094,-0.024674750182556212,-0.02931342489263374,4.989118847253064
14426.978593188614,0.9524774163789435,0.40456337176514356,9.780310911127975,0.01407928053412069,-0.035291843923986155,0.00046832301841833,4.989762268671135
14569.011306800992,0.9342598642274791,0.4304121363511703,9.778043408235185,0.00897490997538531,-0.04330415564779699,0.012675726219836777,5.0097473306838465
14705.013289647297,0.9111255080663182,0.3665885693027787,9.937406534983221,0.02782827387448101,-0.0468230910887072,0.009255883826614299,5.003010236234617
14840.008035929583,0.9591884125135323,0.43514213662142204,9.81712690987866,0.007090300185790369,-0.023511028801892465,0.005907061969722458,4.976172749458173
14975.999160025121,0.9188003749354384,0.4492310158227189,9.85670869264545,0.024901328784202936,-0.04676339718735999,-0.011870528197172544,5.010309880608472
15111.99361389731,1.0126987966826522,0.3997649465296112,10.065574269941408,0.05063070103473268,-0.0610056672018702,0.017368013522078278,4.992835159304517
15247.996313105294,1.021052740264099,0.5182636276339443,9.372448904555457,-0.0003203746528301274,-0.10104808104725232,0.015817384896762002,5.003218634630689
15382.976869416025,0.8561082025600772,0.4649323603963417,9.823560170334519,0.05252449423498986,-0.08662267424632347,0.01428433300893598,4.991504414037657
15519.0116594305,1.1355764062681806,0.5045585301244404,9.641355037510301,0.005087357654223409,-0.015761800170034854,-0.027946687481696784,4.996405659491993
15655.00858202023,1.0471741278527986,0.5601503749389196,9.665121703817908,0.04061979429353723,-0.08683274926245355,0.04931182239213342,4.99184875648829
15795.996237627973,1.0618896784994665,0.4930913826922693,10.240224109221252,0.012607204519013801,-0.013921937846679252,-0.010138939416851529,5.0004235060973095
15931.996396380728,1.1177678825895554,0.5836605741050019,9.947975203586754,-0.015989502072129826,-0.03187610569101632,-0.027766642718014465,4.998639587624431
16068.001925166696,1.0966450914556747,0.5027644843810908,9.827140369559123,0.008773566277789288,-0.13055790552215837,0.14755022530107917,4.992899677656941
16203.989577563234,1.0997622778328828,0.3527348839442955,9.392153023636308,0.074040320662775,-0.04668561425919746,0.02252748937996437,4.985395686360916
16338.99594330216,0.779737940372674,0.5220685178206689,9.88239637292567,0.01177009230774059,0.06248893443869748,0.011835715812664852,5.0023680778502415
16475.01879745172,0.9275271123972296,0.6082285643665282,10.103667952421379,0.04073796710662152,-0.003416419475605577,-0.03754775697373728,4.991604782006925
16611.00535102315,0.7456572419550602,0.6438987922542698,9.858136940290152,0.020095336168491188,0.0391683369180511,-0.02709555975387855,5.009478273429846
16746.997050263697,0.40286131342715986,0.7663193479774356,9.894564681812824,-0.03268627653333197,0.15144897994718937,-0.006972262695905473,5.009137190997847
16882.001896889815,0.598401409210371,0.5527522935225753,9.899889092485843,-0.024686449673542804,0.08530047667850885,0.007459758943448716,4.981492978836756
17022.996035943597,0.46644360027332615,0.5309764206866998,9.720849344764096,-0.01767670502045426,-0.039612208061668715,-0.06364112722892612,4.99256847451166
17158.993593601517,0.4646594263193689,0.49473010812518414,9.785081067832822,-0.006062949922385827,-0.05381736171817016,0.05443347890995235,4.984717656119868
17293.971238040074,0.7024659467429901,0.4934250557246353,10.10759609873771,-0.09736804231026497,-0.029576223103272816,0.005744878651216833,5.019921684625606
17429.98977212799,0.46863621265487354,0.3228057687418884,9.457168787409765,-0.024114440733037305,0.014365101012071056,0.08803237520383438,4.987678055022352
17565.987916212074,0.38060877804592236,0.3495219133524886,10.159053574883686,-0.00753894239430049,-0.02104200419628353,0.09975119272448414,4.991818433284039
17701.986019303793,0.4157854040345166,0.29770388769937106,10.080797710856958,0.03982173034345481,-0.07574920720967948,0.0443689743337301,5.007911747281734
17837.007104717322,0.40201095151483346,0.21481241250907507,9.765418010637964,-0.025326955099217358,-0.01352554458741556,-0.008217587217669126,5.013157099182231
17973.01500861559,0.43411912067675246,0.3980271618743527,9.85944823938882,-0.0021682836931991205,-0.057012943766481694,0.013731036769749575,5.004311339552017
18108.977578921975,0.4700693826459662,0.30115960859664964,10.004974014479261,0.013864317934659061,-0.07600769019240496,-0.02267119058969793,4.996365313451641
18250.009473698607,0.47716060402547616,0.33646623548803556,9.72388098684131,0.03331316387982591,-0.03458132291113808,-0.00899978829483229,5.009481860078396
18385.032671021876,0.4484255486105368,0.45770375635190025,9.821646417750578,0.016908634763077694,-0.07456758028642038,-0.013079481795192107,5.003680475104331
18520.998758899856,0.46011434860926165,0.3644023788069543,9.854464507703343,0.014462511670041601,-0.04550992590993241,0.00893793208194957,5.010212537339881
18656.993198527358,0.5354651293934484,0.5042197451667656,9.539183265347711,0.01521446380314741,-0.07020602743874951,0.008393797162209959,5.014679611247973
18791.99422936855,0.5409016833686682,0.21219104084555498,10.051053691288223,0.019401032228521447,-0.03048074476493845,-0.02859815875630914,5.0134947716006195
18928.000549100558,0.5846800570392181,0.662019692923999,9.935898713249575,0.007747283491512041,-0.043910311823002895,-0.043058301458903665,4.9927421445836755
19063.989860051894,0.5900349875714137,0.3842402476780519,9.737653407270487,0.018845803484342057,-0.027623630704686913,0.008145035856311109,5.003166398211969
19200.013431162104,0.49711361796345227,0.3787221149860291,9.886782044845111,0.02451977105993752,-0.04778355705242007,0.004090055338441946,4.997136208672016
19340.013535112546,0.4695460063558728,0.3341317748479497,10.035514769349295,0.0634188033503663,-0.04145548102480613,-0.024743800000375845,4.989328505900302
19475.999807091193,0.5244968048084642,0.6016901291487984,10.003273497330296,0.02977479008480855,-0.05047595321053473,-0.04400547165225256,5.004681232201608
19612.00671272616,0.5770365755218474,0.5795187268934314,9.669289052794673,0.032611277193290135,-0.07606383141080796,0.006782418904386073,4.981951004720233
19748.018531770467,0.5920277708497184,0.46451377910091163,10.114871043169067,0.040034085927142755,-0.022835191540011807,-0.011211294673208937,5.001602888202988
19882.98400630526,0.49072353704356986,0.4764648806721632,9.83433954764456,0.008234557816196147,-0.03851780125730536,0.01292351737831094,5.009600995289788
20019.002380853308,0.49625375513569564,0.4921211140927183,10.054156201275797,-0.003565622134968185,-0.054035665807148796,-0.0002641963973402584,4.986205523820127
20155.001253768507,0.5464835132420767,0.5136639261321517,9.975097941186165,0.01786094689325978,-0.04700757379727079,-0.0117086893233416,5.014154967146781
20290.992332333277,0.4361994077574407,0.39984076421177084,9.931431937185838,0.03016229852030937,-0.01743819519169198,0.009324025320125601,4.9952878169101345
20425.99131246239,0.4332925262515827,0.46763531348840803,9.900951042365799,-0.015292864692521186,-0.06638176679150355,0.013652341769794487,4.988150632798772
20567.007546813627,0.44268697375880595,0.2847205155551458,9.644031742851976,0.04340296642510853,-0.11437716446011889,-0.01705728072506505,4.992527020183119
20702.988191367174,0.4721381482247649,0.7387176552670102,9.891702429522768,0.013363582953544423,-0.03874140061215764,0.0036647446305788076,4.9858278740290265
20837.991715119595,0.5232412953503254,0.7744890224503035,10.069489082929579,-0.008523987095749653,-0.08099259917932548,0.03324729617714586,4.998125053380693
20974.00935486859,0.5566130765139398,0.37239852581706484,9.859818981113248,0.0750389555907542,-0.034103737835593506,0.012194579255638454,4.998128629799732
21110.012024061558,0.5042624939669547,0.5520505228706913,10.009076109534988,-0.004173407406344342,-0.039793339944289734,0.01234582243832424,5.000083489372105
21245.99107165911,0.48016602774351125,0.5760574020162976,10.041652394458062,-0.01358279325669749,-0.04712676867930575,-0.03846337827288563,5.001254193915051
21380.99759675755,0.48991698030327735,0.43442766680486716,9.791328288822868,0.003411306862938092,-0.03960733805615315,-0.022564058882940382,4.9962991160833425
21517.00279004488,0.5360029021504995,0.37627619173808047,9.866283048316498,0.05294205044989029,-0.019819270068552983,-0.0471909493497365,5.0043878550063186
21653.011023964005,0.49714095572570094,0.6983874638229371,10.090015994584359,0.029243323939560417,-0.044635050115568654,0.0022178789403294818,5.011273203551406
21814.997484240394,0.4585783861974392,0.5344056933862387,9.7229851598031,0.0028377785303653723,-0.02882501968361839,0.02178949480751041,5.01981406260933
21955.00884986942,0.49034117192705684,0.43151375092559596,9.834095162686452,-0.007040366643205511,-0.07049090365261038,0.024736003787414935,4.995981271817966
22093.9978811995,0.5118030150413568,0.5422643210240764,9.816314974285417,0.007946637218978363,-0.020363322137189294,0.004469026993322263,4.986318071980822
22233.994748650304,0.4808949470112829,0.4585298440136778,9.872778903625248,0.029593110636068034,-0.042356528672573474,0.012623228275546327,5.006307438187677
22374.010384753383,0.4463856516807966,0.45851054666676655,9.81299527309901,0.008404193699063298,-0.03287208289514254,0.004385104854654059,4.997980633685342
22512.998752556505,0.4568223062370569,0.4767180139705106,9.927421215000946,0.018254729460683575,-0.06457516483559364,0.003216184591582093,5.00868379613304
22653.001621522177,0.4723371802875924,0.5597804079916733,9.88934240895197,0.010345641953017936,-0.02467855010910632,-0.0187434439027625,5.005079772985968
22791.98622992914,0.5400091897283409,0.520379375551709,9.851879061109685,0.0028206013483339986,-0.031399776581104745,-0.015393443387986143,4.999877340077853
22938.00462871752,0.48835317162924347,0.5068668740321048,9.799068348927278,0.024991913095523063,-0.05039886712801561,0.018523816752925595,5.00457380795972
23077.987467466537,0.4180406635360718,0.4993479841669458,9.914473160568567,0.028614946245290516,-0.03289020980476048,0.020065195465977025,5.020303686050944
23216.983687941472,0.4446456745650832,0.47605121722276394,9.894701537982018,0.034524446567269516,-0.03443649417460254,-0.015330173497855652,5.000901000171969
23357.018391406942,0.4451004956775288,0.4581982266482804,9.868997948766658,0.015176528970038692,-0.023510432650356062,-0.011402473329718865,5.005200459718738
23497.010016008928,0.4511351242466624,0.6152180991621841,9.901944361075689,-0.0064155374114657025,-0.0404072638959591,0.00834140272574381,4.9840959170667825
23635.989874907187,0.41631741430864716,0.44602512209098144,9.768822351126474,-0.0033655679278889253,-0.0198074820435048,-0.0030156329615744727,5.002316699086831
23776.00268924824,0.4487486944794944,0.5742382579356967,10.00920376108711,0.03180243382356869,-0.07355128494278945,0.0095918286694345,5.004994648124439
23915.996461859864,0.45837848572047213,0.48440006977362376,9.871676486634877,0.014081790938185403,-0.028340522238607443,0.0057420269730761265,5.006254983539877
24054.994304245807,0.42503101251370695,0.43016111082565955,9.946112696761494,0.023692696786874842,-0.053805360975512785,0.005851731853921762,5.007279059675307
24199.977564436147,0.42653566048512415,0.46394983707264575,9.850281817693725,0.020304436050214685,-0.047309802955632134,0.006085449188406802,5.000913057269587
24338.999744867462,0.4378063143289798,0.5367002769333421,9.989081320066605,0.00972691407691734,-0.03839184614436329,0.0063865832930992605,4.994823662068203
24479.01786044908,0.40747461482421354,0.5461523883382279,9.923931126047137,0.0016262246034487572,-0.05511286332763355,0.008960904839806704,5.010844543073316
24625.008597793072,0.4224533741025312,0.47968962655896474,9.876678996980411,0.012734912657715798,-0.01640792084616219,-0.009595280916512726,4.986070424523348
24763.981716363964,0.42391621984540434,0.478563021460754,9.825644817799445,0.023265795769498412,-0.060500642520054417,-0.0032627179680085267,5.001582394560466
24903.984087604447,0.38539418513598606,0.5370826401816544,9.99977876928047,0.013889073220952154,-0.035164236147233935,0.010808410720205526,4.97775232348208
25042.993122750868,0.37543793474633147,0.4905631350604711,9.889114490849497,0.031794437413784904,-0.06182467002635999,0.010374414833421507,4.997209990299785
25183.00161680673,0.37314886921775037,0.4851454438109073,9.964504163388817,-0.0026499715153354055,-0.016247132805603776,-0.001772732892280459,4.993420126661778
25323.002745311198,0.39740837396896367,0.5170151363776199,9.93262470639735,-0.002229770756275158,-0.030309302732302822,-0.00631117213633758,4.996731819379865
25466.991352472636,0.3425268180770464,0.5423790233590965,9.913566253416368,0.026847032476207008,-0.04376866542173572,0.0019348058481962324,5.001659107176353
25607.006988412923,0.39828282385913294,0.5135958748718931,9.947012406180905,0.020902306770719543,-0.005476971248477943,-0.0031284068239336247,5.000574487032909
25747.011961806656,0.33935748474280286,0.4749165059354216,9.800348908171225,0.031625868692876535,-0.0513756574129775,0.006823126021698596,4.989968132606123
25885.996140599615,0.39909725333201623,0.6661673756615286,9.960517044938742,0.010021982139623133,-0.06666396061930012,0.00508705920783002,5.003385883501875
26026.00829684832,0.4282566594931596,0.5091357200235218,9.894488079961947,-0.02159790290127629,-0.125725149500785,0.04289759290372855,5.003504999891352
26166.008905558916,0.4777279315234798,0.5485115274238582,9.909028054246258,0.01909292814428032,-0.0379006312243642,0.013832682006923952,5.006709279279727
26305.005737266223,0.44442422097227896,0.48994332603724144,9.971779973945374,0.006619140129594511,-0.03667251083827324,0.015172380181614294,4.998602604643732
26444.988612062265,0.459475607283246,0.5775521288605839,9.729024952467025,0.03764716392288572,-0.06299300428378869,-0.008269370682098874,5.005054844396025
26583.99148710289,0.4460447376087697,0.5312569305758258,9.869004772977341,0.029887422713907277,-0.06910932083837858,-0.014262438028679502,5.001850659258116
26730.006117082037,0.4471726641967163,0.6161497663507285,10.056684887793805,0.01347730254769521,-0.06091825939545772,0.026302123272421322,5.014753487462265
26870.99898366144,0.39101183094268055,0.4941015276774927,9.93679804612713,0.004229426809909816,-0.01904863417094803,-0.009088475764995692,4.9915871886680865
27009.985279583416,0.4577928394551285,0.6380250974635181,9.853189548893898,0.013826632743646615,-0.03707945338453393,-0.019295106790299024,5.004427180019837
27150.000177786194,0.44582577921582955,0.6105672247859155,9.9639292844225,0.028575247650158613,-0.05262214612242455,-0.00654765302233109,4.992588874280359
27289.983775220553,0.4712976171869459,0.6334036657906625,9.828086210025617,0.02160452250645031,-0.06081116596425266,0.0025007949901238525,5.0014392796315965
27428.99782541945,0.4879313892968657,0.6074652493022307,10.109329745116334,-0.01062240256544613,-0.04821845088541044,-0.02189493683715825,5.008387546692782
27568.98957367545,0.4883165138195277,0.662948608840495,9.867453479541606,0.013168592075400882,-0.05943192592260318,-0.0026467183822185695,5.005411873737636
27708.004683725852,0.5012815884112618,0.6717477356926647,9.973874085138306,0.015156362648691918,-0.0722394786884337,-0.003844521126025603,4.994980295351859
27853.99486986502,0.45864738837443875,0.5441539238084908,9.919929604020016,0.0276081335255174,-0.009412779004915002,-0.016883012889524388,5.0007150522907375
27994.005501911186,0.4151914428168091,0.6790621535693091,10.061995581120975,-0.008822310200876296,-0.030515347703072054,-0.003055810961062485,5.004662257122083
28132.99305015348,0.442516980535166,0.5915603383477027,9.876936120303254,-0.005375348488435259,-0.043540813688739986,-0.015590711624757458,5.008669572914696
28273.003074976485,0.48815431682428667,0.6142041176964234,9.840428505890927,0.024078579538173838,-0.05374600159520736,-0.002149201488750904,4.985472024675355
28412.997565371716,0.3986433881455715,0.5776869135856415,10.01037790288225,-0.006034278856671574,-0.05179185648458258,0.008258976366128646,4.9870747819071415
28552.001483751865,0.414218463476377,0.5154579732972873,9.950347415689482,0.004275591697645718,-0.019979738151859012,-0.019414226768057662,5.0009929107590185
28692.009293466665,0.4245541020465704,0.6032176026496596,9.74634963579538,0.02356285184274393,-0.06194222242467886,0.015325765331853066,4.988790423183712
28832.00308541143,0.44124714109027724,0.577640654907279,9.89337105180095,0.010317511668325884,-0.06976055155173046,-0.0010091916872506865,4.98622433960582
28970.997227284744,0.41603441389349766,0.5591817296979312,9.949221326760716,0.028835926560888358,-0.07301964404797354,-0.011247286250894458,5.013244528622016
29115.999876889884,0.4548673014288551,0.6094505023305241,10.206414074437362,-0.013889893953076533,-0.0314884604509436,-0.013308357861981346,5.007069509304845
29255.00934122587,0.3976234706291386,0.3346025877201384,9.778200013272905,0.0036391296367025237,-0.0807880828524468,0.028597580774431024,4.993914679846801
29395.0007658885,0.4057527165953333,0.4943629516014496,9.783229127678533,-0.01741378646087759,-0.04914907139358979,-0.031731251049252666,5.008609688731488
29535.00155037587,0.4739950485776319,0.566423791387779,10.01195921684331,-0.0019964978201446847,-0.07113060418795984,-0.006477079384216084,5.01556073330933
29673.9902855451,0.4854772160796569,0.6201328517090587,9.839248424355079,0.02413489278026074,-0.03199259000133306,-0.010392774159419088,4.99096093774776
29814.000627209723,0.49262832160311615,0.379424553659289,9.894852905296778,0.03714266322645927,-0.06050592128545796,0.005811327988818297,4.998268497528072
29953.99845126759,0.470263797241861,0.2766006175371572,9.956451626971093,0.01612530081230159,-0.053397402361059575,-0.014099424911739704,4.999486870588933
30092.98649215989,0.5313855147246433,0.6411442635910173,9.953495537052138,0.012200621034318128,-0.039743853344206215,0.00011380550272044592,5.003915575675134
30232.998890886814,0.4739218828600604,0.4626877255095113,9.847711196648843,0.014072915208443445,-0.00030872948491913435,-0.023558115445393716,5.006675021395004
30378.000067296027,0.41675791489856867,0.5307057335043158,9.857760294136423,0.00999182939816108,-0.07193697775797085,0.009533466118505692,5.005037463540616
30517.998854049925,0.4513881260129604,0.3124899321909115,9.823551779995066,0.05004813510253056,-0.03487676359227908,-0.04300055706354745,5.006501557433089
30657.997146636113,0.5293125974482578,0.678319591507075,9.902474975332558,0.01368491936037824,-0.034698092259969435,0.004424009174607788,5.002761723547981
30796.98368767247,0.4140770578045216,0.5147800803881452,10.059669504389134,-0.021244659358751607,-0.026000318177604027,-0.01787964420037975,5.00665313036764
30936.999906440175,0.42142442126185836,0.46168638902288445,9.925944074014486,-0.012769366526482325,0.0032870971604326248,-0.0013428962510862947,4.9884483240529836
31077.016804154613,0.3969939122120224,0.5013517946095266,10.003672571857257,0.011240039335738434,-0.04702729419767861,-0.011391784082605962,4.999885894741658
31215.987406430766,0.38705252864086914,0.4291286695600173,9.83729395105603,0.007918412444825457,-0.06130080882332297,0.0037641970744977877,5.013496132961051
31355.996877702535,0.3845162619816231,0.520230419164618,9.954241051541532,0.0037999859064160486,-0.052611178787279125,0.01519196554663943,4.985716539862987
31500.98624981464,0.34318172548294973,0.5199818689196997,9.997097519877958,0.0023126500400484605,-0.03887901127971176,0.016206992256888163,4.989217946225146
31641.00368342465,0.4445106984301817,0.4898510804753204,9.82772558631842,0.027853550046016192,-0.035815758704453575,-0.004576604441804307,5.002128293671206
31780.9994864366,0.405464242649885,0.42140454007096234,9.930354171785991,0.02312310990331348,-0.03964004854873184,0.020243863266575738,5.0047837531185415
31919.995766998458,0.3844428622993614,0.5483854574051157,9.955547269458654,-0.018115062922794863,-0.02242373891584802,-0.003770546419430262,4.995556387978168
32059.99126659613,0.4026567520913674,0.5314496342636087,9.923088989605917,0.027143255833643614,-0.05529111875417494,-0.01038994260746103,4.9883771384749105
32200.00951956261,0.3173702042456377,0.47208288945894505,9.897120763188468,-0.0005435588480871502,-0.04804940024275109,-0.01988984029334385,5.0002119224951755
32339.011296603243,0.3889302965418088,0.48898194412238355,9.803532741601401,0.01857942935305194,-0.027160872179597385,-0.015247330273626684,5.005743715846214
32478.998170877436,0.3926367464785344,0.4767912917017544,10.123634110498855,0.01204232227109748,-0.03609093906066801,-0.013164303670957327,4.989959792346844
32619.005757466493,0.4046814892521988,0.4634899171179973,9.86042689929975,0.005477834098740475,-0.03545854153970821,0.00665871583353639,5.007799051560174
2785.0014632044968,0.17189650985636593,-0.29444890085286823,9.905963246907328,0.03985288272232162,-0.0669108609742267,-0.02256161018655004,1.0092048708147723
2922.013051350235,0.3999227931343574,-0.3530653381986847,9.852966137581777,0.050667262908817415,-0.04487513709926195,-0.11502107704152391,0.9833133833955309
3060.00528681174,0.1876028398433466,-0.24249606352602956,10.192334142366642,-0.009129269121212978,-0.07695769365798817,-0.019412018605534046,1.0028325709158206
3197.9898852156075,0.18704130140188865,-0.15536718655277995,10.49088749778193,0.0012020028728270112,0.07818597863844431,-0.007988725303486426,1.001012614082059
3335.0190282194976,0.09541443272780219,-0.4129851163218536,10.046310019097662,-0.048043556541056964,-0.07704221165208933,-0.028297256385363432,1.0067490486244686
3473.007733361511,0.191297706181357,-0.5883051041902845,9.628911928551018,0.007278665741252325,-0.060758768148443734,-0.03414656446965969,0.982210239064025
3610.9983372130346,-0.0562949530525997,-0.5429064959224367,9.77885425065953,-0.061382633320834504,-0.08230492848982675,-0.03347288885003851,1.010051992800352
3749.004375534583,0.3095533098231459,-0.2951622110052635,10.454925788517116,0.006051469861987654,-0.07695467098128314,-0.00867193548730844,1.0048109532754326
3892.995226805536,0.028384323952321988,-0.4684707741658236,9.648336133101983,0.038498387290074806,-0.07200418422572764,-0.004725039709759531,1.0067963886176645
4031.003034870724,0.340917783859362,-0.46157084067346604,9.87666765569594,0.09703227084030688,-0.1249322214643218,-0.0011156442500514134,1.0011506624667836
4168.006712829367,0.3782525887934435,-0.12214994955307483,9.339447087618442,0.00501875193533521,0.055808249610207555,0.06527374166204944,1.001601391482603
4305.00450189218,0.3384463349816673,-0.28189384594293854,9.89479936656953,0.04208377542292677,-0.09895065705800188,0.04642907527796266,0.9916989887046234
4442.006111305016,0.2108125414340102,-0.37097081313597713,10.054426444622399,-0.012043228069196747,-0.03852588782114571,0.013304704040524572,0.9767451654633091
4578.988606720025,0.2219692027117501,-0.4085567130667369,9.862894575011719,-0.07307341920158199,-0.03914813626895263,0.00017401918824363555,0.9904249154238756
4713.997735537237,0.25488649441688993,-0.5400459546080203,9.974069554203982,0.13824614325982504,0.025670361127062547,-0.0076621715386232915,1.0055107618264094
4850.02846850987,0.08241219303006028,-0.43468936569254474,9.940373095246471,0.07255163510268849,-0.007552735226596371,0.05788357860673147,1.004544226115935
4985.999615068514,0.1295365276891392,-0.5012014256401536,9.729415729859555,0.10834473794545178,-0.061353267764794925,0.03000763769279256,0.9962067740552205
5126.003649260801,-0.029666633741039377,-0.2723054675817812,10.08500678180008,0.09369763202236346,0.017028912848480734,0.03431783056173522,1.003379363505377
5261.998675780585,0.058131133061883465,-0.09301122375500687,9.883155514622873,0.10641434791391918,-0.05232340292604706,0.005774618527055357,0.989259967468209
5397.996179594922,0.03400424418980755,-0.24401736459196233,9.735267539405415,-0.012776008693496753,-0.03863595048330021,0.0629431484146516,0.9864520208327576
5534.004970391168,-0.011136622824760106,-0.2429451791869038,9.752343396325578,-0.07004976052622773,-0.0889359904014706,-0.009600167848504176,1.0020524678485545
5669.011622167281,-0.0504072221593157,-0.3716548994233183,9.785475524646149,-0.11598749529057521,-0.011037814254905657,0.01795928931484977,1.0039363076294394
5805.0022139372995,-0.0372397954472764,-0.3918445501050155,9.889297844843647,0.0709433714003726,-0.06168383227084031,-0.0018410410842686848,1.0055392173826352
5941.008327209543,0.12261898154403979,-0.3685291573135411,9.809690770695076,-0.0711606718213363,-0.1044784242174405,-0.0251398158313957,0.9893814090087656
6077.000091648488,0.08682060594795539,-0.347969775785612,9.890832177481409,0.029071839640629864,-0.03242000878738042,0.017813405472887,0.9995942222275254
6218.00377468503,0.08160784340174158,-0.4007834238122825,9.95796093642269,-0.008702012324263276,-0.031746828329932926,-0.001480675239021176,1.0007400546927747
6353.999539620491,0.05722269154047774,-0.4261534094902896,9.986881112941557,-0.014939134013549496,-0.03372879559774307,0.01905118895297524,1.0000766510240038
6489.997491512196,0.06612736360288572,-0.46333085359883425,9.9335832132426,-0.008782469069991496,-0.033188205027788076,-0.0015109403244208891,1.006443487861262
6625.003017671808,0.07977352781585527,-0.48310730387043016,9.927380700270122,0.018668770126869735,-0.027581391025906923,0.001520265379289864,0.9941283761383054
6760.999968105958,0.0657975926127046,-0.49002918624635705,9.821880444555253,0.028587989302438974,-0.05910945184686949,0.032784943676650115,0.9953580767389226
6897.009794404326,0.04155628252866442,-0.3905042380380909,9.945725235272548,-0.001323562818188139,-0.022989837093892067,0.006183215956616186,1.004072574632347
7032.984809446066,-0.01086664778628505,-0.4702218955227613,9.872505564209764,0.020006523380353355,-0.04197145079110267,-0.00812632472577033,1.000856134927716
7168.008475443304,-0.05234935707764527,-0.5447384029695946,9.868349770679062,-0.03249113457561682,-0.037086964373386086,0.007815696443389865,0.9986858774834442
7304.013638829852,-0.0032137601133476,-0.5183436780189157,9.875303338991804,-0.01051622556895085,-0.03414528811091203,0.006874708011164489,1.004924140283888
7444.986176009921,0.035920939193226996,-0.5273318277964976,9.864923760543014,0.0913421227850732,-0.07463413696111287,-0.009206284443737976,1.002156519580572
7580.990091724471,0.03445134456252244,-0.4430857254020954,9.80640630346854,0.0023185001349330494,-0.04264541178936237,-0.004700934682008969,1.003887825659141
7715.999515406262,-0.08612360618248452,-0.42049680912906356,9.919108587325066,0.03062057230237636,-0.04659051690747868,-0.01093208427206836,0.993083199143447
7851.980418812734,-0.13695255733247202,-0.48801505381251936,9.770148353593969,0.08091047130992765,-0.05453336547595678,-0.0215220439521355,0.9897652831524412
7988.010976420183,0.039632560138413785,-0.36379329066318117,9.951600527061595,-0.051883149770674625,-0.0395645989430756,-0.00804685463156971,0.9965112515655404
8123.988871292076,-0.004217293771020891,-0.38006449057539865,9.867893566205979,0.022910104553698463,-0.05168263409698943,-0.0052398441355796755,0.9961913059931187
8259.004318057037,-0.029585062753971842,-0.4308638532357479,9.904339681509263,-0.010504752560108447,-0.03320957371085478,-0.0029005892263849727,1.0052152281664017
8395.004175332051,0.032036570078229076,-0.45738103669415703,9.807179962166249,-0.020103928278366903,-0.06036372093045509,-0.010832311056213179,1.013653124320864
8530.995290390822,0.015377083683895041,-0.43624426024068275,9.879193525799177,0.02337127589645668,0.0008478891790646484,0.00315434439498597,0.997217807248074
8670.994167060056,-0.015287354665902579,-0.41743909876597457,9.907915019067401,-0.002600978958532298,-0.03610390057973197,0.021492019777987093,1.0056858128625468
8806.9932159094,-0.007994374258336195,-0.43307703070373627,9.956431711904521,0.006745531277767484,-0.057682844523561524,-0.010367258376080313,0.9999341781581857
8942.98120673872,0.04682972852005616,-0.47178685242311635,9.964104817899363,0.018232369394096892,-0.037642301327039406,-0.03137228976431678,1.0084369132413487
9079.010729672149,0.01666727586157313,-0.44655882785802,9.924208788591931,0.009837855957611566,-0.04458378503385673,-0.026838984239791027,0.9927147343899144
9214.001018119272,0.04149414222650083,-0.45928125893940225,9.859562617255582,0.012238131562361426,-0.05009457533652168,-0.009798039143693383,1.0165629813176003
9350.0055861799,0.10382054346694758,-0.4309895969048022,9.978192473411902,-0.0272487306954733,-0.035990347755892764,-1.599576214210744e-05,0.991448775859072
9486.008660790956,0.09422771631837498,-0.5256729197158964,9.85631922500325,-0.027637396018990467,-0.06469799779704115,0.027811458211335693,0.997830311606503
9621.995951019577,0.08338817889839054,-0.4905051931901885,9.962917674224133,-0.018202694381194793,-0.03391740387583857,-0.008627433745522063,0.9960470819075834
9761.994279155331,0.01692011111258517,-0.709685757359767,9.72736034927985,-0.04071461097191118,-0.04858493595283674,0.045639117121509705,1.0093107358778484
9897.985168212646,-0.052404743529416736,-0.6226581203294076,10.010035434184154,-0.04584055615525464,0.020134156815249084,0.018697718147015988,1.0105397909594875
10034.00093550533,-0.034533071072626084,-0.67058335145978,9.777662229260871,-0.016757214865323354,-0.05109489361931342,0.005106371018644028,1.0091106309277136
10169.001830854524,-0.061947114628073875,-0.6275893644589972,10.037207666069957,0.043157795587053405,-0.05254977315279109,-0.01018773314671306,1.0114642816718862
10305.005299881515,-0.09951818261072157,-0.6934923557851341,9.83509328115205,0.013865702152773482,-0.045150762371265675,-0.03456830373949825,0.9927897291478531
10440.9946451232,-0.052595502489242864,-0.6843765266382474,9.955046644735116,0.009330074593460583,-0.057374258534995344,-0.015278461541537818,0.9992813102665643
10577.004600327567,-0.05686285738053092,-0.6799000746423833,9.959667401041703,0.003581486546110765,-0.003824249630550166,-0.0008911349273188492,0.9998154307502882
10711.989459455204,-0.08794906010326087,-0.7255780733469165,9.845441663267412,0.02826043413014423,-0.06251018134572671,0.02628918191376235,0.9868828527445683
10847.985213637143,-0.09469102021319882,-0.7275154066532495,9.972951906425353,0.001431913515218682,-0.06592696566013447,0.0018144567222626233,1.0129895854509237
10989.01295663515,-0.07208087032999116,-0.7027304181980096,9.887274402755677,0.04819065857051591,-0.03364778211566671,0.013413881542087749,0.9956955383033932
11124.999565233198,-0.0705332675748915,-0.6273347283976436,9.916155845272929,0.03659879722030089,-0.054965769912772446,0.009326395051865465,1.0064499899757533
11260.006859757212,-0.05291165720200036,-0.5974469754829904,9.942536667394378,0.026164790854665006,-0.06648933092921787,0.002136643926630386,1.0021266154447481
11395.9912813349,-0.07471712835711061,-0.6297117300797074,9.900236581088533,0.044151654392350616,-0.04307430509407422,-0.03484519144630521,0.9938034703180251
11532.008140232061,-0.014698205975624176,-0.5263686029991393,9.96762141065528,0.044259367684507674,-0.022257491234793616,-0.008916612082263648,1.0038469801880523
11667.005276422522,-0.0006590686461462889,-0.5386857593774871,9.923578591263642,0.029980692765874114,-0.034416578432096244,-2.885050280861882e-05,1.0035793728736362
11802.998233088696,-0.07977213588743164,-0.5684764966468216,9.986040911356604,-0.00024046969271415849,-0.028278031026900515,0.00043825159457300635,0.9978817272361115
11939.003436355339,-0.019185254909163677,-0.5710356545626989,9.934879515765722,-0.002342363431480035,-0.023051849800697712,0.0015848102203669086,1.0035432466882177
12079.984988170456,-0.006566016527292321,-0.5395948222529343,9.912433001508655,-0.0062036211106574445,-0.03704198229402935,-0.016623722499389565,1.014371820029769
12215.011157909237,-0.009265474726699531,-0.5332094871938863,9.946205398858945,0.019682760802288143,-0.041872268057134496,0.012863007362084499,1.0079726156598932
12350.990185991694,-0.04987367093463818,-0.6028407780989489,9.880029896682544,0.01919901850917964,-0.04385290245839481,-0.013250527589385417,1.0108169439049959
12486.994268787928,-0.05352226266596861,-0.5750235937457769,9.979089678184588,0.009882568437374513,-0.05892285799319252,0.015395656645425807,0.9877625124161492
12622.983978728716,-0.033240568986327435,-0.592677550523834,9.809673326419462,0.010352560719313373,-0.05276749442182059,0.01644336155627188,0.9948149487181563
12757.99531953528,-0.031303248390196055,-0.5753050961680414,9.959596993673125,-0.006752532746371821,-0.059708794469540485,-0.008225853648466144,0.9952954090389825
12893.985557012997,-0.044113184009577394,-0.6727726873505211,9.88757281176426,-0.007408978552066477,-0.05326176898185401,-0.012189951430500412,1.0045915263232021
13030.017043030146,-0.015787642144850397,-0.6240465232222727,9.918182052052453,-0.02388037677939315,-0.015154980516759385,-0.009181613361717031,0.9853304303725948
13170.989896829959,-0.0699481662195032,-0.6236342441028532,9.895142160162319,0.023530598619727432,-0.029780598547573173,-0.020921710390275478,0.9797776548283946
13307.00982208622,-0.08800520052404966,-0.6429942871935098,9.90785817470416,0.013713150403261246,-0.022085553051348995,-0.006087617547909652,0.9920690496076923
13443.008755621577,-0.07549879570543742,-0.6135210508902753,9.884559294137402,-0.003435051466477008,-0.024942596236165016,0.00036738199421771083,0.996591471426162
13578.996723439786,-0.13020412403735793,-0.6216323020664649,9.937961278505526,0.04396272179156968,-0.019591668343922265,-0.006127237412084074,0.9913240803405471
13713.997881586807,-0.10232011386531893,-0.6348795607628058,9.84105670616432,-0.0036465116619609685,-0.05499278631726054,0.019128111415951627,0.998073226894876
13850.00932587966,-0.07895866640473183,-0.6185472638400626,9.932000133393982,0.030294839445460676,-0.06268357301699479,0.006278058528926712,1.0052630564769638
13985.9921145367,-0.07704124105062708,-0.6053956779587766,9.92705556195033,0.006677953590739569,-0.053105815374244796,0.013706424431445199,0.9915616891703191
14121.98049090726,-0.0004587075961441003,-0.6163343137622458,9.828538246252455,0.025942400694476255,-0.05852286878447864,0.0025908369188623924,0.9919645657708116
14256.98657735786,-0.06671731678735912,-0.5267720465686069,9.900693594371146,-0.01595835284555097,-0.05776747771009727,0.005354938102860769,0.9970833858806917
14398.995061715297,-0.06779015774838483,-0.523727890546628,9.890508444306874,0.023909516989186114,-0.05696286030136131,0.016532762837434586,1.0053360743019195
14534.997488778608,-0.03337995781968733,-0.534833152225841,9.88513798625892,-0.016254883120975998,-0.05502824401036437,-0.02036269292697542,1.0083202270993046
14669.982962818516,-0.04485757508741304,-0.5813339547798325,9.924991676688478,0.015215513379164892,-0.04633722242470655,-0.010251209487465938,1.0048179274924016
14806.00315431907,-0.04010764514224198,-0.5637898093394439,9.88551819735641,0.03273070363258755,-0.025197687827217947,0.003822651009413002,1.0016230429680344
14941.997760617103,-0.026636158410378415,-0.5438616196739362,9.863836312457236,0.02666136969784561,-0.06292437081869548,0.005068106195676837,0.9989619351411825
15078.013181113234,0.01742610456583565,-0.590643145525513,9.817877882371583,0.012300953000272128,-0.061329109282667535,-0.0006018160394416112,0.9969550266495092
15213.014642269609,0.01797049982893522,-0.5237557794433334,9.95401041226402,0.03813708189412242,-0.08012147470022911,0.02800499180707444,0.9944226111760742
15349.019658335963,-0.0015009526405322148,-0.4996997835117314,9.909858011674384,0.01864830832860353,-0.03990598645614719,0.013864194330266168,0.9981881918331117
15490.010084166697,-0.008262964986253946,-0.5755754232166338,9.854634631750056,-0.032542674706299075,-0.06428878951290996,-0.004186231821356154,0.982391887168682
15625.001507682464,0.001178321817612577,-0.547870794703663,9.885270623965386,0.029432885470348686,-0.057932706713391076,-0.020023466977627715,1.004219820678008
15760.98826263873,-0.004197650771102194,-0.5511426995071593,9.870552046346477,0.015903533081772708,-0.03597051506886121,0.006796361135977838,0.9866647066803678
15897.004550851032,-0.00785704187865423,-0.5397619422785042,9.899627465022677,0.018747749315744727,-0.05519057505134325,0.022684018794448705,0.9917058834160102
16033.007770236134,0.041495903501864335,-0.5357938608576822,9.92376887080669,0.018892583770698957,-0.041981552857773566,-0.005468066170683457,1.0098271637444352
16168.01010839727,0.04417598034308138,-0.4823427655538339,9.887410453888915,0.033791837961257024,-0.03708527027049056,-0.00293261501912306,0.9971164822315938
16303.99782494147,0.00376427113063237,-0.5130645066731779,9.917073975466678,0.030877853162206616,-0.06067307941372201,0.01656695206310488,0.985646972209852
16439.99082948089,0.011185277444607957,-0.5241051253419122,9.861568180536315,0.030380514893196476,-0.04871776916287492,-0.006733006496290286,0.984284513572789
16575.99807874064,-0.021045893599024392,-0.4846556945492518,9.928011845079677,0.02279369185182494,-0.05489265909537247,-0.011131303249639672,1.000752519946881
16715.99440436152,-0.009575939392804057,-0.4148082565771708,9.943815218016844,0.023518685042751723,-0.02551992562354047,0.00845782454497348,0.995188459548108
16851.98773996172,-0.006274857029136776,-0.3783934599740399,9.87734032581169,0.0739805693087405,-0.07984670173288864,-0.007627169539579349,0.9935979453922488
16988.006064729365,-0.015324807570103596,-0.22518925196666933,9.96960176194071,0.08466390913713863,-0.0382342555428535,-0.01843062013248117,0.9891653579529577
17124.00433023666,0.02144531857141446,-0.29812932042728724,9.809471708381329,0.03432279651946925,-0.06375488474114457,-0.0025132196759230945,1.0152249430119886
17258.99206868221,0.0385119419816053,-0.2209811828291824,9.940332574190426,0.03202522815591972,-0.07622895940124895,-0.014165194523170516,1.0019128661018832
17395.02005787757,0.05583860710347014,-0.22547501009764886,9.8944917229803,0.01593363336211997,-0.06137466864351971,-0.01080935643001297,1.005107457695974
17531.00957319829,0.07625316853883907,-0.16035577756410457,9.91119357199053,0.06037733603044056,-0.05896611972090908,-0.026287480611429326,1.0056816664970472
17665.989074908546,0.11789597371390098,-0.19584895056643425,9.947082323834486,0.013918634472791593,-0.042936187934721204,-0.004967004538047396,0.9785474331000221
17807.010710425595,0.12242648071243346,-0.2166924154387533,9.905105151136251,0.009655532205018465,-0.06257833929231496,-0.029919233088236134,1.0035793829567978
17943.00810067114,0.09653496491428137,-0.14415565759903695,9.95981973582706,0.03642130456681585,-0.03053090519325065,-0.0030680099320318562,0.9954453323127946
18079.00871539877,0.13486096827595634,-0.0884294836047981,9.990934274374636,0.0390903923161523,-0.04048843284201146,0.00025395233522066166,1.0105056520967504
18214.003451638928,0.06980639728230513,-0.11800596492153162,9.986069014063887,0.010395580793760196,-0.01877489321025905,0.001502385075372645,0.9903922468367664
18350.004361905063,0.0926933470527774,-0.13346112172223024,9.896802846284567,0.028495054490411738,-0.029780234803320906,-0.004893698794082556,1.0079867100572184
18486.01604830358,0.06020042271185395,-0.10648836796615001,9.883204287446926,0.020400933696900783,-0.021358287532777704,-0.011700278070164485,1.0212839340311939
18626.996245469258,0.10794207287481866,-0.10158836893348192,9.983370866957289,0.005418640445690102,-0.0406012318575384,0.0031137024273998823,1.0201330486127167
18764.00654576648,0.06878169538891142,-0.07243535496914644,9.982777608663431,0.010663147529659796,-0.05162246097399903,-0.021461519148213384,0.994938055621439
18900.985633508808,0.03930903789092462,-0.07406106096521288,9.875373786836647,0.021058383298499277,-0.031093740538687395,-0.009737266282871675,1.0069612671157038
19042.000947372853,0.07525976247151236,-0.05947950845659014,9.927541971402233,0.04113306065024289,-0.05398976351498381,-0.005868088203198165,1.012864457774938
19179.017962943344,0.1251767240660468,-0.037489674135477026,9.921671627089967,-0.01522700661678552,-0.05099749889816761,-0.015547529410509433,1.0020226287143605
19315.999902483727,0.10313385972624853,-0.07584069113773105,9.923018217380335,0.02062785912492376,-0.050329340777814736,-0.0013250344800867413,1.00137881618044
19452.991102761705,0.09668510237725494,-0.11365681035960486,9.818175256539648,-0.0009338673708123282,-0.05439150957628578,-0.004619694773565793,1.0008402984026523
19589.018077479075,0.08615952606752396,-0.10657662481074015,9.89237819315858,0.0034866111663154915,-0.05602353771729753,-0.005036542462112827,1.0132880255058303
19726.002129066987,0.13476534792246495,-0.08861231216778691,9.873220423882014,-0.0006583091967335158,-0.04486938152576543,-0.007360238247797598,1.000289251133322
19863.013484015828,0.11906328641770815,-0.10119065894569647,9.93845641007504,-0.00194134671440119,-0.07580629731537084,-0.012939725672299406,0.9980052288111126
19999.996155024626,0.11898890727745631,-0.1431988473867789,9.870003867677836,-0.02460035995027851,-0.03378235905271434,0.0020304123410582247,1.0063966594886735
20142.018542823527,0.1410588302234891,-0.18089996934025196,9.831082660541618,0.02871202761982056,-0.053764106149714976,-0.002182487500611931,0.9967646866983999
20278.990447196997,0.1317357726298633,-0.11230864161402618,9.859018413014592,0.023975789400263847,-0.03731388876670019,0.012171031289807612,1.011112930944223
20415.005932285876,0.1061113386813293,0.014166096708487312,9.946556954000103,0.018247446935261865,-0.051491129708417,-0.001797299543407393,1.0042218250817048
20549.991646458315,0.13179473647065051,-0.0378700582446972,9.940556802519076,0.027372142077674626,-0.047961205844609986,-0.005466437507554121,0.9980546891451632
20687.003660260558,0.14823064965061786,-0.03393383858686758,9.979306897167836,0.009959710881277376,-0.0067423254650173245,-0.025131001821454765,1.010200225252378
20823.00179277008,0.1483069473440619,-0.07588011483524318,9.886338448967015,0.03195538899000619,-0.03171996640802776,-0.00990169434507282,1.0098389996135775
20959.009101277145,0.09712523812578612,-0.011259539697862786,10.028274785429407,-0.008557028498785377,-0.00686279493439941,-0.00930877246461344,0.9999976794032418
21107.99394945611,0.14254922035913142,-0.09675651951597322,9.893846522392739,0.011787649345445732,-0.0471539948071253,-0.010318437332971197,0.9940497509203285
21243.99924403996,0.12103015838681822,-0.061682218607062377,9.899861862227338,-0.009679130561175316,-0.0406775107683972,0.004202716451964263,1.0008700544419227
21422.00326085311,0.12039953844619573,-0.06366243889745755,9.85935670195581,0.03337610457177048,-0.05516350517303998,0.008180236584579394,0.9816187587008877
21561.9818206125,0.11250507610416091,-0.03292644044259995,9.920623382551886,0.014541522137507562,-0.08223446452047721,0.006000838095722472,1.0132285020587681
21702.00429149035,0.15787194734455198,0.03647139648935142,10.03658863505083,0.028840351672317445,-0.04554724833678203,-0.006062167571617978,1.005211885646704
21841.00528218218,0.10336764558347482,-0.04056422882194156,9.86427187245216,0.033345838047820354,-0.019142940152711917,0.020192541482626735,0.9824736992819736
21981.99936702775,0.06838070025771176,0.05227680276065776,9.949582620600001,0.009991817153213962,-0.04461725920950907,0.006524001432358,0.9939753761958224
22121.994329317,0.10221456699440258,0.004340308613285357,9.812214905755514,-0.00896255976188547,-0.052783916729197175,-0.0007316332211529012,1.0096922627888605
22262.005287617434,0.07317045518999296,0.05322860651585377,9.934818648758487,0.019786791695942902,-0.029644480459100946,0.011934699440250288,1.0059868581567464
22402.005943120108,0.0847008069776235,0.046023588523389995,9.853939927998555,0.0008135865098505099,-0.04538995529535341,-0.0014416791770506783,1.0150695585354417
22542.00191693436,0.11936566529055054,0.08257991815055962,9.896883332131313,0.02630317704276422,-0.050661967860368515,0.007410338145090914,1.0123178358249594
22687.996209902758,0.11391632687157083,0.06516169427091488,9.945787850050502,0.00011222910058768824,-0.022785350095374857,-0.02547154633118719,0.9778115052440713
22829.998239629054,0.13908762120927246,0.059914090610741995,9.967018659831245,0.004840774662222609,-0.05987893500346456,-0.013462858774387864,0.9785431229552508
22969.00422828606,0.1519114633476457,0.0659320836789153,9.858477138974767,0.03418375854994711,-0.06401815885387817,-0.023323481424631465,0.9986086160015496
23108.98949350903,0.11625301491891667,0.038088822141847466,9.99818358260454,0.0019685059281847155,-0.04459040098054926,-0.0020590725891130703,1.00184645992565
23249.000512820006,0.14772528974329083,0.0023320368366354757,9.915692501245712,-0.006094545536970267,-0.07490836749264379,-0.00641691652340804,1.0035398329924656
23387.990365417114,0.1384967826032177,-0.002410816894822913,9.964627050893801,-0.0019372117248657049,-0.04904094954632587,-0.014505436497678426,1.0072598296391984
23527.99289018682,0.18534928841244688,0.010397146884450007,9.951503301938141,-0.0053900013288819505,-0.08283561032088775,0.02729148601470827,1.004346296978874
23666.992896130498,0.17498779386471006,0.019635690874908372,9.924054233201188,0.010350744161146858,-0.03498844591471483,-0.0021547296071123432,1.0024966910051296
23812.993649031152,0.17189225329486407,-0.0035216685412112077,9.901115426736448,-0.007542721310898732,-0.06523923113295979,-0.014322582026284648,1.0145697025823037
23953.005953170512,0.14931544147924675,-0.015650031845919146,9.95309341080447,0.0033683292662974986,-0.06097617578979364,-0.006995649666868081,0.9918201982578335
24091.9890861766,0.16767895906466238,-0.05433225911402347,9.893300475194978,0.010262395334724075,-0.07051419577466427,0.007643945849185913,0.9915744745252006
24231.985882609373,0.16593285366929858,-0.07331281239032568,9.917423852120356,0.004704868640032654,-0.052292703312403765,-0.007942586135737475,1.0087012281805137
24372.01494700751,0.2365114109868939,-0.05507119498324791,9.952115687698265,0.005446608275381946,-0.05154457054073047,0.007783101499685564,1.0069925461666833
24511.0010134046,0.2078770025408862,-0.07791098345516136,9.906582745472054,-0.02114381723568496,-0.044712917361654905,-0.0033694396297186454,1.0080292861809779
24651.012822661418,0.2376306614142354,-0.11970271397392429,9.898590889237978,0.03816193237033637,-0.06374293585840843,0.005076450687444968,1.0087463482283
24790.984646672157,0.2548161834703021,-0.06334999063943128,9.903325178607965,-0.00728172871751413,-0.047319272322132844,0.0019445256807431614,0.9775662128025403
24929.985515070926,0.22096116035961236,-0.1175966316887462,9.922493909035888,-0.005269652861219453,-0.038352831844895616,-0.01946846631929176,0.9886226779699224
25076.034117111925,0.20842237675854014,-0.09784956618548711,9.91757326788644,-0.011885423677295474,-0.0490801613740012,0.014510848771271258,1.0166710147113758
25214.98550634437,0.22523565704596885,-0.14397599718649776,9.911718649652602,0.01785573360134843,-0.030349966083856893,0.004345337170092835,1.0020213133044535
25354.99474089346,0.20029541828393602,-0.0693976031956897,9.930946035185173,0.0007000956170820553,-0.0390130937176854,-0.02782758377960395,0.9959573111055021
25494.995558410228,0.21181302270980262,-0.1293607744559724,9.871350244971534,0.02185913598920198,-0.05879533071894462,-0.0045996022911280075,1.0113859117618869
25634.003933078835,0.17829222496012004,-0.10879078791960575,9.961624578100192,0.05335795170109352,-0.03246470311833528,-0.002485796603405238,0.9954449152762185
25773.999292439614,0.21801833363291534,-0.07458775774028113,9.874871375479179,0.02786101212809533,-0.040113807760944954,-0.01428911983413466,1.004106865445253
25913.995680226875,0.2058367159757412,-0.03813632786819276,9.924247463899796,0.0210181366814435,-0.045083953122911656,-0.008936094477239875,1.00637569762277
26052.99590412546,0.17380247434821294,-0.03627711584543223,10.001535190639787,-0.004233803532312976,-0.02637198766936119,-0.00785606268029101,0.9940545269809963
26198.995866545913,0.16537353081304784,-0.07896582352241942,9.944427016856874,0.009999268566606,-0.04449729363524581,-0.014480703928263205,0.9924625093738016
26337.996570233277,0.17297076850854465,-0.15911354034679792,9.86094661159626,0.010316421432201689,-0.0530601790714017,0.025992210723059735,1.0012745630997326
26478.00464704896,0.2301259775702229,-0.08877929462687263,9.864737013229202,0.016730541377806413,-0.055227095719572954,0.007504906540836297,0.9916888534739335
26617.9985792972,0.19565953622519092,-0.0795454725299754,9.913498518868213,-0.0010588984668998419,-0.05973319051049955,0.011355187594124612,0.989742746696774
26756.999199978312,0.2011861806525839,-0.08257613549613782,9.93001260210624,0.014927344185239956,-0.04039245991867195,-0.014163243548800997,1.0098292781051617
26897.00994158729,0.19384174085625158,-0.11600349863478883,9.904590247779485,0.014638593149712118,-0.052802418542904746,-0.008340234048808435,0.9940125767761296
27036.99193546251,0.1902468255807682,-0.11895569386459456,9.957087442157096,-0.025343603584371835,-0.0529873129470493,-0.020524536004712744,1.0078983593771396
27175.99154519529,0.178914658178772,-0.11309360485225214,10.001511100782686,0.0013819265746882888,-0.03313937268769192,-0.011620238754281236,1.0135393344256025
27315.997795926898,0.1711724491885843,-0.16356701610628804,9.905389426647034,0.0381842128456026,-0.048897038279965326,0.00935403699544329,0.986594341883318
27461.00363091707,0.20311589073222328,-0.11285234760999541,9.943801560857308,-0.024835250851121322,-0.044920839656104966,-0.03395908469290265,1.0024050894070042
27600.996098171006,0.197050637583492,-0.19437443495028275,9.951224418457551,-0.016072876293440445,-0.03356602467594732,-0.01137426064064843,0.9932955709129703
27741.000661501595,0.19829253008593287,-0.17957073228399245,9.895663977702672,0.03488149895080808,-0.04274646737568605,-0.014449190103051533,0.9885697007197641
27879.99077893767,0.20860057828775508,-0.1408280423270096,9.92914314390939,0.0029682742078646707,-0.03250650338299159,-0.007618158828913081,1.0003563422009472
28058.99967710848,0.17227346736456747,-0.10598958489112031,9.904695705039252,0.031196912041396678,-0.020988909589754922,-0.010828952656982844,1.0035939516523014
28198.99187677158,0.18537308050204554,-0.16131733108732818,9.924672065572329,-0.0006342196325221387,-0.02650406918525724,-0.017619753830067076,0.9913429205900472
28337.980512642924,0.17448542481762164,-0.17959145642032373,9.940329547747135,0.043615180174470275,-0.038697385735759315,0.012032236882999085,1.0131766751262274
28484.98598090221,0.18376212262676261,-0.11678736206728788,9.912476857376605,0.025493838163555826,-0.06577258221331403,-0.0031669061257422935,0.9964122922870347
28630.019608931703,0.19098009537976074,-0.1132790715608703,9.927774898150734,-0.009160812291180402,-0.05840636992454595,-0.016482505814031028,1.0016602414401339
28769.995012565283,0.1891244509031268,-0.16116752346346594,9.85587579611174,0.013480812749243622,-0.05827812451939374,0.015242935409016544,0.9849235820760666
28909.998522351307,0.16817854634395749,-0.1105393182739373,9.965757489521271,0.004604484980669537,-0.03956473865669887,-0.03219092653632056,1.0159556212408354
29048.97315440297,0.15539404714719784,-0.1794933655335274,9.992264995031029,0.012916983773004747,-0.02231519164858614,-0.013419702502236695,1.0123115802362554
29188.991207797433,0.2217647591900241,-0.11007763202821302,9.894146652160563,0.0053302893180522575,-0.05804774715768602,0.02496224650852027,1.0024747498787672
29329.015133074146,0.17667490448561968,-0.16104386050078456,9.864246960126192,0.03066354510429985,-0.06118064764278733,0.0008548012379478455,0.9985723833329713
29468.00843428118,0.21884959474161805,-0.166417519027197,9.93354672673881,0.025780737932948293,-0.05860237762205541,-0.005864241575434048,0.9806040551403858
29607.99718474484,0.2418909500700361,-0.11555102627941262,9.92774740581434,0.015543409679993342,-0.06398119802215502,0.006386026856505445,1.0174852577696742
29747.99036011666,0.20414680480709196,-0.17105842909060212,9.869523484644686,0.0029877826851379763,-0.034090081399842646,-0.01266595565231534,0.9916462343532599
29893.003309640182,0.1727050653118928,-0.14742659188178459,9.8840516841415,0.023746070875217577,-0.0627138771611422,0.01621188637251076,1.0115233359190168
30032.998582142947,0.20052653254642075,-0.1317745002711101,9.980485829519434,-0.015667973130605813,-0.045088284323640294,0.020640094670772897,0.9810092171538061
30172.01242658943,0.16008982568563768,-0.13021860876314467,9.938100565218846,0.015616609723407246,-0.05314507822041226,0.017070424040268744,1.0051495928158012
30312.975840861556,0.14810878145350162,-0.20471826749965688,9.868958800111015,0.006405777708793185,-0.06567901898059854,-0.0347008090035154,1.0213928333281757
30454.013050805985,0.14374101659420108,-0.1483519524934533,9.873841993445428,0.04920171362263193,-0.05331417487206525,-0.008396678011280077,1.0059114969338956
30592.996023258936,0.16938972307245978,-0.09935352880141689,9.987296050172542,0.02782590263394645,-0.04906996495501915,-0.009181382787465737,1.0093632430014285
30732.996170713737,0.20909975208145923,-0.09025338475962864,9.977774705221748,-0.0026714644525221154,-0.0477789172589476,0.0003185239430152669,0.9927812329383906
30873.007531567157,0.14399876708548226,-0.1765672111621828,9.918359695368425,0.0011756973285378723,-0.02565850168724054,0.0035872402541241117,1.011745919138325
31018.002093647992,0.16264562790641185,-0.05998326393861363,10.000195442909606,0.021516949578165547,-0.05027032363587635,-0.0013222774329786054,1.0029995196603676
31158.007950136518,0.12402791650238577,-0.15029580753343869,9.968152782690353,-0.02486331284796019,-0.040742077110842115,-0.012678129927674215,1.0100901257977375
31297.006511571646,0.1453332557589317,-0.16916638973466164,9.95826354221892,0.025498800418349666,-0.050873604100180374,-0.009895889510814467,0.9962435263906368
31436.982578126914,0.18219807611772143,-0.13944916426803777,9.944404270590185,0.0069626186584022445,-0.03474570662092905,-0.007300637629038399,1.0011395653066393
31576.989804350233,0.1766991085964144,-0.15068996809092552,9.943565911321796,0.013816702240056027,-0.05201330227145304,-0.009444259154891362,1.0082514527319264
31715.993886414763,0.2118838078354041,-0.1449751579126187,9.88024148258601,0.006615723337213997,-0.08632783821487809,0.01489639761413912,1.0005788569248033
31856.009402443637,0.19655910464756654,-0.11394528632137525,9.953261891491216,-0.013212869585769314,-0.055261620493596,-0.017867681837585546,1.0092728467026915
31995.994454865708,0.17456248975296754,-0.17193375654394683,9.953713681602752,-0.002154705521091673,-0.0383097567644117,0.007883491071299983,1.0019246547849714
32135.00405894369,0.2027915934815952,-0.14880848796815793,9.934208880867386,0.004523470975389432,-0.05406010751930842,-0.0032834021987399806,1.0048759566827272
32280.99614023566,0.18814168988020646,-0.20611899721376647,9.873099375563823,0.025067842519774855,-0.05045192870870434,-0.022967478903775068,0.9784150421815685
32420.011941687502,0.17490813104160563,-0.17073142042653366,9.93185725070677,0.011255148421345493,-0.055630090122140735,-0.021564945508456345,0.9879969228047412
32560.02058607823,0.1551929625809031,-0.15773746288312485,9.910030327891377,0.027302855084867277,-0.05465151354495301,0.010520489868247204,1.010542141348229
32699.992993951713,0.24034727089683672,-0.13311042258133074,9.886964615164851,0.018348061541638382,-0.039666114599998054,-0.007344010156031329,1.0050854145329378
2663.9842141172144,-9.684841871031093,1.7146637699175888,-0.5551264561491827,0.019348547364848083,-0.060737670494376915,0.003032786220627643,1.9974270767971127
2799.986424486957,-9.705020477846157,1.6405308069477573,-0.4524306224022694,0.019668874218692976,-0.041746290558001324,0.0366992386899969,2.0173256263395563
2937.0175860938252,-9.56273836877965,1.6682115433336173,-0.5699576328247854,-0.008599388514388604,0.010842303011184443,0.05713141878560156,1.995479115179945
3073.990753319873,-9.617341648035561,1.477914028851738,-0.3709104367135114,-0.062502782738701,-0.047610207723228416,-0.04577524270477277,2.0189766570692176
3210.007157070276,-9.690054779977011,1.9092782864012334,-0.11165741204032109,0.03691330289120317,-0.047077688233891045,-0.06511871831019928,2.007037887025385
3347.0009954737197,-9.692286461643409,1.6770367980838532,-0.39844424171636184,0.06657558905562373,-0.06336510612922042,0.034135086378272256,1.9912832286048203
3483.982191220177,-9.559776849028117,1.848168277549112,-0.5275505725189418,0.04701343905621685,-0.031099423543012664,-0.02818122171446005,1.9800916735592964
3620.999036107498,-9.766045228139667,1.7319493960416308,-0.18700318985432782,0.03873885127297095,-0.028627549704001335,-0.01160286423773564,1.9744570173246172
3764.0032325475745,-9.722710784160002,1.5036535219928397,-0.34327083608650466,-0.03489410512934397,-0.09400920598334196,0.01846123406877925,2.003361162518956
3900.98181391417,-9.554543328320424,1.638993419151317,-0.653195246408431,-0.0371485577754292,-0.03684735826965386,-0.01313182100606607,1.9966460828139798
4038.0001695039487,-9.81141835127611,1.3904105062864616,-0.2754408110953868,0.04567497535491535,0.013796681845894668,0.00323675026462944,1.9915390939270792
4173.998939564869,-9.609858690205813,1.8648193170804637,-0.2810750761702531,0.04133574249413727,-0.03379284734868127,0.035199386451364605,1.9984771252677893
4310.992087717942,-9.617738699605242,1.6463381357651405,-0.3037059212149516,0.0001512721033550207,-0.05527972675815162,0.005650172574088761,2.0134924930805393
4447.977451195776,-9.687464506923783,1.455961344125661,-0.5739591018453806,0.024391374341262675,-0.05759397004610725,0.005195940521150753,1.999049077723485
4582.984541604899,-9.756538605301,1.4931190744284808,-0.5390135175090673,0.03206686523556159,-0.024239094934249326,-0.023336246887583744,2.000978582568126
4718.995815889369,-9.621450888920991,1.8821716161783948,-0.39938670645655416,-0.005684084733947516,-0.0513493941038068,-0.03241469484763021,1.993779071991422
4855.018105912243,-9.616066444540339,1.7458495731651287,-0.16641557105621144,0.023998406486989168,-0.05172151294330238,0.029601988774912182,2.011074401016135
4997.002055276297,-9.645792462392539,1.633501762222066,-0.3547764792741366,0.01841647477799486,-0.03705054869611451,0.04119160193313353,2.0102209006090592
5133.015699530151,-9.658012690612983,1.5979527226166446,-0.39168393272739477,0.01296457814687522,-0.027566332534251246,0.02343504995651717,2.0120364939129307
5269.010183648624,-9.633978842532322,1.7239230173548488,-0.4750290231375716,0.022064602870144976,-0.029025081232012525,-0.005876683269142996,1.9954040358840441
5405.014591161293,-9.62602314548836,1.7461101934063257,-0.4241654819561935,0.008129737164324432,-0.019170076510758527,-0.019377277730635946,1.9978169176373037
5540.98470255713,-9.58852981655789,1.6880669138125879,-0.1447379998603807,0.011003187212866783,-0.026632910094609906,-0.02090012911349504,1.9925791891736675
5676.006221635244,-9.633861477981775,1.7807154925749975,-0.29639412103739027,0.010533369250130615,-0.02704807563438165,0.027853201082986785,1.9959021159544843
5812.008727825353,-9.646285145028642,1.7484124474538185,-0.3248043912272823,0.018204263169056333,-0.07241899925313201,0.041432127173052995,2.0015686176938385
5948.004648842291,-9.599753975518151,1.5740698192709592,-0.3396754802141526,0.0469980309497113,-0.07137007381232519,0.017316304216839024,2.0019783056338123
6082.998225793855,-9.692708881248587,1.751936547036609,-0.4838293681315636,0.02282210755180391,-0.04390840693940838,0.003808484651369011,1.9873036244941564
6224.979752918587,-9.559598596917649,1.9711302227398142,-0.5166171648779628,-0.005633104812687041,-0.036374863290926825,-0.011689144147084277,2.0125056722117507
6360.990688827949,-9.651169038744035,1.6123249328240863,-0.46903392121550813,0.041830705649431366,-0.051029314421902484,-0.004763570862015549,1.9882358203182506
6496.9993793768135,-9.62223609187342,1.797192382343714,-0.37293573535120134,0.020621629503335435,-0.02363098295967228,-0.02062648039857118,1.9863616760626839
6632.001854742316,-9.639062307151626,1.8051361642465915,-0.4178916619727664,-0.0017462632141095951,-0.03556277542797372,0.00527464187556347,2.0001328158296863
6768.001371208279,-9.672249503409208,1.6598322818000293,-0.4591549220881653,0.031666205079431374,-0.055999148327367146,-0.018947277963975835,1.9881500362143965
6903.994580635705,-9.721618808589344,1.608823199902988,-0.3911673976305842,0.04265132411553305,-0.022021128291097942,0.011543967075399987,2.0064798706446787
7039.998670019108,-9.647844650057728,1.6090434950689994,-0.42154079856653814,0.022778420870159383,-0.07935631717313103,0.018187697403557943,1.986455842782278
7174.987867211291,-9.674208005592815,1.6488683232045274,-0.5376338984791568,0.019168776193407636,-0.07235868032161853,-0.0171157428116297,1.9909967641301332
7316.00271167432,-9.62782864799017,1.731881025719688,-0.07453370311485198,0.004023521683056474,-0.0823300788681648,0.03851104839148611,1.9967348500907471
7451.980635679158,-9.675041839175792,1.4058033075355765,-0.2631662830024391,-0.005783549581459543,-0.09609149644244258,-0.007825929425743599,2.007129374082383
7587.003372833806,-9.665329122220202,1.709727750721211,-0.7733512702898083,0.006424070253754794,-0.01420325841417927,-0.03263489676871942,1.991448525758989
7722.992538447645,-9.616374376873784,1.8448072264085094,-0.1407960092776238,0.01750261931549309,-0.023278151536325585,0.018432447137866674,2.0083426794067147
7858.989013833688,-9.646779828362252,1.6118281564677734,-0.16891018381554304,-0.0030665599339969587,-0.031313618337307406,0.012428401877249275,1.990810635079651
7994.988182396896,-9.722759988037634,1.8036720657362955,-0.6355131690543483,-0.016451160634627288,-0.040524240550753154,-0.0005666876900972576,1.9847381749238033
8130.000983677305,-9.67847972091729,1.6012016800128441,-0.2537530123213064,0.04684881884096692,-0.023365089141549104,0.02201519518605517,1.994556169149501
8266.001260687683,-9.54992598216844,1.8363552836985337,-0.1706788334471968,-0.019974194108263312,-0.07296918068307505,-0.03524164249599573,2.0098534634377776
8401.993595744128,-9.649349812244068,1.6936184054797967,-0.31806538217532043,0.04279636982454379,-0.054722087621588554,0.030373573030625326,2.0205540362326353
8542.001672611343,-9.585007083297596,1.7753021867497172,-0.2573809243921602,0.022977829562070003,-0.05973995934406425,-0.00739646552738503,1.9832427681492117
8678.993928512007,-9.549990012306653,1.80834913461257,-0.6408130150096543,-0.010992504678164875,-0.019707350200715516,-0.01956655572568457,2.0050718976291657
8814.998943416198,-9.723809630707146,1.7963267237445169,-0.09144473605629456,-0.0035049455267490964,0.013576663972168017,-0.027801063253939013,2.00173416396928
8950.999273741134,-9.610514314232784,1.9374850281564728,-0.21260591303649898,-0.00871068350723072,-0.06559312181785887,0.015580507934907355,1.9954548203969014
9085.983781399987,-9.571090448038424,1.85175557248455,-0.48762940801966914,0.04391860024528128,-0.05818826146613121,0.04254263024520649,2.004714883605578
9221.989119307438,-9.713964821329183,1.4981580560713903,-0.5137091358129697,-0.03378285204228794,-0.011323112317356247,-0.030364690002246866,2.0138030807925036
9358.023000785388,-9.700522525867697,1.7873419297855917,-0.444363068494355,0.005309651308427192,-0.011416333498952554,0.02800419306760721,2.0052176333915135
9494.007341464352,-9.586339200020886,2.002911353361083,-0.3703395419076625,0.019101275155022083,-0.03940318488006183,0.004972944034751926,2.000698747409753
9628.986014420927,-9.602967271309655,1.8981447065967585,-0.26619270791089383,0.00988652577531445,-0.05698360212357955,0.019227013570482628,1.9997604095196206
9770.021177527411,-9.649404891767844,1.7342914420728328,-0.493302964138435,-0.0003743371368314966,-0.08292056053685232,0.010617587736701102,2.002727606468114
9905.998560868042,-9.591688477007155,1.8424451685903727,-0.4698228099413392,0.007145117201211335,-0.04440044436165043,-0.013715442643670011,2.004769554943061
10040.988661220801,-9.645879347905861,1.9114217907569049,-0.18365837284124262,-0.003984326942191205,-0.031549446630553174,0.011349325079051942,2.007102572918768
10176.98247957488,-9.698122709031468,1.5264663601125779,-0.39089877962577396,0.0026741293097104256,-0.0706910453171,-0.0053414667574353935,1.998754092840111
10313.003690713302,-9.611536999834584,1.7483613803966378,-0.49057630169789546,-0.00038646602002854655,-0.0404694402882343,-0.011996371130434388,1.9901680774921717
10449.000005367205,-9.594396189175631,1.9146312364679836,-0.32546387616114325,0.01413623982268919,-0.03283722284689571,-0.022106333947276097,2.0175616941332444
10583.998457672586,-9.60375334393243,1.8700326131825225,-0.24128647977895262,-0.01998192101021331,-0.022875909855996954,-0.015885991965181485,2.0107365181271954
10719.99270136252,-9.660028296722688,1.7653039846442409,-0.40638057257790255,-0.008297952349581403,-0.0326994052014493,0.008836380926842873,2.0019414890329394
10860.999842569892,-9.59729201538904,1.8710792273715269,-0.36827113502163356,0.025995714992289486,-0.02927621280160217,-2.4221300890769275e-05,1.9909829901469265
10997.004323391411,-9.632410940004137,1.8087606119197144,-0.49688112401694495,0.02572896687045361,-0.03227674604667976,0.0006553746506726437,2.0090883364268235
11131.985760834628,-9.603788801862313,2.013531556901988,-0.5143758275961295,-0.01246264879517908,0.0075672521699865465,0.005902710357291553,2.0041055826451215
11267.995282545497,-9.74346730659166,1.7921782081444877,-0.23417913323001346,0.003881678195583457,-0.06877600022492532,0.03671389064205304,1.9993864096467402
11403.998252301742,-9.659368343185529,1.6054565628752324,-0.47618168241736025,0.02333289580008733,-0.07542291470756764,0.0268266538302735,1.997936310423508
11540.022122368107,-9.699347448904254,1.5556312744680822,-0.6415955034799242,0.023628051547150954,-0.05272530438763324,0.007069451431603848,1.9832391804849656
11675.009049075901,-9.74450356041219,1.636026656307767,-0.2410568658575487,0.018430870734193285,-0.02004769041664116,-0.015546226750422078,1.9934455365021602
11810.985872677107,-9.593930557762372,1.812073920989182,-0.29040662501853104,0.03264202475256541,-0.06221102631434475,-0.002753911589873206,2.004070048457194
11947.002807439947,-9.640701824824117,1.804113004945872,-0.3929196461039812,0.01972877720028904,-0.046225856724057164,0.003734702863016048,2.0002209740811843
12086.988414151818,-9.62705244836164,1.8759161236698896,-0.4910935801291381,-0.002894934041742241,-0.06696684143453019,-0.032885603189222345,1.985725856484148
12223.000945513202,-9.571237415821242,1.6149431759001673,-0.3803141922969748,0.04482570925530963,-0.039989151108640396,0.009166961321488152,2.018115505174239
12359.009830006335,-9.674023948508522,1.7578515783245965,-0.296968836783903,0.06338237605677863,-0.0182221093271751,0.0020364292413972782,1.9985434757901541
12494.986260309295,-9.557417279827023,1.8326437508923024,-0.30698573578926225,0.019693827853837116,-0.04161421763045535,0.002411932395169877,2.0087495455021074
12630.012680125361,-9.576758849453675,1.861952811246884,-0.27296317594730013,0.013623431340334629,-0.03679939247564006,-0.018787132738127807,1.9834496357155582
12766.00125732929,-9.580757267435859,1.9058897687380878,-0.2963809643946562,0.006278383053869281,-0.04580429439276774,0.005063604837229154,2.0039289171953105
12902.010447127645,-9.647662640414087,1.7501178032620717,-0.3543339192079257,-0.009415945044571262,-0.014957937593442097,0.0035641835466857985,2.006253598194366
13037.995406983911,-9.627524311353522,1.9161410434092656,-0.44394493839479476,-0.007322830195829258,-0.03622336707722597,-0.03957046636037332,2.0082564122443545
13172.990052359813,-9.58326800529614,1.7925257386426365,-0.37104803788885515,0.0033318835341113393,-0.03826189661635744,-0.007504206150258469,1.995683518541896
13315.000488921829,-9.558005058325659,2.0215253275211467,-0.24465627227842884,-0.003136393780097403,-0.019804480801514406,-0.0013533801747372216,1.9949979703228096
13450.989668049828,-9.599120417389003,1.5495748677387273,-0.26390604648945715,0.016653328425633773,-0.03073528639853633,-0.014057385280143454,1.9925825332391685
13585.984105247879,-9.642453074533465,1.7592564930982328,-0.34916593193555306,-0.004041257201401778,-0.018234355045661746,-0.019970428029329173,1.992523904581365
13721.997381872014,-9.685795124389456,1.6081062556160606,-0.24671598635839548,0.05835362545953866,-0.04192899017713752,-0.0032223483859694577,1.9988051911203737
13857.999272277264,-9.661889098352281,1.690256945252881,-0.4483473775932035,0.023806414057449557,-0.037205878835104636,0.009916425686536154,1.9919261484941844
13993.996017618443,-9.679213137869352,1.6231608341646007,-0.30108911156648716,0.004647477763332258,-0.0059562077264013686,0.0013122374897369385,1.998823958479472
14129.006251454284,-9.697583368121158,1.767868209664061,-0.3034667608789808,0.02153598844512143,-0.048263016355775505,0.02671068829533133,2.021077328083741
14265.010586485958,-9.70140376732889,1.593764322332355,-0.4560930070408036,0.0014158578028464974,-0.05662776374126903,0.006268251524639011,2.010167805204771
14405.99860583428,-9.621333320453735,1.8906133451726455,-0.5906208650168722,0.003300633892317317,-0.023591082474468256,-0.013763486241305639,1.987516227653518
14541.010464330864,-9.647690966003465,1.715484476549051,-0.38843032019548396,0.000801496450298884,-0.024733204921535388,-0.004338730309015265,2.0010687753713876
14677.007204482694,-9.620088373518653,1.8069048531310226,-0.3033373123917081,-0.021668681541562564,-0.03333225587497274,0.009059879978675068,2.001982043178797
14813.002855556684,-9.780204089739062,1.7565515063076083,-0.24568886250576658,-0.0038920176558752736,-0.059470617114769746,-0.021327904954672506,1.9932857588034334
14948.98523603609,-9.709942177788536,1.63322875528282,-0.6108875996213277,-0.0005320066972618247,-0.08223010170193547,-0.0008652554506481954,2.0108193521690167
15083.998596494634,-9.683770957153321,1.6590151743176795,-0.39098401354611734,-0.0006699268156237952,-0.06099020763594831,0.018409624128236303,2.013311140768486
15220.002774640143,-9.708435807868213,1.6672231523502719,-0.2811593999467196,-0.030204021908694038,-0.03177579109144496,-0.021325181334919053,1.9962142406013346
15356.01349743367,-9.627780880674258,1.8090739300386744,-0.1986313800331368,-0.018111351614722892,-0.04084661886278072,-0.02458984131319501,2.0086302766259263
15492.013519079139,-9.690990400573435,1.6817745890415488,-0.2724094462868441,0.02769025511851184,-0.0812954174091614,0.017855742176646667,2.012977190201443
15632.0076049706,-9.550500328511298,1.9535202887642442,-0.49531849701687347,0.013657943421622165,-0.055067784076559004,-0.009370302699989399,2.0128101969892556
15767.99462889443,-9.595951568773476,1.9523047736805552,-0.26740227901110913,-0.0032678041081935817,-0.0539248590110415,0.02470022003318723,2.0084343541472887
15903.994476383356,-9.642752917063746,1.656330152030484,-0.3826441183101151,0.01981684900419852,-0.06605745017779789,0.02168437141495975,2.000486243466684
16040.001863086498,-9.638679057254826,1.6126365806599916,-0.45222733117487257,0.015077733485945384,-0.04766585963509987,0.0004972284678187679,2.019121662367921
16174.979961450257,-9.590164082754475,1.8148037496907914,-0.27391601260552806,0.004783220716248633,-0.03937051505928221,-0.008346340204694698,1.9999183739098856
16310.982827399297,-9.621167196980252,1.6908327373582253,-0.3277215019102378,0.008568501466037876,-0.04441087726613889,-0.003992181978264169,2.006818692486529
16447.010643895257,-9.552744948471624,1.9720313815614272,-0.49389992130779764,0.005325281621361578,-0.06169838515113283,-0.009429342560540606,1.9972744201914605
16583.00018134227,-9.608836872676882,1.714491370334926,-0.3490255516164747,0.005865079743894222,-0.019926602476102277,0.029761210538987542,2.001694850601118
16722.986584467475,-9.651860950891187,1.7080084708944367,-0.43990703524661123,0.0007095725450180122,-0.022994425951087416,0.01324885868269641,2.0007038526841336
16858.99627886086,-9.66554912268201,1.6089916152600607,-0.3757522036835098,0.05343013422727434,-0.0499435838721104,0.004897746415941265,2.0134771578454567
16995.003409302637,-9.729403388813582,1.6768622296922135,-0.34747187470004265,-0.016699698561502357,-0.0321237837647258,-0.046664796840801714,2.001255420989011
17137.01042302578,-9.690906806580115,1.9565979854238607,-0.4545335790828419,0.02774786880396027,-0.015948398285455592,0.0461485117377967,1.9869298225215408
17273.009864931526,-9.723571606012369,1.4783813496229492,-0.311468231941395,-0.06442056217495198,-0.07404372738303015,-0.0013570221760918115,1.980725589739354
17409.006552743253,-9.614729910838662,1.8109800071449338,-0.6489837227297099,-0.03914712712836451,-0.021085200872311465,-0.04065543197486229,2.026645754425285
17543.994986066507,-9.6452315389076,1.9863244664922606,-0.41120030932942486,0.011297488702814516,-0.02539273693140979,-0.019957557410032658,2.008318731947818
17679.991806628634,-9.619316664950246,1.8380624587767223,-0.17305439082285484,0.019573571586454324,-0.01937850852934689,0.02849935500372643,2.000701624783427
17816.013086705014,-9.594277809028394,1.7263612412251257,-0.3367917222520184,0.014268997232389459,-0.07970172748837559,-0.0065808539041053845,1.9981659737455986
17966.989397258556,-9.596953137659513,1.9916154734278884,-0.26416914248068313,0.002795084220995697,-0.006264027655808677,-0.03001995893994418,1.9967960410976289
18112.989171034435,-9.59926198048876,1.6370848192832481,-0.29590761554397393,0.055270631793615625,-0.07148590434952434,0.04972409184128212,2.007344858179045
18249.009158278634,-9.615047148465848,1.8860577931599982,-0.5642423588503989,5.839691677761807e-05,-0.04903819292291937,-0.029128094006551034,1.9934549620028246
18383.982981854824,-9.665357331963419,1.7569459896866222,-0.21634521532267958,-0.0203716181111294,-0.03192559807151174,-0.011806443553720982,2.0024623805556248
18520.01407932302,-9.748359630088135,1.7243313006975114,-0.3858045418294614,0.0025426913850839583,-0.06481796476012516,-0.008530816219625335,2.009814074229087
18656.00762336381,-9.667632178865615,1.680654324844349,-0.4591520118214926,0.00465414731867795,-0.035178020144022666,-0.020439883256978732,2.0219499920285737
18790.98928580509,-9.66012215568015,1.8901114679722144,-0.17800135492952374,0.008878488841247206,-0.035541023216787,-0.03248704347794664,1.9911235032100638
18926.977948151245,-9.682610706248783,1.651310006478053,-0.5749504945911575,0.02554726160497895,-0.05201367480504441,0.044794186709815165,1.9881162709622278
19069.00625820679,-9.641654403320036,1.7103491874454273,-0.3497566593118426,0.02178836959497955,-0.029222101407695572,0.0017545161035720687,1.998452847728188
19204.995211493366,-9.647495422781711,1.7774693930919856,-0.3265145352245896,0.014284969300704485,-0.04846857997712666,-0.019701331486493782,2.008287596720947
19339.99551224096,-9.637448138362384,1.785890794422183,-0.5131317014622927,0.009831940225655561,-0.06591101526628847,-0.0069385525063727785,2.0125001253222052
19476.005604142658,-9.661387179961265,1.6155203003402554,-0.3986399749842678,0.013428033851083475,-0.056007358255289096,0.0008643175424843968,1.9823831157194927
19612.008084527275,-9.661259641607822,1.537175719794466,-0.3219933953506287,0.01876018857711437,-0.053315895671378365,-0.006300619213932032,2.0073218557747574
19747.986893569298,-9.644503726873713,1.8235063515081915,-0.5413262922979252,0.016611154177341225,-0.03625392806595638,-0.043672662693747845,1.9927501056174506
19882.992367728766,-9.679673965806193,1.8313100612904227,-0.19826423266280424,0.024237698396828846,-0.043732109703397505,-0.015362801194304623,1.9979219965691914
20018.994753543946,-9.68138630613132,1.6944736508548013,-0.2702175723002659,0.02243042291132555,-0.07494789127021685,0.0023832081391581142,2.001901981176359
20155.002848972148,-9.568691804234016,1.894452690190154,-0.44098575031952875,0.026815431954040236,-0.047258305884067854,-0.007416789126160762,2.0011738565628905
20294.990048406755,-9.679179034204223,1.563723533625112,-0.0954305247147073,0.01185295550198525,-0.04442301170177975,-0.004645367761675323,1.9836944955897522
20430.987939401253,-9.651601409128066,1.5665820141055256,-0.4406679047272664,0.0314548113736311,-0.04021969343571356,-0.021902830281862056,1.9865979199651733
20566.99797675471,-9.59535839428013,1.839606846946227,-0.34959757431644756,-0.009214622182211404,-0.013284912645110147,-0.043797056328266075,2.0034014253266683
20702.996358368142,-9.67593423932666,1.6280252962881034,-0.22883484509029947,0.026391711479644378,-0.030072676674933272,0.025875166910371228,2.0036798267201577
20837.991415422446,-9.677520589034275,1.506661597677382,-0.3943660784698428,-0.022753484607403566,-0.04873354408414407,0.0005105482853292661,1.9862125483988824
20974.002142521556,-9.677306021243886,1.737843100721153,-0.3115380759864733,0.0365222199682849,-0.03272065725805175,-0.002124372792712252,2.0009917815942346
21110.00042530005,-9.614484506045635,1.7879833476619957,-0.39708490025409,0.028911241179739307,-0.039537956887181,-0.03606229209853664,1.995918505303728
21245.999779752,-9.636697688124395,1.9733445616422118,-0.29009467946040324,-0.007120153842456133,-0.0345441181370692,-0.004625881194142481,2.017547227108032
21403.008077107588,-9.574423261691782,1.4374600628445957,-0.24419485199030067,0.037710831472228465,-0.06289919207870885,0.057647395331254216,2.0039005105173993
21542.001949122663,-9.685881029588462,1.4769918225959986,-0.5872662283102834,0.024126762345806945,-0.0689551647532705,-0.00393979215693448,1.996132592482065
21681.997684953556,-9.628625731739538,1.857985921450911,-0.33075336902267854,0.026843946917135604,-0.008177522704369113,-0.025932833597440568,2.0002325558475973
21821.98457440701,-9.60148569320428,2.044766617224583,-0.3796017250702407,-0.03431701084746146,-0.048079896374670805,-0.07035723917423348,2.007083794613204
21960.997796855467,-9.61169367680419,1.9948288644321637,-0.17780855353100916,0.005319088746853506,-0.03197494087211516,0.031057300149590055,1.9881614204337372
22101.00500883672,-9.63236061823247,1.4512043774833225,-0.4815204295423649,0.0017302075439643244,-0.06788618341537431,0.012489006819489723,2.005061215932598
22241.008816600715,-9.593684113107155,1.6214425312981804,-0.34211209840708234,0.06949174187755529,-0.025280545866043728,-0.004966545461006573,2.010433285430874
22379.99574742408,-9.665079676675699,1.9012263075300642,-0.2618203747335427,0.007687690626488192,-0.0011098237604242136,-0.055819310265608525,2.0072076111308683
22520.00783414693,-9.65985578638895,1.7114847485680398,-0.25692041555316836,0.01730053047167528,-0.06620352178066444,-0.022130627726438822,1.9972897871888242
22666.006719775294,-9.651083759844678,1.7727272453282248,-0.49009198553953676,0.016975149886122608,-0.07295271129685538,0.012654404696789433,2.0008862064475395
22804.991912206795,-9.614279921103954,1.8050385862730178,-0.38621991748626017,-0.005780939618548277,-0.023049568680805536,0.01925845346568765,1.9958684044385795
22945.004925601545,-9.62109760221054,1.7737723275069546,-0.23069924869087535,-0.023104819999906615,-0.04055147148287618,-0.004749633199538176,2.0036591221267486
23084.005836073648,-9.640371869628863,1.8297326213828309,-0.2618027263149018,0.0021213629766497705,-0.02140673238211678,-0.0230835818027866,1.9943891946862695
23223.999683003858,-9.618543447452724,1.7276260648230166,-0.2912823542918215,0.028990144465934196,-0.02756868552733303,-0.042561241617546076,2.0182143676528312
23363.98978843823,-9.567312115964963,1.989522159377772,-0.5008560950643297,-0.009605688857972038,-0.03235102007128653,-0.003355157506238056,2.0043518163551113
23503.00508237739,-9.606732944675105,1.698941055314209,-0.4140797509351836,-0.015471625800007915,-0.040405371127640574,0.042669881376208495,1.9998257784471631
23642.999823741262,-9.65893666607235,1.6699548823503165,-0.34767105436099394,-0.016243522836715783,-0.02569396594937097,-0.026998381725988455,2.004396498584212
23788.01653188725,-9.581186483000478,2.1165624516370487,-0.40476964807475735,-0.00027150047611397977,-0.030565686539036352,-0.044755943739746035,2.004018200562837
23927.978991234544,-9.577877437495697,1.9552755005394422,-0.31774437001813793,0.013882818737582719,-0.05233611229665547,-0.011815762885223392,2.0070932793249963
24067.991158630477,-9.615187307839278,1.705458144074576,-0.4926771778626734,-0.018232878941987378,-0.05966952454525841,0.011185489319432789,1.9956364973614638
24208.006407661196,-9.639241636946473,1.747390174073306,-0.5836351982970114,0.013111294090149527,-0.03935203243786186,-0.006650740586941963,1.9969549598370144
24347.0067959003,-9.611814265921096,1.779419048709315,-0.34047307074283284,0.03345123183625151,-0.039712223669350684,-0.018718388047681177,2.0102343523387445
24487.00373254612,-9.591750835013498,1.9079064031089252,-0.2752647756815314,-0.0008608013426130085,-0.02419675733207259,-0.019305465492359536,2.006027775970137
24625.997181008526,-9.60131829324715,1.9439240967364495,-0.16036485893094013,-0.01719645129599612,-0.06538844070400947,0.012131085366257892,2.006372145749553
24766.014145270954,-9.684831261369768,1.599788539195397,-0.468488992133376,-0.008221175654248257,-0.07759604420560198,0.025681558693852576,1.9947111687413974
24905.992347792308,-9.62930098118708,1.7713037328802563,-0.4432302398599905,0.03687709463483014,-0.019634603067021892,-0.029694115423455698,1.9959737910018458
25050.99778410013,-9.665940079827905,1.8445649145670326,-0.2414572866450789,-0.01937483202931286,-0.039145803047903265,-0.001264574190617332,2.0158469324419213
25191.016867464245,-9.644245728178436,1.7913882006572823,-0.406568711266495,-0.012116393758853832,-0.05614527929440657,0.02060002569811764,2.0013732328336653
25331.006249404196,-9.565843600519406,1.688850165204594,-0.36330220101503335,0.026251013268849266,-0.050195697623840595,0.005341490610778707,2.008371723296256
25469.997627923563,-9.62012154496145,1.8414767680176092,-0.4235157881688695,0.03216401266281599,-0.017899340258537073,-0.0033250029123519896,1.9938893699278881
25610.002389072593,-9.51191122906245,1.810853861936563,-0.20398297487526298,-0.018596409217191853,-0.04976789598611289,0.005628404697110415,2.0198576801582133
25750.01334280254,-9.671623511719744,1.6915557594146267,-0.2954450791916648,-0.008314433991635242,-0.03457174281054197,-0.005533847372813619,2.0052959484800232
25888.992461415983,-9.54621644474106,1.977827526611174,-0.5367227201327618,0.014257103406607083,-0.04666381094015037,0.012719584915524244,2.0063411697902995
26029.025583765397,-9.655522516646737,1.8624823855055215,-0.22792449282925295,0.018930964825159755,-0.0594678116567139,0.022853866799848323,2.007789902504362
26168.0019966814,-9.59999556766939,1.950282655970487,-0.7905738914320776,0.049935902708443225,-0.06183873171228047,-0.0001850764340322968,2.0077587524096967
26313.006623077465,-9.587864000318678,1.8556488365054271,-0.3671728577459182,0.02111278192109671,-0.008488926079077854,0.02150876423718304,1.9987951190524076
26452.992459147972,-9.703324465501558,1.682387909848464,-0.34250735992692377,0.019032495850582552,-0.01660144873690228,0.004120309866491467,1.9941403665058055
26592.00013805956,-9.58929574647737,2.016549690003369,-0.3245495145389426,0.04439583471198283,-0.018581025607384942,-0.02318204520324121,2.0164311840991456
26731.99797841161,-9.597084380913984,1.9470226867110938,-0.16806023559621877,0.018814700932143352,-0.03706891297010136,0.017459655331603284,2.0102719444846113
26872.007258277856,-9.65053235893944,1.7294343334716575,-0.6122243506046454,-0.0045257939395307685,-0.014991374947861668,-0.01567904641132586,1.987093897772159
27010.997499288533,-9.61086515878962,1.9833950255772148,-0.34309809279774134,-0.008273492028355117,-0.02839483600651543,0.005896953606891577,1.999268407010492
27150.987996927295,-9.63454421396929,1.7536081778966763,-0.41552290249760004,0.017038278373958753,-0.05903301359994346,-0.005468747942276765,2.007753757457269
27290.988655320616,-9.606090081691258,1.9783606682718542,-0.2770074821074373,0.014763641359406316,-0.04311663431861891,-0.009028230172628349,2.012814875925402
27436.015149684335,-9.648601149836486,1.7948312482247744,-0.44419781392440355,0.021876886880456175,-0.08050497203056675,0.013046610394716392,1.994515132155702
27575.989053717472,-9.618874187851949,1.9137315969822566,-0.33023944299092256,0.041100887656291836,-0.02556363673341428,-0.011516423462440382,1.9900921894125188
27714.97800281077,-9.616267798069135,1.9225267646286703,-0.26192943473164615,0.021232081608264165,-0.05963459529576829,-0.015823890532660197,1.987104188032603
27854.997650249014,-9.624864769682393,1.746273453062114,-0.49090676516859044,0.030259939789553304,-0.056218700802793495,0.011377573791051455,2.0155692103284983
27995.000171341064,-9.640707338377561,2.0468744217138126,-0.41448850427315437,0.025971427635671136,-0.050437808297730556,0.015513714438891631,2.0022092475242994
28133.993243195702,-9.588176582394798,1.9227657524547295,-0.12548194561253392,-0.0006471915854500148,-0.04380270327405927,0.0010272114790714172,1.997460737830852
28273.985969202502,-9.662714491472473,1.6891756831870761,-0.5319305781051828,-0.010835153858922926,-0.07010864852900983,-0.004570052659679727,2.002995518926493
28413.99530775067,-9.54881768106805,1.9976409730174811,-0.5949867936136176,0.032692944261550935,-0.027336801831175376,0.02539921810152344,2.000314585290875
28552.997256475646,-9.709645824292847,1.9384466376609342,-0.19059442473575564,0.026630372981300134,-0.03110136733099731,0.0054028733646737425,1.999227645627518
28698.005385676475,-9.657996100447397,1.9581312861630569,-0.3291927468559772,0.004285782046854528,-0.06004345536965753,-0.013689055635831868,2.010890333338984
28837.000136467996,-9.591236711131085,1.8230002242484913,-0.5226927943460427,0.010552327314201703,-0.08211001063358059,0.01862129176289618,2.0022547227091647
28977.006878345073,-9.586979317947788,1.8033246329680266,-0.3498789324136856,0.028379225760702082,-0.029812778849410405,0.003868781272239132,2.014692171177793
29117.001714185026,-9.631274303901623,1.9677559705142085,-0.2976139996544769,0.012344312203366634,-0.04599661691318255,-0.022082847379350318,1.999782432968206
29255.986957651283,-9.636950558242551,1.7719669704949106,-0.44731126635580654,0.024049291636685555,-0.07930642583253752,0.01668931677816644,2.005100566273152
29395.986383411713,-9.688294446721416,1.6932979544405806,-0.47660168588214497,0.021382646711786628,-0.04532858605956975,0.0158266261189651,1.9951453543091038
29536.00850607774,-9.506878842371416,1.9763899425123803,-0.39045101581466535,0.05592155541661521,-0.05125364874595835,-0.00521794412501603,2.0126594953828145
29675.00860142384,-9.595944262583593,2.0111796266537287,-0.19008480510718218,0.04438327856916995,-0.04407890027387257,0.001243530119693944,2.0026850891818313
29820.00219703241,-9.652580918359403,1.8906753716553135,-0.43137685461280384,0.013815874736902243,-0.024818882017895682,-0.012995499828468234,1.9848915473763156
29960.002590188862,-9.517343280544626,2.041717306789664,-0.30883128522162967,0.038951878200923246,-0.06526150777844265,-0.014785442471973125,1.995339564374686
30100.008801881875,-9.589965055207752,1.985150960071452,-0.37412062624801345,-0.008227387002810324,-0.03582777900963971,-0.013286044556195337,1.9726644932114556
30239.990487243074,-9.624009086834553,1.7958773953290874,-0.3097912881877498,0.0026023140003557862,-0.07883374147710023,-0.013806393509210348,1.9986939568195363
30379.0013501525,-9.635629573179514,1.7160201707420975,-0.4828961339938352,0.035945472053972874,-0.05370072856587528,-0.023565483240728026,2.018051544002166
30518.983249174973,-9.597185016442179,1.70965048242749,-0.26348604380030416,-0.016268333515840627,-0.05092328692133816,-0.03200226675796897,2.0152559730918096
30659.010341431556,-9.57289484477695,1.9173070547124083,-0.26641231970593604,0.036263585300279864,-0.04235704248522102,-0.028995358079234413,1.997356205569499
30797.99480894694,-9.569232660801092,1.7791479209032508,-0.2729152803641306,0.011848232526611543,-0.017762795122922365,0.0073533017224461,2.0050591622004417
30937.99758215044,-9.661304219633456,1.7856200924178942,-0.2112426220667304,-0.01452277201624028,-0.0638939676452866,-0.024394614563643762,2.0045766652056245
31083.00007917551,-9.669691979912166,1.7391424010677876,-0.38407498822121494,-0.020103368369101985,-0.11244890064932728,-0.010844768430275216,2.005589452948276
31221.991650026623,-9.515952638885642,2.2258856469380373,-0.4341219150868689,-0.023726948757453726,0.006896767197156266,-0.01763101517242902,2.0058180208164162
31361.995770426507,-9.606669695647238,1.9566480590609043,-0.1797476000598754,-0.005557175048892575,-0.02513795145958881,-0.011668385622815716,2.0092166436102725
31500.995812869936,-9.528700623008472,1.6556322116574749,-0.13890326750966908,0.10634195359609248,-0.04990016925769374,0.00926549862834071,1.9906136756712756
31640.991498641062,-9.723835261589418,1.5981556921617732,-0.1626658066582092,0.046996743722446346,-0.02123961784411773,0.03269220673487006,2.014021504701276
31780.99588355828,-9.651859514575147,1.846071283563286,-0.36378685512213055,0.00028623966873542726,-0.050657903068451776,0.022348354329846346,1.992790195159512
31919.99015873372,-9.760763575589948,1.48890345449521,-0.4366624351912646,0.04254095650361901,-0.06980948433287126,0.009449316001639615,1.996630931805495
32059.994582089428,-9.638242053509448,1.8042689338043725,-0.3539127289964228,-0.03209623707533193,-0.04749780077496552,-0.0005923281841161151,1.9994125605421171
32205.008194920607,-9.711137524783181,1.7080965694657502,-0.13352711897272365,-0.03207822891765998,-0.06757683980913493,-0.014946583076961843,2.03571430398429
32343.992202398134,-9.62039544260327,1.6081712380371005,-0.40218055420854276,0.009390876737556664,-0.06991014632120372,0.0036172830469139625,1.9875942273531528
32483.997425195626,-9.704386766767852,1.710893858454917,-0.24652541983213438,0.04442967436594234,-0.02518846317508855,-0.04185034842214003,2.0135678776847747
32623.98008299294,-9.64167734389573,1.9053660879612235,0.044973393252106336,0.03465280682155803,-0.06999432349199326,0.023872209490421986,2.0078786869361624
3160.9989723158465,0.04871927755534683,0.14598609189087497,9.852241324470084,0.009941057282838353,-0.06339096794718287,-0.019329186161886433,2.978006307670726
3296.9962769942395,-0.024428872319387503,-0.04512275931302495,9.89194440099745,0.029652977247896447,-0.07232623652305845,-0.010084349056374587,2.988647343784671
3433.9844490277246,0.05944910029117877,0.23099896039414775,9.756993749090421,-0.004800442655523868,-0.06547375004299397,0.0005407650500655502,3.0039256068137603
3570.998232957874,0.04548608216571979,0.14537025345006369,10.054628235621665,0.0039919931160975475,-0.027083985525602202,-0.026199641450129364,3.0023940527274493
3707.9941477638295,-0.018708142602910358,0.25425065885098075,10.128138312165389,-0.01628863699339999,-0.0003880711123876821,0.018970248987606533,2.991871773863343
3843.9823527014423,-0.027285880163691264,0.09474734189909621,10.0909593955471,-0.01527904810646995,-0.04506348860644812,0.002602340938739836,2.9712965622435186
3980.9841784739974,-0.07684712557083596,0.048818145013628716,9.774818287878963,-0.01630125769969564,-0.06665996619514516,-0.024111072892832253,3.00192058640084
4118.003260905334,-0.010693555202850853,-0.11247245362922209,10.040142526981482,-0.0035573960122575396,-0.04742725928286337,0.0064958198995109144,3.0032410135883905
4261.000682279188,-0.06720555744202998,0.3079092795871285,9.837844304824596,-0.0124075434533089,-0.011442660582019702,-0.01772441283375512,3.0162101250364146
4399.010024226811,-0.10296679609711906,0.038268365176281835,10.068560935071392,0.01939415249391676,-0.07232720988383452,0.026051273860020343,3.0155032917276996
4536.011126298384,-0.05016494936914028,-0.04147914792181444,10.07758554544648,0.016761508036964516,-0.03171919020410473,0.01906966113741714,3.003610618318049
4671.997240551147,-0.06205639434643863,0.1975891255122899,9.937778140700477,0.034745336548555716,-0.1018151306428074,0.0029044742647543224,3.013982877523023
4808.989221811632,0.02746695022918064,0.19054135152670787,9.800865839967624,0.02937030558200193,-0.07440767671774888,-0.013547904795523213,2.9975036111342384
4945.995382090233,0.06584564282238435,0.01472946357406749,9.748815989302848,-0.022943016749682656,-0.06349663719781373,0.020952287302361854,3.0084559586850714
5081.993292977292,0.0568269491610117,0.0650225255345758,9.953830019427144,-0.00549401860553693,-0.05536928375006956,0.013518617867475661,3.004867248153704
5217.004856669604,0.006730893933466293,0.06655768297048117,9.789300304629517,-0.07253503154585231,-0.027178531914783248,0.016542179330628955,3.0094089977849205
5353.009724175314,-0.08732407191368409,0.13302767207765506,10.032309493820312,-0.003370533745985671,-0.011750421296268895,-0.011518872264069965,3.014387150724686
5493.995583815297,-0.030848019889068438,-0.03958886813524689,10.049195845474529,-0.0020268579881804576,-0.06960431912258491,-0.011473979525780434,3.0003678206502684
5630.005257992379,0.15505368914597245,0.1283098352749943,10.232874041505806,0.01430605963982468,-0.15442850407953096,0.029276007803493667,2.9992763592986647
5766.00273633821,0.08766805673131864,0.11454733728380821,9.763599046039332,-0.010829673192760547,-0.07500235427032816,0.015196279008905685,3.012263377068811
5901.984025453395,0.1373046876162133,0.06052657979397923,9.857787299803974,-0.002492166438057099,-0.029451716677163876,-0.02260954833701706,3.0168759644850853
6038.006367888231,0.10097787802343304,-0.03380771234785801,10.221543275363919,0.021277156338376527,-0.025347151484143127,0.006460921207153593,3.018572978227511
6172.992042898892,0.12877118969860024,0.05275560106120503,9.831349535669855,-0.031448244707092746,-0.1043937640305517,-0.028949978518111662,3.0008663461992153
6308.983485112169,0.2740438689668371,-0.029277610637419904,9.88859862173115,0.004276059753629977,-0.08780821703387616,0.006108173685267704,2.9959108722992225
6445.007413245126,0.22490740798223133,-0.04535966177286404,9.843561208176217,-0.01717395219906826,-0.013523429181331299,0.020700938700869725,2.993848869369167
6585.9999335420225,0.19426810228022492,-0.23205618962943145,10.169288707045025,-0.002998289261454461,-0.028684586201114564,0.004913707130991124,3.0044545546666677
6721.993388688954,0.2501374110865886,-0.17821597060667713,9.824990622398097,0.0180876120297686,-0.04567254105365859,-0.030115601808808252,2.995101620696485
6858.0091267039215,0.24771069488948536,-0.024749181664695634,9.78324133769119,0.02185923345040836,-0.06882645154900616,-0.0075023340962639,2.9827271441807195
6994.000932391407,0.24818834636714118,-0.0556721410057565,9.621184129177212,0.01451772025068082,-0.05220020351762956,0.026585689881204643,2.983697809898743
7128.998314628549,0.3564003852138805,-0.2838188091451958,10.489464785979399,0.16504014376487286,-0.07160512609187765,-0.017274029466311822,2.9956633370770853
7265.005957576129,0.30941923603948573,0.18395784370502,9.270248323369456,-0.05557555760887527,-0.0565617627525622,0.04676191396946325,3.000973996632582
7400.989915562068,0.36888410206737526,-0.2044762039710652,10.19209017502227,0.04384097516823225,-0.03274067722095022,0.0062610660144822765,3.011540472841861
7537.026774078172,0.3477669889254802,-0.3605810025695662,9.786651991609235,0.0677121494195922,-0.04430936696098642,-0.031073643655352468,3.0023623702724485
7671.991280066326,0.3186961531815784,0.13857543933408753,9.663860582287587,0.023699303576428698,-0.04993975780936989,-0.0012397119520860633,2.9944898439453027
7814.01836982044,0.3552271367578005,0.16628701922803202,9.808882690022719,0.02856008638338597,-0.035397527923535926,0.0409385422845797,3.008396405452516
7949.9753391890445,0.4058753247358213,-0.11974588188175399,9.96699756556432,0.007034888287335582,-0.03353786136544665,-0.0029483368717799488,3.0359590624977457
8085.021786446814,0.46855380670809726,0.18416806979968015,10.117053850455317,0.018329035218868785,-0.04981857412749771,-0.007063085312956269,2.9770398577185095
8221.005792946688,0.5379420691045765,-0.15235931219514157,9.804060806620983,0.060762358940895225,-0.03249407795566207,0.0034935861389902476,2.9956901216479563
8357.00207058964,0.42801755742828324,0.0246863711221288,9.763317494543607,-0.013372351754467276,-0.0583927314097204,-0.030459923138330364,3.0101362727403025
8493.013202881117,0.5056041041814544,-0.06091903113314516,9.924157406913237,0.0075139421633020256,-0.039080109305966775,-0.0014652560115091915,2.989786379899618
8628.000545250145,0.4618710705899807,0.194222795694393,9.805696444737332,-0.017436520137551998,-0.06270120261062752,-0.031201200596829372,3.0245736024795886
8763.993257709875,0.47485882071850877,-0.01460033058372201,9.951799058688707,-0.009714802738360262,-0.061948508906745726,-0.007943869607090051,2.99502011808499
8899.996161813635,0.5491151452474055,-0.11295268488398875,10.107634395473912,-0.03531008779818752,-0.024499218037319057,0.028086792390847087,3.0112785246260607
9040.99401821266,0.47238904597695747,0.03661185537856889,9.779188845991856,0.0032831986083558086,-0.05170153996934603,0.012472791217396298,3.0007897063357025
9176.007058839517,0.5012660516227739,-0.39623684617165844,9.905224904360033,0.06487637142445363,-0.02802184608222296,0.0410268170103694,3.0068511985312667
9311.993711700314,0.4300526605625548,-0.2791539817216718,9.955782473027435,-0.006728465341956754,-0.026201727320385414,0.017871485284323464,3.003043657321314
9447.998431622322,0.4541572176164169,-0.07602959916276172,10.179633766787395,0.018781311784631532,-0.07878928456614157,0.041285021717933516,2.9973850520031204
9583.008153708606,0.4773528846062726,-0.3749256490497569,9.726000289386894,-0.017906463926029903,-0.07543418202608318,0.036208464828061525,3.0126390208066045
9719.010689456707,0.4402494071835476,-0.15244493313371316,9.717282434137806,0.047013318523081604,-0.020175292969292227,0.01043086564908815,2.9949117842015696
9855.003477035118,0.5900080953475619,-0.027424951283068218,10.114455570850879,0.015588100327672277,-0.08287945229727246,0.027504619307348863,2.980085899369403
9991.009142940033,0.5770635044934824,-0.06702975056344834,10.10485129490974,-0.01317557043312785,-0.05530804499760613,-0.03348327694954279,2.9910632816005087
10125.999859001491,0.45053431420664186,-0.057830269338990846,9.766137207850983,-0.01625933028276376,-0.08681236089000975,0.03467012978986644,3.0136622365886456
10266.996887852361,0.5836566284548794,-0.27945952427124837,9.751317079987555,0.004623486180161897,-0.06511113004065841,0.029288493981186443,3.009187648202494
10402.993588869034,0.5747470925351641,-0.2894127464908792,9.929389882661985,-0.03140961477095806,-0.05134482488894274,0.01296201283644293,2.9975528993022813
10538.998588594008,0.5422839772672305,-0.38023268782907427,10.070608291062554,-0.04230366960611142,-0.03254591243994383,-0.01751913739730324,3.0011689235991423
10673.979979332962,0.532869714918453,-0.2396542104176286,9.968259680151585,0.015261131766627831,-0.022931215550448896,0.0030290627737426757,2.9843500414962403
10810.011064608205,0.5280121504860017,-0.15278203039844496,9.937825406729607,0.024102152967811336,-0.005242777817750475,-0.03735053858982963,3.0075163964782266
10946.003404227664,0.4940703549456843,-0.1992460223384407,9.88180378080183,-0.0030334524841292582,-0.0516313184510678,-0.017889425685800125,2.9820417143223263
11082.002922976008,0.537551499159513,-0.08391050986871199,10.084471743066189,0.026099605193265023,-0.027583126373195484,0.020020205846083387,2.9886072619683404
11216.996871525387,0.4753557930345735,-0.448535929479439,9.889168840768361,0.038047875626603576,-0.061420267344130954,0.02614145937394072,3.009679799665494
11357.99644256689,0.6028876927914134,-0.20073667529892766,10.000526896066539,0.04872518064644306,-0.056554016379959604,-0.002581256118077268,2.993659080813602
11493.99723586791,0.5913899085061614,-0.10890764830544747,10.00026769417526,0.028322653634469935,-0.05645167079267276,-0.007341464439740235,3.003577932146396
11628.985069042976,0.5818995297715344,-0.02076369721172734,9.806543869113545,0.03687014896430186,-0.041695165065755636,-0.011345929315885878,3.015669891484453
11765.005570296827,0.5660689793757299,-0.1814825317667485,10.030143700420128,0.008534771937802837,-0.04876918972649511,0.01657060012877664,2.994935456128433
11901.010915689654,0.597703720170573,-0.28457491974618443,10.144929899711032,-0.006366805984066587,-0.04050015676813838,-0.023631326478400713,3.0009938729673977
12037.00880950083,0.5130036607936809,-0.27869849443018063,9.929908012075844,0.0007183701432307516,-0.028727067886186744,-0.01159228474500815,3.003691857971928
12171.990899670669,0.5277906631868181,-0.41963741010745514,9.921597898517447,0.013166585978323713,-0.03328734548736496,0.011571507077601411,2.9936493783856672
12308.001706705702,0.5142319158530272,-0.3375181103817231,9.871194722160965,0.014096310211231098,-0.049990645708578314,-0.0016078252393749186,2.982481805413646
12443.991952604152,0.5422327061141078,-0.327053663665559,9.81882190359478,0.022264805585954384,-0.06488700696953704,-0.011145215285785477,3.011498748674654
12585.012387821478,0.5904985028407203,-0.114554676150579,9.679622160359253,0.023822962918531317,-0.09253759546109196,-0.020309676267105784,3.0235033392976227
12721.006247266598,0.5988134067265872,-0.3133507520781901,10.191951165822676,0.051589680968231216,-0.04684884606113485,0.020584867910246475,3.0172945212762574
12856.988597199399,0.5762681572108277,-0.2683763480374312,9.946649810549111,0.012580383379321903,-0.029583989842468697,-0.007608040055483388,2.9954166710416503
12993.005789628198,0.49377064376701263,-0.5550185315124797,9.86487053871325,-0.012274748818637061,-0.03921009167187281,-0.004276019258305193,3.0053081011915244
13128.005059165871,0.5590303337479289,-0.3937629465218055,9.828562124520971,0.02345452707570378,-0.009714863183132355,-0.0025391125983699973,2.992220661069083
13264.006536768002,0.457388630463216,-0.20433067155017817,9.682320400547638,-0.011986848918427896,-0.10337939957977102,0.022405498611501765,3.00600308710291
13399.993510321574,0.56704712272705,-0.6029231493809087,10.12494984698099,-0.0057009625723435965,-0.04256678271103657,0.01344138897151447,2.9979235627529373
13535.987263652936,0.5548440410354566,-0.5825151744168517,9.962852444877525,0.027836436485671537,-0.054055234077948294,-0.011651927279495796,2.988000191821138
13675.992041072324,0.5550841347596127,0.12868481926447126,9.892348152038446,0.030493866285189835,-0.039343001781027793,-0.06481324161147442,2.9949592761838932
13813.006283402643,0.5372755163727488,-0.3593573206726737,10.043580972565008,0.04298145702089792,-0.027333903764887497,-0.036663065903156156,2.9975175667632583
13949.01021639538,0.5753953400108686,-0.3298693023815676,9.947527570606903,0.02117696237013889,-0.07134023084184025,0.007671638329132726,3.0001040237192154
14083.990506859098,0.6586844276173937,-0.3865622635360301,9.712791046798783,0.022763974354649528,-0.05205581788132462,-0.018756612053095284,2.985758961781519
14219.993186914162,0.5729287092207545,-0.0835387478763212,9.968428944318147,-0.03566810515756793,-0.06215170649577582,0.02536757698881258,2.9952268021102824
14356.009694479411,0.5961400869630588,-0.40266709388015914,9.899669245293579,-0.004126990289649479,0.0035494319270354758,-0.005520019941553639,2.992286220756577
14492.01508382095,0.5873532938377826,-0.5288028303370144,9.814312217884186,0.026938960528698187,-0.011239075143962197,-0.017353016124892512,3.0131166938496396
14627.014892870744,0.5874682482834548,-0.32914075800880227,9.929340976665825,-0.03534631722510851,-0.03265573746276175,-0.020854406683809307,2.998069756877828
14762.99600838567,0.5044762316286057,-0.025202722315711586,10.120837000841059,0.00791646924462058,-0.04153163382421846,-0.014986058380646773,2.992043802074567
14903.997157645692,0.5437855617137768,-0.5822475559448074,10.089910257628981,0.05187314387949782,-0.11324461160793697,-0.007604272764151892,3.0072810780387997
15040.00086429425,0.5781828624440738,-0.5484725936870548,9.522502600063966,0.03694039171415024,-0.10268567090937245,-0.001811653155429165,2.998752386126224
15175.007582555512,0.5738989712833368,-0.3723287782336624,9.721406249145483,0.007156147410308825,-0.04733565204312986,-0.027070435858602696,2.9881906098995716
15310.984137640433,0.5970039985604738,-0.283739283251008,9.861275522828258,0.008213826886810247,-0.0563510644715448,-0.019238195200081736,2.9964086519558784
15446.993875746879,0.6023154485858215,-0.28526412863859013,9.925127136480162,-0.001502472168267826,-0.03915243745381265,-0.0075630945876403914,3.001389390954364
15582.996386256269,0.5837882798389595,-0.5386151209380851,9.951439977153623,0.019694756079368724,-0.032320482650617384,0.014197765021179618,3.0138050535977934
15718.006007542797,0.5308803844815883,-0.4377954957105597,9.586800253028725,0.03278608128921811,-0.03905678346719825,0.003743111020835704,2.979344672756161
15854.005844935598,0.5792467998864361,-0.4464095664362653,9.951956232685236,0.0037286201914497573,-0.029205318953314394,-0.01347447073346991,2.9978050302182715
15995.009705823633,0.6590050483429204,-0.6956164262570967,9.91123336610934,0.0011840078725113888,-0.05561400116428076,0.007985244048753865,2.996474671786403
16130.004267947765,0.5138114645880428,-0.3855352524534995,9.877652517145629,0.02384853893056305,-0.06033430898968896,-0.007213077066820552,2.9873782501040753
16266.016731350734,0.5743057073289525,-0.3593831322532327,9.985076864790297,-0.016522345680621057,-0.09513062996559714,-0.021428846399585245,3.0110484627759826
16401.99967760281,0.6480858372152092,-0.6885095701312296,9.912209608730365,0.002073744488458244,-0.060484669353347106,-0.001632720883797953,3.00591516781526
16538.002337736994,0.663510166910434,-0.527496387111096,9.90803178402485,0.016577637841040355,-0.055352348520292576,-0.03642058847713134,3.0242952292174743
16673.004198749746,0.6071718347185558,-0.43245249018433235,9.887508095199204,0.014619743102381717,-0.023547921611050494,0.0009299715567838695,3.030624707417004
16808.989273264382,0.6574697856679621,-0.24129941818559508,9.919515628755944,0.03250196478109146,-0.040885540892453436,-0.016453863206779305,2.990295289619096
16945.0124098577,0.6242841890164387,-0.3862772154911081,9.758286594755127,0.02606484065058299,-0.06241667666304252,0.010317347967731056,2.9911075130629006
17080.994232165416,0.6731588961503034,-0.49910642325368715,10.000782935229976,-0.024729966506514916,-0.08354749253609199,0.026062654837755873,3.0032357759869996
17220.98767100583,0.7032699165431194,-0.5133358021286663,10.084839522056427,-0.008520524357735475,-0.05668648111522055,0.0012311151880835267,2.9800706293739028
17357.00075537065,0.6209868642240411,-0.3885856634157278,9.734904372229746,-0.00729764545541601,-0.05736008147549557,0.010922809388567196,2.9979387341657295
17493.018500382674,0.6275904900962089,-0.551272372397139,10.047967847487344,-0.015251685054886001,-0.043826329973826364,0.005007419121660872,2.987953417922521
17627.984809701295,0.6642846209339865,-0.37855041798760714,9.780137797531758,0.02852068606355002,-0.0706493632983055,-0.007843615969782228,3.000996122391229
17763.991502757744,0.6559440907183345,-0.35912369804197464,9.828142605442423,0.0176928800792114,-0.021243798953282024,-0.016807211990926038,3.0102312475797177
17900.021077790254,0.6613209194028604,-0.582515217172954,9.942090369089588,0.01999278309379254,-0.05443968573802923,0.024508689179097074,3.0126554370475116
18035.990053048045,0.6382650682918838,-0.5264338225604182,9.644049698508592,-0.02117328014710915,-0.05719814347283581,-0.034165126674745215,3.013459573402678
18170.99567501171,0.5877679128337013,-0.5282191405012703,9.811968324758652,-0.02128435971407752,-0.06484212911850856,-0.015398868586378404,3.0040210009350115
18312.01900521136,0.639129094728931,-0.3844358562583846,9.891684941233258,0.022882292962362577,-0.02313505414543908,0.009604980163459334,2.9904906655641663
18447.99325272146,0.653078271050188,-0.3881603918424825,9.903674614920416,0.03425426991581651,-0.03258710708985376,-9.305428681681625e-05,2.9952349977080717
18582.991970258023,0.7253617950049114,-0.5118471410865831,9.986402204846822,0.016755223088088644,-0.018406326709630813,0.022207765828404637,2.9961240658575337
18719.01749502553,0.6801667993201866,-0.5116298748249855,9.936007754662478,0.007081250233061152,-0.036890241224836536,0.012280511791346335,3.0243224192158
18854.987169722375,0.6895244015817223,-0.6243751122602873,9.829547667251036,-0.00039279465937659664,-0.040350228517088915,0.010159682002676683,3.0114575494795623
18997.99536376006,0.692681323415423,-0.734452238835335,9.945430291643287,-0.05851730658725735,-0.046745145719469215,0.010221426590338874,3.013068077680074
19133.001834047638,0.6886074029981636,-0.6162867062587329,9.926553458918052,0.038791944010119955,-0.05891468063278957,-0.014203664077610945,2.9820981491415317
19269.00372520497,0.7196861397534939,-0.5357931238566898,10.080442787567215,0.02202648941297017,-0.038503714387927566,0.004261170022724285,2.9971428068596246
19410.993001072784,0.7384098603750732,-0.6016663330333444,9.86841945937674,-0.004188830168279274,-0.05710628286207105,-0.015716154134816238,3.001131977044727
19551.005386734454,0.7078036615325926,-0.5690258747511017,10.190186915313403,0.04511015952207957,-0.012122876966463317,-0.02299351769647725,2.9929870709847455
19687.00360908515,0.7169764244238618,-0.6414848798763175,9.874699872669208,0.005530741262993726,-0.05558548126262933,0.014668900939474037,3.0090644950098877
19823.00145092824,0.7213711252303415,-0.592718801246197,9.726120615711913,-0.009553116351025516,-0.03906976693838927,-0.006399620351481237,3.00756756982285
19957.9965696165,0.7418540158662706,-0.7479447086428532,9.882735841935386,0.0158270716019613,-0.041343290511269275,-0.006732912573768245,2.9944063456736796
20093.994030990092,0.7320454582410272,-0.45918462353564937,9.841245553163274,0.012626936069949744,-0.0355871919335431,-0.029724046934401227,3.001910880822427
20229.982906382742,0.6977025438789772,-0.5139787902813001,10.049078891701823,0.005082177063968545,-0.05179675939364338,-0.018976055085716453,2.9957279632700864
20365.99426639332,0.7399023757857439,-0.49644583634442996,9.849297925539434,0.005817030313082766,-0.08155623397063688,0.016397643970235923,2.9891775099905398
20500.981480054375,0.7036573338343409,-0.7282882267293332,9.850483030305341,0.03859337685339963,-0.035433896159186455,-0.010974085608654151,2.998782418051835
20643.018411760782,0.7393757748909313,-0.5254134197431741,10.133155104988967,0.008160228987505054,-0.05763011858656533,0.002040308644796137,3.002834592496717
20779.00130402671,0.769596317186248,-0.6187445472688586,9.810234017101724,0.014695910720224739,-0.0646202413650204,0.0034454197483052267,2.99139190606104
20914.994960585944,0.7189634017880373,-0.7630902170730215,9.878190421003389,-0.0007242638504792107,-0.03334891669980231,-0.013404996308921134,2.99520840242114
21049.993223284328,0.7078950010920552,-1.5983288031558238,8.775233335925446,-0.09217458798837558,-0.2723596230606112,0.0711311229250724,2.996448806754077
21186.000319978775,0.8610614353230142,-0.684286976977649,9.842592293351597,0.0042033721242393605,-0.04474419268314298,-0.003547189061299011,2.9987583332402963
21321.989454288654,0.8320819278899284,-0.558862121604135,9.829945355900652,-0.0017061193217921525,-0.0529983422893551,0.0016970567245534907,2.993167268545816
21458.012340918536,0.7779652562060634,-0.8141862685825092,9.893569690654306,0.020139205682620332,-0.025769915152039715,0.005404713445672127,3.0039634027214213
21592.98976926042,0.7475308950631674,-0.9639839771262874,9.874047204656739,0.00029873686316563843,-0.05693555642623484,-0.006240940952233521,3.005349079640267
21728.994474723408,0.7035876317132053,-0.440480860526928,9.552786599307488,0.0018700718275492612,-0.05848810518390538,-0.02889052815508052,2.9981013291981515
21886.0162374957,0.7981906008814512,-0.6508337038643424,9.839726236517722,0.015663108608886547,-0.06919960906435725,-0.006887075215464645,3.0078186975896375
22025.996516842337,0.7452451153284682,-0.5503409076343638,9.69122971724611,0.03868958171087007,-0.03603445945468356,-0.009403918598471138,3.0115421475938584
22165.997449518083,0.8513887018758561,-0.8064959601866916,10.12943134308856,0.03466444955568643,-0.03242727396470677,0.015368170902522349,2.9877170729508005
22304.984574663307,0.7866120971121439,-0.663382239560891,9.70072295066599,0.03859866493422431,-0.057438498584997846,0.0024336041710563347,2.9963278063449374
22445.010708794656,0.8398136924092334,-0.582985591334582,9.61373116005804,0.01782338916681527,-0.04520012333506324,0.005490680609202505,3.005275368349
22584.005858716224,0.8471584487274026,-0.6505369414853642,9.656153955832616,0.011822449464689,-0.03015897179856649,0.00932631039477255,2.9960540438748384
22723.985059004997,0.8644467539916394,-0.7057356331265705,9.930601351630042,0.004138650240360968,-0.038077272838842,-0.007837788416722004,2.993687922037892
22864.004231750598,0.870188748961658,-0.6948734977727257,9.791456503448378,-0.04420361671662911,-0.06199630250491848,-0.014320494597988441,2.998536488553396
23008.99263763216,0.8617621051617126,-0.5682498080831972,9.80721533066568,0.01541584200949636,-0.04642013990876726,0.0003689678262673339,3.0105668097644447
23149.006717883585,0.7755158585873843,-0.7742993886400692,9.753546973459638,-0.02744452201438151,-0.0603509560708652,0.015336782007920716,3.003861055815032
23288.98934694894,0.869807831962561,-0.8484387143919347,9.889475940056146,-0.00197285187872899,-0.0759730692717633,-0.0007689974027419952,2.9974218366217773
23427.992840845487,0.8407953195359984,-0.4644996431909282,9.70637230004775,-0.007589424730971094,-0.09219155491600878,-0.050683907221287974,2.98997606467701
23567.995370421362,0.9063849664175483,-0.6931773798389315,9.880472126051355,0.0037128662110074576,-0.04824027847654016,-0.003927001717408446,2.99039440313852
23707.98231502691,0.9726379259676974,-0.6992553851617239,9.85837320895656,0.04325280013346102,-0.04303175773179291,0.006757394000035871,2.9992465904871835
23846.99901559264,0.9144998390873738,-0.3620759200223029,9.636700545488383,0.06653634682006389,0.002994470762803735,-0.026981517735298246,3.006492705648455
23987.00808034637,0.8478767614724946,-0.6242257573319073,9.815291171521839,0.008171787700167523,-0.02972290363561713,-0.04076019875876609,3.009361934242804
24126.009820317744,0.9660447307404587,-0.7291600075300609,9.785490818109084,0.015465606223500345,-0.07674990680682464,0.0023888057184206944,2.996504154414977
24272.01432780146,0.9579057910714072,-0.6869479369921376,9.766979977540482,0.0013400798934520392,-0.04950718470532634,-0.006636879649238325,2.9911953781429936
24411.989310116976,0.9253259539512813,-0.5584453214850406,9.795917618827456,-0.009911362930657409,-0.016209485080688077,-0.03646110112432516,2.9846827677532017
24550.990499304058,0.8537692885343454,-0.3311014542370621,9.862934451999246,0.025240582570161475,-0.0654341175287648,-0.021488135713568387,2.9878008046450697
24690.998948183646,0.8937079685161711,-0.7136859986366436,9.704842982307538,0.025458422621126645,-0.037476134616832885,0.019319323642985452,3.003576271846495
24830.986725973078,0.8222690793078994,-0.5047696101484187,9.611400283278066,0.04000329937815263,-0.04845131522979573,-0.006966822918697743,3.009940254744497
24970.002093729283,0.9521844236849103,-0.5273525993355077,9.890337346030371,-0.012815141934811909,-0.060985463124120655,-0.011071189642562942,3.0020745242258635
25109.99328996932,0.9150758711244404,-0.6138894081938171,9.886446875915313,0.00704695693521945,-0.057415868370920074,-0.003189765874098478,3.005459390300364
25250.01309288938,0.9825709391368846,-0.7241655203558439,9.99968665745087,0.020806063756431795,-0.032763280346134425,-0.011628754090556028,2.9882223655817546
25393.96676835333,0.8833117970200821,-0.5558392414847572,9.591192503725233,0.007957117767251533,-0.0273928551285667,0.0011265299944513201,3.0193393586017767
25533.989412859424,0.93289113059645,-0.6673697515148528,9.745507288854753,0.03163678341820991,-0.06721604068744663,-0.0049148170861829715,3.001419759505202
25672.993112728844,0.9572366274250464,-0.7368334167181922,9.900525593170595,0.0247578012893185,-0.053398501238631144,0.005450943228738688,2.993175352424399
25813.00943419324,0.9503722648852759,-0.5285434990157372,10.113554317907221,0.034070431797431494,-0.016320159655109853,0.006585341615118327,3.008682958485625
25952.99284159372,0.9541069320900599,-0.40263269859889717,10.004450324437913,0.011175202847891572,-0.006501957173398228,-0.006782576989215254,3.026615287428672
26091.989427135435,0.9419868007119304,-0.6325785228258588,10.051923518524118,0.010901360627643868,-0.04212683910552365,-0.01587334746538268,2.98156588078632
26231.996714586403,0.9631281117273076,-0.6322398802690236,10.005384571573417,0.0067510828806886395,-0.0522263742170567,0.015911249670947536,3.003768005564251
26372.00273219258,0.9636442640647982,-0.6498720854316761,9.900843277808551,0.03160161230831795,-0.029662717062390792,-0.012605916745006496,2.9934108954775067
26511.008479280477,0.9877153331032699,-0.631846408825536,9.792333424242413,-0.002164940648830449,-0.04560759042750726,-0.023818046194993742,3.0108188536609726
26656.002017650913,0.9334325262658917,-0.5964500167135734,9.906509392651099,0.007595616512583777,-0.024943891707907437,-0.007031210339561387,2.991947171162856
26795.000416200866,0.9460623417916482,-0.7095592444482304,9.896329283183018,-0.010665020541734956,-0.04634910698363728,0.01024007492133907,2.9997606102701115
26935.00181128766,0.988426086611095,-0.7566321092017749,9.687454374733852,0.021070186452479538,-0.05661307736297769,0.0019391696322763495,2.9834214770918557
27075.00858828564,0.9613380283563518,-0.6959797207111835,9.934670110599289,0.01253810583251181,-0.01355058067966579,0.007685895694507981,2.9884188985165876
27213.99011325778,0.9165208093710672,-0.7824639850270003,9.709287169582577,0.01179147220965087,-0.05156460869749416,0.020162035319169245,3.0047859514915096
27354.010690033665,0.9410238100671583,-0.6674254830900707,9.703128401863978,-0.0012520978683604534,-0.05096034458504779,0.00220140390427163,3.0158328072748732
27493.99643922433,0.9355376341625439,-0.8527672034499684,9.903676668740225,-0.0029126253331185252,-0.022272051830977524,-0.0023159893943102373,3.005618256089875
27633.003126693602,0.9630775221574205,-0.510562438844837,9.82591188144518,0.04224818971152805,-0.06415753272846769,-0.012495693948297828,3.0070581950683017
27778.98970148332,0.9075323935808898,-0.6502959970283672,9.887490214105256,0.024251042304158244,-0.02482490949093414,0.002508207851206579,2.992154053409963
27918.015759563925,0.9491176395764376,-0.8093235313199506,9.948647657722816,0.031879263541294306,-0.0156541836858875,0.005568711455273838,3.005293000388917
28057.992494394155,0.8653321741686023,-0.7082876281480747,9.769573850179961,0.027525018838706634,-0.06760029088694292,-0.013061571150474943,3.0029273946650634
28198.00080270811,0.9829491033871246,-0.5274601561337848,10.001444941921628,0.019423642313593222,-0.07952148489992428,-0.012786070386283384,2.990059492955645
28337.010065884937,0.9972490646852958,-0.6091276606194156,10.022397607660901,0.021808472323160775,-0.03230606677658263,-0.023546358470914137,3.023455212533152
28476.996855060417,0.9500003855306816,-0.5538678125515566,9.893068419800716,0.019458986953050636,-0.04566966470184422,-0.032225575744212274,2.998063688134906
28617.013538634383,0.9124127125753285,-0.6272194932989889,9.885691265770816,0.00017810433714733696,-0.037411813680815836,-0.0246342420436105,2.9851409384824565
28755.993692367298,0.8839042794395744,-0.6895605560752361,9.936102991312783,0.018601767463427007,-0.05084470844810036,-0.0040439050738652945,3.001518460837053
28896.00155051299,0.8467545547675337,-0.652687679403127,9.963853173993662,0.032109971519009364,-0.019105192478176,0.01996451887312283,2.9939792489008474
29041.00731103995,0.8154601945648016,-0.7022772641449788,9.769025878791206,-0.03978930362038809,-0.07737108563093945,0.001306376004863258,2.99089192041809
29181.0286049721,0.8504631790092322,-0.6497622036700115,9.863887765042373,0.010392844812907124,-0.04663544171175728,0.009215564274435225,3.000173279474329
29321.008816106536,0.8573299477701147,-0.5832644895686235,9.915115068190405,-0.00827896194053013,-0.08850467441251632,0.012006682131607452,2.996447560884672
29459.98969837921,0.9094966301464738,-0.7047881570358334,9.751301986961165,0.0271492026740672,-0.05429824256758851,-0.005892791532777163,3.006608786930069
29599.993353253507,0.9211426280841868,-0.6355611741473731,9.706924455275942,0.012311601011962745,-0.05122996886430429,0.00465365187302963,3.0007448836549866
29740.003251682112,0.8941845318959327,-0.7199270712993607,9.974669806858035,-0.0007364224156620137,-0.028488843406268845,0.022206514208988035,3.001929553348877
29878.990171885627,0.8965470284597725,-0.6956408603639628,10.042104983158652,0.015980388021800275,-0.016556818743101966,0.0011420846937100328,2.995266784133431
30019.002207144058,0.925577420849329,-0.7333009193355109,10.066592824410073,-0.07268390690546336,-0.07305124125379724,-0.017637130418938576,2.995648411764336
30164.01617350819,0.8692767092852572,-0.6094100597324908,9.76717332770839,0.024944492089317687,-0.016070178873836567,0.03599048489888086,2.998039591489234
30302.99618743212,0.9207998585186556,-0.6341087264255462,9.905623776950854,0.03370540363256986,-0.060820595559250006,0.005552003667498703,3.009510060375662
30442.982863225825,0.9085028865494766,-0.7625070050235251,9.94803226386056,-0.0012062764051878631,-0.00899012726143709,0.006816801849290462,3.016886071191379
30583.01144505269,0.8014747556158748,-0.5501895906615826,10.005866558877457,0.04767573306229477,-0.004735497022306367,-0.01905173468904783,3.000793174926639
30721.997305461628,0.8440994977224269,-0.9442432574573631,9.770463756713678,0.06866693148591246,-0.09589590055328193,0.02435222922425526,2.9918519074631833
30861.984932724616,0.974621763351112,-0.3267086448003777,9.762711954809166,0.02232887302027979,-0.036132107870480254,-0.008853448319535669,2.997950331354297
31000.983245596304,0.8830174421671927,-0.682247563168713,9.853808454053759,0.0157445236872318,-0.05326824961493498,0.029600926411276346,3.004569468796251
31141.011190911744,0.8356051737252579,-0.4451424931658966,9.835102512876231,0.004012085587878172,-0.03778218377564106,0.0011248832054479184,2.997342175034253
31281.00032318248,0.8700816554480124,-0.6323665506873362,9.886563549032635,-0.007433110867275295,-0.07101879757844387,0.009904174858203794,2.979131750091062
31425.985543135652,0.8082061094134265,-0.7156253617819457,9.741007627189173,-0.039310887270472356,-0.05983067787500918,0.03570720760455888,3.00080079320516
31565.991707408313,0.8078392541681132,-0.485270155876967,9.682860991362537,0.037641868490914436,-0.0673488912494864,0.017375737792274658,3.000306852801836
31706.008538505983,0.8292054189368935,-0.4687853018056441,9.672210854894239,0.038917977641613824,-0.058373920954766886,0.020262773227285338,2.997038724499999
31844.9792759192,0.931862102637187,-0.5073049781749304,9.695047013775126,0.023426550690126696,-0.027461322036572703,-0.02976825655675065,3.0024252021681788
31984.996292086806,0.8234214480104084,-0.4896168796212306,9.442346075333798,-0.0035436713911376396,-0.06518991375140455,-0.05027729689789635,3.005597816694548
32125.008279284815,0.894428731542675,-0.5775146470857965,9.792334502738042,0.0032042793854710813,-0.007629214351124086,0.07869112373772942,2.992053949815093
32264.003617075392,0.7000909343058747,-0.8356510564492943,10.223147337191076,0.018900222238805386,-0.04886472919245929,0.03853017993384463,3.00769450251872
32404.02006470507,0.6806075814322137,-0.48164133630157846,9.901569534277291,0.04492256471410716,-0.0909126187587626,-0.019220956066936804,2.998183675339817
32543.000503679075,0.8200459496684555,-0.553183235488117,9.483520293114205,0.03305157905820436,-0.10877997740832897,-0.0027600692409662135,2.992953374606818
32687.99391641063,0.9121605031777288,-0.6498835669073841,10.000544036896871,0.04645783919187118,-0.007329971119069395,0.0032205807019442378,3.0069244151416576
32828.00612987584,0.8950384265433492,-0.26983556336384135,10.24115029885445,-0.015485927404814198,-0.08027547581051024,-0.001999790437940974,3.0101636463424577
32966.99321182058,0.8625974946829276,-0.2960927932086101,9.731759688298348,0.037847435002868406,-0.024772551042446286,0.04495529713798499,3.007356915748949
33107.0191789367,0.885580226925621,-0.6470563053947364,9.9016448957704,-0.02509509479648776,-0.051419799492101355,0.029739185559270468,2.9903427355331793
2738.997662085427,9.702691939902937,0.8737971128314552,0.3254075737345223,0.023622147876048653,-0.04444158246399464,0.03803377960585905,4.001354740670461
2874.997215108856,9.668595908408207,1.08025694730745,0.6539261537040717,0.0030265710137268283,-0.017193199510175443,0.01301349406056852,3.996291562924694
3011.985711592773,9.774264177998983,1.0251931643597982,0.5159233577089731,-0.02783603636901705,-0.0334349436640932,-0.0093529366273077,3.9941752983705503
3149.004987622385,9.680179757772216,0.7197126825798629,0.5309012143210948,0.015610766761721599,-0.018967943794703224,-0.0007491380994721065,4.017605777290861
3286.0044707213633,9.668886529079176,0.7971183529520081,0.5694423513792224,0.03754979533114951,-0.010323733384895239,-0.013631420813394385,3.999740639520302
3421.9909925595457,9.63401765082026,0.7880290522113536,0.584070718555935,0.017463903812655408,-0.027873692658177195,-0.011807198036813554,4.001329546987293
3559.0097305138975,9.690484978216166,0.9411331927453359,0.5986473456532565,0.03678048820166591,-0.06222718403194384,0.026106888464455375,3.9795108342268253
3696.004297632759,9.697077758380859,0.9476603639346666,0.6167698407641848,0.02049263386627407,-0.04739440779321972,0.0008238489530781009,3.9920636724986593
3839.007485147678,9.740767297566585,0.9507067449532174,0.7735851420680547,0.021117447766764785,-0.0325747842361519,-0.001358413603610319,3.9964055230664766
3975.9967593240763,9.703808666409861,0.9068269675458646,0.6953637897234435,-0.008706698372762578,-0.013313866850273848,0.012128033874762459,3.9906942596598847
4113.999093370894,9.659554721648062,0.9398934232629729,0.5882138015382601,0.004577527458963479,-0.0364168280291277,-0.003654276112329698,3.9760775337504075
4250.009882766077,9.685694116463367,0.8568524792646953,0.6952860020081084,0.010044070118667432,-0.027342113758162055,0.015847345278245238,3.991655570304653
4386.997520573083,9.664584978527014,0.79031996027823,0.6091431688266509,0.03199628825861548,-0.041208097299662606,0.020673094220520334,3.9953927122585338
4524.013735652508,9.701359887805506,0.8502144257813504,0.6797462757256957,0.03386242050090827,-0.04904114270765336,0.004486377541568005,3.9986330284584364
4660.018924890305,9.749244078425425,0.9181472812100654,0.7976376932403108,0.00742663569220531,-0.03614071331608672,0.004100717148263984,3.993663606173036
4795.004612313579,9.713991031319773,0.7918295047220264,0.7947599765900462,0.016181459462137643,-0.01903716253198043,-0.010574235210112902,3.9987841519838496
4930.998600808647,9.679850036326258,0.7904520528900383,0.7547909386757473,0.01955416628946312,-0.05073271130755463,0.0036032170785284564,3.991478139782329
5067.00585567443,9.688724299222399,0.7613152774619801,0.792184682960762,0.00824948832992309,-0.04032871497905449,-0.016705042672721968,3.9968985226175358
5199.015389412699,9.698303475668764,0.7728516628975506,0.6134903314649355,-0.0016629956153474885,-0.052071796460975074,-0.015187394144062574,3.983276945859592
5334.00043613447,9.67358185794955,0.7947507648263079,0.540340201305455,0.013769445494752194,-0.03965819577120656,0.004156243958053422,3.995611108796801
5470.001216415469,9.69046617093297,0.8583982720334602,0.7526225496984806,0.025721027384472194,-0.03079691314645234,-0.015171700699254036,4.002394719824167
5606.00477756977,9.731890094259702,0.9412065881458785,0.7521754322876668,0.021681236855570208,-0.04932744532405731,-0.019571311095133905,4.027206826382336
5742.000231770729,9.729952150925824,0.8978683158992947,0.7058630846083253,0.012444072491284385,-0.02083730029612034,-0.018522225149521697,4.031350596871095
5876.98374433452,9.688382881689714,0.8126621996294509,0.6509825261847187,0.020009184580988763,-0.025695032745671108,-0.019174713266845247,3.9997044781929616
6012.992035884814,9.639664378781667,0.7378745522292678,0.6826828469379141,0.03137136454404056,-0.056723319041205665,0.006378022799492932,4.009499646336323
6148.995542161416,9.790663298559602,0.7925314998618883,0.7759095537059181,0.051311954677442366,-0.0978080771935869,0.0011112768314029782,4.005594297801991
6284.994158536244,9.688747874244793,0.7947515942967065,0.8352901377742417,0.04346073484555017,-0.044269383574284844,-0.011975623145902888,4.002093608244212
6425.992943854296,9.694787186293798,0.9604438297417905,0.6792469945826999,0.002447924194612391,0.01967819630301451,-0.011615008856781192,3.996119313101038
6562.008914246322,9.588276409895474,0.711497886987943,0.5611725578304266,0.013754325746056445,-0.02803503812881009,-0.022647720026374524,3.9890581892316304
6697.993262417802,9.80144785789795,0.7362083732914607,0.7368454052162877,-0.013366630659780186,-0.023222475793159406,0.005980354208767846,4.006623313902531
6832.98634981034,9.652414043881112,0.7997887943153584,0.7993671701702593,-0.01508622384539255,-0.050910922922216384,0.029967227431955172,4.0113931606137925
6968.992843861804,9.699308499631034,0.8494273537944632,0.6426235877163963,-0.013079761363287994,-0.05022775630254024,0.004495226825738789,3.9929017627246863
7104.992864582023,9.700371188669813,0.6927620067068491,0.8727933956273006,0.029796631935689117,-0.04159591318798401,0.013697018208905497,4.000484647386463
7240.982858908363,9.711558344371126,0.8123467889066963,0.823116601294714,0.016991310357615058,-0.03563134316898866,-0.016971630735810667,3.9842486406381687
7375.985218775198,9.696399049070578,0.8619952664443956,0.8907081900318351,-0.005561354583595715,-0.03945817237229404,-0.0009256526764423117,3.9989660670237135
7512.0101452303,9.719923289780832,0.8498564869814401,0.8616342261536741,-0.004783595099471405,-0.02228954855753303,0.01008811817992,4.013666006288032
7653.002491709907,9.739427983366921,0.8656565175922103,0.8425142960704025,4.744566195233366e-05,-0.035717235749427485,-0.015141539717195191,3.9994015818279083
7788.9908147964,9.682071372425291,0.7865869853271958,0.7852406025443078,-0.013785860061349013,-0.04034044898109119,-0.005887536626501461,3.9943735381901395
7924.0145356614485,9.671563622010112,0.748368798842744,0.765635308822092,0.02435733895854974,-0.05034497918277681,-0.018308553068299628,3.996354645565361
8060.009111986894,9.721841067563554,0.9016647285387833,0.8681098153922615,0.026293993413612382,-0.026873230579422987,-0.028846331210399565,3.9986741084208752
8195.9813723141,9.724101425133329,0.8033745600478901,0.9534844861861836,-0.007355965672546191,-0.037732897816066265,-0.002537908660136894,4.004163103204146
8331.985282515197,9.715577188616772,0.8112667185253329,0.7988717683503114,0.011937274244325825,-0.03395863107624649,0.020837041233684246,4.015959440093729
8467.012626965996,9.68337097430048,0.7209059567463848,0.7494830469602849,0.029304681851931413,-0.07137511751300567,0.02670503749101581,4.007991947330597
8603.002543616874,9.71582550670456,0.8009954283934608,0.9007746667470621,0.01983824947141342,-0.02589344482724156,0.013099181854055215,4.001411938234283
8738.998098966456,9.63606779169378,0.7084797518050976,0.7384372918124422,0.012718299420210874,-0.012691701440612041,-0.004199290976468202,3.995398245309288
8878.999985261768,9.63331284076558,0.761891732585545,0.8042094839117687,0.015881687302937462,-0.06165996339577965,-0.0076095467877472485,3.989916083909775
9014.988446521837,9.680739268482272,0.7993924965854765,0.8602022518948014,0.039169846647172615,-0.055406062710540015,-0.0026514857145031913,3.9896642727069294
9150.982703168429,9.70281307740573,0.8046970473571174,0.874208973259544,0.03802190892675289,-0.06017643006994653,-0.0044759300343225885,4.009081090357945
9287.000527119426,9.706163670420231,0.7674590781065406,0.8597569838518792,0.03185205136697681,-0.02980527503003193,0.01003507001913119,4.004623340934246
9421.997767035034,9.724425329466861,0.8327528366562287,0.9275526944317714,0.0065560202619021676,-0.05876106298956789,-0.016845553702639324,3.993178342802247
9557.997293184035,9.752865080465599,0.7875602844402734,0.9368990855912008,0.016052434006889094,-0.02166512970070323,-0.00965652137136923,4.008960069454722
9693.995197135064,9.770012859250848,0.8211685784121768,0.873673853908562,0.019605022330658497,-0.03252141098538976,0.010188574054413384,3.9874902995424564
9829.989307651584,9.659502538051584,0.6652505102940894,0.8649638696903954,0.015007145562673031,-0.045213455194646,0.018370181172200347,3.9926947819479977
9964.987808030926,9.679142079231406,0.7735562840853892,0.8978626679337056,0.006782807138803217,-0.021239344917207977,-0.022059065870071188,3.998929356835458
10105.998034741999,9.749962774432289,0.8655205186289547,0.9684121422715006,-0.0020775315200995195,-0.037676286802621535,-0.012302227494663346,4.013510581081114
10241.992918515356,9.676196732892148,0.8139724042241314,0.9680285562889632,0.005904861672246908,-0.033598205445413504,-0.023912049269452996,3.961231140019319
10376.990368032317,9.653221331021575,0.6748946456081393,0.6751274033579772,-0.001931467779486136,-0.059611440328352035,-0.029201506151397195,3.986692127394715
10513.014922804654,9.73833708792166,0.7074746136737502,0.9073221430465697,0.03575325545040779,-0.052145559436381446,0.0014502879970353186,3.9957364269791174
10649.010886580667,9.73180265976871,0.8502759134989177,0.960468612890965,0.011574053050800502,-0.020134713722413863,0.007706472373685062,3.9925514839253258
10784.998522840453,9.628392412483375,0.7317675597994402,0.9241329649601726,0.014066277064322829,-0.05539279316820945,-0.01991666134575322,3.98833880758258
10919.992070065964,9.719054338428897,0.8752723130477891,0.8344526868256453,0.027316006260987496,-0.045842479531561585,-0.027417073353003567,4.013387100845364
11056.009887440212,9.698253187648284,0.9212731125062634,0.8358759243093221,0.028503230301777066,-0.0917623433391166,-0.009099760672609113,3.9973228037061874
11197.009096473566,9.582467968028096,0.7268377800002257,0.9491831989032167,0.02641070841017613,-0.022280895726382366,-4.768194324780554e-05,3.998376633018987
11332.993839247261,9.738211120419068,0.9570652238888339,1.0222580025841406,0.0003827153317558648,-0.04098899648975032,-0.014646674871210923,3.9897953781206974
11467.988200359594,9.729441688392773,0.8855753594509429,0.9294787983915285,0.006876857760839785,-0.06424757529210538,0.006033700719776598,4.0089647084805895
11604.00307224262,9.625840523725495,0.695017045745788,0.8759100060384928,0.030165173453698558,-0.04683569732659649,0.0016660820565398736,4.003398172069697
11740.007441009726,9.67226240392196,0.9404203984580789,0.6852359420684948,0.03310765192176426,-0.07811629803305113,0.011042243186495512,4.007253554233664
11874.991787913747,9.521087654411996,0.6465153367737585,0.6626010080269087,0.05240879863378431,-0.06371371948901564,0.01479602698738866,4.008195252104088
12010.999102694605,9.670218769290338,0.720942665455073,0.8179554317276323,0.029780604595812093,-0.08873817304131494,0.010460390677899709,3.986767989708936
12147.015729806919,9.693784074656621,0.6859509565006251,1.0227181816189457,0.0011262916870877105,-0.06100026390251366,-0.018811773567831553,4.00210168518661
12282.98680380144,9.751315429914325,0.8744786124670255,0.9469455740502493,0.03625778503032427,-0.023917494448644,-0.018149022656891035,4.001685892370734
12422.995540728962,9.678014174167656,0.8874634881221205,0.8502754993161028,0.0073962424999840905,-0.001046982493506395,0.01784006260776044,3.980427599844483
12558.98423000293,9.556634497760497,0.5583158993136297,0.9228018198969842,0.020653502681835693,-0.0325457068050195,-0.019836164524151628,4.008999972022531
12694.983595040627,9.872699818030517,0.9848772788977213,0.8200483451670268,-0.009669694200497748,-0.04254397101537951,-0.012715565336158826,3.990800011224374
12830.992550497354,9.680561164379995,0.6916315262614935,0.9397853416572629,-0.0031878046652633885,0.006188166088392338,0.04503082913451358,4.011487500443198
12965.99394849825,9.644638258224516,0.7309141956227467,0.865858846397558,0.03242115571689215,-0.04648273922768769,-0.027882528171424822,3.989001248494481
13101.989633224675,9.70390863354896,0.8593513157875889,0.9486328943567247,0.0469980772903829,-0.040588855663770344,-0.02939082577792197,3.993607492438995
13238.004065295117,9.684569930632657,0.8227114434544168,0.9960600073160087,0.012073633614914219,-0.052669166250988504,-0.007460259087015075,4.0027118035686975
13373.993399827468,9.683647413428952,0.8329593499296074,1.0189233114414353,0.021450799785949635,-0.04098065696335725,0.017475801421574805,3.994490999665493
13509.001490279425,9.625021131087975,0.9838453602669247,0.5422278499829098,0.2521126171899238,-0.09046830989002239,-0.019545692773229963,4.011945429478146
13649.996229404267,9.662001521189111,0.7790408356037667,0.8788307553149056,0.028626296140584543,-0.07765253339208356,0.021799745094317115,3.988300004164427
13785.990134035821,9.67970654454754,0.7834856211764778,1.021993024770095,0.02793033585956702,-0.07992491636806082,0.008382034617791901,4.009537488405001
13920.982733935103,9.598159106330591,0.7099183514033914,0.7742638081165228,0.025072697311346395,-0.07474752098120338,0.001208545270232488,4.017001777546435
14057.013679949829,9.671578219471632,0.7194243919656579,1.0053259890486728,0.026101258500316773,-0.021439623496438187,-0.011996010979871177,3.990831652377119
14193.000850465898,9.709894070470924,0.7641337665246635,0.9810057593079727,0.021502760065608546,-0.06800697790753761,-0.008926021041753503,4.002710158638986
14328.985845251602,9.72485789879711,0.7857333042004223,0.9926782273956628,0.0021826312599207403,-0.07630948659563579,-0.0022775099439417616,3.990876968585994
14464.004791415038,9.736791694487728,0.8145805301128037,1.0494424839436665,-0.0028526625084137787,-0.03796781185241279,-0.013033486935914832,4.003258677945525
14600.013295125429,9.684318554505161,0.7158393649802632,1.0219854780142905,0.007949592429655976,-0.010751216676998321,0.011021492397308154,4.008851394773982
14736.0128440615,9.642452313986528,0.7531628961988548,0.9152526821665832,0.032343180753889825,-0.05036723824154398,-0.018438528431239224,3.9992981567012467
14877.003280863399,9.66914086697508,0.780818057865112,1.015924498126371,0.017682432562954573,-0.0532916342813309,0.0009575727846309552,3.9766575907740394
15013.000616463072,9.648485264045318,0.7335599633921667,1.0986708262266518,0.023347034991804645,-0.039915052425294605,-0.002183767992758859,3.985556654820424
15148.988574695153,9.74443411550302,0.8159076411762574,1.1025748918642606,-0.009628278879338422,-0.041190092065459705,-0.01254942678043129,4.002293668729989
15284.994786547004,9.659389006270043,0.7509241791016424,1.0321168419364353,0.020058407232896237,-0.04311817434706413,-1.3218261668736654e-05,3.977066623860133
15420.011845203726,9.655342261885227,0.7216386937227488,0.972089839742603,-0.005308639014927068,-0.03753176283046645,-0.0013933692723226898,3.997972161783076
15556.003833972807,9.701105608698743,0.7782147741848184,1.021759259508257,0.012672335032262293,-0.04805429755908258,-0.004654594226078884,4.0006516358498105
15692.008711783847,9.654777281333507,0.6953713955853664,1.043521809853724,0.015106304585873146,-0.042590564492607105,0.029172102960133558,3.99769250355681
15827.992332854017,9.774183729500837,1.0638255085272985,0.9130054348820967,0.216638237479737,-0.09556231205427275,0.002620112102317814,3.9974731773101926
15963.000268493211,9.732235064949743,0.6951682993671039,1.1879502072828638,0.010269173165826803,-0.03922824363762595,-0.011188613302870786,3.9837850521265334
16103.996203777342,9.729452514421938,0.7631540352104427,1.1261601637834169,0.013616149886174118,-0.04144511358804021,-0.021429305421181613,3.9987855460082535
16240.00079537758,9.672722223720449,0.7857209151311192,1.0215901141589963,-0.013373123705960338,-0.005148158486903055,-0.0055782238142092965,3.9986256037257806
16375.010266701815,9.674977057512256,0.7448456820250724,0.9263166687682725,0.02455559632882171,-0.04020183872652047,-0.006605942288873482,3.982434993973618
16510.997953362665,9.724448795935489,0.7103383794921262,1.1088975060872939,0.011148123726496493,-0.04064704729267303,-0.004057845490375277,4.011172774102102
16646.99982722445,9.632898392558781,0.7690224349859932,0.8958199586779187,0.008761771034210645,-0.024816587469114294,0.013710618281540242,3.9977903767075436
16783.002683968974,9.614456178932409,0.7560738247685842,0.9125867086059678,0.01712433422827501,-0.052162867063751485,-0.018104646066238236,3.9946386631362745
16918.006446434945,9.645773706290154,0.6948312697810068,0.94372372156809,0.029629599027224885,-0.07924894971816035,-0.025082001735647837,3.9954450421002727
17053.99513915267,9.699904677405288,0.7247458187010041,1.1095269161621517,0.029633902561229844,-0.04853515502576591,0.0012362101262543435,4.003270139673146
17189.9910705536,9.65174979324149,0.7223180250986502,1.051370900331385,0.0030671045355928654,-0.05427661472963314,-0.026459892385567212,4.009829313598543
17331.013194673866,9.743337174212705,0.8318808331750406,1.1157271918088734,0.005228622351907982,-0.05765569446276348,-0.00453104211050377,4.006866553371595
17465.993241073218,9.701670047401075,0.7698406928172518,1.0264830122570983,0.009241528218466468,-0.037227148398355024,0.00031266384073420494,3.9878014357824383
17602.008025186085,9.60059743185331,0.7006734575265169,1.057740474921474,0.03472272406880023,-0.03754191553469987,0.010925403851294842,3.9935802621719043
17737.996289369235,9.636276450966298,0.7411367067898011,1.0700931342978246,0.013873417108559492,-0.0488488000148107,-0.02314642316239999,4.0166600455693136
17873.99055319486,9.706575051141408,0.7942641599084848,1.1374258956466743,0.00607324374651797,-0.06766231612932218,-0.007510498094209338,4.0122590515301955
18009.012398410952,9.715336126899409,0.7713513568819212,1.0861685892458017,0.024551848067652583,-0.017888719666839276,-0.01523425411704263,3.9920633462500463
18145.013933397546,9.6474939217732,0.7597119953279137,1.022332726371315,0.007658635845139283,-0.019261253868955344,0.008752157035650632,4.011218986211951
18280.995851737225,9.663423623050928,0.7152933869015856,1.1302983393795518,0.002747425274734849,-0.03845544383456183,-0.028538297945602604,4.025115836589402
18420.987508560305,9.647074359066817,0.7107148572190045,1.019964301476181,0.013369682285412257,-0.030134612005558576,0.00021086224378854504,4.007650801942904
18557.005354614197,9.698498365074283,0.6532537947645864,1.1321480457774573,0.02248151034911002,-0.055088801948473994,-0.017794779354286295,3.999836652709776
18693.005917794188,9.681020848282698,0.675647792766754,1.1257294712428456,0.017567612708841943,-0.04664458107695035,-0.003093568228566785,4.00573741760011
18828.990741765716,9.765451546064336,0.7369070582322595,1.2442825560142439,0.07637566364151017,-0.06430147088103716,0.005795328798440053,4.0030497360599115
18964.00080004932,9.666555619012508,0.780417475580769,1.0672473497541801,-0.0015947389500045126,-0.03207167242400099,-0.006136255631771987,3.9921238497771383
19106.000442778568,9.641689131688395,0.761339661420866,1.0009594720418578,0.01133590230334242,-0.04453214656649682,-0.025463519106931728,4.0032512255622485
19242.008653840865,9.771947113036505,0.8128903598380918,1.1798092222726329,0.027102991308760958,-0.07566957007415416,0.008798561631609352,3.999433425383769
19376.99155687194,9.644195686215143,0.8286032862326945,1.0286063290512821,0.0034515364000625723,-0.0382700226275802,0.015354138272571337,4.006741707836956
19513.00017482858,9.575756372577086,0.7206841647284145,0.9686400084446686,0.007045252681877565,-0.03402744218675267,0.008032349977159335,4.00099092337061
19654.001688242948,9.657537648556165,0.7272729730800731,1.0095632820238476,-0.0012559202037293932,-0.07317624049525241,-0.007256015645446556,3.9967541191975853
19789.979578631224,9.691629326180223,0.8171903582654317,1.2535099593903878,0.034145742724072364,-0.06463171178739736,-0.019784590990011196,3.9964412431194773
19925.008522181422,9.706052295928275,0.8148692140381292,1.1017621132472584,0.013193047025023085,-0.031735751425623716,0.0012485413612037108,4.007204958040394
20060.98863249293,9.641774331355593,0.7265296072909565,1.086704149401187,0.011475473687803342,-0.03699099657939797,-0.0058947652962037566,3.998762616977231
20203.995915581167,9.686091158727807,0.7741791977920149,1.1172433913058673,0.013502533095245484,-0.06331371989585123,-0.022611454343392835,3.999944037257192
20338.980942743794,9.7238752523774,0.85876807682224,1.0813979665327536,-0.003460698157467193,-0.034808072847719834,-0.002447801167932245,3.9980448436652174
20475.015596012276,9.672270952191397,0.798029042962642,1.121928255217182,0.010644599672696986,-0.058202997738368116,-0.00989688780535258,3.998690713931641
20611.00453566412,9.765575278693968,0.890166915337666,1.1745209918915316,0.014691127613793462,-0.031245914061481965,-0.021542176932494297,3.9858789254346934
20747.008892296846,9.695295807490066,0.8248152858071618,0.9801107768620998,0.006422258197349513,-0.029588638512353257,-0.025675297004250527,4.006705044053569
20888.00402701628,9.672082950902787,0.8508546215675917,1.0259168661124316,-0.01198886353183909,-0.038227166791789925,0.006126985982130454,3.998310913964246
21023.990032467424,9.616473268699869,0.7419570562246799,1.0978611287760403,0.01291126354368367,-0.03884620332502608,-0.0042909927496477904,3.9750442930185925
21159.992372637524,9.695331131497841,0.8358142536269593,1.09849859866255,0.011272021358164958,-0.03546341784861993,0.012314557613451944,4.007663245232394
21294.99958739514,9.693867659966168,0.7604597061548807,1.0059281165178875,0.01589110214289621,-0.054786012320123624,0.01279176768823985,3.9819550861449677
21430.997992564127,9.699628666650051,0.7827903471665912,1.2245633645828309,0.014248853511976255,-0.05275618229940238,0.016250225342995844,4.000231115930567
21567.004960438462,9.689590187643896,0.7548690537470348,0.946607778507244,0.026941858890686492,-0.04120195335537424,0.012370422318006806,3.998761254663227
21703.00453782407,9.626252703151692,0.7184619032079829,0.8975274955518439,-0.0003718901403910854,-0.06611201647303473,0.011820599008854545,3.998663445094055
21837.993444991218,9.640356012893104,0.8169127003104744,0.9826850927487064,0.03264484335722613,-0.03398059709790593,-0.01619836813541634,4.000583837340517
21974.00829956381,9.713963604195406,0.9020903666780592,1.0367580153431974,0.0031873740475008797,-0.04885956804055561,0.0016460669532146035,3.9916980012905188
22130.014362639453,9.706819821212262,0.8753889266778688,1.1144791371206246,0.04259099053901855,-0.0457807313855421,0.008505061717335666,3.9914300044626376
22270.007841277245,9.644816575669491,0.7792096564620995,1.0769079976191493,0.02967578339851522,-0.07321154934391864,-0.004601794774617171,3.9877873651288653
22410.01095213538,9.664933537096946,0.7825793660579965,1.0795329017351658,0.020747287075613307,-0.04575389850842605,0.004822220848329741,3.9881669783857667
22549.002501101084,9.734512223597418,0.8158891992582072,1.0564511853781635,0.04767036919794239,-0.07667632981158808,0.0034029392522247803,4.006509071908839
22688.99315457974,9.726667778382906,0.7984911441444595,1.3066196008255757,0.017561011792328492,-0.03930652488241753,0.01297607793148834,3.9968807259642682
22828.98703948912,9.721264201644068,0.7391493205903472,1.3143103391519813,-0.0073993959769070895,-0.004302976127429559,0.005072820518799541,4.005815707932414
22967.98051527468,9.681184063116028,0.7636764753233017,1.0277219229007548,0.02401873705161475,-0.031808070500576144,-0.016901150808208375,4.013688052810531
23107.995248301435,9.72875555390547,0.8615928409041831,1.2386834839741314,0.037652471311688133,-0.05540025462622365,0.00903658077004759,3.9925500551910584
23247.99791712633,9.67013965192025,0.744986072965545,1.2561549473288187,0.007358995985973188,-0.02973408179181404,0.015843804396266464,3.9977443623925373
23393.00961734157,9.642018648442958,0.703774010592642,1.0929397122573128,0.01839826824329473,-0.036941550342802755,0.013467117311930508,3.9933052617428806
23532.997576288944,9.658740900279685,0.7884098983270814,0.9622580162444102,0.04829065182808749,-0.060284404719444844,-0.001627586104532188,4.000521446047491
23671.99241831409,9.653765380259657,0.7385064035507892,1.1214950049876555,0.06051782795829012,-0.05676057621710442,-0.02191110299617007,4.007414247422233
23811.987603323803,9.745066319834763,0.798635594349265,1.2054003703188425,0.019593012962340315,-0.053003376112362825,-0.021952023937832507,4.005154598995537
23952.014974127866,9.741174430616493,0.8225314509113018,1.2358045372233082,0.027752294197132706,-0.04598297325026844,0.011380939588144751,4.00452268390705
24090.98848490983,9.631815470577733,0.7996561807045457,1.2073744285481305,0.03028811047157245,-0.03405018727956873,0.016123714319964896,4.001167178058416
24231.010105065692,9.700676190386877,0.8994846516474854,1.0989886831098878,-0.0024865718789538168,-0.04948028195494928,0.012760603914836466,4.015513133028237
24370.9933216583,9.579157600243514,0.6962027167073225,0.9330000931379203,0.02324159320000436,-0.057696886697965695,0.0073707568260118,3.993836994801448
24515.00154341479,9.640871436067238,0.7609715992671356,1.0389887613898503,0.025850458294828783,-0.049933145238902105,0.032215899241104816,4.007457315935834
24655.00673804633,9.684779496505044,0.8287900291442186,1.0845812239468888,0.02271948097499319,-0.044973346862606865,-0.010682308208484132,4.001443244785321
24794.00936459269,9.688471505061454,0.7685913908224351,1.2250943465257171,0.017372435395447104,-0.055919765540027484,-0.009785133760431587,4.002186926114666
24933.990478845997,9.747696991436937,0.8029925608073406,1.1822940769036692,0.023524003685759947,-0.029209807606212175,0.004655274375051027,3.989482301070201
25073.99494735653,9.684415121118473,0.7542158820128627,1.095590544528154,0.008108681529516024,-0.053250202289071465,-0.00428524128485475,3.9991475475677802
25212.9920854957,9.699493418430325,0.7494243901909461,1.1093988330075315,0.008007668902604069,-0.027388576751316205,-0.009849560144344514,3.977765641462585
25352.983580216067,9.72535739472249,0.7628055621559565,1.2119281393876886,0.015661111691687345,-0.043462824910982564,-0.013413604860502953,4.002019363669062
25492.99780617519,9.741726646678245,0.773256205042095,1.2210166199432624,0.014203170580277471,-0.017050531791337857,0.0021563810114788194,3.997996963820949
25632.02029830321,9.695423554116633,0.7558789118392117,1.3738976325746595,-0.042309829430659744,-0.026967695839107377,0.006926979734004682,3.995681009402259
25777.00137061221,9.660267601809135,0.7705360703951297,1.1650049308986372,-0.029486991830014287,-0.04115480810177564,0.019924691135031,3.9981179914842175
25916.00622204218,9.673123176679523,0.780063511752544,1.0955779688709424,0.03339060345734904,-0.0437238076870123,-0.009788965189503483,4.000400194017609
26056.0020012885,9.709312996545755,0.7997379725151321,1.070627232048494,0.01246697537311968,-0.05628179658037367,0.021179915077006655,4.000245612181386
26195.994799530665,9.592086538972286,0.5799149503827147,1.0347596746811831,0.02033524843103641,-0.0758023240099719,0.009903334204713555,3.997719469100569
26334.99440688306,9.858311182470183,0.9074576466250875,1.1924155376266241,-0.05824563923159033,0.037879324702574095,0.01030319264458513,4.003010509556063
26474.992557684913,9.532260975196357,0.4479549666704761,0.9367066918616126,0.003912374364782449,-0.1082803730877989,0.017883910880952546,3.996343802452072
26614.998859089803,9.755463994848917,0.6232051853690204,1.1123425537763219,0.030351886060662196,-0.11749507525551235,-3.79055401954574e-05,3.9958452406200418
26754.01523429929,9.724693394311863,0.5629530882118462,1.2932124084946972,-0.007685022418112325,-0.05504760362767836,0.002232369464596178,4.002316343876123
26894.008353231344,9.786260041796844,0.7309478849336495,0.9977274792747067,-0.021144132969905458,-0.03848966910507436,0.003606606046265339,3.9860720183024374
27040.026914416234,9.649996158957183,0.541598450466282,0.9328839822828057,0.026555563972722247,-0.04395850864033343,0.017071935203449018,3.9995920700547467
27178.998137166873,9.727257063373205,0.592424306847475,1.0953718344807415,0.04467631128354881,-0.013378984641445208,-0.024363193987784772,4.029812238411266
27319.007939956668,9.692741773941037,0.5224674422265628,0.7684942054253122,0.018309761682737676,-0.029980665496480357,0.010927947024359933,3.985175580461912
27457.990172566526,9.577357895635293,0.4256028441142198,0.9609516814100699,0.03743750131532471,-0.07792159900090466,-0.004819757230701113,3.995677801526553
27598.01035986006,9.766664255293918,0.7689751667474057,1.2148574073146268,0.058120233325040196,-0.0665828141045252,-0.04849149688155398,4.008399253154249
27738.006890854125,9.79308383663544,0.8266544432440375,1.1201330426796121,0.035329984958504514,-0.02999494034268226,-0.014655194970082174,4.0101581140214755
27877.004273280578,9.67171219403894,0.716742983802397,1.1001754126952012,0.013505776925794239,-0.04145803633103253,0.03679585997507624,3.985408653442502
28016.996650831148,9.698015500806692,0.6544042230619818,0.9864812692721471,0.008425164889528264,-0.06258527503037334,0.008370436371835932,3.9861655836455996
28157.0169466033,9.754982669892271,0.5887512285198959,1.1498050212638173,-0.03724679156645102,-0.01633021230476042,0.03565715611850397,3.995228651425784
28302.016252620782,9.684565512937507,0.5068241810355996,1.0663672281777814,-0.00919176577821062,-0.009622942487947091,-0.01549046461437472,4.006686087688628
28442.004317213756,9.715138286610246,0.6396155256243768,1.1438199423667503,0.0515554964648156,0.016583129641614434,-0.02985868624386612,4.001347638656284
28582.017821437832,9.731840772930362,0.6877220598132233,1.1653194953128272,0.011610263494025523,-0.06411588745290912,0.028235715333779294,3.998073912056858
28721.003063096174,9.640137392918058,0.5739690930008227,1.1190874902807741,0.03450552453102319,-0.08087774015125022,0.009366018089715641,3.973077730449909
28861.006421784554,9.712394488796921,0.6559326807752006,1.1370749230560169,0.04206500507383677,-0.034995020257857466,-0.005303295533312725,4.001856265921024
29000.010555347624,9.65803037285156,0.5346619755198829,1.1190179144045187,0.031230753130532498,-0.04209505109203636,-0.006214053830924589,4.001592342065213
29140.006844521984,9.697430562853357,0.5993276858346421,1.0232085728590223,0.03616212149669401,-0.06741738133604437,0.011712436880515055,4.0019024841816435
29280.012259183786,9.646159750410893,0.5422199426463349,1.0726367761887876,0.018425432728016077,-0.06840040482717251,0.01979944783297434,4.01335853384815
29418.987729461136,9.671383809654996,0.7185107467795231,1.2108847338510476,0.01205292425005219,-0.0695674646193576,-0.021496190803393374,3.975122457552082
29564.999715983286,9.658833090152603,0.7710794108059212,1.0420992589326403,0.07444633825214626,-0.07124763555340395,-0.00556115680090169,3.9955471717452715
29705.01230506163,9.745156984866197,0.6984764938343099,1.2025194617858757,0.03440807220485305,-0.04533580564422084,-0.05459838647483783,3.987347351935549
29844.011101973396,9.73668150052069,0.6712351251045859,1.2016606213930432,0.0082234988776974,-0.05106346237390537,0.024547593087478708,4.002049151378848
29984.002099455407,9.588500916767545,0.5720847690203656,0.907182057530271,-0.015945998035011944,-0.06116781158942563,0.007896098254654227,3.9937515170817184
30124.01191375344,9.65967391709276,0.6523198462381823,0.9909769490702333,0.03973543686588701,-0.07891231134365845,-0.0026586343822956444,3.999892672469993
30263.005872031652,9.69357238050829,0.6674410235363996,1.1021413968599052,0.02322721244479808,-0.04261541789558227,-0.0042204657917256595,3.995598890128627
30403.009414203607,9.752649275817474,0.7067059954187963,1.2367330138823023,0.03122955142752403,-0.053991272150409275,0.0019848569626075103,4.005640229871238
30542.004213389893,9.736775028076902,0.7698456381081186,1.2325443008206127,0.0029633389768456073,-0.04144379896668466,-0.015977889114515722,3.999001664571249
30688.006763926358,9.740333471411013,0.8213721540199739,1.0561286048356973,0.02048693477708453,0.0028820218299840513,-0.016508417048583673,3.9912686158621833
30828.008201124565,9.726850890108576,0.7776436670185407,1.190690092401568,0.030416388174496527,-0.02900310250140374,-0.009669499120213136,4.005418710348387
30966.998946661715,9.648387885417243,0.5176160321615255,0.6853475302218569,0.014063767077348565,-0.11788666244363279,0.006736666361861221,3.9987618915877463
31108.00354688598,9.593790492349598,0.39716370978366655,0.9332362863732607,0.062031820236780694,-0.060172925490824834,-0.006998305475162774,4.00160756340009
31248.01876776972,9.778421640549883,0.688033141102608,1.1612543027898832,0.023925759951672943,-0.03880634730699626,-0.01896348643749947,4.005730851560229
31387.007138468372,9.747395160357414,0.9050897066645999,1.127460165808533,-0.013791483630657717,-0.000662693196878684,-0.01537714216014581,3.993828961277602
31527.008244150253,9.859698688616337,1.0174914499660959,1.011534674057473,-0.00440413412611785,0.00017978102153656003,0.06666770946134797,4.016512716700215
31665.979781223814,9.240745202447803,-0.03727789390687622,1.3900651985109977,0.0361794995276578,-0.08003564986840896,0.02226996725364741,4.000988461737893
31805.994392189663,9.899435504142254,0.6760885196289503,1.2420448417398053,-0.004559732017453204,-0.015333340776819028,-0.06547664726220818,3.996801768040673
31951.005122387483,9.737533805755364,0.9376773063273972,1.2611350166447708,-0.006159436313823595,0.009742564169102423,-0.029419532003044688,3.997946651622262
32090.00655113859,9.630494886098292,0.8292653138175857,1.0136837375404892,0.015546655185587363,-0.06704978472438579,-0.012863917394037177,4.008677230107949
32230.001357966383,9.64171258063881,0.6788222016208422,1.2549062893458747,0.03434232957057708,-0.026236637113252845,0.001216700747907828,3.998191745482501
32369.999234442897,9.74119193382531,0.9337820559588786,1.235008129688553,0.006682896568739787,-0.04774049778113507,-0.027043235364355635,4.000590979645733
32509.01520443467,9.759744703427792,0.9760600522921625,1.1896073694463207,0.0027484043446433445,-0.039817423372847854,-0.026513608237727634,3.988670992488629
32648.993994321063,9.582083773652487,0.6250605427679823,0.7313231716318345,0.027216145365451562,-0.07926484146128238,-0.010823254262746326,3.993707935248777
2685.995129142603,0.8632274421795314,0.369942425504403,10.002154630463547,0.017643983597946916,-0.033010180076797006,0.003305190787477233,5.000742721098363
2822.022608238902,0.8327594840491723,0.30638081046709864,9.817332372466895,0.012051536957957392,-0.012671995464634057,-0.006419002966480174,5.00025031842295
2957.9945532620286,0.8530020135460771,0.2697424070239446,9.973913480280713,-0.01944950216557691,-0.0585633826828433,-0.016639443938889,4.992305977898608
3093.0059076473826,0.9067972466581249,0.3574960862419542,9.929620944029779,-0.014597996860881335,-0.06803266803030074,-0.0027612182661118524,5.0119498623205665
3229.0090009188953,0.8752855360214001,0.3814327246304274,9.833326966437328,0.017832609290702375,-0.030973710798207554,-0.021951831731730133,5.002153343353583
3364.9843730024163,0.8382775841262204,0.231179138146293,9.922251288282208,0.009840941502209462,-0.04071180106517575,-0.012993658875285873,4.984305030856204
3499.9920622774735,0.8416854705424565,0.3391036851038014,9.977981326563148,-0.0030401460835714333,-0.04962569295897897,-0.004033067797102073,5.0020376891890646
3635.9941990315588,0.917465267810446,0.39610844654479055,9.933981917565164,0.0039968368265849135,-0.05133145863441934,-0.008231254643462218,5.0034401773254515
3776.9881494858296,0.9305174449240827,0.30998708820887333,9.958974252326614,0.01950473144720428,-0.07432852139997834,0.0009739813913497492,4.992439264319773
3912.983529803954,0.9123065236512222,0.3323033938760826,9.941678462256814,0.031796846495631706,-0.028302130306243987,0.00838196241160609,4.991520506746034
4047.996723064166,0.9240482092657879,0.42524973878763145,10.023246145168281,0.011445057956197612,-0.048708700865741694,0.012878531261807862,5.0020771877845585
4184.007375482886,0.9287212018394996,0.31488787637213905,9.877018321751716,0.007615140916264345,-0.0538260681999196,-0.01204317582469994,5.002849779952781
4320.012357731003,0.9384600268453149,0.35120781970064596,9.805270867718109,0.019399454999947153,-0.016808494476531516,0.0002731602295287305,4.990890255006311
4456.002654328017,0.8825718686448261,0.3113058776753875,9.898451079398624,0.022173821393531728,-0.04989263810299213,0.009019955232683766,4.989699424942962
4590.9967401177955,0.8737036692541338,0.42521522787438787,9.990953470169266,-0.02306311428056443,-0.02509138270354099,-0.007810368749973253,4.998239582817875
4727.012070917172,0.8934489827768395,0.3279162298520409,9.87388552818765,0.009716998794254951,-0.028492988581739234,-0.004935463924351101,4.988797834118697
4862.994292257586,0.8693844160020784,0.21340204186624834,9.788571055891598,0.015492913270025114,-0.06450181118583394,-0.004665008533684627,5.012302023358178
5003.99018474256,0.9167424935153092,0.34696936653692834,9.877063706585675,0.006767042128387994,-0.07485787893541224,0.008105001641118046,5.004766821326211
5139.990700002139,0.9850077120017338,0.2530329011786965,9.904419275896172,-0.004566761199645394,-0.06555046741854728,0.0040127914360029975,4.987869552219344
5276.004550960933,0.9229124750708042,0.25226792576561147,9.916293020355358,0.01262445207099081,-0.027142488804979478,0.02250008885073042,4.997093785864084
5426.994822416507,0.9773183519553773,0.3117167038154542,9.993121513576478,-0.013968787956332192,-0.011211940995416081,-0.009439330472173919,5.013147774227856
5562.999048437894,0.9590912621321714,0.23129258394880114,9.706687579344688,0.00012859780447729635,-0.0450690439471743,-0.0011454387847020919,5.010768499026384
5698.979252379922,0.9926505176295448,0.3009543236872947,10.061053601751302,0.03784343149376741,-0.038348360032497794,-0.010748530412221829,5.006050356896511
5833.9883910137105,0.9011674618590162,0.2999539422995702,9.971680436552928,0.00526945813717209,-0.07831070891971073,0.002501499870045328,5.005666225115473
5969.99397194365,0.9133177232098083,0.2147412122195044,9.787954447088062,0.005568993841263956,-0.04547675879471292,-0.00680174924074767,4.993110217281988
6106.007617691321,0.9342020303355723,0.2807693700105131,9.892613307731649,0.002336981563654415,-0.03393177255694571,-0.006188323300268912,5.003072136142588
6248.001783859964,0.9257122561520349,0.2618860839123247,9.818777790382715,0.01233199940112908,-0.07019390997665843,-0.011010451324035051,4.997531347604563
6383.034596586641,1.0279029712190544,0.33957316055854364,9.899768203290702,0.023857214092854927,-0.10105494472109226,0.031064267871115808,4.987612173847748
6518.995156525451,0.913871276816117,0.29345378927172566,10.092671816892858,0.003962308618099364,-0.020926743454761774,0.03745355999032419,5.009712587440368
6654.999725739528,0.9200982618879677,0.29930167943175134,9.862007267337637,0.006978756002470449,-0.008225943784173198,-0.02033684535587988,4.998135243448037
6790.988608161757,1.022639112450591,0.37621933659579765,9.892505230526393,0.016654010784925708,-0.051201514559535664,-0.0449738375869529,5.006722850154573
6925.999023894883,1.0180597967804728,0.3608657412990178,9.951777105686714,0.04221078043358274,-0.039657060681501925,0.020779993549722892,5.006239684870835
7062.009414313376,0.9130264330475598,0.4034317554712883,9.971851790537976,-0.0017413280456024954,-0.04035762730118633,-0.0037391934526352488,4.99595736587963
7198.015737238735,0.9237133611428667,0.30563709067959366,9.941734616729438,0.016616480697569012,-0.03178763392697838,0.007122667565848124,4.991074149700403
7333.0070570628895,0.8791455073839533,0.36511838557177456,9.965448067102907,0.020108897896079756,-0.05542726981415603,-0.01992139125903215,4.995487129463892
7475.003772787005,0.9502344344022812,0.4158208043366415,9.87766391174231,-0.02383312257854265,-0.023468275755387052,-0.006193413131465645,4.997091098393161
7610.979205261951,0.9670288930711669,0.27621498276305795,9.77453951893915,-0.007753538773363336,-0.05407793830402533,-0.00964610376148664,5.004120546235112
7746.984264068102,0.9759528968273363,0.34039821243689217,9.798178870164492,-0.01470067209282172,-0.0535280868691418,0.010630526811049739,4.996264242358444
7882.003397216189,1.002415965872039,0.3193558164304144,9.891273692126703,0.0010072263161401407,-0.04180064978371794,-0.0013982916365177555,5.0163333943150015
8018.0115155973135,0.9526583290945448,0.19992762310906928,9.84780766607774,0.021377562811103767,-0.05402427426073779,-0.005395358794616523,5.00986589267804
8154.000290998504,1.0159048367495491,0.37965564057645773,9.751089382114923,-0.016247424670799124,-0.04722153156854295,-0.01046515795743811,4.997943081612487
8290.000992333238,1.0536778828039421,0.2836296946097481,9.782861655695047,-0.01048764584603523,-0.043632353775954355,0.00683998630471292,4.995919911390976
8425.00715341647,0.9846943164429098,0.3105474171988992,9.865272558268,0.035481119540301684,-0.05057324765076246,-0.006036764066492724,5.018229375319014
8561.001666248052,0.9487969071594808,0.2752143824140385,9.900166327424456,0.02835766677963162,-0.03049706606526474,0.010064216255267083,4.987634045173714
8703.009731661825,0.9789760055639111,0.3682693364932562,9.890482463108995,0.006354838974865019,-0.025840637290260173,-0.009061736950265298,5.007222387854906
8837.983237476463,0.9717997713647842,0.25389936597258905,9.852166668466946,0.027650260599521026,-0.04008640760487598,0.00024736970742977833,5.005039466951624
8974.003342660244,0.9177778577477634,0.37312140051324677,9.976738824658717,0.03624690480011657,-0.04150191659915132,0.003444614501907734,4.991787143536309
9109.998956679428,0.8605909819468945,0.2820200009721162,9.829311150811009,0.023216158595292795,-0.06246209195956943,-0.008320928558011568,4.974882546658678
9245.992100726551,0.9545386318023088,0.3380035638754983,9.74953086641532,0.022813896421107555,-0.06209027328206813,0.0030906876515148637,5.001964743974354
9380.991046870644,1.005233562658818,0.33710437994229336,9.804579067143383,0.0035216120780019637,-0.03806099853096916,-0.016386957610226835,4.9926552588734
9517.012140477042,0.976980953817965,0.3410640829229052,9.934365751361707,-0.0128820899191509,-0.02796036509963476,0.006880156681842381,5.011099730303284
9652.963781558521,0.996769528022179,0.3105243649723776,9.832851985095619,-0.027891249969014004,-0.05023740120465691,0.003146732668428939,4.998037408379875
9793.987290314995,1.035527979612224,0.3230446978734734,9.876645101982737,0.03987420466085244,-0.05545422961817379,0.00915674483613975,4.99590251327344
9930.000411482068,0.994489278851301,0.3551861594015882,9.90789775918045,0.02336125071200793,-0.023472167439682813,0.003920049203828037,5.024221271350206
10066.005845289168,1.016118668657182,0.2909713298436169,9.946894708876712,0.021186458579267653,-0.01986404598702408,-0.011162594148880727,4.989880856835526
10202.009894464805,0.9616164252407282,0.2872781285402756,9.685506489475161,-0.001106150809543552,-0.06723682615851163,0.0011239281815267317,5.0038869242797075
10337.013960686434,0.9996850819993034,0.3915166618899084,9.946663772074562,0.03399774885979052,-0.0344263503078257,-0.016408903209243108,4.995889139431474
10472.989041620258,0.9793033367657948,0.3045169918080402,9.891170783270079,0.022683773909465958,-0.05396911623752746,0.009242154067649918,5.007696766476177
10608.993804996118,0.9705599150346448,0.3329037916948845,9.673421818979842,0.012526180582909269,-0.09192511562455917,-0.013996958372135625,4.979407388038652
10745.00550397072,0.9794996727296684,0.3513868909773932,10.0700881322974,-0.00100613866636076,-0.02572066553312747,-0.008963144435450725,4.9941062504054425
10880.007852446666,0.9523267129855103,0.3819338716638179,9.885918424629027,-0.00017855073337786964,-0.02352561015091831,0.007367752552776792,5.00720097077498
11021.993928143076,0.9823762923355742,0.2876804734602114,9.684638418332696,0.009985971304369685,-0.04901731645703806,-0.01865682282146023,5.00222705110929
11157.99121715402,0.9980023667441441,0.3877601601463502,9.887998624602899,0.017686298784407823,-0.04959881275024999,-0.009661765040556453,4.9901726911570305
11292.990523877943,0.9809122471346688,0.344471660366957,9.914630064296162,0.010656582133712712,-0.049860606389462624,-0.00437785494438499,5.022373287237057
11429.00407277072,0.9658160419993539,0.39368073406797666,9.786266755510578,0.013504637130210174,-0.049808058261724374,-0.008764080202248933,5.0189080319479515
11564.999497196082,0.9489056928748127,0.3184836558217996,9.870682373020705,0.011286365470122652,-0.05000260129103627,0.001814983755572896,4.999864256099943
11701.0085240391,0.9213494377350696,0.3495202105169866,9.91575914482279,0.03700732551495008,-0.04315935554256114,-0.0035325718262533574,4.999400054748687
11836.000464809928,0.9431378719629095,0.38986673160819263,9.821866351635922,-0.015882885750416652,-0.026804673576665085,-0.011646349296102105,5.0030394909955636
11972.012580972563,0.9165315318138174,0.3405201866322488,9.898726133153543,0.02314114756410755,-0.02351091113155826,-0.004346647687420613,4.9981055977527955
12108.00468637309,0.9292572660176147,0.4624513944269513,9.904866704081357,0.01869253841091602,-0.031749179477002405,0.0018504992972710748,5.009721763582954
12249.998914922277,0.9434328374780508,0.38598777263287715,9.847273581031173,0.023529297339628063,-0.054538910277128795,0.0021612018207259106,5.012223298195531
12385.006379453425,0.9299105024391394,0.38443226883228404,9.945460092642074,0.007622926381527311,-0.05311256288909755,-0.02152390769348493,4.995161750398592
12521.015147330425,0.9220702242166673,0.444575353882652,9.94877418887564,0.02340757295148078,-0.04858867718530985,0.002927136087218899,4.998367325407786
12657.010195042325,1.0117043016262983,0.44115160351356353,9.85631779659909,-0.004446575261360245,-0.010515994057033103,-0.01907198362177435,5.008486514937388
12791.999819162203,0.9225790322514483,0.3647501992669403,9.868414804386914,0.02168446357518791,-0.08274827172698988,0.019058924252471358,4.992132028066632
12927.985060098199,0.9376389215622263,0.3620770633146366,9.839957180198752,0.009206330078238017,-0.049144041193279475,-0.01298133043885618,5.00102539283032
13063.994875404762,0.9791321721443487,0.35571615537576357,9.854533471572607,-0.009428452598440013,-0.031331495446483594,-0.019736750186126542,5.015464013815907
13199.993549017185,0.958330755383364,0.3925327915241331,9.825171172165335,0.026194550511028755,-0.05445063661251727,0.03168296477515846,4.992452368163517
13335.010867091964,0.9041240413276893,0.3017023739214002,9.777496268223542,0.02836509409565097,-0.06371779621258396,-0.006827545349054467,5.012776613075626
13476.982938334259,0.9114496831446532,0.44776759824934403,9.85373436437501,0.01411689982338282,-0.07748111263944174,0.001536945031910891,5.008339840975901
13613.00276077819,0.9010343111638125,0.3185127801919913,9.97968641505602,0.008259349730757043,-0.04381809301169287,-0.039698094273370045,4.9900649887986095
13749.000284364143,0.9081169433869868,0.3751077575665585,9.827337364916637,0.01899389647089908,-0.05060445549947812,0.007396892801560358,4.999981423776108
13884.014983709852,0.9563410732106726,0.399983823132025,9.950344322236193,-0.005001273173324758,-0.020586989605976498,-0.003548420106664689,4.998659807149723
14019.996082985563,0.9347627053652949,0.35120243717305494,9.873699410934282,0.02754988008225902,-0.03954612876289021,-0.010657298606301501,4.98576998426129
14156.010602303482,0.939088695755006,0.3970435574086679,9.853830813134621,0.033608304165287345,-0.02701758010670874,0.00513325156772814,5.005460451900734
14291.000560590941,0.9861971505095217,0.3949206913402197,9.851718898445254,0.007041414252492181,-0.03766913212365282,-0.027181097419273433,4.98682886222519
14427.003411497857,0.9429231756687162,0.39888235381161824,9.823500678609658,0.023470174442208412,-0.05714568862055234,0.022481662407637385,4.9892647704545725
14569.00901309282,0.9313049573280834,0.423977338343704,9.780275814703051,0.012834812838677939,-0.041492151041191624,-0.0068923552246308774,5.023072126433451
14705.002475807385,0.9097162346022196,0.35870932500901515,9.939646773300908,0.0068954152827250675,-0.04567015504844362,-0.004099720495810724,5.000419190246597
14839.999114404898,0.9724433031119574,0.45001782404043167,9.822997361464608,0.012602395130900253,-0.04174828305519449,-0.000991407608278874,5.000111879155906
14976.000422435913,0.9309984283826013,0.44869381633654637,9.87587206799066,0.01889599653189655,-0.053792179264829924,-0.0023078780464031636,5.01190610361028
15111.991454381925,1.0120524574108885,0.41585785813190373,10.065091510665873,0.051535821246175284,-0.06480281903054089,-0.00390060107090789,4.9887160257127965
15248.011301429431,1.0210766476181337,0.5331518774097477,9.383039787797685,-0.011303782433520256,-0.08596883037216736,0.02639614912027326,5.010622816393473
15382.981807340542,0.8566175880568319,0.4591341810001982,9.808028651568533,0.05079378242468095,-0.08438218071651259,0.026601391470515556,5.007552971923862
15519.001248640549,1.1663940438540519,0.5087949008940135,9.635659332159728,0.019406240972449997,-0.04867094479368756,-0.029850280323979385,5.006569029898003
15654.998415585313,1.0697430882910526,0.5465594131235341,9.677016131663287,0.05850595660432327,-0.09254583981210382,0.05090756440501767,4.980614318626092
15796.013909166046,1.07699128666237,0.46948567639960515,10.247928791803524,0.03207638156834106,-0.01537586174121113,-0.01051026330428337,5.002902216255327
15932.006438221448,1.1168071093527436,0.5729424343112641,9.936475817154632,-0.0009756122357977562,-0.02064415750679708,-0.024714860025216865,5.0033372662107265
16067.998865860158,1.1006318283649867,0.4845721321539255,9.833481012868596,0.011629606083214483,-0.12259629213826564,0.12416948147303582,5.006295128987705
16203.995682524097,1.1226371351622502,0.35326098641455406,9.39250637636151,0.09407435061083032,-0.050657356795043955,0.03820329495440739,4.997237159314728
16339.020902168806,0.8062195375139465,0.521451003477497,9.881184640428273,0.010926060328962938,0.04324356591420718,0.019471838494466626,5.0035280684703025
16475.01111012118,0.930190496721046,0.6235036739340755,10.100361690048173,0.04375291099123653,0.002392279041906621,-0.03091654267864802,5.006423830735369
16610.99776013904,0.7629604638547565,0.6616486469802224,9.855693729782839,0.015913376914064886,0.034246336031583925,-0.005191777291807506,5.007608959342862
16747.00404613085,0.39272889534381655,0.7598280565188147,9.897700457731245,-0.02504365431667991,0.15976197689419946,-0.018293457066008482,5.00969426378545
16882.009519818308,0.5968262319346963,0.556757419016777,9.922054688984453,-0.027253490734417626,0.0847671010402315,0.0025427163457055644,4.9961609349600895
17022.99430472443,0.5018393194201678,0.51948961698027,9.71506656005207,8.114158669852317e-05,-0.06293091532445354,-0.04552257782549599,4.998251208504952
17159.00383736847,0.4765438446364142,0.49806909516296494,9.766555417008462,-0.0008268802892963214,-0.06798540558133492,0.05952633251557018,4.998723643161493
17293.987252520754,0.6967754797266885,0.48355001322524704,10.07907557120314,-0.09252871886134452,-0.051208066776265625,0.025363362659986063,5.006935891053194
17429.998339648097,0.4793703641930431,0.34704380808911167,9.456657705628686,-0.031413918625862465,0.015055299929898912,0.07310527626234317,5.021221110385711
17566.004010870583,0.3971835898504638,0.345902731920691,10.143600897698258,-0.010001749549973014,-0.029108424339492102,0.0823262215139029,4.999979311240931
17702.013752013198,0.433714757034682,0.30099422281922295,10.095046320432223,0.018823124720708326,-0.0675623337365859,0.057613262446142614,5.013606239791803
17836.998081385063,0.4233775397463038,0.2100147767758899,9.765960315656951,-0.01749689527390283,-0.029385954949571885,0.008507059572451188,4.994589169058514
17972.99396621581,0.4452278428695938,0.3910523112608289,9.855551662745674,0.010630777876642645,-0.0492198052241565,0.006624716315661761,4.995146579309177
18108.996397413903,0.46204370291716895,0.3186961543742844,9.998831608833793,0.025685716713194823,-0.03337235080032692,-0.013748962623886661,4.985131252056957
18249.986496555735,0.4718013607351302,0.3289255352961693,9.72969002647208,0.03871085724027696,-0.04706721810520854,-0.014591488204554573,5.003806764225751
18385.007999649413,0.44787341814671217,0.46324117581582486,9.833857058872162,0.025741943761220378,-0.05750814382776396,-0.010263779802655611,4.982315704088773
18520.99472711383,0.4555841358599013,0.372309006138677,9.86347343852227,0.004794949527191623,-0.060993737188776764,0.018465719342397678,5.009658839516118
18656.990036085397,0.5299328300001817,0.5152770676056532,9.530656549864794,-0.002357573223454274,-0.0903031206563471,-0.012763952511298393,4.993966382218677
18791.985898322175,0.5082152870450204,0.2303520795572819,10.035317476473566,0.03231492332340378,-0.03257470443213099,-0.017079256092321506,5.004913624243977
18927.999589833074,0.577371766768992,0.6614430349807552,9.920523501575746,0.00868674950149322,-0.04797123221205114,-0.009072003860355525,4.986210173295745
19063.99146367213,0.5841629052109493,0.38562639376711993,9.727102183670565,0.011191355681216378,-0.0318249489832658,-0.0123330245417668,5.008641279490302
19200.001314771573,0.47962132439386634,0.3835666301036905,9.889199929888221,0.02351777684029907,-0.04222027092900044,0.0029384248816059968,4.993486198106354
19339.993997520098,0.4607919809006522,0.3387456035773785,10.020849218101679,0.06431196541202512,-0.05549990626806274,-0.04368954661856559,4.98508245898529
19475.991886287826,0.5152205578757977,0.5973199917273226,10.017916372902727,0.0007403283210342412,-0.03231255210063265,-0.029982631611501036,5.001248175787581
19612.000701771136,0.5673084407901692,0.5834272397184167,9.648447825536199,0.027146352465374946,-0.05420270712578929,0.0003030579816803712,4.9960456466482395
19747.999928237463,0.5774353224367261,0.47541539485433304,10.093153003579218,0.038869715395803084,-0.03772605210471572,-0.008090524801751004,5.007413979546111
19883.01601666701,0.5109562256431534,0.5001039151614604,9.84955335869681,0.014147031042534477,-0.05651246880877694,0.015159999203263073,4.987618917079441
20018.992135991175,0.4795709422014103,0.466197336645566,10.045471695877406,-0.028579755254030424,-0.03829920397271715,0.00939553303137067,4.988322521300493
20154.99897578352,0.553575977579657,0.49421235396884183,9.966696578669778,0.018655657390591374,-0.06232566705926363,-0.01194713963661901,5.005258889569609
20291.000781538783,0.4427048457323263,0.4150668790900115,9.94266095926965,0.029380279483034552,-0.022302780642276768,-0.001372074330416942,4.995830912556594
20425.990270665116,0.4534911423100265,0.47464332444799245,9.9091301339429,0.003723658650422597,-0.058443911562193876,0.027144430960546476,4.997192746178145
20566.997874194356,0.4489444721823234,0.2833581756044637,9.63348139971244,0.02730163597468036,-0.09625134106762204,-0.0028267660211247696,4.999920327842342
20702.98803669667,0.45980072075527095,0.7369779072593868,9.871996823215454,0.01417701063395203,-0.03710991821003521,-0.019349144252464145,4.989123298404049
20837.9838178902,0.530822186373462,0.753940113188507,10.061902467759456,-0.025290648633192088,-0.11026037902332624,0.019902617236022022,5.002305330013764
20974.001252412745,0.5682237893461267,0.3670224149462037,9.858293193577268,0.05136393556987632,-0.026200276508883437,0.0196562558224638,5.005783102991892
21109.997057228768,0.4749219221087832,0.5453216232226705,9.991646566266155,-0.019765230897834524,-0.025501840950721177,0.021919792581637086,5.01817491268187
21245.979287424692,0.47831229090338506,0.5764779577803815,10.037811944366247,-0.045487380169015997,-0.03763229104706099,-0.027609052691114785,5.003402670185113
21380.999954733525,0.4852636752243258,0.4433989552202386,9.800401564856697,0.01330296042271901,-0.05697313740196036,0.014844762211792484,4.988678752942695
21516.993737221335,0.552200543455701,0.3661119799979966,9.871572737876056,0.0637884048485309,-0.022799533172533994,-0.0471677465891343,4.991438611031948
21653.013312501076,0.5077791904697662,0.6951029782638335,10.114483125153399,0.020364412179485585,-0.01854071480387262,0.003309482805763995,5.003916151210478
21814.98985888075,0.45410391298495384,0.536477325296853,9.722337578771638,0.010662925543347242,-0.06936810641431006,0.016256490759335874,5.001973843041852
21955.004412262522,0.4697404174736856,0.4402240915898685,9.823232581063833,-0.021828999631521923,-0.09704863796954674,0.026045695174540775,4.99827200100466
22094.00196269934,0.524672374753031,0.5368027979096871,9.819599024817572,-0.0001251435852153268,-0.025489297012767507,-0.0009463753353900736,5.004049765135175
22234.006275031872,0.46897472702125786,0.4714178272033874,9.876840571055736,0.013569376182977088,-0.050430056529203904,-0.013840130168160856,4.998533358905923
22373.996539672982,0.45737576883486214,0.4756918996568649,9.820999720018193,0.01165013749455253,-0.03243031757704738,-0.007588405400720332,4.997804601128626
22512.98847736092,0.44391060449361724,0.48309494030338357,9.928891706746716,0.009666898164214491,-0.062277053175921034,0.01498355783952352,4.998639548039541
22652.990848773257,0.48021843027482947,0.5657449165564489,9.909892143512423,0.031155588019358495,-0.035051300588490306,-0.00805650492344148,5.0036757729066625
22791.989443422,0.5348590676407614,0.5177158837542953,9.846625902885155,0.0014642102910231304,-0.006865208509889967,-0.0042012474321592675,5.016634537749565
22938.018508747715,0.47905580055133645,0.4915857621642429,9.777356361157045,0.014657090874170267,-0.04672735271539497,0.03365156700034828,4.9904487226414425
23077.992418604365,0.42574857270856326,0.49806516616503477,9.92023177895635,0.0035596483106886,-0.030088185142744684,3.5081250644330335e-06,4.997416494910569
23217.009375725345,0.44224623893568554,0.41891018082940645,9.880302513680839,0.00970666755389087,-0.04360415419972711,-0.020739570927156236,5.000394065398081
23357.005790442738,0.43114448586443027,0.45589050743494114,9.862832044585803,0.02041914765489301,-0.03123849063350071,-0.006007369524075441,5.01640491128461
23496.98807887519,0.44667511058552,0.6249973431356615,9.924780068386468,0.0035020850997672702,-0.017806978534430903,-0.0023010355522197342,4.984399731740773
23635.99747557472,0.42029806238781164,0.44441002171882826,9.764073016239468,0.013927229119707769,-0.04507924691179592,-0.010560653614728478,4.9970237839008185
23776.009413170144,0.4474064500458779,0.5696730764637992,10.020674235139818,0.020013551433847997,-0.06848015864379349,-0.024418976423473997,4.994417504223766
23915.98695079916,0.4562937753951554,0.49992742880923013,9.871298449981055,0.007256412041011618,-0.018194257204336265,-0.014922660467150954,4.988312131316604
24055.014296212903,0.4379721122617463,0.42246152139697946,9.944506565368416,0.006016635104473166,-0.06221413141300065,0.0019768437351278434,4.994031707961328
24200.00485268282,0.4398561637268804,0.47603490723048697,9.831357410627136,0.015108363665990207,-0.02248051412008978,-0.0018362727848366582,4.979589462343768
24339.005161010573,0.44404303876127504,0.5365266641993399,9.976291379377153,0.0009002446480687219,-0.03930305487562301,-0.006628641201809448,5.000846817553268
24479.010297366272,0.40422715732859876,0.5595721895552858,9.931641589331232,0.021807552002804844,-0.04719905254674843,0.0017999795284066164,4.984955899287193
24625.008150784466,0.40515851563588,0.48132296400668895,9.873446450721447,0.016322861170802953,-0.015327582557436421,-0.01622512849907419,4.99664621894714
24764.022816487504,0.3928724032507525,0.4776183287071984,9.822120876482044,0.003803635372804021,-0.05416122157502359,0.011314911583035268,4.9939052152875085
24903.99223391682,0.38624828426178826,0.5292111342325,10.021232207660965,0.006896660324451248,-0.036929902203362945,0.006695615472443875,5.012391800134423
25043.003042920147,0.39043295906589187,0.4650583915533241,9.891567221598779,0.012688236686248857,-0.037286241601934896,-0.009147870858037479,4.978817265047425
25182.997540614666,0.3859939598698481,0.47457122683769726,9.954665985218929,-0.0035539075560775384,-0.040815623109658375,-0.0024446148279475416,4.995918972177457
25322.98236551753,0.39848697547056144,0.5076461350399056,9.922452267488872,-3.655626519462308e-05,-0.02758078892335311,0.008565497419050733,4.986748099071347
25466.981650835012,0.3514189512168806,0.542864191831989,9.910602147882841,0.0015371072347403014,-0.05330558636548135,0.0013901958927453493,5.013379455960337
25606.99766790129,0.3931459903498936,0.5280724122737075,9.949625535325277,-0.0030020921067917036,-0.022070998713817108,0.00417455487931481,5.001150408784973
25746.992891493643,0.3299150119085997,0.4981963856927447,9.808610885284248,0.027245521655930704,-0.06472509833267018,0.010130265509529958,5.00136234909666
25885.999673044098,0.3722261266410818,0.6915960330915696,9.965241741933745,0.006192332327806674,-0.053975078661363494,0.0015191900147641948,4.992532856669124
26026.0010891615,0.43134934771146205,0.4987291896945723,9.870685038518245,0.01084984003310069,-0.1082586618644396,0.02332446039207709,5.011746133507504
26166.009729241257,0.46810215721919585,0.5559469616258473,9.88981280335103,0.02798505728518576,-0.020391190912717263,0.008373665290979632,5.003971325773854
26305.006055369548,0.4551174468471325,0.4759952371695292,9.959343399131562,0.025972975706840207,-0.036946398731466254,-0.009761721587971235,5.020400244665464
26444.98107027709,0.47827606496134883,0.5846168743013574,9.740203796681604,0.03324308890665643,-0.07391781606965005,-0.020583394991364187,5.003973382022311
26584.009680826228,0.4513810615376161,0.5346731372843343,9.869022623683867,0.01696552125416881,-0.06103838699391114,0.0030890519655402205,5.018420789573254
26730.011384788126,0.4186633256147967,0.5906691032799088,10.071405573734726,0.01678201185490884,-0.06192453274061622,0.0010149595990471974,5.001595319297095
26870.998621014653,0.41962228961902037,0.5084906188500218,9.922361612932118,0.023560235860935134,-0.036359395388366404,-0.005888972617247427,4.99908401801079
27009.980501530375,0.45342730611000637,0.6302234560478822,9.853020582268663,0.011083086684081499,-0.04571039417988134,-0.025721192997708236,4.9971763078976865
27149.99942441292,0.45689165066562254,0.6079759645351841,9.988040861637872,0.027296368122633308,-0.03695519251402402,0.006589727611448913,5.001228842203016
27289.98498038277,0.45751890850089,0.6395589371639752,9.829575920395408,0.02133074611128735,-0.08179984079769846,0.0008446143837149137,4.998034101035999
27428.977332349223,0.4824222758354493,0.5882097195622537,10.107567209679482,0.012435213674164376,-0.050701490306299744,-0.021542695004079744,4.992198417788214
27569.00538027951,0.47279280498753706,0.689262505372017,9.868357086454226,0.02810460958820141,-0.06050267070375744,-0.03095663186447507,5.0060309224503206
27708.015947079282,0.514786713479181,0.6726577542218067,9.949246413877168,0.0048401869645065525,-0.06879370908681831,-0.001031281060565005,4.9972841410196684
27853.99049679437,0.45895459668032773,0.5534996689827621,9.922282003474985,0.02002984194936735,-0.01788583233115636,-0.0003285015738420789,5.005472790807851
27994.00558010105,0.40443897559638403,0.6694126315744388,10.058854742857035,0.008472850375889546,-0.032172949189051024,0.002187137858530937,4.993335751403817
28133.00857334057,0.4339112127050819,0.606268499604671,9.865613350635881,0.003536646223843559,-0.04111792891858949,-0.006419454220790518,4.990833124553689
28272.988944572015,0.4893458864807242,0.6260644208293558,9.829113859007238,0.012042114657499539,-0.04122094600912779,-0.004842331579821446,5.0084929212262805
28412.989491162934,0.40087453375017035,0.5858771707960315,9.995441471223927,0.007722666336238046,-0.04750707157635323,0.006033467645777034,4.993370999174361
28552.000576974006,0.4126823309812971,0.5156173071162129,9.966846989864619,0.005505059025839952,-0.02395296821143416,0.0016065341546105975,5.007577829559251
28691.994611898685,0.41482097238623233,0.6098737117497741,9.75008495196825,0.006421137406020424,-0.055421624557121255,0.019488151896339293,5.003898081827111
28832.007487935345,0.4370944468844242,0.564969940246027,9.878827329805345,0.027856537779213025,-0.06020228681487944,0.0057401449746044145,4.999484178807318
28970.99549366938,0.40629575804227597,0.5482021616154946,9.94947366897253,0.03068429411101406,-0.06836286646457997,-0.0033732101305853565,4.987721688196756
29115.996026083838,0.45514232229173635,0.5986862642941424,10.175680518872051,-0.002000710605403128,-0.023315478921030197,-0.012550340992489872,4.9944969074321754
29254.99882901925,0.4012909185617493,0.33979602353852123,9.79067431277513,-0.004604179577987716,-0.06375508110805506,0.03117288282899102,5.012792283204037
29394.99920243591,0.4157592469963832,0.487612340461948,9.80255306007568,-0.022920595594823026,-0.054728913310995754,-0.021594652199393865,5.001403443411722
29535.005058533152,0.4770330325544571,0.5533606140614947,10.003689692738464,0.01908504186399015,-0.08444848323557917,-0.008787350681252625,5.007424535052246
29674.003359104496,0.5200758642109335,0.6292489381236279,9.835669452602037,0.025180370147641302,-0.023027542673159436,-0.0151461719007661,5.007878059326079
29814.00228002355,0.4960813865683943,0.39021967131166047,9.892086246599941,0.04626623146761216,-0.0601425423914008,-0.012862714691139669,5.0080971312364735
29954.002598895495,0.48334344157298104,0.26272967335564895,9.94045174793885,0.03425014490806823,-0.04704914073233427,0.005996602889177209,4.987353164803661
30093.014366728854,0.5336180039470891,0.6281010948263349,9.94732454512549,0.0032813782966893664,-0.04825306759745071,-0.011364948108481836,5.002982139586693
30233.00793691446,0.497548387377256,0.4611404684389155,9.85137301910334,-0.0027688500137392274,-0.007975645587140647,-0.030870654734384762,4.998658611229995
30378.012274268604,0.42014184256243253,0.5510082080084376,9.852989935586503,0.03330222467824205,-0.06484290038645704,0.023405365669661327,5.005235464724719
30517.998959264638,0.4539510545151701,0.3132256664886778,9.818597027947417,0.04550461055329863,-0.022324003843930715,-0.03267771727810136,4.995984438156922
30658.0033282233,0.5216269348146407,0.6968817155312644,9.899866046114392,0.021004304520094125,-0.04975295848392484,-0.009265571321567294,4.990528939400456
30796.982483201245,0.4164748433996218,0.5250845223626005,10.068335624660737,0.0037453334455159176,-0.02965962710887623,0.0011028088102247183,5.003369373089244
30937.0088745649,0.4162611273837583,0.48190216939188835,9.946391975913935,-0.026003064624582625,0.00021639086726896932,0.017674899312515934,5.005330483115875
31076.997076648393,0.4020873464254155,0.5027302928172012,10.01447039893262,0.02832858774104609,-0.041490985666742794,-0.03142689921990234,5.001798572044095
31216.0144199241,0.37011123494993775,0.437424969817534,9.837726145937646,0.017162158173566883,-0.05412348522566061,-0.013786619478454052,4.99352878369569
31355.99563638794,0.361654820102601,0.4940518697857307,9.964328322594005,-0.01019153218656833,-0.04695851135079199,0.0019190785824716168,4.994364470938377
31501.004463549565,0.35127442879727916,0.5258642371051809,9.99667862307805,0.02263176077313093,-0.04895286380986828,-0.005087542980153597,4.987934323419182
31641.00355265149,0.436305053189371,0.5082082934942894,9.838976600567754,0.014274364801805587,-0.03592136805494564,-0.013038925580404565,4.983583655795488
31780.99607209376,0.4013122780031526,0.4389408432584262,9.91183528172587,0.04163425124781717,-0.05436476770485767,0.002400682899104974,4.980820522430065
31919.988896745373,0.39445985294273933,0.5274189162098252,9.94622981981243,-0.011536553561879609,-0.03792911269871245,2.442018226379947e-05,5.011857812038527
32060.00571971849,0.4035852474764938,0.5391842378627795,9.921900346490775,0.02049442379087738,-0.05532640167607967,-0.0044174794159566365,4.999075269646761
32199.991071640743,0.3437521233274458,0.46068562043314126,9.887015803177514,0.0033853593576933533,-0.030704796786591226,-0.0005182793326028349,5.002392538627099
32338.996285785586,0.3975611705567229,0.45549867618100415,9.833783391312856,0.006006226059840282,-0.04509155907623303,-0.009093992920561504,5.013656386540349
32478.99997006613,0.42236249626643313,0.45994631509329054,10.107693328192143,-0.005108557768333742,-0.046916506900074456,-0.021177704485255567,4.991753435820395
32619.007449690394,0.4175814120993746,0.4827041785436404,9.865161855499,0.029081690946141315,-0.017800363659760475,0.009394990610960396,4.988598235961168
2785.014473615806,0.1631419329571607,-0.29921171564281485,9.919818029948246,0.024704806283666735,-0.0644403658926268,-0.011891960883268278,0.9872082766868904
2921.9965088260665,0.3944360975224629,-0.3640812945055893,9.869425476897916,0.05816002502259183,-0.02414238439029552,-0.11388890005437581,1.006834479734581
3060.0114220789583,0.16337255830031291,-0.23144032562750977,10.187655078183171,-0.032895882198029504,-0.07903048662462246,-0.028600600587558842,0.9912015507196403
3197.9795763545662,0.22172918100065042,-0.15847547415135135,10.502475266982552,-0.0005120422697025213,0.07430087885630492,0.006188172203901763,0.9781239771170639
3335.0010338998736,0.08744579496509643,-0.4212042470212328,10.039415618063535,-0.06675663262904775,-0.06475982246546326,-0.017711014432030787,1.007948346505516
3473.006798910271,0.22344232905072356,-0.5750833561002107,9.646745044139617,0.016285547277268195,-0.05889635499258137,-0.01886028302438002,0.996590796629254
3611.010274039371,-0.06084744119689355,-0.558383392208397,9.786530555683557,-0.048563501284019026,-0.08854549916809638,-0.03327087212339245,1.0050980122474988
3749.015318356051,0.29845782934736675,-0.28375545710115263,10.45098946665832,-0.013010899190848102,-0.08775643120728958,-0.006656089587939141,1.002959875452783
3892.9961382878423,0.03498183980625383,-0.4757592344446774,9.67951789673279,0.07426224501889303,-0.0890317261032411,-0.018719244927890046,1.0054447749936357
4030.971838522393,0.347395838834074,-0.4686488005414494,9.896114743384441,0.11190594391525584,-0.11800629701605199,-0.011739327602352322,0.9987268518716532
4168.007137550655,0.4000353470419122,-0.12327274694911813,9.331776179874499,0.012040238462689597,0.06070288930690426,0.06828406653283284,1.004410639246608
4305.00753037066,0.34382110181867126,-0.29640204503270495,9.87615478667616,0.03905507529454493,-0.08068131550535186,0.06067918323842535,1.0034351719223116
4441.97791060683,0.20243232377600703,-0.39062593161403103,10.087047238473579,-0.013126276069606155,-0.028293235281170753,0.0181962290376149,0.9933568401181814
4578.982590535887,0.22872300573995014,-0.3952333462055207,9.8561886844789,-0.0874509831316194,-0.033111826984651274,-0.0038164020195177364,0.9888653429276851
4713.990263633474,0.2642098026716158,-0.5291364154201933,9.983478517159268,0.14323083147011859,0.04204756337676916,-0.03211727284502564,1.0091219397580027
4850.00274938998,0.0914304933429794,-0.4596718738404023,9.927126349386095,0.08198874898750912,-0.04596824822936371,0.06789946304584656,1.0116696377999328
4985.98453717248,0.1256857212583426,-0.4935238954229048,9.75538835049875,0.09074073195188824,-0.06875340475192122,0.03129338624931858,0.9837377647291085
5125.989063844428,-0.01101743942288994,-0.28351229727578564,10.073267606636033,0.09363560175050256,0.0013181608113374324,0.019876263844514238,0.9929772664893475
5261.982875427555,0.06238403452490513,-0.09631010643488307,9.889316659342741,0.10574939159008369,-0.03764733776301463,0.006178181826699391,1.0080486228491836
5397.98166132525,0.03684356210371753,-0.23707209513208288,9.731106558652595,-0.02816674337161803,-0.0325516250423543,0.04454379538498938,0.9815301854336841
5534.001986085208,0.002708927095343371,-0.24003853201827807,9.763965835315078,-0.07352502932060509,-0.09386267604628136,0.010797190507923856,1.0033917207289478
5668.990921727522,-0.05333187991868094,-0.37011169912415265,9.762805330887716,-0.11988467128998488,-0.025706535590316666,0.04489591561081389,1.0065073331377217
5804.983861626612,-0.037466816693401496,-0.41018046277392956,9.895108488523638,0.07365828044659961,-0.06405807803636844,-0.016453422859171257,1.0024514171056953
5941.010113479227,0.12545774615535996,-0.3660963499874939,9.821358169563302,-0.04764150131269663,-0.10071459432587997,0.001985405159281274,1.005591645924906
6077.020961307135,0.06890148214254817,-0.3643118353145181,9.900832534947185,0.004352579327482108,-0.043902057660337446,0.02172479406209772,1.0177348383787521
6217.996722100694,0.07960219813533628,-0.3671277310999739,9.93006285727751,-0.01176246456905135,-0.0036306907066946817,0.014304702251331122,1.0062999675084068
6353.975377302573,0.07205343137927198,-0.42415174427463037,9.998886821591352,-0.016478837921166396,-0.023267087847403282,-0.003698082676644035,1.0030130619098572
6490.003933694468,0.07634562759415767,-0.4548121754032583,9.952548022037746,-0.025839598732365666,-0.04036362021137051,-0.0027739319516419158,0.9925603169952636
6625.010676075688,0.07077795309707054,-0.48248592772296234,9.93563232866139,-0.013984591990331153,-0.023727001679272743,0.0028131867124688527,0.9963893321151023
6760.98122927093,0.08284167610569046,-0.48491508495763824,9.829089483314515,0.022564383882708886,-0.03255149034736214,0.012014321637268162,0.9912859942960612
6896.99698366107,0.031242460323219593,-0.3703427878182908,9.952656860063113,0.022057268400268448,-0.02512920762443086,0.00031891144426304623,0.9849577601935832
7033.005873918682,0.006182269834202984,-0.48269622072176704,9.880887863769127,0.03810765354022875,-0.03880769787844439,0.002711571485557632,0.9959448232278045
7167.983313777714,-0.05938459448676176,-0.5703312883014369,9.862860294275515,-0.04937642753581123,-0.050630628280513595,0.019943477532952596,1.002932601526656
7303.996259264506,0.020008867103347455,-0.5105940723599431,9.849817493280819,-0.014246126617724111,-0.03822860491120142,0.008904925707636853,0.992563803718468
7444.979063854893,0.030860815533916487,-0.5009067342349394,9.859781017095228,0.08062155426322228,-0.09408301042056183,-0.023373917104700503,1.0048740822541176
7581.001199373259,0.042361742703628934,-0.47030767032758763,9.809537533439537,0.014810138164114386,-0.039083600580509255,0.001017375674945877,1.0040210249488948
7716.008244793586,-0.08429247815679217,-0.4138870529989576,9.929870847542064,0.030659063971172098,-0.028431660432100436,-0.019847934223261667,1.0239591483134665
7851.999182978473,-0.15269842458953894,-0.493465770333882,9.778329857128012,0.05293924771225298,-0.030125254672443327,-0.024765536578597307,1.0132817207687108
7988.0042058981735,0.05703499184612713,-0.36134298703178397,9.968679383643835,-0.04392959347850362,-0.027981509364812807,-0.02175748364866576,0.9906114380215902
8123.996865504403,0.011339001470684817,-0.3891540126771138,9.867971333660751,0.0307323217070086,-0.04831147205639881,-0.016501658990765795,1.0025186454018642
8259.010486109315,-0.006106552844397066,-0.4130816483154809,9.895054807614756,-0.005287728015379025,-0.04154316339947516,0.010479452550761837,1.0100904491721299
8394.994956658395,0.01673093907110127,-0.45671595452346325,9.814193681647428,-0.016711640042121625,-0.05690018233114524,-0.01985400367520287,1.0087776384983982
8530.997406505398,0.05278947422128403,-0.4275130399410066,9.883105144469619,0.03429921012584139,-0.008407911604996739,0.006887167633818883,0.9978696773911484
8670.987941324945,-0.022642678022311666,-0.41301476598377507,9.917688515501357,0.007382755077301282,-0.051072966812257946,0.012197228021683042,0.9978144541319154
8807.001647502857,-0.01407530355321639,-0.42940482928017515,9.945901819390107,0.0013903371785515888,-0.037484918889644336,-0.011769541305269774,0.9996584831168421
8942.997011604763,0.03864976530120984,-0.47772138273998455,9.97383370938391,0.014961048219356456,-0.04499661668889014,-0.03373243292000206,0.9905435538959304
9079.018042617903,0.02947195990334535,-0.41873616045658013,9.902512767615109,0.01526720937807125,-0.04232347748996771,-0.014560971298920544,1.0216920477241525
9214.004845329135,0.027765440040546232,-0.44046714032240414,9.834253678098216,0.012780123827062782,-0.04169633238358396,-0.03147164623310095,0.9915483744989125
9349.992068621712,0.09165829694568062,-0.4495022155100437,9.988503971453012,-0.03716129716325761,-0.05487072564904759,0.00407231433268595,0.9979225857792634
9485.982770597966,0.09986404509743253,-0.5242539640737631,9.839951049786082,-0.03891323080140786,-0.07182946859374031,0.006249793953249601,1.010406003047679
9622.001437658913,0.0981795349853255,-0.5049877008503616,9.966278189559322,-0.014283968979938342,-0.045966439997862894,0.025646056935707744,1.0069790194957162
9762.004642022917,0.028378468350861694,-0.7201204069274386,9.709041231033087,-0.0585840941211086,-0.07526577717278791,0.03699923329449233,0.9939419730923273
9898.002512615723,-0.0452409714707294,-0.6181196101961168,10.006869332516363,-0.05215829436267344,0.008381222205962451,0.02884203920846307,1.0114304134953087
10034.01256853951,-0.027384709419303457,-0.69315898082991,9.79858117272325,-0.015103851375659958,-0.06131850910030575,0.0009195841399376067,0.9935574552651494
10169.00963371659,-0.08665441142219527,-0.6261047937968041,10.035997272370734,0.0454010782619637,-0.03569112706183801,-0.01669554072087942,0.997786447796841
10305.006060161955,-0.12078575068374525,-0.6750702465690839,9.85876277790398,-0.0002821781047039199,-0.048356959061226557,-0.024078587035065272,0.997305410377368
10440.983642161378,-0.06410782264933218,-0.7027484102081203,9.960073824611392,0.011946025866054115,-0.07431987648826273,-0.028828768471896225,0.9951639513410685
10576.983773301337,-0.05285082802600013,-0.6681966503900227,9.94593477123147,0.005530587239711939,-0.008570429594606119,-0.007725417981078145,0.9807543861868013
10711.982730659358,-0.07403114663036867,-0.7400460708404242,9.852469077644377,0.029995630291720303,-0.0692988572995413,-0.006286287890888441,0.996906608940668
10848.00635708755,-0.0872613900420199,-0.7180791770742182,9.985001280210481,-0.0057925052877771735,-0.06946385315200164,0.005131736991927548,1.0185945552327138
10989.003817354574,-0.07377284713492674,-0.7410231675661594,9.891434255155131,0.03136469833526842,-0.0519042492123391,0.006767081584190423,0.9924904243584277
11125.004256848411,-0.059688259279562936,-0.6189908188330365,9.896073933734142,0.017542997657467585,-0.052615490954638966,0.0005878751351143847,1.0019770703525244
11260.00108900363,-0.06167839180532755,-0.6022354815760851,9.94437837550619,0.012222727805309233,-0.04766961070036168,-0.006359127734480548,0.9883960610127469
11396.008858253697,-0.09129649250496318,-0.6439878491771075,9.912024692402003,0.02152665084998491,-0.03272231559827883,-0.04244785703470806,0.9861107190052107
11531.994146431744,-0.02026138008808491,-0.5239423963791734,9.951284633735984,0.029580843012900784,-0.02193938002821587,-0.007435078959529158,0.9974195592273105
11666.996033770944,-0.016076841826587862,-0.5309100407477011,9.913656874911501,0.031093352331696498,-0.04641550956212767,0.0018239443662808447,0.9894605111808288
11802.981682910447,-0.05863998373999371,-0.591344866418552,9.998944921581339,0.012773549076168593,-0.02618510692126636,-0.014926548020422778,1.003022440477919
11939.005121473469,-0.006240374852555171,-0.5366416159033641,9.957524416187956,-0.0010555126135808862,-0.04337397652477281,-0.008683914969966193,0.9963930084423613
12079.998897463325,-0.023530127151330488,-0.5578659772909211,9.913369475296912,-0.010246467263018436,-0.055435508717254244,-0.015885326168864834,1.006484689414458
12214.998921919623,-0.014149486443776019,-0.546869950011521,9.948512057493513,0.034333302960408846,-0.046573220591258055,-0.0034751233614341483,0.9973848875514596
12350.983112423237,-0.043917391029448076,-0.612911932710422,9.885316306078908,0.027200193453807912,-0.05799627920890666,0.015270619335327354,1.0100625093879299
12486.999808689246,-0.03995957322534315,-0.6020271699990002,9.975641504841636,-0.002635419379778882,-0.04408470212330385,-0.004461491933521459,0.9868896967754003
12623.010902982607,-0.023123404889195398,-0.5836968529301467,9.802964512558944,0.03613023823959147,-0.053806875107433726,0.0037212929066671044,0.981358584275079
12757.999423721913,-0.01783916044928911,-0.5924429437492945,9.952284084623964,0.010755693161711894,-0.05850541687426847,0.004448824807922081,1.0131745898507374
12894.018719157846,-0.0324878408009261,-0.6448229572022399,9.875162059281323,-0.011438623688406466,-0.05032666281237409,0.009770609207350997,0.9996639464001
13029.99496025322,-0.02667446838136914,-0.6268542277068533,9.909463793242567,-0.023494496377169497,-0.025459562795676596,-0.002087185117603133,1.0082686915767127
13170.99118310235,-0.057517091512915314,-0.6453829248671481,9.900365276885209,0.04988712890579662,-0.048054951838340756,-0.01765838399301319,0.9895284316932735
13306.999955993972,-0.09518451340033364,-0.659238215548877,9.905933306594635,0.027796855263703932,-0.020080377314891963,-0.013143965317439141,0.9854254776628603
13443.014619225492,-0.0754893823240618,-0.6066228239644251,9.880758296038286,-0.004405999253387614,-0.02839822225491471,0.005773846214967031,1.0089259666592292
13579.020966431339,-0.13633114962749154,-0.630128863954579,9.947740676022848,0.03874915961007155,-0.03567475483221697,0.009756436165652577,0.9966859657625154
13714.004867152114,-0.1050975355134307,-0.6165363201608064,9.830698480670819,0.0030980700848307462,-0.03787974404162928,0.00038312013291226814,0.9940477310572682
13849.99534021409,-0.07093810477688642,-0.6124678358497088,9.920606354253172,0.013558210729279008,-0.054449928707226605,0.0006204586440007729,0.9917339065974163
13985.990570538712,-0.08640668004090005,-0.6085031901613297,9.94532178569728,0.0025989660713383626,-0.021940611848646655,-0.0071117077532386564,0.9981632299444145
14122.023771745464,0.01797081794006518,-0.6262944021100952,9.816128067246638,0.036177434808125526,-0.0721872156829144,-0.005779257738566679,1.012919106467715
14256.992779610518,-0.05623327370520633,-0.5160447412843168,9.902882684661753,0.016963682481750016,-0.042204003870503215,-0.01331715696088222,1.009335244318296
14398.99167287665,-0.04960688180743996,-0.5609791835633742,9.907922644457337,0.02118052872485091,-0.0451975078506635,0.02192415011997979,1.0025191106204048
14534.991783792246,-0.019905451036261176,-0.5436584789240948,9.889041070643392,0.006334994692019778,-0.05595118620798722,0.002227424783884136,0.9990605630781231
14670.016723806839,-0.039847117086522235,-0.5740383307844372,9.922328252299545,0.016034643499446322,-0.043986881165468,-0.021512694035625064,0.9954739626859713
14806.001791435458,-0.037577648886197045,-0.5579880542616339,9.893858312073132,0.031269412811594774,-0.060791524510497214,-0.007337764034616529,0.9794737279200795
14941.978848467588,-0.04231107464769008,-0.5871137290890545,9.88637187396657,0.005483692144066871,-0.0521851243308552,-0.014097600866626933,1.0029621853185189
15077.989807745204,0.010291029085051225,-0.57925889792273,9.821977873964428,0.011531968694908105,-0.08752053886956437,0.001664533668155434,0.9880990533905448
15213.014109838907,0.025705838193539925,-0.5497580316377827,9.94331787378701,0.02651468033032432,-0.04640504466216412,0.02133206123905032,0.9944709972529041
15348.992507401288,-0.006059649010709355,-0.5081164479700438,9.903557838128535,0.03812134277269234,-0.05080329141175061,0.028812412450970968,0.9863223120905095
15489.998789802143,0.006101452932743632,-0.5775440531735326,9.865866594632447,-0.0071979434097679505,-0.057138265786772495,0.003734386423104517,1.0086581492302273
15625.002115710797,0.00471204873184368,-0.5133493461458863,9.889922743508304,0.02437371771076323,-0.05087577400886211,-0.004032936664648347,1.0080074377275459
15760.995795469742,-0.013792367636611756,-0.5564411825804725,9.875276300108846,-0.0005872722186382651,-0.060316706784035196,-0.01823110242285117,0.9891403069909703
15897.006796840513,-0.006229287453492401,-0.5728872411039593,9.907426714268201,0.020030444006976355,-0.037077680640195815,0.01100858035406668,1.006320563124566
16032.991101337651,0.03284482390490353,-0.5267125149681118,9.883364320274676,0.034929202148968365,-0.04774876646856259,0.009500153834511724,1.0106126719280237
16168.001003165065,0.016782971028605934,-0.48951992138956674,9.901919104624486,0.009225540803530968,-0.03773687311866106,-0.020931977446252848,0.9964598897635908
16303.996501534022,0.013495018245096253,-0.49256773564391826,9.896579209422162,0.010178650282338025,-0.06840263228679518,-0.008005208513617483,1.004487978482286
16439.99170659873,-0.00809062604195231,-0.5107915804199491,9.875430127894614,0.05122351227157386,-0.0728290178040854,-0.0040686900908840804,0.9961522408156693
16576.000676247,-0.008692844012535344,-0.48339968234362146,9.920161772311245,0.0278731670279888,-0.038525984180567144,0.004658913911123436,0.9962888864321212
16716.001601790034,-0.016063644543363603,-0.41219632899061687,9.966329806040362,0.027739879749348346,-0.06026241997710145,-0.0045144681353013185,0.9952994162975514
16851.985371716488,-0.021709129031721525,-0.36138679990805583,9.85300127613597,0.085209752678524,-0.07580380714250073,0.021609979455438244,1.0149716660713695
16987.999426002443,0.003832314524613062,-0.21025130807043052,9.938938955728746,0.08977503278936351,-0.032733113059000354,-0.005401497244126123,1.0034183535766772
17124.002601570544,0.016822493590396417,-0.27717897680939174,9.797321350614439,0.042594249313872366,-0.03169841134835347,0.00751703456156295,0.9953345108948064
17259.007096671332,0.0227677491295215,-0.2229483863372878,9.941559955560686,0.006132229882605603,-0.05785653260131954,-0.008251044898835784,0.9993976417788477
17394.98911282408,0.07976495710671618,-0.2373941701781477,9.883704515088725,-0.004024999939576779,-0.03655556684335499,-0.006750167993060254,0.9778567926848272
17530.989756557923,0.1051599583436108,-0.1693638053912267,9.930354047372344,0.07717265101188778,-0.04653438769334875,-0.0308763723574041,0.9935492914146072
17665.994601642084,0.09218741617276201,-0.19766930857902895,9.95207271805365,-0.001739968510031905,-0.02713410940356402,-0.012249340365852117,0.9898842039642587
17806.988029181488,0.10973539474392992,-0.1922328020625459,9.901044669558743,0.022318425381265706,-0.03572592657973681,-0.006281061838300537,0.9938868502816133
17943.003356036872,0.0919745890362108,-0.13394202666689684,9.943385196386622,0.05153577060520471,-0.0006073908280271681,0.007298083601148653,0.9795072978740564
18078.99375832186,0.12331764791000914,-0.07502193320204922,9.989696305556597,0.020528907291017643,-0.0399511860407783,0.01452866422349474,0.9951463143165729
18213.98719339181,0.05904522384876849,-0.1326561809472215,9.989426491922856,0.006686817712430572,-0.0226448940499464,-0.00978711740199002,0.998078253391425
18350.009052560938,0.09153432236262975,-0.128939217127604,9.896137025792905,0.0274477522988334,-0.032147060969226156,-0.019780449270829687,0.9860272241161165
18486.001528594883,0.057997815083060386,-0.12849156317909938,9.8909588419261,0.028280744595687208,-0.025873962407377046,-0.016560222069054453,0.9976965172890191
18627.01662578278,0.09494158081800133,-0.09173790730965171,9.983908129546641,0.0015970378908665324,-0.016760351136336317,-0.009970002813564532,0.9869992101585346
18763.9985171756,0.07202525362770607,-0.07011736049979579,9.980525707793854,0.008026738148446655,-0.04883214438194862,-0.02694761129296559,0.9884543450008916
18900.984668063185,0.04744678208199703,-0.07648303416770817,9.881899823247315,0.01683533283972698,-0.020348886311557617,-0.0222778590933435,1.009346310612658
19042.021171548353,0.09075583282468867,-0.07047137169663303,9.930518372026716,0.04590551286556993,-0.04704708767682619,-0.017630427728097534,1.0025997678012848
19179.0018492516,0.1305846370898758,-0.04742568304270809,9.945479946737274,0.01052308929990639,-0.04167700509649324,-0.031806785002109685,1.0026742787862506
19316.0004070775,0.11387192687032129,-0.07755546333884818,9.915388890875851,0.020527172209066486,-0.051311483031646836,-0.020205794379008393,0.9944387990433478
19452.98924140344,0.09627644929668332,-0.12100440891906147,9.811863925368613,0.011294691048878569,-0.06845654499331018,-0.010243677085692402,0.995057846324327
19588.99593583322,0.0902086497767535,-0.10065399716012376,9.900155714926234,0.008931432711417499,-0.05718348756803574,-0.01598024798611922,0.997975555873136
19726.003464999303,0.15273538888816765,-0.08684195403113283,9.872855352346573,-0.01055199724429559,-0.03585899454581291,0.003958827259472949,1.0089125077329222
19863.00040309122,0.11162856513646022,-0.09725895130688335,9.949414090782417,-0.010498117906280652,-0.05603945437188682,-0.025562232922075403,0.9985396106453645
19999.99640030842,0.09701110015596524,-0.14187085102129848,9.874967218834385,-0.017566000873885233,-0.049386430443209076,0.021059977084310576,1.011310006980345
20141.997138926632,0.1195237209084999,-0.1766405267525526,9.818026633710979,0.03159394116007554,-0.054952577964640675,0.0088412072505714,0.9887751212926453
20279.024405194945,0.13747927651209094,-0.13106612273409984,9.879116570380567,0.04084561474627301,-0.05496846780387811,-0.0019247444572092582,1.0018354205211435
20415.02297736048,0.09947512358600306,-0.009340640816650508,9.949098198457623,0.03615349601409637,-0.04344362167321004,-0.0014026556955238807,1.0044706805628782
20550.00348810845,0.13125483736801316,-0.040792151483527765,9.958254342598925,0.03207808742834173,-0.020131779563333254,0.004187667783278178,1.0137470209432065
20687.002018949617,0.13838730236193708,-0.028954341735264198,9.992156425775248,0.003506089153510518,-0.0028068327958591056,-0.013928363299567592,0.989584165512138
20823.00818839608,0.14361365428040926,-0.08583903142568329,9.882015410139132,0.0387297814334891,-0.03959327271112036,0.0038189455286903387,1.0139900339109342
20959.006963525135,0.11590930775462822,-0.015119536300312772,10.020636022471358,-9.397334669598834e-05,-0.03291324487308613,-0.016054008333111703,1.0011812728130627
21108.000093734758,0.1337939328824555,-0.07095298200890539,9.874827918557868,0.007037950380442165,-0.06026616207428207,0.0005492957260019557,1.0023656357657158
21244.001457756123,0.11846364737438768,-0.07472136051891551,9.922576103432363,0.028285355084584258,-0.046894603789816525,-0.012157418983016602,0.9909836316541916
21422.00762375614,0.09812756021549696,-0.05303099372195107,9.871985374769823,0.02034917975730459,-0.07348247391853306,-0.007162955745572954,1.0088961909152374
21561.98403297504,0.11317851386641377,-0.03697137531642854,9.890602595170806,0.01728842413470386,-0.06333723487049517,-0.007120287367335879,0.9928039438852302
21702.001818206587,0.16982361813903732,0.04094093100073698,10.031519955907061,0.02977661022731347,-0.04968566340660442,0.017473751077455742,0.9804829044295785
21841.003651269264,0.09043781101639198,-0.05507798129146641,9.87276523398217,0.026552664301892365,-0.01843277502152024,0.020861069639530303,1.01226503163897
21981.996788638593,0.0944664443997294,0.048052746291095016,9.933283949101517,0.024477159888927076,-0.04126298765975538,0.00722823848783082,1.009709632901155
22121.9955862648,0.11115341165024611,0.04340639222776663,9.831924807681805,-0.013690378202625126,-0.04213708252395815,-0.00477562500767452,1.0121976413700084
22262.006575504794,0.09970654485669105,0.04371303501264864,9.964417906680282,0.01574819574047149,-0.03831953351076377,-0.02078644923992436,0.9987872791555149
22402.007500264306,0.06204544786134902,0.04639970334116157,9.856428528137561,-0.008690817020550351,-0.0542775008073391,-0.005185118199696584,0.9933947398558685
22541.98930059251,0.13132664222787463,0.08314131890671875,9.91966699662264,0.03077140810897884,-0.037400130159411786,-0.002687203316845741,0.9738717854703456
22688.00815110847,0.11343410588518188,0.07352741359757445,9.960866900156525,0.004579369319092522,-0.03179014812349978,-0.017395645632080833,1.0039040013742992
22829.995668675117,0.13656302744774537,0.06837705602444427,9.959586756243779,0.018033579494883937,-0.03730949112518199,-0.004827670163121934,0.9956971570378854
22968.989920822394,0.13073946168088707,0.0672110271844442,9.866208733741246,0.02053973372566655,-0.054086970816651474,-0.015632197533782855,0.9893055320230619
23109.02177348401,0.1107377782591053,0.030816548790882005,10.00982457225914,0.012489728267649425,-0.047880696837387327,-0.00740755751207114,1.0045157867983765
23248.98789570609,0.1479242222461334,0.017875465515922586,9.908906680422557,-0.014653701270946517,-0.04686534950218457,0.010377828970218465,1.0148960703701613
23388.00109025183,0.1123949264250527,-0.019767823835700853,9.967097034743714,0.009542531008103773,-0.04946687082993871,-0.0014076986523225985,0.990138257765336
23527.986455298378,0.19699305830364564,0.0032760108021634734,9.955016228361476,0.006206881422541129,-0.07879413529235432,0.0043489475284382,1.0052234259930943
23666.99201650987,0.1823285608981728,0.02725034836221141,9.93504049151696,0.010267011933817518,-0.042224650685614526,0.006832405541928194,1.0169779065000013
23813.004911615226,0.14408639201871115,-0.004636057779158907,9.917184879758945,-0.025336492573609638,-0.04895828227403891,-0.016074371303029713,1.004683558178177
23953.007032167447,0.15281667360901746,-0.007421415471798652,9.937060305957177,0.015282865318203965,-0.05426839855377131,-0.00847418414214495,1.0059460858292768
24092.000392869515,0.16068298259363653,-0.04208088901588404,9.892336611449409,0.007936575452331259,-0.07001235517363383,0.0063676828139806905,1.0008954503714096
24231.999780186252,0.15084261563045034,-0.06972286177163516,9.921271292278787,-0.00421041126206073,-0.06923394233901489,-0.005118827660214226,0.9805262045950293
24371.984603866273,0.2599538317196672,-0.03766325054630303,9.915188523879282,0.016269723550797144,-0.06731048571132729,0.008414489578315539,1.0055820891441232
24511.01047534151,0.21596488712094833,-0.09577793491196449,9.904170773847893,0.002840037138597479,-0.05094494504092869,-0.01237374338212368,1.0065765842932244
24651.015736720943,0.23093685808401176,-0.12366281129817419,9.914140089703071,0.03315471369379217,-0.07075359516135384,0.001025775866701291,0.9923027567301153
24790.98317439367,0.2493146196945911,-0.0806183239100756,9.915312731308685,0.016330118733446336,-0.043620480021785125,-0.011726479892853105,1.0005271306110963
24929.990295576306,0.21134366710585586,-0.11262421031387937,9.902322564862871,-0.006840820602496434,-0.03018554923926673,-0.0208225877610765,0.9961331603717406
25075.993022288585,0.2209598988982557,-0.10701668846258278,9.918992445599816,0.003888668781440457,-0.05757705263067111,0.025149549471447187,1.0033586068942386
25215.01061882491,0.2136659414500166,-0.14431702318194742,9.871536542849473,0.00750916257671955,-0.03906546793388752,-0.002339890691863393,0.9838288664795459
25355.012127085636,0.183480141821259,-0.06721725447692299,9.9228087733167,0.02022529891853489,-0.03480218115689701,-0.02415022936852981,1.006993028335944
25494.97732755474,0.21458674640446695,-0.09604477386834398,9.84743860056906,0.03476849992360163,-0.04856869304305884,-0.004191193644243311,0.9871546163172519
25633.995551280546,0.17897355016206995,-0.10727355030084222,9.953395291162616,0.039470581790749845,-0.020480117814473415,-0.01635134946734075,1.0162740110324033
25774.001738501225,0.22844848781672106,-0.04198202014052683,9.892339418218736,0.038239847413679307,-0.029694464779047823,-0.016282137791427502,0.9937320066240753
25914.002732056426,0.20597899633606828,-0.039786488259024796,9.92591307869792,0.004991297332988866,-0.03134029040157098,-0.009882327886945048,0.9943559701285217
26052.99289155581,0.18311753534319608,-0.04353849314307751,10.01343994275735,-0.011599397159710026,-0.025338409735652382,0.004445399214867568,1.0061435244263401
26199.006427625543,0.15260304403297523,-0.05100892616651307,9.938510769697958,0.007835638886797008,-0.033777445112800814,-0.017272087178079047,0.9982270395012098
26337.989707015604,0.20394391525319253,-0.14554844877573672,9.850279460560358,0.022191591093865853,-0.06001923039080537,0.012117628968532017,1.0313130118449705
26478.007724469542,0.220674916905638,-0.08093916221323623,9.890303038451629,0.006220759110106231,-0.029851244661491,0.009622839211081308,1.006713822245295
26617.986419239074,0.20885037058915962,-0.07273308197168077,9.92897159915849,0.008433362881797704,-0.05703603376982418,-0.01243127195378051,1.0041014973352334
26756.999265789418,0.2107081812437673,-0.09163444888681758,9.931362160997352,0.00530965731707124,-0.022285247203773787,-0.012189713266746501,1.0035027189642058
26897.012392726752,0.20409545854773092,-0.12929883992432106,9.919803994627005,0.0043135269683389245,-0.04585301042190769,0.0008843477175951463,1.0055820898706116
27037.000972831807,0.18486248992705928,-0.09294746534093294,9.939319314455508,-0.03481174351198601,-0.025172351188217673,-0.04451685949506564,1.0051807688372645
27176.004433192902,0.16879079715524592,-0.11670207834540341,10.003414549360857,-0.0017095943629765289,-0.017939923358110295,-0.006355249458986919,0.9934098568156883
27315.996173407795,0.18372730622356695,-0.12899873044003682,9.910093910256073,0.004048035013128313,-0.04639182102778505,0.01052230263868445,1.009005983793736
27461.013347815235,0.18150486499134563,-0.11703151095732744,9.929767450171465,-0.0238156197157636,-0.0654499598710683,-0.0011791984410390926,1.0119115977535043
27601.00024059257,0.21160340798620395,-0.20271379065849338,9.943026389402432,8.639129955258115e-05,-0.043882289421997824,-0.010590418143348183,0.9749398893157407
27740.98356684307,0.19463438066557337,-0.2019432137157883,9.896082813036465,0.040597459892726034,-0.03790560248087097,-0.01994392427655183,1.0103966213544002
27880.00292464635,0.21055566822194996,-0.13415288474708312,9.916178730832083,0.006640398345300473,-0.04667040498622124,-0.011216646309103007,0.9928316713991355
28059.002454295678,0.1662601310674867,-0.12339822406388765,9.892942165902939,0.02622047472909854,-0.036946091058528,-0.039763202080445086,1.0063959146518953
28199.00022020504,0.19868033717770028,-0.166002516163673,9.94083732911184,0.018397761962495908,-0.03762347903470372,-0.016747954763799654,0.9973316671865039
28338.011776541258,0.18307215501113827,-0.15192939343027806,9.941998524966618,0.034446930345367194,-0.020701886919106134,0.01279703036491171,0.992376199841871
28485.001044352077,0.16022260215237416,-0.08937869192802307,9.931505020503282,0.014890804543741505,-0.02754649310521627,0.01073628186457547,1.0101920867863732
28629.994825983962,0.2106133122837076,-0.11354176382896113,9.927269685257915,0.00111577021698586,-0.0745814326986354,-0.005964114916069625,0.9963031058364082
28769.980062276143,0.1960081184567937,-0.1859462226928765,9.86047622508884,0.002644294236652445,-0.02553938800186611,0.01127583699977388,1.009194586848148
28909.98784622686,0.1814104894871149,-0.11811066923189614,9.963927447295633,0.0012907271401717392,-0.05518992511515336,-0.02820235500908625,0.9871915676543097
29048.99282412887,0.1723177066249161,-0.18304473700790197,10.004404724756169,0.012611901971433335,-0.014088075410080394,-0.008065832146420282,0.9998314850687274
29189.02124486698,0.2080820020554422,-0.11920733764404567,9.870568933526599,0.024616234939269416,-0.033766855751259546,0.014527466022832839,0.9981954269347224
29328.976439653325,0.17112868821211397,-0.16518326322252394,9.87170319395596,0.011641592888597896,-0.0777358224846074,-0.005044940703354005,1.0135090122020278
29467.984802180374,0.24036359356762269,-0.15222454668371455,9.926004143550342,0.021223706243391795,-0.04810059639945652,-0.020890509318914514,0.9897051603384992
29607.995640702557,0.21441449868507173,-0.11541667164393975,9.925311363234941,-0.005046864734473043,-0.03263543836535518,0.0064234991136805,1.0078190253074337
29747.992371784723,0.184740874540991,-0.1770349070013072,9.877208194278579,0.024338460279491204,-0.028820762295253956,0.013530875912623556,1.0082832632200045
29892.997070763984,0.19131701775250237,-0.13125356950935577,9.871936535069155,0.014838364177566435,-0.04672932056263152,-0.009379874371796054,0.985413176908212
30033.000559205873,0.22068378155019278,-0.1290082589165254,9.978366902248165,-0.012130645941515427,-0.031699151305406396,0.025034684850396314,0.9932204600210223
30172.006756001545,0.16911543152189848,-0.12884832794229,9.9209189474352,0.0161888007248122,-0.030478141589006316,0.005980543347027194,0.9925888280936729
30312.997081221332,0.1418495945974884,-0.18641822159697136,9.863133554333608,0.007831955279177958,-0.04402892317990727,-0.012089232154998443,1.0101996846698824
30454.015817880318,0.14762221845271967,-0.15379981700717846,9.885070032449487,0.05434595858278414,-0.07212746315341588,-0.009930046936338048,0.9969341533920745
30593.00621921635,0.16467905340018807,-0.1196895179967569,9.979420901283257,0.019854196758039615,-0.06908103267995357,-0.0005796608115572657,1.0053367730592753
30733.017395109022,0.19828586923838806,-0.07421575973939508,10.001081944268778,0.008457298018307897,-0.046317993644411824,-0.007834560433328983,0.9924258032754153
30873.009358514708,0.113722614660113,-0.16650831829233328,9.926950562714662,0.010063248408985549,-0.02756025289190961,-0.010212977906227966,1.0250456388365163
31018.002449633615,0.16608050027806778,-0.0540692469392711,10.001643407149835,0.020514556280381267,-0.05038189495618734,0.02017673348849026,0.9995721623040358
31158.002569821696,0.13028596903411005,-0.13102358965505015,9.95347062775335,-0.018087083099233087,-0.025893527853199733,-0.01393776436809957,1.0026511665449234
31297.011970520343,0.1547015781867437,-0.1555674138871976,9.949473570421345,0.04034821323842934,-0.048305895735062214,-0.014714344301186143,0.9871801319119681
31437.011921517034,0.1838509743885902,-0.1471590435758408,9.927235645800682,0.010747130461509805,-0.026341940918263307,-0.0034768329205558998,0.9859396494215898
31576.98807769455,0.17473717946122938,-0.16245496127949915,9.932461436028174,0.002217911872498044,-0.02939347278787691,-0.012069283295780633,0.9967648704766641
31715.99918616737,0.22106360581050238,-0.15182309323041715,9.900703829204048,0.01684357877343626,-0.06969068908055404,-0.0071496960636810445,0.9961521313845179
31856.010254995304,0.20578186738895804,-0.12115956612800582,9.960815299788658,0.009733290364375062,-0.04081875211307338,-0.025749345160079845,0.9881217218838582
31995.99096364861,0.19678432151322864,-0.1737393089660963,9.94731152648453,0.012473322575989697,-0.033151769815177305,0.011818836797931007,0.9914543620649845
32134.999038348502,0.17988284602492832,-0.14473081198504753,9.897337790361226,-0.00642138120507578,-0.05584105443465443,-0.00956049220806378,0.9972113232343139
32280.985071403305,0.2041303192936489,-0.17368337295623168,9.874027615239651,0.031228494439084754,-0.06712160978606328,-0.010254275027510145,0.9986190251515715
32419.995257168208,0.18782017490038277,-0.1706076303806056,9.913382702158618,0.004587098517372575,-0.061316088961052735,-0.017951616420795263,1.000770278361353
32559.997785413198,0.15310107432889872,-0.14114752553705204,9.913861692012738,0.024098396876107785,-0.051578145943341376,-0.017354363314492863,0.9944753634230352
32699.99355577291,0.24088110900916895,-0.13043512446619604,9.888928417812531,0.018302154783892733,-0.05245889312938413,0.010663156639877554,0.9992047299525008
2663.991190015972,-9.6814977991583,1.7059550706274993,-0.5518476438892524,0.032494108937995377,-0.053039724756184334,-0.006396542156418606,2.000065911004837
2800.0086088464936,-9.694967325679215,1.6170862464789484,-0.46798175300536476,0.01333334979627118,-0.04053714998436415,0.04631839601565237,2.007856083226659
2937.0098676616376,-9.574071055506481,1.6788093843993575,-0.586945227809328,-0.0027011377666846213,-0.014939545109543663,0.04782301994326695,2.0134834239471906
3074.0028865876825,-9.625071482026366,1.4637201746839779,-0.36620875888487275,-0.05803230921552801,-0.0559883942793754,-0.0545863769379569,2.0088145988897077
3209.99468789363,-9.69558056416481,1.9226856634159528,-0.11671727467522999,0.014623901534041821,-0.037028646795872026,-0.06449854152117873,2.0034643523171147
3347.0274627298368,-9.684000506399261,1.6500036622289462,-0.41035235487517047,0.056152843512805674,-0.0761510470254939,0.03371541443338694,2.008668929506823
3484.0003230721195,-9.560151141419336,1.837474670245789,-0.5198609691098954,0.058105747534926304,-0.013554210544201938,-0.014136748580695297,1.9927509884420325
3621.001656064814,-9.744766139629556,1.7349039110868065,-0.18750834478904221,0.05027740311041874,-0.03378768122257974,-0.010111278896842093,1.9960007836576201
3763.9853354820593,-9.730497298665018,1.5094986930303924,-0.32355610957767933,-0.012375698713415062,-0.07211674033275839,0.03085177229859348,2.0004302078071197
3900.9911533488253,-9.561309286893788,1.6277523178452082,-0.6297708646588153,0.0010812431414171637,-0.055526592331245204,-0.010433093604583334,2.0155453568585906
4038.014830357745,-9.819477186227672,1.3918570578762968,-0.26285340049588424,0.0415799608231247,0.010718906842765883,0.01092907838394904,1.9980728107014853
4173.995309511474,-9.634766657497197,1.8670695270538236,-0.28029854814538285,0.03457013490953131,-0.04520326114413511,0.03810810825536772,2.0038353714771215
4311.002430531231,-9.618495876388838,1.6347090467867202,-0.30649625017400756,0.021675835364938025,-0.06878056924090985,-0.01091260715916357,1.996932794873928
4448.014164382423,-9.658573090459685,1.4690388462631454,-0.6035211714223672,0.030953118317528356,-0.033293664267249515,0.024216336673953058,1.9911621200782919
4583.008313072319,-9.770852230991187,1.4990322651197396,-0.5467167550788314,0.023779699741076275,-0.035576767861402465,-0.04965894094045626,1.9993228062927717
4718.997334327875,-9.641052111873886,1.8768996087531935,-0.40312274547683474,-0.00361782491492071,-0.05065539241852707,-0.04173323329427389,1.997906859746156
4854.972771959353,-9.611810927203562,1.769169533506786,-0.1704527723650592,0.0031673947622764802,-0.05658939823182071,0.013569758118560277,1.995400410031176
4996.977474508934,-9.656014167211774,1.6337120355647365,-0.3470731188069604,0.023548878861439235,-0.06002209569911035,0.03613773404051378,1.9881448986184111
5133.01694871226,-9.651005439153508,1.584486973075998,-0.4150043173702915,0.011451849186229995,-0.03396988176619894,0.013906128329495874,1.9931324222110114
5269.003551068761,-9.641966018770955,1.7272353168435994,-0.48455547041958097,0.018873054502400153,-0.042197170039109506,0.012221813456497772,2.009088447991081
5405.0027098798755,-9.623608161376657,1.7498172370776393,-0.4376855303085304,0.01801484398706262,-0.04291186938473697,-0.005811701873723157,1.995428103125262
5540.986568531931,-9.602380037965599,1.6915150349172101,-0.17071594449219243,0.019905967081970937,-0.038077800145161815,-0.032312924905787355,2.007208126010779
5676.008300674195,-9.623061077398354,1.7820982646767827,-0.31467618880948184,0.02678160386194935,-0.03897647379469,0.02239129787525702,2.0062369482197826
5812.004193456321,-9.627808920538847,1.7474397703107043,-0.3200467497234431,0.023726445986179224,-0.0693358766719712,0.03459005235052261,1.9998895720430194
5947.98742644063,-9.625285084106437,1.5820953759772014,-0.3449912975784158,0.05185369463714847,-0.047584023422877875,-0.018111432162643236,2.008406179457598
6082.983314573784,-9.705120167348348,1.7362563163466505,-0.49795932762182765,0.01368816126869034,-0.014847704666346162,0.0037724545774008448,1.972148132660679
6224.989339239525,-9.547582864424001,1.9848344369900588,-0.5095901261725047,0.018069861883246153,-0.03568544265513233,-0.019533882705308325,1.9941733332208587
6361.0044230326575,-9.641160197587748,1.6131097981472857,-0.47586805881516514,0.02451427108643783,-0.03346586759311038,0.006087373329381972,1.9943416125875846
6496.983312092206,-9.626781342669897,1.8059874511741056,-0.38476329940004295,0.02915459414316351,-0.021590985999956562,-0.03313562733637591,1.987082789546773
6631.995359299428,-9.624983194347237,1.8154366555005421,-0.4049320136397683,0.005402462708675797,-0.03991767029581981,-0.01267663402605081,2.003208762371423
6767.9912229083875,-9.68614436732536,1.6715404676114791,-0.42795185826578896,0.03528430008074816,-0.04076366710029689,-0.025382762464166323,2.0018818101843747
6903.999716433414,-9.741033054928913,1.6124346982864468,-0.39691901953990594,0.0429157400018768,-0.0633455075150262,0.019673887145797233,1.9913029801163307
7039.988943584495,-9.670080861854613,1.5893167209174144,-0.43883648942651676,0.04708279879819727,-0.08608217541760042,0.001270695269621122,1.9973374420169854
7175.002504775937,-9.643970035133021,1.6579624910434563,-0.5454790097430273,0.005071822938266787,-0.07746681505660644,0.010705684526397448,2.011269781037756
7315.993237280431,-9.60825746533975,1.7505662461128726,-0.0772620890704996,0.012462307687803462,-0.06345261714297998,0.007204830579226795,2.015452956687481
7451.991209779214,-9.659114032007519,1.380751934355723,-0.2454694945789707,0.00653377958821068,-0.08664312312928583,0.00021159221167629843,1.9901490683744436
7587.026252674738,-9.660855531639104,1.7200291218950086,-0.7639681491400389,0.012282170366713138,-0.02509382263300373,-0.028494856700972265,2.01124905097295
7722.985446586794,-9.614425369035512,1.8502490616320857,-0.15428611669221787,0.030181353195245387,-0.022836343244669707,0.023616015168558095,1.9938801893352425
7859.015034908353,-9.661387051306217,1.5918622199285537,-0.17145010165427596,0.0040441822148005735,-0.015549738470675362,0.023503825568128568,1.9954500045518837
7994.99109858251,-9.721886853990624,1.8091080468769623,-0.6480927930631977,-0.022948329009643,-0.039614324506309015,-0.011404874464287522,1.999976995058757
8130.005761957102,-9.690408723104493,1.6117823173584565,-0.26336860088066305,0.046918211803685106,-0.04012964139382224,0.007526380040206232,1.9847881861830436
8265.994927376285,-9.582161157883391,1.8407682890897965,-0.1601160553350062,-0.00014936585772054047,-0.06244645457407066,-0.027081723207933308,2.0053997525573934
8401.996254667465,-9.670721301276837,1.703220064220772,-0.2968993006408722,0.008111914300500457,-0.049902968905036864,0.016231509769527457,1.9956703891341128
8542.009093614271,-9.603577494074957,1.7681805618026507,-0.2613574414124654,0.028751118989567098,-0.06406814657314817,0.013079550656595502,1.9994035819291818
8678.98954832002,-9.54247246350065,1.7908144666799195,-0.6617068910382108,-0.007715649569960955,-0.019951070400172136,0.02296395090088295,2.015387320825404
8814.98894345238,-9.740369214081964,1.8111373487774614,-0.11132424540763898,0.01329532237351062,0.020033493362394357,-0.019419287639808762,1.992948875600102
8950.988629863505,-9.608301304328268,1.9063714280977981,-0.2238177274168711,-0.0058381513257515,-0.06380621182022987,-0.0051414014561463155,1.992330752463846
9086.00641082267,-9.578518730017384,1.8541660551698138,-0.48517636250688484,0.02322825606712056,-0.06813864816676625,0.020522046981692136,2.0078421063061582
9222.00679276592,-9.713966536868323,1.516644405190984,-0.5120226728791886,-0.05456489311670665,-0.04179780114241464,-0.03292334741530007,1.976306567207762
9358.002742293447,-9.667711095281115,1.8100870828237325,-0.45937638885707616,0.027290497419689787,-0.008309038702807539,0.01854286640912965,2.0144756551207657
9493.99119423615,-9.59165586721549,1.9970633985599962,-0.3864080158805605,0.030191423623068633,-0.042421439430958476,0.02863271644765297,1.985463872915806
9629.005581770161,-9.597195820680636,1.8855106349610775,-0.26947319711146206,0.04259413781636144,-0.04096181279956962,0.013156581400990785,1.9921415691754953
9769.993393101473,-9.65951811448348,1.7042697657561396,-0.465453813114435,-0.0021570339402023153,-0.07576122335559178,0.02076642107060481,2.0064169582241886
9905.99856982352,-9.60047828650327,1.828444068101156,-0.4906695944934507,0.015474473652147538,-0.054065892777599704,-0.01188362995173417,2.001446383161157
10040.986579860582,-9.636796375283383,1.933853081972829,-0.1806084255362645,0.000666095963923013,-0.005536526292083877,0.00048497291378810884,2.0047934139041295
10176.992875988833,-9.71545080135476,1.5287076201116485,-0.3848703449808152,0.0173406938781966,-0.07736566466100304,-0.006033048165418917,1.9972484481596757
10312.98902274527,-9.640944825050378,1.7405011284235938,-0.5269003455380149,0.00853518605747559,-0.022929057806798617,-0.038009738098529845,1.9902654524793746
10448.987759076592,-9.597113047932602,1.897897483788084,-0.32677835578271164,-0.0015990802273892523,-0.02256905078538188,-0.0023408718614447753,2.0127850677350376
10584.003969880236,-9.608625476765324,1.8503085214952795,-0.2105151404695689,-0.042012004516070636,-0.00641414099208805,-0.0008403220113231508,1.9793333903943122
10719.991717528117,-9.615394287556354,1.7675933162785429,-0.3937329515729974,-0.004194587673515128,-0.04134949650070824,-0.004687527850087179,2.012745835644027
10861.01625481971,-9.592023998283166,1.8871266473073696,-0.3705994351587651,0.0251989243903683,-0.06793920281717504,-0.0028464174049739584,1.9877492577777889
10996.992551476027,-9.641000734050225,1.7988085852824156,-0.5014029800179297,0.012802602780190126,-0.0323885456341465,0.0005696652216056658,1.9927823320364453
11132.006663218937,-9.611635851526932,2.0154820536635696,-0.5300186890871533,-0.017003669982379954,-0.014893228701991544,-0.013438909300517889,2.01223132459698
11267.992416809093,-9.764500100155542,1.8098764986533342,-0.22074207089672856,-0.004793486257544452,-0.04268896550259645,0.04059371573742945,1.991862555149479
11403.995612007388,-9.633198383830022,1.6094667774361597,-0.47185564245503697,0.018948795450094598,-0.06654010753259576,0.02508205977001426,2.0055213690312943
11540.016474429909,-9.706490933184181,1.5541350851753533,-0.6057963461206485,0.028566288144481648,-0.050248630776390774,0.003292526267609042,2.005165150410746
11674.990023408147,-9.729542357329024,1.6215699528510026,-0.24858626912082837,0.0036117676608967923,-0.020784444671059527,-0.009884455238712408,2.0117821220336207
11810.984244037374,-9.579062610362506,1.8126184515814903,-0.2791405641370763,0.009912126497180965,-0.06960151910056266,0.01524783049449566,1.988869482408908
11947.030322819313,-9.653728654512616,1.7946301534009932,-0.39454946124612184,0.014440810269885777,-0.037024153329826844,-0.011258332853554213,2.00898839084757
12087.012392567949,-9.641070252064438,1.8747983154468109,-0.4935269461893027,0.01902851920092973,-0.07837174385877853,-0.03023386046586877,1.9982376713242347
12222.994653617547,-9.565698844176971,1.5933853240490714,-0.3641729075795136,0.04219331776769429,-0.03812719360227031,0.018956152068465935,2.0023316336669486
12358.991178712058,-9.672893664928306,1.7382330216567707,-0.30741983610518264,0.05237651224202454,-0.011662769656005488,-0.0010695033703367707,2.0039469554968043
12494.98575958319,-9.57016852312957,1.8306298120203721,-0.2899101803428038,0.017454100898740884,-0.04637012580900562,0.006743366347143888,2.031490196934947
12629.991813778233,-9.576173234276673,1.8605125890016814,-0.2765881149839602,-0.006472302644038803,-0.0393941233062217,-0.0429280625142999,2.00181737099785
12765.991344786045,-9.575886181896495,1.9055799025661846,-0.3051543636325316,0.02145733849260572,-0.0611229100032113,-0.00862255993042486,1.9933663624566154
12901.98824752693,-9.644719712693217,1.7532363426869373,-0.33681322123780844,0.012543340006106539,-0.020925162737127675,-0.014591790744913704,2.000791167331968
13037.991037467431,-9.643025072358638,1.901325589618095,-0.43757478597120913,-0.0014007668913640357,-0.045336068248512246,-0.0004597580539850891,1.9945290133498237
13173.01046201332,-9.571895578559444,1.7991775293042622,-0.3658330913671197,0.008602463126095389,-0.04804611708137431,-0.007828863049749885,1.989777971758643
13315.012773099821,-9.575912224384057,2.0128484535712206,-0.21882281510960622,0.0036870444074666026,0.0013705623973085345,0.0013715574939823973,1.9961841905119735
13450.986664045318,-9.604826090409212,1.565012612212172,-0.2794255924489722,0.011083269444062323,-0.044928191740593065,0.012030134802687683,1.996292622903816
13586.002446641694,-9.660814775266903,1.7500894717011897,-0.34524891012297226,0.013519684105650348,-0.012365155923392816,-0.017263776433662403,1.988026240416278
13722.007412048106,-9.688141251432889,1.6003407430042291,-0.24971314469357378,0.049706194631818204,-0.048911952076953744,-0.014750822180159598,2.011737669328075
13858.000560757666,-9.660133390983992,1.7127254190208034,-0.4549281571716729,0.03781326950310561,-0.02875462550719849,0.014978423394560101,1.9948560249000176
13993.993211253051,-9.687186292749498,1.603010676944034,-0.3163022089217476,0.005784799151485133,-0.027763396662992008,0.017997406493961834,2.0060161849045883
14129.017978105452,-9.697157662336021,1.7801113944563922,-0.31946956230787765,-0.0050005970311280115,-0.04823722154153321,-0.005107247984286041,1.9957284087127751
14264.99508382838,-9.715749368127796,1.5983225535357137,-0.44752484054957326,0.019685149168387532,-0.06483988345968492,-0.025678243915100263,2.005436767492654
14405.997175545672,-9.651749448511051,1.885170825406479,-0.5710706343179128,-0.008323575283394134,-0.01138634366023238,-0.025385718985431162,1.9978011993552103
14540.996029433461,-9.627851276608267,1.729561545556576,-0.38053311106989185,0.015231441877719706,-0.030735843980273316,0.011406415832985939,1.9955603949950178
14677.009610316285,-9.604642160540546,1.774062386707528,-0.3045981439162228,-0.01174438043329055,-0.03356596630373645,0.021971305473200285,1.9977722889460687
14812.99319697966,-9.78508039124636,1.769716927560741,-0.2662845890269199,0.0018229279958898873,-0.06574772609470479,-0.008132979375032927,2.006931961886209
14948.992984652607,-9.725226037338912,1.6506133193475536,-0.6067058696147009,-0.0007500279688480158,-0.07110186814764015,-0.00867107098264995,2.0172513953686684
15084.00027287346,-9.659587012320484,1.637833510883388,-0.40119705802158667,-0.000798313107319778,-0.06585333983066556,0.00735516111482031,1.9935583133826504
15220.000244760065,-9.720276613871095,1.686504449926067,-0.27486671938184953,-0.041936963859751694,-0.024565956333116867,-0.013822846492975091,2.0081703808693114
15356.000321824009,-9.635403094048668,1.8051892347003822,-0.20841182518157136,-0.023644025248213258,-0.024302615422862966,-0.027487977339644813,1.997051923948548
15492.010771081257,-9.704312880714113,1.6663365464833675,-0.24407300641373852,0.02795231590402733,-0.05904731426713179,0.021972271860108295,2.0126990419417448
15631.997391491022,-9.545079913133746,1.9634199467834552,-0.49606866500871033,0.0083421557672479,-0.05291675520481402,-0.0129477359981034,1.985248384414689
15768.00117027224,-9.60819062475712,1.966920894348294,-0.2727883173707544,-0.015578412586751642,-0.044866939959074766,-0.00010558353371680005,2.0042892946350483
15903.986564399067,-9.658120080491532,1.655091714159474,-0.38323555501936457,0.028329430625002146,-0.050675331428161934,-0.0030161244781580126,2.0040160879577575
16039.998345969654,-9.632495784043067,1.5991812071839635,-0.45168360073369535,0.0029922081453289187,-0.047429225573366755,-0.01967083522428068,1.9951662450322305
16175.009754802677,-9.589340901462705,1.8276739988380328,-0.27903555570006433,0.025113031988939282,-0.033611615860878394,-0.017503132121554445,1.9902792660681112
16311.025819973007,-9.620822395418644,1.6776355755133865,-0.30825858566761466,-0.01277892471658387,-0.04483854393385789,-0.017824957959290157,1.9920919615963726
16446.993119715913,-9.562695851608542,1.954058214474865,-0.5048199545215428,0.017671612209794154,-0.04896394530100016,0.004189478299871946,2.0115806068689803
16583.012672486926,-9.633084533210782,1.678124538523943,-0.32872643217006065,-0.00041644319485460084,-0.03373222616638312,0.016950732262239487,2.0123922376837577
16722.997682880286,-9.664485816536072,1.6995261933493138,-0.44542751217160265,-0.011443267252743168,-0.023064962138259187,0.013861791180431743,2.001926086712752
16859.009182973397,-9.669909162111798,1.6227373149360946,-0.40513364050891104,0.04755331830409447,-0.05475452235076374,-0.016797675487382244,1.9774460943858683
16994.998071871243,-9.71362561160912,1.671749030826211,-0.35669288371962143,-0.020144160671875633,-0.03463377642220559,-0.03424846330683648,2.0105937562334963
17136.989072234872,-9.705611589310335,1.9432230566641164,-0.4422587713257652,0.024023636777290486,-0.02028006193154132,0.01018070401528938,1.9991557841271064
17272.98968183619,-9.72696173044321,1.4551178828068756,-0.2971519715148448,-0.0549874074783608,-0.10188503707065168,0.015850923927685997,2.0146210655020194
17408.995059967423,-9.613295893553648,1.8056128757699863,-0.6497578661084106,-0.0025465278719012992,-0.038892115557559684,-0.06750784039323154,2.00536984792712
17543.990667459002,-9.659918785630024,1.9714466041430039,-0.40440507928764663,-0.012995257660855809,-0.02633429324129031,-0.01788968543370501,2.0105505142266815
17680.006824240325,-9.621573045578712,1.8367348750933021,-0.15387634932250582,0.027710190041932644,-0.01966242697262384,0.04314872100778865,1.990890480196272
17816.008268786514,-9.59494366262741,1.7313427767968719,-0.3556407194059906,0.02375692518258961,-0.06154206613945906,-0.030746410829164635,1.9925574112086482
17966.983997759795,-9.588767350369686,1.9762684781411406,-0.2605160911458989,0.00029693390646670745,-0.011768436040023837,-0.018426813901236353,1.9896134126397922
18112.982450716303,-9.619721071995396,1.6201491257203056,-0.31618102663978004,0.03101877408666373,-0.09956793072303,0.023807009291468288,1.993767994170698
18248.99506487034,-9.627119799344673,1.8955355865463082,-0.5724543916473616,-0.008257660996264446,-0.028137499058729157,-0.051142463089428304,1.9892779781660188
18383.999423111498,-9.660720345251688,1.7463092178335082,-0.21593521899318963,-0.003181354444079074,-0.020584062464982344,-0.0048217448244814165,2.0116365909238056
18519.988845127613,-9.759415144982938,1.7164546826328475,-0.36349504276655475,0.016082460427352892,-0.06376670015918834,0.013472601106760506,2.006512820162402
18656.007772473848,-9.649078867001208,1.6804693575889416,-0.46556924412536815,0.006822652669236198,-0.02923329277191848,-0.04658864865288675,2.0106196149434585
18791.000393273494,-9.640221696086568,1.8763799409053175,-0.19672893209292938,-0.0079123513787295,-0.03429414121895639,-0.026808112528853855,2.0130030058289927
18926.998534075796,-9.703218676088634,1.6470864844044262,-0.5926489555212908,0.01972467700016146,-0.05082613104157447,0.029696087424772772,1.9966176506880302
19069.014361137182,-9.649102107993418,1.7208849618086919,-0.3424353943641017,0.008994201517135363,-0.017375971552899695,0.0016173731074106221,2.00337934908058
19205.000965443316,-9.628028008956104,1.764150791049658,-0.3345605495418493,0.013272318708796766,-0.041726916070371066,-0.025457997443344215,1.9975591111741184
19339.995024437172,-9.646028435376842,1.7646560908057758,-0.4926146575307704,0.020106291111876954,-0.06567821427800906,0.008278797465353609,2.0004303994182924
19475.990176555955,-9.624693139889096,1.5930115309752804,-0.4076643463509389,0.007124004695147098,-0.050200755907783064,0.016635450895878187,1.9865177917166383
19612.018497587855,-9.67166731201842,1.5332890913147492,-0.30933898188289377,0.02150558615609507,-0.03844064351754126,-0.033427007324760824,2.0059659969565544
19747.986480851363,-9.64883066366834,1.8132715797245222,-0.5230738959570127,0.009937560492811725,-0.02985234214421174,-0.034424223834950064,1.9937325144808287
19883.025553563086,-9.66692715637935,1.8179340847648824,-0.19369510346424562,0.01987495826993291,-0.023526361837638857,-0.0015269173368958411,2.0183875210233735
20018.983217884812,-9.686823338111695,1.6839692552576888,-0.30453947929400793,0.007628191284773864,-0.07050818310880622,0.014582193618854083,1.991287057935198
20154.984325436155,-9.57983072962602,1.8854385608394952,-0.4453718050064671,0.03797971961142264,-0.04815536191487812,-0.011023980476073447,2.0207833008437532
20294.992178617722,-9.698860791555175,1.5747688799423836,-0.08542320912419679,0.01451675849227101,-0.059211854449548865,0.007904376859873717,1.9977524504948583
20430.997125883543,-9.656462224171179,1.5819097361853296,-0.4436116716442653,0.018525411254429202,-0.06326781899376926,-0.009999728508729945,2.0018027454526126
20566.98956887034,-9.60448984015782,1.852181996529806,-0.3697197356053754,0.004474538884868009,-0.004802861599197951,-0.03812139915206176,1.99312311277417
20702.99875202484,-9.697391357952123,1.6110430105958713,-0.22742390071962085,0.027121047405359994,-0.03520577982063674,-0.0015255471584551409,1.9972642527961189
20838.0050246701,-9.663298590945345,1.5279787337186328,-0.377749659262666,-0.028988019059106914,-0.0511951422556521,0.00021630228266927403,2.002778077021702
20973.99245038279,-9.676565323813378,1.7255317237702352,-0.3180288695025308,0.05306787939820129,-0.04539376595272195,0.013787152136357192,2.01664189300734
21110.00808383779,-9.589606073157057,1.8195445412810805,-0.4099099736581666,0.029768613218198958,-0.04168839723597859,-0.022583277462852738,1.988646701710355
21246.00042551784,-9.62461027709148,1.9717458071609644,-0.26504620825804337,0.00631421718506353,-0.03238685957587035,-0.012298374094082265,2.012707335764801
21402.99630724029,-9.590937108810188,1.4502711175232452,-0.22837505530595983,0.025360023596181402,-0.05389232641291807,0.06681205733241785,2.0080067751662547
21541.988555251002,-9.677869114145627,1.4647853987209516,-0.5930644228727052,0.010610937997728784,-0.04821121470044274,0.004126816884699696,1.9803384794987577
21682.002575888782,-9.606078176461653,1.8481225734250697,-0.32926091111467953,0.0008585622356049197,0.009813354498599505,-0.029171426943255797,1.9984082593230708
21822.0019780645,-9.606519867086204,2.0552959388094094,-0.3829135625673853,-0.01213471890547201,-0.039521520966635686,-0.06195333268788992,2.029333158635203
21960.988952375203,-9.605037510376924,1.9879413740583889,-0.1611175730948023,0.0017443520838369892,-0.04797178287195244,0.026322360577440446,1.991660246115331
22101.00869600629,-9.626985277809757,1.4457905741272243,-0.4830477421519158,-0.005375482761201937,-0.05253720619124314,0.024360323432381283,2.009379981567261
22241.00248180246,-9.598044058942524,1.6213612540043092,-0.3612596062890906,0.05157060215437087,-0.03061326691791872,-0.02710218159819897,2.0035388096589695
22379.99764665585,-9.67083693526368,1.8949739914735406,-0.2507380076200507,0.01546140075633913,-0.006052364499726333,-0.04713605643250207,1.9966052277638402
22519.99687404071,-9.652669578867568,1.7032720122976133,-0.24913904935441192,0.01415556195583074,-0.06799666423557953,-0.0103791846116525,2.0026277552403977
22666.014167425874,-9.64207109514473,1.769826268970378,-0.4953589590199393,0.03552269169939963,-0.056291080592563485,0.010423706061057804,1.996501024939184
22805.005189232626,-9.59587600569423,1.80819997221262,-0.35933018218199114,0.0011722013673335432,-0.0018279140114960794,0.01364846767367843,1.9932854602605468
22945.013552955104,-9.594953723840016,1.7741835618816593,-0.2579137831899994,-0.01980191753209248,-0.0379612310767341,0.022298360896514133,2.0031138563769875
23083.983759558992,-9.630670916730955,1.8235791721925405,-0.2679318987719697,0.017145277060971978,-0.0414539721863938,-0.011583016103465816,2.021094638445371
23224.001643377236,-9.620898266111901,1.7229127762716416,-0.28820352568328844,0.045131617777304775,-0.04384361165371003,-0.020607013739794407,1.9812203437780078
23363.988382720447,-9.570410465973362,1.9982145048960278,-0.504727678709182,0.011415286392893489,-0.02957790822472089,-0.015420105159817385,2.008663329531086
23502.986764756704,-9.608233928370767,1.7081983426684115,-0.4288068197188976,0.0030805855697972184,-0.026815092400953658,0.044069474361139206,2.0031797861423
23642.993565887657,-9.677097772682169,1.6432814110770002,-0.34956154004025936,-0.011719361133565096,-0.042132433687053696,-0.007429463761697615,2.004565772838249
23787.978942482026,-9.567158522346224,2.1207395515017997,-0.39608070109129373,0.0029687114825251012,-0.006617396727188218,-0.037748905028366975,1.9893695225207897
23928.01159448401,-9.586182942421903,1.9759459799855787,-0.2985030561917906,-0.008154564060649709,-0.04814472026470191,-0.008064702165183388,1.9999300749583004
24067.99061275404,-9.641585781787883,1.7150742269949335,-0.4930014103168315,-0.02694076728471723,-0.039206400249116355,0.027031305558569547,1.9988876252831436
24207.999604603865,-9.661246879799114,1.7347223722649718,-0.5852327714716029,0.025410667847147978,-0.04441698437702577,-0.03113612988894159,1.9950412039158731
24346.989686246237,-9.607927520524386,1.7877043341737953,-0.3464376099418575,0.021656844565860246,-0.05307370528761612,-0.03465908358359871,1.9923403049919692
24487.02112842617,-9.619158923337288,1.932388947835148,-0.2619850290006938,0.014233256106549965,-0.03450976941893725,-0.008839427945392995,2.019296373636088
24626.014894231073,-9.617095703245079,1.9391087940013982,-0.15440671384456883,-0.015126707988374526,-0.04406557711854209,0.0168939393360919,2.0008989897022085
24766.006823329186,-9.66204230275649,1.5914001142667917,-0.4627621388302202,0.006578725488891102,-0.06273977080107043,0.012367654957264688,1.9972556385263713
24905.994502950074,-9.60965110764825,1.7914340766734063,-0.4456650625652696,0.019976597627123224,-0.012823604027378513,-0.023162730770143435,2.016724914266732
25050.99565481136,-9.665547544758624,1.8328038301367917,-0.2588226794530628,-0.01207765702978886,-0.050036286387586754,0.0034686295977358022,1.995740527368386
25190.99765857647,-9.674862586791845,1.7783574550645997,-0.3910728594480183,-0.008902069415639476,-0.059140301377326544,0.015022725809992324,2.005956531197123
25330.996598188223,-9.580873111291696,1.7128461162802604,-0.37156074798396976,0.030476865005818327,-0.06324908607132568,-0.008625125859732087,1.9884985409104194
25469.99171572785,-9.596653130440178,1.8490260882582334,-0.4514616196176407,0.048072456008602785,-0.017145660277362543,-0.0050135335255116235,1.995519734297598
25609.987908050472,-9.520626279847614,1.7805938505480217,-0.22277486766547752,-0.0030881744855117957,-0.051892522075570796,0.01123832581063771,2.00177515706328
25750.004862615282,-9.655173012140338,1.6960172832584606,-0.3033957679640066,-0.0025960663930867196,-0.026261179464714398,-0.01479303706994209,2.0006357260202408
25888.99130667244,-9.598042789412323,1.986976478905644,-0.5243018357132757,0.008895135333967758,-0.0700088161219163,-0.007034722144374247,1.9901471178965349
26029.0134900717,-9.659780293862864,1.8506086972185576,-0.227125974443892,0.034824602560575624,-0.059107782574136625,0.003395377098937647,2.007352633620798
26167.99827132188,-9.585376918339783,1.9316745877749704,-0.7672410397936986,0.04691113215444925,-0.07709171537533914,-0.015065605627411216,2.0058368287989814
26312.979309111404,-9.560696291047474,1.842567762166766,-0.3866482150179827,0.02191272218589712,-0.03680695955116394,0.03756190208684065,2.0056479742758673
26453.004687899578,-9.711535161429532,1.6770646153611928,-0.35453214302556574,0.004936683749884627,-0.039722956180089884,-0.00562572552039731,1.9981755573370397
26592.007349689393,-9.567388177391294,2.0226559480893758,-0.3366047479057401,0.015397456795221908,-0.03439326475819733,0.0011426179923941784,2.0036946949267365
26732.015389910597,-9.593038789339802,1.9471647936943515,-0.14792028241556193,0.009687620168969275,-0.049580198853352304,0.0312032280871458,1.9967417403685932
26872.00521524689,-9.662969139505174,1.746266317819784,-0.5927804760752358,0.02703410473357531,-0.04473711851754892,-0.0006596524070129642,2.002244702940029
27011.001620130024,-9.599780738921222,1.9775321407139979,-0.3476249414597294,-0.002650055537522856,-0.0322247439257798,-0.006218714160135836,1.996802861671764
27150.99010541824,-9.613471406284116,1.7612701890489304,-0.4189009742709797,0.032636183999458925,-0.03613992094249962,0.014900077909698599,2.0050513192331976
27291.00249556938,-9.611110879799288,1.9759860724263791,-0.2963124515372717,-0.005854372258675217,-0.03947756256675585,-0.024085801554257425,2.008462861763209
27435.983094924755,-9.650191897185428,1.8027266862780427,-0.41419109871973636,0.006751998594186065,-0.048467834846081435,-0.005948128191334274,1.9798168999180366
27575.992837192844,-9.612631413264042,1.923091688624183,-0.31720918563159844,0.0336638327707182,-0.03434507003956349,0.003602095525842498,2.000476256025778
27714.987072319203,-9.61948457325512,1.8933362840764452,-0.25349582799311055,0.020733710613136763,-0.03722262032771452,-0.009497535868856417,2.0119160298335492
27855.006347521736,-9.629297812370423,1.7356063187912985,-0.5039624480531737,0.029024995208080984,-0.05692725817438885,0.020949502442559335,2.000827471974935
27995.005891637145,-9.614268408562767,2.0540716996871704,-0.4142801333816731,0.02088630359179276,-0.04025406099697854,-0.0021405192576047145,1.9994801305026664
28134.012144917888,-9.594403023879565,1.9173546590074855,-0.10948403761192647,0.009660544112709446,-0.056031306608361066,0.021804214890839436,2.0118163290681057
28274.012702753604,-9.649056944073669,1.6891747080178872,-0.53595182269993,0.02355594605536484,-0.07464832145038287,-0.011517504200410618,1.9920302077764522
28414.001708200063,-9.547059717117875,2.014191659451209,-0.5875321020532376,0.03956581708774699,-0.05049022948361503,0.018752068364114298,1.9784667985566804
28552.99479628646,-9.702217334605221,1.921322190656921,-0.1838182938296966,0.011771891175126456,-0.016264810323565183,-0.0019153596089691157,1.999360801110864
28697.99102950553,-9.648987315058296,1.9504931321895502,-0.3019860954386933,0.01432715486550158,-0.07579522362220578,-0.0020846720871689024,1.990913613161868
28837.001934723383,-9.5919456044286,1.8171892609341516,-0.5228312221701784,0.011157723786477435,-0.09120686626897266,0.008968934806320146,1.9984696993825428
28976.992580104103,-9.587604861638617,1.806436686731038,-0.33795267135714974,0.03620311775783326,-0.030396184372930866,-0.0024554267256386,2.0028850406934966
29117.012240482054,-9.626934967965258,1.977723896778828,-0.3204134567619818,-0.006460403772272022,-0.0354378365387883,-0.027077148704767812,2.0052737174080715
29256.008349118663,-9.682659768638088,1.7687869720572533,-0.45625790042789666,0.019462080799919276,-0.07028265456231765,0.0005852444983994134,2.008995782035605
29396.007495896964,-9.672927969005993,1.714327890027099,-0.48747146787503526,0.03032869595033617,-0.04234386038951778,0.006392818998475622,2.006483273349125
29535.995579676204,-9.518549634334391,1.9646902546829161,-0.37102433572804105,0.07496441241735748,-0.03813175610457242,0.004483633431312104,1.9924112748483058
29674.997806069532,-9.609290696230385,1.98342815404449,-0.19495279224794082,0.031832863084519845,-0.05077041949691869,-0.0017738869875398877,2.0142324033031236
29819.98920013996,-9.656020180906566,1.8671088251334327,-0.442681593938495,0.026307993651112253,-0.043886781806052474,-0.03270842817928305,2.004091955215577
29960.006176835806,-9.547145559126156,2.038884802637004,-0.2931859636132723,0.0401474649141318,-0.06305651490058048,-0.008013398684826199,1.9963008376825462
30099.993822613447,-9.591974464731708,1.9802147688072302,-0.38027445250147235,-0.02946464136362077,-0.03436513998682269,-0.003961511262808027,2.0037140917792935
30240.017882166947,-9.610997889734483,1.8081221687313824,-0.326284300319001,0.006960079713335928,-0.08222238139739337,-0.005240677067454739,2.011173998951139
30379.000571453045,-9.615488984307435,1.7435495535264436,-0.46329744377055765,0.004521957805148073,-0.02944749757943565,0.0014304139310424985,2.0049579207381116
30519.00642014764,-9.619378446621289,1.697731345380515,-0.2904458961178462,0.022905610414656507,-0.039946413717184694,-0.041891637189803266,2.011563566451798
30658.993182111484,-9.571945414508043,1.9282555162021635,-0.25848984358250815,0.03365349035392167,-0.04308629934490792,-0.03443671720471737,1.989952397160296
30797.995521874134,-9.557916206220257,1.8062497475640364,-0.27617051575228724,0.004555994877677324,-0.023066957951868715,0.009481631527477944,2.0069175217920976
30938.006848991634,-9.677460413662399,1.7818433032845502,-0.20830620604102387,0.005935786204828518,-0.0521830230487602,-0.013489952274942409,2.0063467381752993
31082.982554424096,-9.658284709131403,1.7313602646159512,-0.3878246186470009,-0.020226014084963984,-0.08306345563838836,-0.03766175694681436,2.0000208706142844
31221.97057343431,-9.510796413059344,2.242610386659238,-0.4443179666524205,0.010032160227843527,-0.015829124288851002,-0.019368798317449646,2.0033834161256743
31361.994240395,-9.611426402958793,1.9401550595001653,-0.1730920962785048,-0.013232967890294971,-0.04240028487517274,0.004540510359276358,1.9909667890135576
31500.9909388165,-9.538356207939342,1.6660947381973408,-0.13110198869375364,0.10785979228710284,-0.026799647060715644,0.010567634953241924,2.00206366492801
31640.994772582057,-9.745338389269566,1.590720977908153,-0.1646227834798079,0.02093560132516393,-0.019939062525644015,0.03439934873198746,1.9982679818652243
31781.00515329702,-9.661477992190758,1.8414062249391447,-0.36924280293967543,-0.00877490640270619,-0.04990306243920327,0.0334753114512279,2.0035680597198584
31920.013545409118,-9.742449190264406,1.4710653144117676,-0.43927071459802874,0.030036084811139275,-0.08246772318224135,0.0028352012650611643,2.005808669268484
32059.989293089082,-9.642714806410005,1.813692210680426,-0.36283486931357883,-0.009472745664054179,-0.03859610850063009,-0.02036460945455945,2.0013503823542202
32205.00834746033,-9.703447665656633,1.7021046411700527,-0.14394452752292722,-0.039286161279835835,-0.07239581014547222,-0.008390922419179825,1.9761655977071708
32344.01892425956,-9.62037769780627,1.6113997891826928,-0.4190607357179038,0.028510019355661675,-0.06061928099283373,-0.011852629331587067,1.9953442760489628
32484.003981357047,-9.691503943807652,1.7253495589042134,-0.25168481225155426,0.019209073061492877,-0.011704845690473703,-0.019124307616974687,2.0132533210803585
32624.002333383516,-9.615779672601436,1.881807724479041,0.05053840014461131,0.043280463929055234,-0.0881828533401223,0.029334573610599237,1.9974739180405836
3161.0049011876167,0.051126606701303264,0.16674627464287164,9.867589531728504,0.018324891678825814,-0.05126780435629833,-0.02681773570888467,3.006406268724263
3297.000617721383,-0.0244295116416108,-0.04025261597141773,9.915867507910237,0.003848035866681013,-0.06822620656602069,0.008996450017719338,2.997613138354252
3434.000263522048,0.05164294255742055,0.25379473607492004,9.778479531235458,0.010978112148427852,-0.08313684641463134,0.008601718382550062,3.0111549070770147
3571.0015442692593,0.05442719408823505,0.13723741593118258,10.02051050339208,-0.0022923619066796816,-0.005194053226907324,-0.014012900151380757,2.9946132158097116
3707.99379493189,-0.01925204765539414,0.24222537043743278,10.123877022970504,-0.006138154336821784,-0.018755542145957718,0.003318087719217805,3.0045951393589103
3844.001794932465,-0.0220104080876866,0.10713565619085084,10.103223388580824,-0.02248177265618927,-0.04188510957963182,0.007037915529440194,2.9910672665997486
3980.9896871190294,-0.0936670737656411,0.022114027783750375,9.7412500378166,-0.01866191524428572,-0.04167836020266809,-0.012360688966675432,2.9901590073678523
4117.9976907739165,-0.02223587548874908,-0.09928598264527703,10.035816240374345,-0.005510102119260287,-0.05487621862986065,0.013573391767311602,3.0058086241208835
4260.999270911539,-0.07289642344956794,0.27716534964646977,9.863712468497233,-0.005664551252852458,-0.022513593743635044,-0.022870151895442538,3.0068728782887644
4398.999071469166,-0.08747188128763679,0.053061125874021696,10.063699599467363,0.018425246779416735,-0.08391341817592274,0.012176428188367594,3.00572809097415
4536.0108838334045,-0.047171921074364215,-0.026151452437839603,10.092011408512494,0.014704020413163058,-0.07164915888020647,0.006913607080045041,2.996506124121611
4671.989784050135,-0.05021389169501786,0.18129508348055232,9.91957974821018,0.015312619028155528,-0.09632840054390011,0.025226142949960083,3.00542212087368
4809.003244710549,0.02554790379341113,0.17393768097404155,9.786837778600063,0.014204779381504965,-0.09827910757811077,0.003014532405662106,2.9971507132729296
4946.011784043877,0.05908081201467489,0.03009205271223682,9.758876124677442,-0.009418810037597062,-0.07399352723824194,0.02048770664084518,3.008924274335231
5081.981934900924,0.047890980191838635,0.06970845929483911,9.964712644082267,0.0013601218200753181,-0.047263505623569416,0.015702211610104957,2.994628148918582
5217.005077736527,0.016947758023521484,0.06003991510746811,9.788902564635354,-0.05033549047746577,-0.024531712960641463,-0.0028885439816109153,2.9887063690301123
5352.992709361609,-0.0729200854185087,0.1356253712863593,10.038258430901962,0.01397325187886842,-0.027135165944640542,-0.011466003571154394,3.0163419203104023
5493.986989949418,-0.022886344051653556,-0.06568768336253863,10.048259344962878,0.004755800988636657,-0.0725722400385726,-0.004312541969987932,3.020961506823597
5630.0108028473205,0.16553386793193037,0.13764394677316277,10.253303408889213,-0.003915689087859855,-0.15739905224659131,0.030637452502092172,3.0173448186554697
5765.988683553787,0.09403966313736077,0.10574083369737346,9.74364497841644,-0.018191444224044968,-0.07608732798792173,0.0017421984871887832,3.002582772762511
5901.992253313502,0.14748777739598387,0.06171577845162807,9.856097461021724,-0.004429114271541601,-0.0231284403635082,0.0024690642168432382,2.990981730362885
6037.997691097251,0.11487040268876954,-0.012702474090349079,10.19478506538958,0.011051375309809677,-0.01629638522525841,0.00256315388039933,2.987763644667563
6172.994752753201,0.10264300157563057,0.040601876293846706,9.85147922573562,-0.026118775552244847,-0.09601535464803533,-0.032990100297703905,3.016014009731736
6309.000845790497,0.289885011482689,-0.02392972593213086,9.896111530541308,0.0013225435895297577,-0.09625975719471669,0.01300107405743739,3.001978768710079
6445.006850507202,0.23971618735868874,-0.04288704170387649,9.848197507985061,0.002496212665580441,-0.021420526048561525,0.03176116847961971,2.981562175491658
6586.00461772539,0.21138482635409794,-0.25270481852601556,10.152463093614134,0.0022612640960047075,-0.016170912308784882,0.013921609095843918,2.9895753221430144
6721.980678958332,0.25473139142893647,-0.19499786527158922,9.845286190391612,0.013316922385945626,-0.05113109877748461,-0.019482392359677417,3.024340360220302
6857.9826659455375,0.2562911190125314,-0.01676767440143616,9.790527205045153,0.030586418377719027,-0.06451586605889369,0.009456978620414214,3.011820754116808
6994.005445301033,0.24455423708029964,-0.07624300589738936,9.626137473715177,0.0066731977088354405,-0.05224584224350089,0.01626084440274986,3.0059573514346334
7129.007545244646,0.35604234756363756,-0.297817461801806,10.50999115569945,0.17799092316875337,-0.05779728370296021,-0.004309379174732823,2.993949769361692
7265.00192980567,0.312350439337459,0.17791240859460197,9.290977376869522,-0.03390524309761672,-0.08393640249343742,0.04864932943795358,2.9907091274422357
7401.001935185116,0.4027422349705997,-0.21668340965448354,10.220489271909022,0.06383549032619663,-0.01125845811508457,0.019738939217141375,3.006725137341347
7537.009612516584,0.34688095920335493,-0.3716495317175541,9.823908110929073,0.08185460643223914,-0.040263446747540975,-0.012067936473128097,2.983768558761872
7672.008292643668,0.2899818470355877,0.08895540055196806,9.670834876892032,-0.012949588795083507,-0.04492693445900353,-0.007106414901544383,2.996350386825967
7814.020285342028,0.3589425185311188,0.15544177296100142,9.82135950605252,0.020960591667986223,-0.038259469760873605,0.02741579562855349,3.0118980872946675
7949.991267749067,0.40451156695058843,-0.1251510555782972,9.961962453587896,0.03174938821124609,-0.03637896160609343,-0.012770539227056175,3.0119458946313764
8084.995519228104,0.4878922910975436,0.19059485925101347,10.103887300472273,0.011026987971050364,-0.03236634563982329,-0.017724506863328892,3.004899811283077
8221.000186661127,0.5362296933590989,-0.14755934306506155,9.804572497475755,0.05934067250212508,-0.05852955083064044,-0.008559898996890388,2.9896721748819792
8356.99945521782,0.429321101134861,0.017572988759240155,9.736821479592034,-0.006846075560925107,-0.041431370562295226,-0.0393062784994045,3.014143348473775
8492.996215597015,0.49520285542076853,-0.04595665553916374,9.8906377234356,0.021790206269708862,-0.052214321817971206,-0.011045366346251636,2.9964371456498995
8628.009146852663,0.4502116215602767,0.20369942745554165,9.793145414257527,-0.012514482825395684,-0.06973904004714233,-0.02147507797453903,2.99931179637478
8764.005663974976,0.47347671378064715,0.006535979032440875,9.93800227291745,-0.05080127093234914,-0.04351627571823894,0.01058483154003157,3.00907554753531
8900.006944022816,0.563935601829913,-0.1049577144148189,10.109813630027054,-0.014165707968582639,-0.02638836805632435,0.02495182143652661,3.007408906073975
9040.98707897495,0.45676871709426176,0.03767563545092316,9.7627894018311,0.015286348427289346,-0.03889979718954564,0.012694542353885821,3.0098333703165143
9175.994495330897,0.5107550962929023,-0.42201198000618567,9.862306973274785,0.06205568650940402,-0.010452016497796833,0.03760122286923662,2.9816346543005476
9311.98417397546,0.4425193930179209,-0.2559774295540884,9.945998020764618,0.012973905446310517,-0.039192841127635124,0.030521603982043146,3.0087945807373315
9447.999758953303,0.44958822517599284,-0.07040895734335846,10.178761417070758,0.026034878786943386,-0.08238621296557642,0.031041301932293243,3.010309565661467
9582.997579592207,0.4711276912686802,-0.3792993482063748,9.730044418465653,-0.003219257981710244,-0.08794062453757544,0.02467934918999616,3.0092200581131103
9718.998766770326,0.4377116049722488,-0.15814877277753345,9.747301279781361,0.0394599004165788,-0.006083728637912701,0.011233905804299251,3.010812455437274
9854.991038359836,0.5979298044099981,-0.04666529193617753,10.094397870621236,0.001533120852281309,-0.07767978508342975,0.018836754328018745,3.002416972375695
9991.004062746291,0.5555179708357829,-0.039809888635789714,10.117755359801656,-0.012205528545442691,-0.056584575466994046,-0.04353949169018205,3.003429050310471
10126.000541845648,0.455420956221666,-0.047756641764384815,9.771387089359981,-0.003889917768741152,-0.07739637926153088,0.04558609832145575,3.017794692045545
10266.998922720071,0.5865863113929934,-0.26012145633353423,9.755324113603397,0.005504246040761379,-0.07563158213808634,0.0322415391187773,2.98445533054616
10402.999114941316,0.5638553588220542,-0.2746681443724511,9.918648353087061,-0.02905024712377301,-0.058613086472394195,0.006278662851855874,2.9947534403081493
10538.99442230917,0.5345619505255139,-0.38587750675190574,10.07454618976552,-0.040965305624285964,-0.02833409861370109,-0.01971827002384796,3.01018483684542
10673.98110996171,0.5446194532970571,-0.2620070387672583,9.965712315905607,-0.0008360680018243743,-0.0126016325602068,-0.011931166315307445,3.0077738381694457
10810.008573096915,0.5429435795467287,-0.16210170801829626,9.962021403497618,0.017929998852111308,-0.002304092717089822,-0.03641925665069373,2.9900528077644233
10945.99601384926,0.479343291020288,-0.21140680003520906,9.889274801329732,-0.0033451020228399044,-0.05709630690208043,-0.01983050368679127,2.993934812828991
11081.991316092375,0.5305427881462147,-0.09703268799015291,10.088307061552788,0.029857038608744387,-0.05766681260622344,0.030785124527663205,3.011155704354977
11216.995138432894,0.47030103852011756,-0.4428016613192041,9.910887920451476,0.04470310100313427,-0.06524242254511266,0.026627733931889695,3.0027885330616724
11357.989736176272,0.6271079780000329,-0.19534186372573537,10.003972505266287,0.033557228730211414,-0.05433998307998103,-0.012468725684940347,2.9994958462237573
11493.997644124349,0.5886533432535266,-0.11521721297459363,10.006059125013026,0.03197130903757136,-0.03750029315886813,-0.006262504364497694,2.9942600209666925
11628.98868784661,0.5825619518225484,-0.027655734573224268,9.798444179091595,0.006050986602912039,-0.01818541306808078,-0.0014425373030085894,2.9855349947696834
11764.99172098419,0.5660973183698466,-0.1500166592874868,10.045955429659273,0.010953004376313323,-0.05936070071017147,-0.004262164456104201,2.991132605694761
11900.997108010572,0.5897259283244751,-0.2866471282642906,10.154059193737291,0.018861596624942224,-0.032463498093350765,-0.029239171447732703,3.0031396868096807
12036.99917493606,0.5071507370607342,-0.28460890095757924,9.944596238972283,-0.0018022013192186546,-0.04183253796846479,-0.011077125084443638,3.0038862719582693
12172.007458520286,0.508625608840497,-0.42948338188159413,9.922499092811933,-0.02901749131594854,-0.046266223317119756,0.0068204387278536765,3.010703875824977
12308.001653824596,0.5122701754833245,-0.3605618797099051,9.83688612195703,0.03195951934790615,-0.04654168936800845,-0.012455317400145799,3.002279199587179
12443.993214604207,0.5466718667150223,-0.2946712138570454,9.83539039351514,0.015487842880608473,-0.06863757234168444,-0.004304241928238437,3.0097296092582644
12585.006384361657,0.5835150752808501,-0.11439991582524142,9.66988310308908,0.022735945982589763,-0.05377734807051513,-0.02151070641257315,3.008562462554571
12720.986560091613,0.5900201174485808,-0.3279255670709008,10.162027581719574,0.05052945063224998,-0.03941178191931696,0.012486990414818704,2.995655614309568
12856.997283873978,0.575424355346117,-0.23420320973534323,9.930657449073864,0.01865169772762256,-0.051903359448161455,-0.008311478310684201,2.996324769711659
12992.990163747592,0.5125111213755292,-0.5468667730777546,9.85586901442106,-0.023618567724467406,-0.026234511381202835,0.012058957761495568,2.986974187368569
13127.99240528996,0.5580390733122305,-0.39388224140634953,9.845352916755298,0.011574609697058728,-0.034914256552196876,-0.00931014570127024,3.0002746419075845
13264.006298167653,0.4482835151198197,-0.22856839452607336,9.686394859768207,-0.01765154982272181,-0.07980546798826547,0.022919837927912756,3.0074346954688473
13399.994648794072,0.5686628898558973,-0.5768748962386732,10.136055928795532,-0.005359263348166535,-0.05907310971542704,0.006341734787367289,3.001298726670506
13536.000243442924,0.5522805650462664,-0.5869489177554978,9.988119937179071,0.034925685600077694,-0.061405108787433,-0.006473589805940343,2.989520385533689
13675.995619830468,0.5668375684077444,0.11688984823840527,9.906051654460123,0.012071547788424005,-0.04609061725597259,-0.048833645780928706,2.9869313544577736
13812.99385847181,0.5494535129866346,-0.3398661905613107,10.057872821463949,0.03618246588545365,-0.020597908415006784,-0.019932399737643238,3.008113457761171
13948.986133066604,0.5922435324134447,-0.35451397234607185,9.974284731299429,0.00800147810474434,-0.10381778627171534,0.00884536166490391,3.024581175650503
14083.988413565741,0.678632404433475,-0.37044631800915073,9.725625605296143,0.04202078991702836,-0.04555453586060201,0.001777311617924218,2.9873289629476223
14220.002295895165,0.5710455627886833,-0.10030975872035612,9.969739871270242,-0.034144896097433305,-0.07529542716223245,0.014464578075089985,3.0019829049708067
14356.010368565014,0.5757453543393569,-0.3968236203933087,9.912394401934083,-0.008649722402865751,-0.008030921571795777,0.001980282179821256,2.9915971672682367
14491.97799083272,0.5751532881639541,-0.5155281585762723,9.82064321817077,0.038889732638958605,-0.02784269196003303,-0.01981246463985149,2.9870558706263757
14626.995092873416,0.6121353482064206,-0.32257491491918805,9.912564034204296,-0.019469148209995117,-0.03573639829344452,-0.02776571946660512,3.010959486399329
14762.976325086745,0.5038637565565243,-0.03508135029019744,10.12943899481137,-0.005025668734133012,-0.03522344820731489,-0.009275338314527625,2.996811711021056
14903.9852461406,0.5234073015311459,-0.5951329578771343,10.080310505484093,0.022407176939490073,-0.08821849407023336,0.0025698263698503377,2.999933566990468
15039.998043766871,0.5734899526128481,-0.5450850657484642,9.520794680024439,0.04398507830458017,-0.08581248642085264,-0.020194621592489925,3.013259145244087
15175.000696026627,0.5843124485425834,-0.3574382121522553,9.734842851384807,-0.00690612534924388,-0.06162784548560136,-0.024114708791519373,3.014881503580314
15311.008760449104,0.581380244778014,-0.30667496750809287,9.823368579295618,0.005706292502550645,-0.06708670302559444,-0.019190344718025536,2.9962953153734997
15447.000653270845,0.6363844760774879,-0.29301359252918185,9.929299413782692,-0.005879551913377065,-0.04342416885245613,-0.005827276899745773,3.008526031608844
15583.001755192587,0.5665478323059423,-0.5534579961895056,9.958390978823784,0.02441042520226893,-0.029292231546918387,0.014166372118740837,2.9942601562331723
15718.002509824511,0.53814803731599,-0.3948947172054744,9.596608856001652,0.013815475241402747,-0.05104083388370547,0.029366151922900298,2.9944287533254332
15853.999665265708,0.584994161679431,-0.4470807073108987,9.95122265629784,-0.03228966242258181,-0.006529674317498267,-0.0017214244395293591,3.018028988459166
15995.003815994049,0.6593706121174328,-0.6952070181512028,9.913064132072323,0.03879367098659591,-0.04320649750316914,0.0110365056132147,3.003546735606867
16130.003779089573,0.5349165496881847,-0.3981083263601366,9.897478764717755,0.036664159880419295,-0.0679170941768361,-0.01363907515668133,3.017213083221611
16265.993351986437,0.5988038109276208,-0.3466499788591345,9.972175652899477,-0.021504291680177055,-0.06737028152263845,-0.022734097688213436,2.996902873308415
16401.982094693656,0.6516702934855761,-0.6745991958918043,9.92233994850344,-0.006917653751965175,-0.06278957341982518,-0.029406871946844364,3.003610250655777
16537.995922592516,0.6464516466716286,-0.5087467731006748,9.929190497749952,0.014604522131158698,-0.0452118853352075,-0.021984109206366058,2.9875344883431856
16673.0010981189,0.605516546042679,-0.4465070621492744,9.899745614559498,0.009524739898180808,-0.042700913944678266,0.010751650124742612,3.002730328174562
16808.99104072135,0.6680665062499093,-0.25322169989169757,9.887214744137163,0.043740201587220626,-0.037043528355191056,-0.036124780127920024,2.9988257413432424
16945.00075068766,0.6471768605201504,-0.3888252911664096,9.755069320006609,0.020534531162687393,-0.05365103491739331,0.00805271231253913,2.9867757189289543
17081.000931582057,0.6766916635498216,-0.49100889784505725,10.009108441103738,-0.018166407380383196,-0.07072424324979959,0.030590224630894686,2.995426710235194
17220.99335026261,0.7085401041228533,-0.511025997634576,10.100616449796604,-0.021029706768587782,-0.04997478410658256,-0.008800073164573862,3.0110177856907514
17356.986185185047,0.6248938428411133,-0.4049795053846922,9.73094948750265,-0.00524368995686163,-0.05575349859812415,0.004080866295831593,3.018909908617085
17492.992028364315,0.6254083221708832,-0.5432184707073503,10.043823108544117,-0.010490243894251754,-0.056998916727425686,0.002596237603149554,3.0007491119413885
17628.000966751006,0.6647349173389736,-0.39266644521053384,9.79117431052813,0.022808927425569336,-0.05663417124332171,0.0015555984472291817,3.00515301027646
17764.00263282199,0.6339638388901296,-0.3428209713155299,9.814785475105564,0.008360783853758167,-0.03159262478398508,-0.005444183675429396,3.0049037604096247
17900.009116720325,0.6588137243512749,-0.5624390085835368,9.9142050662774,0.008966503875290585,-0.03722438390555684,0.018796035938899846,2.9949654588713157
18036.02284459462,0.6658380225848759,-0.5314465879155396,9.616575666991988,-0.045914423017302905,-0.05953964318362027,-0.03450396299367684,2.9835536823730817
18170.99584887691,0.5889390674988518,-0.5160107063387126,9.801069720754864,-0.021923208676907006,-0.05681492100146982,0.01305776754727054,2.9848490670564742
18312.012068739296,0.6509492076676325,-0.36314027150504646,9.891997192298488,0.02854812221389535,0.0006844071973436262,-0.0029789370805844697,3.0011228916885946
18448.003369258404,0.6484727161216469,-0.4070625534825198,9.900705790876149,0.013271043463211325,-0.06408333955995968,0.017781148701039654,3.0027034651634454
18582.985624521698,0.7133273876763887,-0.5080936292100993,9.984726878790747,0.018124424986770027,-0.027206513365693533,0.02252669369659981,3.017556082542565
18719.000576157494,0.6652571326718503,-0.5263921015170298,9.918714280452674,0.01791815133516104,-0.061855444266911565,0.02473632502476433,3.008791839366749
18855.00672905388,0.6997496426935959,-0.6425647261894009,9.840195173109462,0.006702503706464143,-0.05683009201379105,0.01860797562190383,3.0197027743741494
18998.002660330298,0.7046835155945116,-0.7344280977553289,9.948947666698523,-0.054275179936551315,-0.024455849520177736,0.022692637206765835,3.0097377168393744
19132.985263918603,0.6988119587057016,-0.6173771877389214,9.944481782272767,0.038112017902843444,-0.024008144539629517,-0.01304241006024727,2.9878830907266125
19269.008102892923,0.7199199322457411,-0.5324546468370644,10.064295434652163,0.024390324454165058,-0.032630967456725654,-0.007118169065599012,2.9915806741697475
19410.991978430444,0.7526586161732882,-0.5833244394880889,9.8534380995863,0.011589943052328272,-0.05715816032012352,-0.016840147268183878,3.000607504680875
19550.994851602103,0.7120683841238785,-0.5603611220200663,10.19167562720825,0.017698886560805826,-0.012392857305358138,-0.014107187093680904,2.995911324449088
19687.009891464608,0.7123723521450073,-0.6542764299708701,9.85108333484471,-0.009590488601813447,-0.04132960583606272,0.025818377133583467,2.999166234888749
19822.999114940427,0.7215836517534873,-0.6040226345635342,9.743656765275889,-0.011779046331989722,-0.039765594572950404,-0.0013603585303229833,2.998345707933829
19958.000666665313,0.7261243567146232,-0.7316917183724067,9.90464770123644,0.0024493303683194917,-0.05431800048493101,0.005660722094413761,3.0084563602315124
20093.988526812154,0.7095359720331899,-0.4513591458037698,9.829624123224054,0.03249920564583216,-0.04189717296337386,-0.01950927674881811,2.9962593574520775
20229.99435412842,0.6732795131898012,-0.5221792876604117,10.047888166600432,-0.007941176767678769,-0.06324923018895366,-0.004428338966097329,3.005181793204045
20365.99054924492,0.7574487007395396,-0.5058885869800734,9.857582282707687,0.016092527955170032,-0.06019458215914417,0.025153731326128824,2.9858834902948277
20501.019303787834,0.6947085915553116,-0.7367510502032691,9.868178372618592,0.012593608709733231,-0.0433850288846759,-0.024030093704253373,3.0091475944717616
20642.983667566557,0.7341591220296477,-0.535012180835761,10.144054867241397,-0.006416495613531699,-0.037411806061152124,-0.008013647019423012,2.9824380691561285
20778.99629297134,0.7808370050102189,-0.6089443241498378,9.804958626224447,-0.0011354781762138192,-0.05854740131955249,0.009934660469392488,2.999120151304775
20915.003044635956,0.7487159494470936,-0.7612689496287177,9.8984030568187,0.009235572040156407,-0.02948855383884382,0.0025201937353476695,2.9985487772088497
21049.97925269274,0.6951920080803462,-1.600866112109458,8.772525632435281,-0.09060578643458587,-0.2777333394314126,0.06559291932765333,2.987392338527652
21186.003939998165,0.840833302436121,-0.6675011113501186,9.862540993867421,0.01053842206417261,-0.03701785741708654,0.0004941340412866187,2.9984933441785113
21322.004503139386,0.8121492146653484,-0.5438583514757351,9.808767786919404,0.018797850571037594,-0.04823228903856461,-0.010918640655393887,2.9889678961995823
21457.99044721303,0.7630642008038002,-0.8158605486300162,9.89528913498638,0.004399333365282068,-0.04460896893414946,-0.007498931405313218,3.001241117184302
21592.99540764036,0.7387756267822546,-0.9743818234583794,9.874476759494348,-0.00451511088233165,-0.05665045600028743,-0.006740564299518892,3.0108188648462466
21729.002000758177,0.6890281529842066,-0.4444195675939717,9.545362510031854,-0.0009449206095793539,-0.05847832880682075,-0.02673169281580446,3.004742302106062
21885.993897197663,0.8212865095960759,-0.63516897261497,9.853486186745563,0.02598887459583239,-0.07886309714418334,0.02025755008380814,2.9911283623771374
22025.999407420306,0.7588794536982132,-0.5629868083565405,9.675053236793415,0.03466943586142041,-0.03760572565516974,0.01054704076037704,2.9951022362717676
22165.98314033116,0.8485020768620195,-0.804130351122432,10.119727792102726,0.019963634214644376,-0.05226053474174246,0.007460055187053981,2.994133306151904
22304.992799066447,0.781650238479724,-0.6452229276032905,9.696161415191686,0.03257167981793607,-0.05670316296113915,0.009805847014501066,2.9884612083810755
22445.005330992895,0.8485289547840745,-0.5942519503575108,9.589122172581229,0.011684313575699835,-0.05872976127334214,-0.02690089144151658,3.011337780976714
22583.995662503883,0.8482233494844585,-0.6330255870593192,9.64163336671032,0.016059185925091375,-0.048673039855420104,0.011100256145165377,2.982401839312441
22724.001300566797,0.8642456196504282,-0.7038064490872868,9.939800360117998,0.01967120962833718,-0.04699851926869354,0.0003970674570338169,2.9897779491662186
22863.979639005116,0.8973905428285547,-0.6787532295068566,9.805510026810394,-0.010271449506250533,-0.046118689963230264,-0.0013616007520315708,2.9995968980099814
23008.999950484627,0.8583843175861122,-0.570284788249795,9.829819494408586,0.004132223203269974,-0.04896206731937355,-0.006704297102015247,3.005082679241867
23149.00095340331,0.7806135944629925,-0.8105894611339196,9.764633409019876,-0.035886483658193254,-0.08617507490905205,0.004444423827349266,2.9983904717311085
23289.00042611711,0.8640848564081645,-0.8569334207078251,9.905938493507495,0.014830699255544744,-0.07912687457866006,0.004468991369770177,2.9872809432149237
23427.990404227443,0.8589130258817785,-0.48348523020517536,9.695366755934753,-0.01692011252371827,-0.07600040238379728,-0.02120459419100656,2.9995256903824363
23568.015040371247,0.8959912805597443,-0.700336552790901,9.893090030200524,0.027594385631959564,-0.05561417700522366,-0.013782283351235674,3.00832210237692
23708.008198084775,0.9935300676680097,-0.700928401648947,9.859166781085998,0.031978913708357835,-0.054019948242127865,0.029411763747670603,3.014839945640069
23846.98847139004,0.911793702144226,-0.3354597687966452,9.628966693441274,0.07780365819938852,-0.026368081476088864,-0.025088452357629305,2.988009683692758
23986.995604435364,0.8339240954024751,-0.6402257373886923,9.792938401837223,0.013195767139427127,-0.042959505931259634,-0.03436199345578368,2.9871467619150534
24125.997306597328,0.954083299876768,-0.7444004040548827,9.766331507684857,0.015279892770422202,-0.08608044446892846,0.017485421480225773,3.007834467503885
24271.99005600738,0.9502344257058337,-0.6847624918015157,9.758124807365931,-0.01565823046093834,-0.07148450817676638,0.002648513746564522,2.994797658683074
24411.99093063404,0.9178197534570259,-0.5783027664539403,9.816252806308501,-0.010828033805243777,0.0018341528692024992,-0.019745570580403993,2.9921375292617256
24550.990097780003,0.8773443408413458,-0.33799442079478714,9.86328243525366,0.021245803435269217,-0.04467573191690846,-0.005467935826459277,2.9753882239646505
24691.005626883038,0.8702648768562313,-0.7239224038016997,9.729026393237657,0.01771592296938326,-0.03075247616882,0.011917297262299805,3.001268712901589
24830.98542381125,0.7955309675912786,-0.4952657373310256,9.598530449115602,0.04741777831139794,-0.05172511190044423,-0.004082077548525767,3.015248110166855
24970.000999477732,0.962652293445738,-0.5329353882203325,9.870467590205715,-0.0012572919626834959,-0.05725374999289422,-0.0021646321479687597,3.003554365205055
25110.0025331476,0.9242305259876464,-0.6114903265911372,9.881887003216718,0.008430502997556627,-0.05467563921581285,-0.005406106644580832,3.013497927569212
25250.0127674881,0.9914389541982251,-0.7177250693475438,9.996841508778063,0.025739796799721933,-0.04010412498269084,-0.010834039389588324,3.027385711258233
25393.991675834237,0.8899541381381346,-0.5348891983113951,9.583441804071818,0.025467563894810044,-0.012022409026588817,-0.018940772393677023,2.9977369414720916
25534.00871151523,0.9276939985910304,-0.6400117785938397,9.725775879222237,0.020242753776619844,-0.07576657032577581,-0.012018350895740004,2.998056290577464
25673.013132197582,0.9580111068319279,-0.7359357765613317,9.903538914274948,0.023552248990082493,-0.03329844583874681,0.0005134584412184981,2.992615298166328
25812.994396459813,0.9555809839550147,-0.5432039966159062,10.114060743440298,0.04180056437620073,-0.03187055659294942,-0.002169356082005275,3.0071567177122236
25953.009737821474,0.9599198152717858,-0.4050882504195497,10.00244813153409,-0.013034837112763726,-0.0027438925169929263,0.01068056316104654,2.9830660625374428
26091.990993885403,0.9378924287718461,-0.6415551889963859,10.03048915940128,0.008003107764009426,-0.03985586810777457,-0.014652259405875109,3.0012263643179
26231.998935124524,0.9784198965761142,-0.631065123648813,9.99029133419113,0.01093049634578958,-0.04248635322127022,0.020598271893932565,2.9889359191382945
26371.989659490326,0.9513136929271165,-0.6541317082399831,9.888881985923105,0.01814034734418557,-0.0413870366990278,-0.0044433880188909205,3.01455961764056
26510.99653792514,0.9747736286798289,-0.614325962003017,9.802291513080615,-0.007297126949076015,-0.04274994208804101,-0.03494912993170345,3.0039374149647218
26655.985941622705,0.9347471138433077,-0.6111215779882937,9.907933935370055,0.01980843485979061,-0.032363947385045874,-0.00024061154270792271,3.0039120250196896
26794.97736777879,0.9483040000760259,-0.7094890021498943,9.919915766968268,0.003286618214867411,-0.07312647958343098,0.015136231819188384,2.984302362484385
26935.009585096755,0.971128094910956,-0.7772865071277356,9.682924681511851,0.020845329845446053,-0.06541148011973309,0.009437260215936492,2.997337200968152
27074.981516086722,0.9548105621287438,-0.6892795795935003,9.95891525681432,0.01627868438122519,-0.03481920377030943,-0.013400301004221607,2.996674035484562
27214.010481478355,0.909296039884833,-0.7854043101309626,9.70562089093882,0.004418729756366153,-0.052685248519113444,0.01697662164372369,3.0087525203833
27353.99965571408,0.950741010293026,-0.6842379645653476,9.703662360985001,-0.0040099961347050996,-0.03267114323974145,-0.0010987615017538756,2.98445585566733
27493.998856542243,0.9228889637121758,-0.8248348165611485,9.909856856237328,-0.01028963491423078,-0.013280178270831413,0.0027869127025670357,3.0176471354430596
27632.986178245268,0.9676608624326505,-0.5218796853538226,9.799611157620829,0.048869406695804904,-0.027530488506024086,0.003236179052906774,3.005951281086404
27779.006555138407,0.9118018391477293,-0.6635483524590995,9.893430919270482,0.029370795119392838,-0.02590672089969732,0.004583860849931617,2.9996555166343355
27917.99049606487,0.9331917828556135,-0.8275414894346143,9.970132367821432,0.025947382715823326,-0.016137234773550908,0.023380728689381767,2.995632912689479
28057.99952282884,0.870382591571959,-0.708521201623505,9.780614724348753,0.016381451304697512,-0.0763106005712319,-0.020796195913901448,2.990701623898955
28198.00011694473,1.004693585263304,-0.5159970700178067,10.011190439057966,0.011110076228455022,-0.07194720135427349,-0.011270353168367843,3.00340861392965
28336.987182005567,0.992596588559838,-0.6247271112799891,10.036787240658978,0.025510166512585062,-0.015018967478876316,-0.015174862420904697,2.9962969920642317
28477.017051491213,0.9480104128626768,-0.5512636000018961,9.87574623149772,0.02618330212794488,-0.03143925891814943,-0.011749687523632032,2.9899458694769963
28616.99364147892,0.9007705300027796,-0.6241857761260184,9.879844487973328,-0.007119430757310443,-0.031467084800984854,-0.02702413627575859,3.005018013653001
28755.989343946017,0.8672054277279738,-0.7094845597619351,9.958275983866356,0.012262810548520027,-0.03600301658760048,0.023399000243148945,3.015859184107149
28896.001058436737,0.8541249496270832,-0.6590529818693257,9.970802653813314,0.0311761448137732,-0.03722240401046332,0.0009631178503956605,2.9951692796315093
29041.01104227827,0.7989964839127217,-0.6803668135864205,9.750889480306663,-0.042533117668771846,-0.07292686270488674,0.0005859903364012028,3.00508728008869
29180.990042701647,0.8427885719627806,-0.6514918793925909,9.853530413141163,-0.01030575025169036,-0.07127733043381043,0.007196429200647305,3.011334856334718
29320.997900747843,0.8586100385556032,-0.6186683487183372,9.907325800819645,-0.006130329208906524,-0.07832172213930878,0.02646967076918558,2.9903051915820402
29460.009931739278,0.9079993305920138,-0.7216352306453817,9.757312874462714,0.015535721014121947,-0.06670652425737943,0.011323807880631365,2.9804561714678064
29600.00256452488,0.9060235868227831,-0.6222788198287537,9.714550083759807,0.014095012773349418,-0.02110839073668262,-0.007625025157111747,2.9977813225560186
29739.998415945352,0.8884301766534969,-0.7157426195822364,9.974496370554055,0.006664746848016224,-0.02658354475922698,-0.007128795716623094,2.991544077849962
29878.998580915635,0.9021692314349418,-0.6930639099223819,10.043256128061754,0.015207113734437871,-0.015616059869215335,-0.00867353385218565,2.9857637853785373
30018.986593601312,0.9247016829329568,-0.7358494888049517,10.070420970263784,-0.07253695973387769,-0.08522191804690384,0.0012357669773651265,2.973611055918511
30163.995042396593,0.8768184378228743,-0.621127722032936,9.775634634979493,0.03820299228798589,-0.002939291604848103,-0.0013946145775155768,2.9815389880028307
30302.99659930044,0.9108890246495522,-0.6410296222242521,9.904656420186173,0.041241950818884134,-0.04171892108196108,0.012093277353285926,3.008479627885023
30443.01707871997,0.9042992199865666,-0.7679797189555831,9.976397634876294,0.030264937146968488,-0.013009530894876555,0.025244311611778047,3.018204516327904
30582.996130391122,0.8068436014798608,-0.5562742142720952,9.963752774403181,0.050530358018952816,-0.02019490165575243,-0.020312263241660456,3.0013313603509197
30722.00625623096,0.8807329299364749,-0.9624368307013674,9.773250629374559,0.08419413810227046,-0.09500100076980308,0.02600514866692193,3.007184299182079
30862.003673606596,0.9758358523331718,-0.32324780558225225,9.750054988901482,0.008975227754186448,-0.04378234301824541,-0.03844804525868619,3.002992959371033
31001.020764127617,0.879857206267544,-0.6809270554070924,9.841986896069436,0.013965832831867253,-0.03341249778956289,0.003364245830211312,2.9916343478731675
31141.016104231763,0.8484385957833097,-0.44937245484225025,9.83268983768939,0.015579225501959124,-0.04247946646451595,0.01796468547618056,3.0038297569400934
31281.00561384398,0.8813809403005213,-0.6410763083150328,9.901716299944487,0.008635259121268921,-0.07509999214481435,0.009790762788069788,3.015206656045909
31425.990304083247,0.8000589995388167,-0.6973522972946798,9.742346362440657,-0.02150997761308295,-0.05997835250579687,0.029974131926929524,3.0039870753950897
31566.006838944148,0.7826261616453613,-0.4812250257071727,9.68463468957474,0.012232260342484416,-0.04938554931384108,0.01020753159381509,2.9921630497808915
31706.003329501844,0.7956582257644642,-0.4797200820128309,9.669520459418198,0.06624553906875978,-0.04596338579195458,0.014874661523304359,3.0000003680028
31844.994913638744,0.9275070316771129,-0.5279142800713535,9.676944781090162,0.013711757505831415,-0.047338812108577655,-0.021329726888931224,3.0045144292662234
31985.01381524251,0.7993335504501891,-0.49969969579598306,9.475934448701498,-0.010750569110361367,-0.06065761010170643,-0.05248016000387747,2.988652833322011
32124.9934050235,0.8765724072592966,-0.5635921289890311,9.793710423515384,-0.01693725400519055,-0.019804208113861688,0.05778492377989851,3.005828022239955
32263.99614961305,0.7231187114620833,-0.8294041008736907,10.211300087549604,0.021354592414399423,-0.05153997716342281,0.02317282732547208,2.992887251284844
32403.994055785435,0.6926556560460889,-0.50477317782763,9.913486313779037,0.030726274455285012,-0.08081073685201058,0.002437753981297408,3.012416032412303
32543.0039414588,0.8275462568630736,-0.5364578309078949,9.486440813201689,0.03923270542034855,-0.09191575002342815,0.005067561110037634,2.9989822538430637
32688.013936327257,0.9184111787771221,-0.6572225943330333,10.01328904388691,0.04932778236272844,-0.031043643855329733,0.014442238463850548,3.002281842058233
32828.00285501203,0.911492274886817,-0.300453252670283,10.250424932513281,0.007539676200015057,-0.07181736588301768,-0.020225683114265654,2.984736743465459
32966.991354164755,0.876172074216553,-0.3022065274733132,9.725469083464985,0.049985005528583246,-0.04247948237410746,0.03381576123316519,2.9906380312152687
33107.001236755204,0.879705008384751,-0.6521861115474192,9.910204155276158,-0.0035194487628549586,-0.021992540567996065,0.016263631910545903,2.9960467443117036
2739.001174687781,9.69374492884947,0.8756788716488888,0.3045368851966806,0.023138939526859928,-0.03753560042315505,0.04435769126190484,4.008462131401693
2875.000880103127,9.687537039093979,1.0605416196468496,0.6610721971285985,0.008955961913476541,-0.03744743404940185,0.004112016738083649,3.9939759726584287
3011.983453154345,9.771805920496256,1.0235294818204614,0.5176170303552449,-0.013193921094463762,-0.01714298674737381,-0.010321250219972232,4.0022547724642825
3149.0140295169285,9.665250065460578,0.7230435549148435,0.5472438511996109,-0.0033416764603164274,-0.022233252158471255,0.009483115774456615,3.9993535272982155
3286.0295820646006,9.682059727100308,0.8027129405863489,0.5647486184384187,0.05631485404222002,-0.02044376419427462,-0.005173922939681195,4.000521800953578
3422.0061666585757,9.633708580021953,0.7999983959103288,0.584782972448826,0.018468190663454346,-0.043890583155543575,-0.0010880520092496375,4.000848077165501
3558.9771980993437,9.693960206170415,0.9516982640913261,0.6066412515423897,0.0027217949084248644,-0.06985238928482126,0.014842445957789014,3.9967874736582205
3695.994143239965,9.695002291105443,0.97240260906211,0.622587261849597,0.04213223426432963,-0.05313409134119462,-0.00943080893451091,4.011144819566182
3838.9833132635777,9.734120817634775,0.973367208970947,0.7946192054748062,0.011824564900407888,-0.030816937889775988,-0.008515020390989876,4.0021572768984495
3975.9988933912255,9.722707507346362,0.905621021682236,0.7179366306761579,-0.007787244239812297,0.0026003743528923836,0.00554969865013403,3.9962669201451146
4114.013739055064,9.687409353171956,0.9220460648707295,0.585006290042564,-0.00026236634322070337,-0.0305717323639794,0.006618919338194838,4.011230185434353
4249.986274338739,9.710726067171258,0.851386504391007,0.7056142751060954,0.018903065538355024,-0.02876683254424279,0.008772152437116739,3.991189370650766
4386.984299386326,9.648353578156474,0.7998259493068811,0.6011317548560273,0.0476463446204915,-0.04146358392345564,-0.0036711432546196994,3.9987384143317817
4524.003762647723,9.695274244959089,0.8426059009995065,0.6737943308929075,0.004026028546118032,-0.04206339782138473,0.017198747649279474,4.007964540141598
4659.992405707477,9.746820642294788,0.9146076812992094,0.8230632277408985,0.004164190654986934,-0.0436945879982623,0.01845865339605565,4.002379480027325
4795.011753934951,9.713601079415122,0.7983600502810106,0.8027775118878235,0.0041705990108605335,-0.024961398723237146,-0.009937409770406911,4.0021673257500066
4930.993491013129,9.680102985282863,0.7993814148122326,0.7372298814494667,0.011750130129655175,-0.05648377365602858,-0.0034015085082534898,3.9900499560325526
5067.013745594406,9.698808903213317,0.761601042619649,0.8089084912369621,0.025717763997804868,-0.05547772167363247,0.0024086361899285915,3.9788006691256483
5198.985323389055,9.710404780899333,0.7673436987078791,0.6040288726305882,-0.015904325269679054,-0.05317511275572778,-0.021680571513221704,4.008384561328
5333.986042696913,9.661295762262771,0.7858733068745705,0.5618992206263438,0.028810571751258115,-0.06969122656664173,0.02985605407854017,3.9808919226126775
5469.983027490093,9.67987188106165,0.8673419683328419,0.7480606735663233,0.009660112186545708,-0.057629852771153546,0.005505075391817556,4.013137940838708
5606.003234364345,9.739781707745,0.9667079984048753,0.742268078723428,0.01802037701329795,-0.050662653512175436,0.0007756431163783449,4.010715284678783
5741.994868605837,9.74989575599522,0.9210752353414147,0.7217886566736537,0.018017811312830045,-0.0354322516513625,-0.003161187006034078,4.00312094503095
5877.003990948362,9.69089243998956,0.8137938810376558,0.6451240468025808,0.030744184383953998,-0.029546706419428838,0.013445586769675093,3.9992526821701158
6012.998454924046,9.636443470728874,0.721571584128869,0.6880440922621589,0.00031391143098288333,-0.05961464506600222,-0.01367856922757111,4.00133601373866
6148.982814618456,9.785188450374614,0.8039264239392298,0.7753115175477141,0.05253993818250759,-0.10424662662876355,-0.0036911695279037557,4.002716978998974
6285.014937115356,9.71243119685151,0.7732985498833425,0.8504954904046164,0.02505910333384147,-0.030407835268442568,-0.0116199245078343,3.993669947722016
6425.9913046904,9.6957009203239,0.9583511817281372,0.6812948137395929,-0.005203116612458466,0.03035686454698191,-0.014666775989465732,4.005048322645787
6561.992506246272,9.581995105320312,0.7251984064114056,0.5700890934487977,0.004561979759127595,-0.04129782398206225,-0.0308747270852402,4.000918464734352
6698.002941044508,9.803449063925244,0.7291003825047577,0.7464655610966423,0.006929731955793762,-0.01883293991824616,-0.00836832464504126,3.98542817145249
6832.991331197064,9.646431659575805,0.7922637232139326,0.8203975072815658,0.008539560811484237,-0.04862741419665228,0.036066063428830925,4.018200385104057
6969.002765490738,9.699859596312747,0.8423155150419203,0.6459403112692528,-0.030597671760599254,-0.04505177463773274,-0.0032483412529057164,4.006599130633855
7104.987802359021,9.683145171852821,0.6887162556292024,0.8422873708175298,0.02081088566642963,-0.0411425926420679,0.013696703427647077,4.015663466465312
7241.003069153204,9.711985241974906,0.7988728368262795,0.8281043620658289,0.011993229378312237,-0.028814798238793387,-0.008467239105997915,3.9969924942460477
7376.008523821445,9.69508255522048,0.8524387860604374,0.8828688948159787,0.004221429772761091,-0.03388617997720368,-0.01699205448816214,4.00907619202298
7511.999715488663,9.717800761031832,0.8596373004553622,0.8843903190452719,0.005678069544322741,-0.05699920094706088,0.012016882252684128,3.9972506046914393
7653.005874960323,9.740850162973382,0.8845683392195478,0.8668554649577488,0.004855791512476103,-0.03204445267553344,-0.004504139187185483,4.007888728501518
7788.996691235662,9.682783702315076,0.7840234286381009,0.7925862263520225,0.02623218671152593,-0.040735999014466534,-0.008227859345138996,3.991928564220667
7924.004299488643,9.680336371200243,0.7547563933646312,0.7564271278689761,0.04802134980531173,-0.04859026457852347,0.017306556004650312,4.003343059413156
8059.989184045169,9.73420145714691,0.8735854514794349,0.8673986167242622,0.020649636104302867,-0.05436663362101624,-0.024038327598374744,3.9915500807200446
8196.01211815698,9.728900350826361,0.802081506822454,0.949022128660975,0.005718474413847808,-0.016878311911917642,0.03072718147759781,3.992189639880713
8332.006362743567,9.711008686280254,0.8115951544079558,0.803294434684171,-0.006270375575253878,-0.04673105065949441,-0.0005283316555690754,4.001822425580292
8467.010023765515,9.68950179142299,0.7293641646299136,0.7602224948331806,0.02736138653810711,-0.06446289901621526,0.007049648079697779,4.004327702289472
8603.013947767662,9.699463154463295,0.762561723594513,0.8944916684460642,0.010206726490701815,-0.03700412206136725,0.00931087343611146,3.999848305752391
8738.999065216713,9.64273017103198,0.6922794024453367,0.7252500654809225,0.020146039468564293,-0.042792409239106245,-0.012364841719168376,3.989040446396385
8879.006187556319,9.648832355365899,0.7575206772851341,0.8213905159709504,0.04130177445298707,-0.06769167288281917,0.022783433376005073,4.005125553005891
9014.975465878995,9.675762282916645,0.8030550403334242,0.8817539284427622,0.03172973605084174,-0.06095146944027792,-0.0038771988644750984,3.98881664500434
9150.99569687069,9.698850975736056,0.7961523523730042,0.8776799941247254,0.019077782836786173,-0.06449007503975579,-0.02672400481689916,3.994374758918271
9287.014992733948,9.715488268524817,0.7570591569171625,0.8269046638591149,0.0070602430579419315,-0.04652727554773504,-0.005713601288518103,4.014039262556481
9422.00326174422,9.725925172579215,0.8513828441653946,0.929315660115123,0.009326234472188225,-0.04718463409578271,0.013933156665402088,4.000126578451121
9557.985656891211,9.750539895778239,0.779359359813193,0.9259707701227973,0.01682136199293261,-0.030815948600390494,-0.0037468349585374535,4.010546560983818
9693.996512139453,9.750645990189618,0.8337571937467263,0.8830941415405197,0.0016966395933536388,-0.044704703259310294,0.011801339835681773,4.003523481825626
9829.997919690366,9.67012050484147,0.6844881094721217,0.853975150668163,0.029784640340598714,-0.04614377022204878,-0.00011423916306858579,3.997980423884234
9964.985346199033,9.687669382921523,0.7761281960207187,0.9259363086895713,-0.014502729405349708,-0.0036066118902144265,-0.0040666167595633075,4.004020016377861
10105.998427779985,9.718745985782718,0.8522757601970187,0.9815451322796418,-0.011944123479438197,-0.03937924480343379,-0.005309192875309553,3.994395906923313
10242.016714494039,9.683608513521381,0.8138101107986813,0.9567347787050026,0.005006201889920541,-0.039355365508412794,-0.015883162514410094,4.002420908776429
10376.989602648551,9.664421218204653,0.6621168054435743,0.692457979540241,0.012235338777712733,-0.05749388346340016,-0.022936446864193365,3.993750718906305
10513.00439852744,9.72555135639532,0.6986695489294892,0.9007107820143689,0.012225280063610974,-0.06952762842076417,0.01335600288714849,4.003707179941118
10648.990031318062,9.72200518472218,0.8333391748875205,0.9526933994806246,-0.009888072515408424,-0.03571958425920996,-0.01953549224065861,3.990664483586711
10785.00679694277,9.622526907904474,0.7331914943271385,0.9163656224669848,0.019505773207276787,-0.010048320307333129,-0.016036456803192496,4.0055807949622055
10920.000079475936,9.719961507991874,0.8583348164777312,0.8459861928661142,0.012828222392376574,-0.0481197833986998,-0.03826476130012079,4.013335466997342
11056.000805129977,9.714819414766293,0.9115253648305341,0.8600094408052035,0.03556214365290946,-0.08402920361339339,-0.010877602371279174,3.987007730263014
11197.00170867253,9.583216264277251,0.7284462420095816,0.9387945701539228,0.024777471724728408,-0.006412053626895381,0.0008775795173877819,4.007868536484386
11333.006858254703,9.730954962375952,0.9612543033004852,0.9980096223867676,0.0020519151951753686,-0.03645342919264777,-0.01574095168245156,3.985571924565635
11468.002281176796,9.710097314766083,0.8929415099376046,0.9347321538741173,0.007166496513300136,-0.06693422858289395,-0.006962302662007479,3.9997713195706686
11604.000484553737,9.633431345061839,0.6735581843194431,0.9119773028286957,0.006360408758535522,-0.03580692145824375,0.008541599687929896,3.9980511802406653
11739.997428780494,9.667986840660644,0.9339624976761852,0.6972396847478985,0.026557837488355843,-0.07326297840649172,-0.019595488228646023,4.005223403650152
11874.992365068003,9.52508060021273,0.6388297256006579,0.6733214363583673,0.029469762415779793,-0.043622298487702306,0.029382072458045142,4.0108636363344345
12011.00492493106,9.668056187439502,0.7201526479157491,0.8004017244836673,0.03730331306341449,-0.08200175678333442,-0.0168320693664691,4.007081828586116
12147.017057927396,9.684247146146566,0.6983689930487387,1.0011165615982005,-0.006846364576628725,-0.031076310625169433,0.0002674712847862251,4.005242424851207
12282.985198262764,9.766321031580567,0.8977684943269213,0.9420896860663134,0.02272081439373718,-0.027997571012328755,-0.023805281415495625,3.9851031130150756
12422.998169467732,9.666594870896729,0.8736001573673907,0.8442331459800264,0.012539425611115011,-0.01531882748546468,-0.0046027516544252765,4.02140089717078
12559.005647186343,9.543405242232245,0.5564953241472663,0.9217056932451245,-0.010742559927733066,-0.025381749513048113,0.0006589163489579684,3.9992629331538843
12694.995041515152,9.882478224995255,0.9941779142300774,0.8184679102585063,0.011811412701018972,-0.03140855018705754,-0.02040078272457705,4.000190163755479
12831.005668902593,9.655319571109679,0.7127580206367848,0.9381856233136443,-0.007045552746071682,0.007256632626759464,0.02411254853436546,4.01670484294161
12966.013903151234,9.660719368519274,0.7232368423577351,0.8851148886507825,0.0549646202525623,-0.02156664597368612,-0.025740230795277746,3.996902440254587
13102.000764092447,9.712636309856668,0.8403782990968747,0.9578181814393041,0.029974201519475083,-0.0299416834417724,-0.015281851660555748,4.020528789691358
13237.989838990427,9.709477874113311,0.8291234200307941,1.0254654511612462,0.0016067490464119814,-0.037473802479426846,0.01717632667535519,4.006082391543173
13374.010877158362,9.668134793118206,0.8384514016694982,0.997087593665707,0.027306984843048606,-0.03249626312361468,0.035899358551263846,4.01041436682719
13509.009443044119,9.629741563911846,0.9731900539712172,0.5464593051382558,0.25006539154558277,-0.08779022400485517,-0.02233382066030202,4.02571399782814
13650.014370251416,9.680672962741227,0.7895515680436428,0.8685711489634642,0.028772109669075608,-0.06179559844107645,0.010806861858128918,4.0123897599785385
13786.004595574135,9.680593174049813,0.7772507955855084,1.0167796461626173,0.02225494610792694,-0.050292643692880945,0.020873187272646032,4.0119679449649865
13921.002165059752,9.628856902715771,0.7045612425792336,0.7800880785890439,0.027260846197959945,-0.04834278672347094,0.01068802409554146,3.999428767582159
14056.98585916647,9.694466419379852,0.7149542156078734,1.0278096160543455,0.03354754897186971,-0.025105977421781493,-0.02019288740858025,3.992130105383252
14193.009611646896,9.71266096547905,0.7531605961076209,1.0094880371227763,0.007387204906490634,-0.05668779672222669,0.000397626335272571,3.9943122001554907
14328.996566000154,9.708282310461998,0.7926740868298237,0.9986902502447731,0.010454705986866595,-0.06620393793421268,-0.004511499691192595,3.9821835233755047
14464.007198508454,9.728729370401798,0.7865499255086263,1.040069846736152,0.003274907787282077,-0.04527095799172356,-0.017542722917543347,3.9792126984514407
14599.997438475832,9.674361417376938,0.7151037895150487,1.03656796214784,0.009243461032097016,-0.014587583762394711,0.01710421731779945,3.996859026762316
14736.016692023093,9.626948714967238,0.7401897918082813,0.9097481799480782,0.030307607314240717,-0.056076585786195406,-0.006152076345999654,3.9896587734527116
14876.98773974163,9.652303105758921,0.7664456432342238,1.0188514188433937,0.004787577878318271,-0.05656687461363674,0.012705167894341294,3.9949055591536635
15012.998303139011,9.661966090329676,0.739985783880622,1.102405664015507,0.029830051454804815,-0.039556383645012856,0.005348255179831801,4.002545007175788
15149.017035086852,9.744291509569402,0.8267226303809286,1.1221923890300105,-0.006134248188460485,-0.04765126176084056,-0.0006358934615690669,3.999225349307226
15285.000446708656,9.667132643351165,0.771646291648969,1.0397405488270242,-0.006922491326097361,-0.021901744605393215,-0.02561817507278463,3.990753255542883
15419.994620972828,9.678414234536138,0.7168097846987507,0.9723401357490733,-0.004462753284055571,-0.03243416450712427,-0.0005335549859419351,3.9848941429106244
15556.010674198704,9.702548537448832,0.7877203526522993,1.0524090842923386,0.023446096122683096,-0.03780049683534639,0.015176693779931087,4.015188007478871
15691.98422738474,9.645507440935658,0.6938938083151683,1.0681581806105245,0.007939965740911608,-0.05448825997747457,0.00027787564900216756,4.007701610111312
15828.006366843809,9.79347184061993,1.074326742700312,0.9129661827591447,0.21140480749547277,-0.10163405084797117,-0.010931404447031317,3.9964460103348984
15962.988858643737,9.720669646259674,0.699801368887482,1.1727127332374838,0.0028868362190893684,-0.040378751915819536,-0.018593471375987044,4.003814334489684
16104.026493236508,9.727030487477174,0.7532376641365912,1.096173197664299,0.008129621132422507,-0.021127607344909975,0.008995909178706978,3.9861993477700137
16239.990304925652,9.683395572874597,0.8002222183944122,1.034486351358117,0.009335581244139876,-0.016112409088589325,-0.012339834560751665,3.995947961568388
16374.98604726826,9.670317695832372,0.7381598376322961,0.9260124596706255,0.03365311409617529,-0.04566510485415949,-0.004767400318207145,3.999803783853418
16510.994275582118,9.713549057664473,0.7166411573109518,1.1155730865110989,0.007999802900660756,-0.03106090531102494,-0.004490255831760695,4.008953862848879
16647.00359412,9.64147688295379,0.746673369744124,0.8820719483716613,0.02768187852391121,-0.036731212266702395,0.007900347171428268,3.995244190431236
16782.99657810644,9.622217102420233,0.7391810608017187,0.9140687952386748,0.016301845787494124,-0.06102098965760963,-0.012340861768192997,4.006728231561399
16918.002936383415,9.677672467467646,0.6831321393340294,0.9579257353201401,0.014895446415977754,-0.08751492728944786,0.0041799576247171484,3.991952385459306
17054.01524119375,9.702125917286684,0.7135235091071134,1.1176181227108046,0.031182422170697433,-0.039764945569427286,0.0016884985553418702,4.003735732686991
17189.99118902647,9.642565958977379,0.727782022681748,1.0499557285407428,-0.0013696073978282147,-0.02831733884213126,-0.006360958974839458,3.993361496980504
17331.014579524453,9.75103258305602,0.8180159842397979,1.0960411063572375,0.0006140083232681791,-0.04964280702419936,-0.01160562224301883,4.010845913009872
17466.012975160396,9.70055537978228,0.7460027162890762,1.010618566977948,0.023709484619747527,-0.051126830576237146,0.031409497522782576,4.021013348434893
17602.000321760945,9.62636242301748,0.7038634147825195,1.037323979073795,0.019081839532807794,-0.04446717054813664,-0.005994970341653,3.9816891674016435
17737.986580442674,9.652618308531705,0.7442077874511043,1.057921207428408,0.019757724330909287,-0.06546331750167263,-0.01954941137992861,4.0054268185895685
17873.99660854214,9.699687328744297,0.7731137826988195,1.1231014698808313,0.01827356688319464,-0.07017146000159599,-7.03868777654535e-05,3.9927115185179507
18009.00192696432,9.701950247375676,0.7939565729008945,1.0706722396935735,0.02971159575370442,-0.03464620890715059,-0.013090280300418337,3.9757377152986626
18144.9919929888,9.665182803717729,0.7615093914111056,0.996366050504775,0.002025840754934954,-0.042169170459199774,-0.002438343722726339,4.009148256808292
18281.005797885922,9.668857526349807,0.726073142736919,1.105266103790411,0.003128144203276264,-0.03905383008377538,-0.017375647660457818,3.9954016054802017
18420.99856376702,9.655495872796283,0.6824037909045906,1.0296483246092143,0.017606195717101522,-0.059597128529747606,0.019225195321003728,3.991027550970549
18557.004511266674,9.682266859024109,0.6306365527716273,1.1214306348369447,0.034977885475687094,-0.0555534754971925,-0.015902269115777464,3.9993499824089316
18692.9936492565,9.687476212715833,0.6788072044457198,1.1179913031565172,0.022463535958283275,-0.0584998427552333,-0.0043113339454644494,3.993042721591053
18829.009075433765,9.738808006094223,0.7438609282857542,1.250060069783524,0.054219511992198925,-0.05589865924223569,-0.021530146059464243,4.018469209505735
18964.003235093067,9.680754061767066,0.7827014586919057,1.080792685000731,-0.016607416478584183,-0.03340529365377533,0.010701211080654027,3.98688375436216
19106.003084383257,9.62442155908178,0.7344780078914785,0.999034411106502,0.009678275547658223,-0.04521220852546118,-0.028975435908112444,4.010265842542225
19242.006361577372,9.764964011876817,0.83747806926002,1.1782028561508182,0.018585631543592565,-0.0632713439374308,0.0012301475155197846,3.9945478477863334
19377.00293105138,9.643952426062262,0.8149297885140888,1.0160920348661757,0.008526171627777735,-0.04422450126338555,0.01820678418760296,4.004147461614679
19512.97646903663,9.562915056264412,0.704367094251696,0.9791499533256818,0.0066713568639582,-0.028044775937722772,0.009139877423936153,4.008877208836348
19654.02631705398,9.649235805136223,0.7377410084805214,1.005668129070375,0.01882763243715876,-0.06592650668542094,-0.030868396310963105,4.011824636526228
19789.983593471108,9.689282531771394,0.8311721545075695,1.2446577161726353,0.048090397871623225,-0.06548445039260456,-0.012722759393985681,3.9937971779069854
19925.009156414642,9.701843437780154,0.8169512109305229,1.0979462852202733,0.03993308580517864,-0.03750314603382762,-0.01721909432691813,3.9869763761842947
20061.001798854246,9.669452843603832,0.7458415622067591,1.104554474675593,-0.0011314058695381793,-0.05312652642337218,-0.02098513734780724,3.99880935874061
20204.003997789845,9.693950577746227,0.7674868467019633,1.097589639553007,0.006865721055453531,-0.06001976564163707,-0.008629413955528308,4.003266406752935
20339.001672512255,9.7034411050291,0.8651587030225495,1.0616403098386806,0.006068651677480528,-0.0621624530553646,0.002349867158942693,4.011386156658662
20475.02018408525,9.651113485353937,0.7915386268333918,1.1145643956681777,0.007249531997115,-0.07352175251671786,-0.0032917343961585926,4.015422709580187
20611.002960709928,9.771397418778811,0.9074421414420412,1.1612812178851812,-0.010513997839934053,-0.024317586525031507,-0.004295713699048951,3.9819363237376444
20747.001911297255,9.700783053667205,0.8219073237441433,0.9897055917104748,0.011094400444151373,-0.02685564682380156,0.006202941371437944,4.000493601535497
20887.997168463666,9.673030351612672,0.8476424793853998,1.0313382821369226,-0.0031164278174375054,-0.028417748300806362,0.011688914923814197,4.000746111937259
21024.00020698229,9.615294746501535,0.7500894873183683,1.0976067488929047,0.026167031404315307,-0.04681130545811238,0.008310875860052467,3.993923958060677
21160.015399008593,9.710811275974343,0.830036899409589,1.101583427325455,0.016807930281892806,-0.047652797604185136,-0.0033323309012890483,4.000089933898975
21294.989318344073,9.678762913689054,0.7587411593047791,1.0205138200467738,0.03183636235576504,-0.05324141515522184,0.01158883462562405,3.989823086672274
21431.006280605798,9.704504639416303,0.7846736281339992,1.2031743840217761,0.015160713996330592,-0.06543483063638705,0.006902886504532815,4.0008490147511715
21567.023448143846,9.696837745914818,0.7707882593649106,0.9583639109050522,0.01897207388459083,-0.04691467209527227,-0.004106789207185052,4.008006977447384
21702.99666438573,9.619396617690654,0.7416851028684847,0.8815825154236705,0.028449226519071603,-0.07303450954299227,0.013052513338244734,3.9920018666423585
21838.00341389502,9.646539896683883,0.8172247668891527,0.9920305013086123,0.018253785013814274,-0.07087067112462495,0.005285431327457253,4.022933308902857
21973.9916398625,9.705304227854311,0.9006955886651773,1.0370247503450516,0.03235722378926213,-0.04567666098176872,-0.0006684958063295662,3.9943580193664476
22129.991780006665,9.685139572169177,0.8790931770722445,1.1063258320675895,0.042179084887673225,-0.03611126050079502,0.00833429558403098,4.012705626478773
22270.001634589556,9.654672899614486,0.7947946304391265,1.0898961434872816,0.026736074992096362,-0.05614564831854915,0.01973196898306397,4.002739826224208
22410.0057941767,9.642141953567391,0.784896700716781,1.0580396179478664,-0.00863776993637572,-0.046849950875998234,-0.00021045445537624474,4.000918794954284
22548.98913233482,9.743738188306777,0.807977615196089,1.0511761838413245,0.031832470645966726,-0.06002721192365852,0.0035723659467498253,4.003107549032378
22689.005134746465,9.714730634358437,0.8008730311893189,1.284672249709327,0.01981539254706815,-0.026649382697856834,0.008949153606854183,4.000175432359963
22829.024714910807,9.728230926433719,0.7401342781960876,1.3151321884449958,-0.004692619194798633,-0.029903247316372512,-0.027698518923445863,4.011763182109447
22968.003142417205,9.681529905146894,0.746826384059015,1.0381297001570184,0.03172117147883253,-0.005328529794676174,-0.022552281989276342,4.007901263725158
23107.99767413754,9.742485298218236,0.8750849698572918,1.2306989930918313,0.024566489991820654,-0.05387036162665528,0.0019329845092805253,4.002850303432708
23247.9995333711,9.655068592122126,0.7440593232718755,1.2719776070648914,-0.021214306653769117,-0.02255949910083307,0.009247871983948492,4.001282986469468
23392.997337717374,9.632937717380711,0.7136353782094996,1.0764228524542434,0.01817111842906047,-0.02892277586103731,0.000886590525714019,3.9994802618517418
23533.001454732,9.66420046343014,0.7891380539759715,0.9437060833773211,0.048686094896536906,-0.052535828653037984,0.0005781044331700409,3.987754953539046
23672.01057696516,9.64609047950112,0.7404738659952974,1.1162553186247166,0.03181760778251647,-0.05862824081243128,-0.021823956950893838,3.9946380346902304
23812.009485686645,9.72751525409783,0.7877216628853507,1.2177560406167527,0.030791596566261483,-0.038925506178281534,-0.028021696607253815,3.9994081280999056
23952.00683756179,9.744135024958513,0.8324841879898116,1.2475941793395158,0.02507254958455114,-0.036280640622284636,0.00644277648422422,3.989415316302807
24091.002080175596,9.66389560554719,0.7910010357387708,1.2029536973187456,0.0027887997569538015,-0.023347515089095564,-0.010312014360348754,4.003924386492869
24230.987141914615,9.694859522426162,0.8980968264845131,1.0723450237041554,-0.027423163593950948,-0.05742127156025027,0.0010194874826952858,3.9917685363341193
24371.010322620685,9.563512381297782,0.6812350243092532,0.9353709538122402,0.011147604399619985,-0.08951871009704535,-0.01195172828800803,4.0153458551078085
24515.009475443923,9.649086397594976,0.7569847898365122,1.0204333239020476,0.02899097648840994,-0.06219149358432827,0.02192272849094083,4.005943380651494
24655.013710322663,9.67923455176539,0.8375129916649948,1.0769481578007618,0.028194901148948036,-0.0667566927946895,-0.014369400247729518,4.010148012277874
24794.003588066167,9.667641581813026,0.7708022440802684,1.233596310596115,0.038547979966428135,-0.05494952839289727,-0.023128581130407073,4.009538593714512
24933.999497704146,9.747579798642391,0.8190230961736022,1.1986124720625486,0.02498094294289997,-0.0231366266724531,-0.02360535885060466,3.988770814127572
25074.005798627644,9.681818204731782,0.7421975639804644,1.1127168460125927,0.01979767400887229,-0.0467676712436009,-0.002917259128273358,4.010604671819666
25212.984159052347,9.682013729784419,0.7362768198212755,1.1109404528874176,0.030287789323785872,-0.05131389502769783,-0.017486634802879934,4.00273211974251
25352.972564637843,9.717410312255877,0.7571792929567517,1.2271219307157948,0.003574927611263873,-0.04436156624309876,0.01124551824138735,4.006517605843843
25492.998155237474,9.751529443816754,0.7686399948001834,1.212164343161897,0.026246528868233067,-0.03563731415153134,-0.014560177681619931,4.006642591388295
25632.002138612686,9.698020540321714,0.754356678731068,1.3699261848694488,-0.03841744711146461,-0.01971340300521372,0.010545526547880296,3.9951561844537915
25776.999062889776,9.67207551682785,0.7435023854295555,1.144668148488079,-0.03544052245688676,-0.050823118052806586,0.004724199351556775,3.996977005933097
25915.99857316139,9.686106397675278,0.7777407617802677,1.117373805281642,0.031110696572317534,-0.04725363761337275,-0.008185717221011236,4.0037005739141955
26055.9998039034,9.697722140363453,0.8020235461847626,1.05337019408844,0.010464062276256519,-0.05072891854462704,0.0375961322398502,4.004160940630917
26196.010012464092,9.582629991320031,0.5873083234119084,1.0148236173180194,0.020568504352760465,-0.05988107326249444,0.00016398960298704936,3.9952407021130214
26335.01277114548,9.840255798491999,0.8984863731784232,1.1925959442531975,-0.08695269678576976,0.002601611371273702,0.02691930847608757,4.011380958984935
26474.995818063315,9.544853771461462,0.4552896902116922,0.9361132253797791,0.014385013410404815,-0.09640779847461621,0.028736889238921138,3.9790472976911704
26614.998719013496,9.75394079266843,0.6044405676303207,1.1147445951254127,0.004067089397972888,-0.11159300891859995,0.0006760731773208006,4.015917621218511
26753.9860897231,9.731482019990128,0.5553649364559164,1.3158384931172031,0.014228726059681547,-0.04252555495614749,0.025147478313109862,4.010147690825895
26894.02120881996,9.767632389242525,0.746526218270488,1.008520149748268,-0.014354111065584535,-0.03495916925812478,-0.005591324514761404,3.999661446280422
27040.009436149037,9.631193367789677,0.5363185101607497,0.936027910446243,0.039276636128196575,-0.070142782892049,0.01496852100876754,4.009516624178112
27178.99164527832,9.732563938709756,0.5644919045094505,1.0861114100259073,0.0060556359015360795,-0.018908941010361002,-0.01598144902357781,4.002129239577981
27318.993343770708,9.692413397607305,0.5301610835751548,0.7762268637670621,0.030705357082667088,-0.03214614527741446,-0.005587937390079564,4.0043922754231245
27458.01772071463,9.596861695430407,0.42594698019073823,0.9681005654395975,0.04820279792113213,-0.06349356833080042,0.006566527911675452,4.0015295061777865
27597.984144147027,9.766294662113369,0.7450249217507015,1.204287403516411,0.06745809801296274,-0.05424046847825444,-0.05121715531617085,3.9923998325407113
27737.994597369292,9.804384882772561,0.8327667007161442,1.1219361829915908,0.020691735038163975,-0.023268375131573333,-0.010050942706228545,3.985100061361026
27877.006431752714,9.660164353104193,0.7392732517060367,1.1041371417779722,-0.00070533382627699,-0.021826457716965904,0.034043329188970746,3.9849120106876255
28016.989693360152,9.661917418777715,0.674550057060915,0.9777047838685287,0.024094263079471673,-0.07604320897119626,0.040308279295512256,4.012758201417427
28157.00024299303,9.767085788832837,0.6121486353769403,1.1513496547860556,-0.030743327473777605,0.005222093226583448,0.012275570932014195,4.01307616795862
28302.015221602538,9.68664425492523,0.5150732793222113,1.0701539562316271,-0.008665630729419126,0.0005813456499521748,-0.009349710053347587,4.012858390668637
28442.003715408682,9.710095901176661,0.6221092018111465,1.153692771800114,0.054538573602073113,-0.005078808757161302,-0.042938201813010814,3.9999289929908985
28581.99693792463,9.745876007507606,0.6929404674164527,1.1657464492028158,0.00947639517934802,-0.06655325829081808,0.013249670869574463,4.003019921067438
28720.98733786036,9.625089399568699,0.5908804872542056,1.124076914714679,0.029755487965691194,-0.045957838669473554,0.014301073051094411,4.008375411765319
28860.98927993474,9.731065618648431,0.6509284809580681,1.1314603367718135,0.03976767756569839,-0.03458865167628155,0.0022108219994966534,4.002240173973725
29000.01706460297,9.643730829964262,0.5500368711707875,1.1338696056222,0.031736754626977455,-0.028869125518145196,-0.010900016375862019,3.987000737266147
29139.988934838446,9.70642728378467,0.5957082958768233,1.0302786998299915,0.02583479849431847,-0.04653421024092957,-0.013293899024449793,4.001600566993243
29280.00927330546,9.641616067040802,0.5455797633294599,1.0594600564431755,0.030349753128270856,-0.07138938302353318,0.02174583894777419,4.001530579754451
29418.992428594156,9.677390239403362,0.7015388388183065,1.2166029521277422,0.022651216511135764,-0.06742412333008116,-0.026541529050523014,4.018709341617563
29565.000479470153,9.678766789858939,0.7560501095507908,1.020717907286553,0.05954406300348675,-0.0720833718383188,0.007628992304086831,4.006421892646596
29705.011474802985,9.748569389691374,0.6815852133397599,1.2050657513163572,0.032010817846924104,-0.026902325931443753,-0.037393792514090175,3.998612946094094
29843.990380122228,9.73404793200038,0.6872030340427591,1.1883085144456578,-0.0013215632834812315,-0.04635238656624542,0.014613302701707433,3.9983768077777784
29984.001354847296,9.58777141546221,0.5543518323827943,0.9151732424674512,-0.01870025462384273,-0.037591459089086,0.027467279524497432,3.9994076985506988
30124.01388735317,9.673666268170878,0.6439191904617158,0.970698811773988,0.027750228574759783,-0.04395576599493477,0.0005621969422190995,4.005301491759916
30263.009035219184,9.698863510799605,0.6608709013647367,1.0940136304073822,0.04707991842362949,-0.054767811438245315,0.004494758542213166,4.008881136775289
30402.99269510803,9.741764658295537,0.6949091657200935,1.2082942676789892,-0.005724465453576645,-0.036896543992554244,-0.01400740142184137,3.9788970398177055
30542.009284487915,9.727207973427015,0.7712125314205653,1.228125609724777,-0.0015499866109233138,-0.021021299167909395,-0.0005522746994260111,4.001836192926149
30688.000654693038,9.734684928879837,0.8398868837155007,1.0588435715647624,0.006049866752694132,-0.013597872204942123,-5.992999931249486e-05,4.011295888598035
30827.979078234555,9.729267684176161,0.7763194762696433,1.1983630307758177,0.013061363031644874,-0.03223349598496952,-0.0007375734197176087,3.9979618162762907
30966.99610467418,9.660773621582145,0.5035630805908378,0.7079794968689732,0.03227664479946067,-0.11654970639082422,-0.016131344560283586,3.995813622175365
31107.995988880346,9.59873896218992,0.38441037697016983,0.9429200436665808,0.05452074429399478,-0.06703968155070535,-0.025942363925341185,4.002378154842773
31247.99699166569,9.771285242576793,0.6801335575763849,1.1453677220531404,0.034552997701232005,-0.0336302200762842,-0.018042480450523556,4.01189416194819
31387.004880696546,9.74745548068009,0.9035982097576726,1.1459694191410612,0.008105746433493873,0.005347535521114678,-0.014787359505401707,4.007891060032351
31527.014266506816,9.870050362602857,0.9920441187873715,0.9965535849268964,-0.004561097403583823,0.02164258430554998,0.049296946543494695,4.004878788235798
31666.009579206104,9.235020144941004,-0.05097689960276422,1.3900184539270934,0.02264111795868275,-0.09322691626624215,0.03584491405579516,3.9873658236069
31806.006916068196,9.900807520887502,0.6699232889528824,1.2447685137181466,0.0022196739475464963,-0.037251861807185975,-0.07418672219934765,3.9901642228429557
31951.005789916617,9.717907428293644,0.9158244886623996,1.2575696243407943,-0.00666366216635741,0.0051482544730664225,-0.02679008749176631,4.003119880542044
32089.985559027366,9.632995297856963,0.8332327459477461,1.0234576650528833,0.0325190332801822,-0.06945904859379323,-0.010096820616201966,4.0012745458547245
32230.002006631166,9.629217313556085,0.6996708203967407,1.255733199067786,0.007151848512238405,-0.04787948169181538,-0.013695480670256874,4.0128428528488325
32369.996368389955,9.738205577969037,0.9373238685628578,1.2191798451699585,0.013456146220978729,-0.05604583074103454,-0.007349651036276018,3.9941130199003325
32508.999601651383,9.751960595029807,0.9928440024075094,1.1905103341412544,-0.003604732827359642,-0.03938033675087414,-0.02603295432581476,4.012627945543207
32648.998209099318,9.600071062993043,0.6138801240144681,0.7362115717475127,0.024880959792829914,-0.06922327520250872,-0.014456110584336802,4.005100829976917
2685.9902036065882,0.8536682358494544,0.3709425639207676,9.992003021423372,0.0173183504960954,-0.027778048576587215,0.006090595134236856,5.004764251022567
2821.9946458419113,0.8429554864138745,0.29285316063054445,9.806264378889242,0.009657287659213816,-0.03159906287723698,0.0047434878267613905,5.0066897830509705
2958.0077126777637,0.883632540057288,0.28174690593551616,9.975574983450723,0.013674718711142397,-0.05933089915430361,-0.006060452374771705,4.989856935439926
3093.005139686917,0.8889848371587761,0.34331877571578795,9.925011108825428,-0.004905910055538403,-0.046544055394055504,-0.020674858777840966,5.029612971981599
3228.9932839657968,0.8896311443840191,0.3624677035094153,9.81825924935426,0.006887704564599147,-0.03677326083925024,-0.013937929122970368,5.00026908502068
3364.985611610636,0.8606503942366942,0.23172708915018764,9.92463044774681,0.033647751768592,-0.04601006885977971,-0.007135759466633492,5.0179157714778055
3500.0099333796757,0.8557438673547775,0.336789231375939,9.95451291219097,0.011765998518662323,-0.05080475000687095,0.002989557664531199,5.00803306105946
3636.0167325924135,0.9233357590493767,0.3956316409164852,9.926632647970898,-0.013350039668121701,-0.05459154303066443,-0.02423625224879719,4.997936385712883
3776.994867163399,0.9219024181967257,0.32237828694440496,9.944187677509593,-0.0014276099700195695,-0.07072505023920109,-0.0006372723632845138,5.000124448973799
3912.9832323292767,0.8915310402487886,0.32285725663165965,9.949179029436769,0.01547205711058729,-0.029364841350498935,0.007104140650456137,5.008529092884221
4047.9886362665666,0.9249327766619397,0.43020165070433386,10.012185443996035,0.009788514590303913,-0.058869857675681155,0.011215759793885305,5.003685466224796
4184.009192941641,0.9097225106470862,0.30245991384570664,9.866339906366763,0.051441782753607196,-0.04932273110954296,-0.020845461127692016,5.0086953086967485
4320.004227347615,0.9566415871903743,0.3542003642315219,9.806682649239345,-0.00506843163964932,-0.020288309544850072,0.011332158086183314,5.004414876578374
4455.9988013156735,0.8982252908315094,0.28533028787335313,9.885120532826138,0.011910059718563171,-0.029796619531043116,-0.0027996661699227175,4.982807755828856
4591.004239722579,0.8696283951750405,0.43118795943496124,9.997932266967858,-0.029231529819859218,-0.036675824260903385,-0.0008793246504468561,4.989022540188648
4726.990751092137,0.9196686770555611,0.31109544173267234,9.897736366564155,0.02282481382860364,-0.02439751446812039,-0.009654035995916238,4.998086107731451
4863.0042807006375,0.878267475358124,0.2091282979516754,9.808090643699957,-0.003381241079200901,-0.04331478636410249,-0.014450135319515145,4.999940363825027
5003.983103844612,0.9396453165951332,0.3499061534304005,9.859779583861549,0.02558195180346427,-0.06995603060053784,0.013478815034806833,4.99839563161745
5140.013952632694,0.993125253952185,0.26508060956397,9.883786029721687,0.011501614368363793,-0.05780263975336474,0.004886397977751763,5.010034271109326
5275.988235332367,0.9312657494194931,0.24971582816830762,9.905467619557234,0.018366826230998005,-0.039215782887651825,-0.020901509932865128,5.000044120907054
5426.994400745001,0.984807148445037,0.31963358843806267,9.99927655426379,-0.013375349930186646,-0.035167651984257677,0.006139502043369207,5.004929674117664
5562.997984439731,0.96419295052704,0.2437024737770384,9.688658452995188,0.007084784254380009,-0.06806988480279169,-0.01520735206741928,5.010235282326696
5699.012735974565,0.9603011913080917,0.30418934539245146,10.069267552590167,0.029145277775509945,-0.039710145838802856,-0.017017425716970572,4.99406528979774
5833.983854812362,0.9030521150169838,0.288069692311926,9.974649308980842,-0.002935902777176227,-0.05820351081931758,0.0032015208302114476,5.028943268219224
5970.003833672789,0.9082046940601344,0.22796918832083055,9.771490954205142,0.014878713120076234,-0.038123548289589596,-0.014833051564730904,4.993133276701146
6106.003418388015,0.9464170487444924,0.27295625475867663,9.875363079023238,0.0018120920428178948,-0.03399443115382212,-0.013855665137414711,5.015164709726208
6248.011759657968,0.8948146566716291,0.2638172467901521,9.807642278592176,0.02359413030120875,-0.06701340560055472,-0.014172627893413167,4.9832005137739745
6383.017546155457,1.0275235014902113,0.3437395752901022,9.89438851577928,0.03195503330128681,-0.09954557234270282,0.01860025602757567,4.992271491946847
6519.013376460642,0.9194136453837118,0.2783666221800257,10.086391671311446,0.005157265099429566,-0.014329282434315914,0.01131447162199613,5.001048995466477
6655.014768592447,0.8826432285440134,0.2870207201978959,9.866370948662803,-0.0003597844038102002,-0.01581516090151918,-0.018467463676808023,5.0021526646241865
6791.000235444235,1.023444344356451,0.3764926487995906,9.868872297858296,0.014685205123349672,-0.04169206513097802,-0.01667741058485057,5.01516021207571
6926.012553346996,1.0212742219258397,0.3583939663041092,9.946136849464796,0.01978471000394026,-0.06146605837434008,0.016340596397610877,5.004302490570388
7062.012057351865,0.9062641316005522,0.3860068435581841,9.967911809845555,0.004290590669422057,-0.005859527249998634,-0.01189994128436798,4.997369498430073
7198.00661717371,0.9107589899896711,0.3016763299610901,9.936716619080682,0.006303698506767715,-0.03491773782552247,0.015671903950296884,5.00742078041738
7332.99105685227,0.9158018939802998,0.3408794345187979,9.972213112114177,0.01386629604295791,-0.06259788971331252,-0.015969637825568476,5.015175728028569
7474.9938858385385,0.9640049488418161,0.41051945557108915,9.876023306667108,-0.015558600610651284,-0.05660992879135849,-0.007192782760645681,5.000701265611845
7610.9934885108605,0.9510578279586187,0.29120243549125746,9.780589802420085,-0.00741481343810267,-0.0412925058873632,-0.0057023702081329015,4.99060100513088
7747.005525671313,0.9605315447048823,0.3313851093038215,9.823999861561447,0.003314620406696155,-0.05226765563585672,0.011388094836460754,5.005424179258779
7882.013876646337,0.9782495046291749,0.3045374249159609,9.86730871014908,0.005042293968069046,-0.05971924755570572,0.005605461815466849,5.002283145740752
8017.993798804188,0.9412917457495281,0.2069626260032835,9.862833632037205,0.008547950162684188,-0.04434126565345892,-0.013998012031354295,4.992714809337103
8153.991393200798,1.028592057838389,0.39180744868235584,9.77203978004501,0.015078122601812037,-0.028294419911158906,-0.025818706854369034,5.016590728987027
8290.020827461762,1.0480333103756276,0.3029540225088252,9.802534471375857,0.005416455029939609,-0.028582773765178527,0.01675268943305071,4.987566067205312
8424.992645636217,0.9917759031901814,0.3295330953276141,9.860730626627076,0.010597789720698792,-0.048368507507096425,0.019523880375255164,5.012026027072719
8560.988887138154,0.9651063423153807,0.2760568387788509,9.906087917396153,0.02487541928071896,-0.054064265719873945,-0.0005469931044126034,5.001464111534676
8703.002965513118,0.9820215550718134,0.35626489740693107,9.876160723252763,0.0009920861307967403,-0.035791608378449226,-0.018233625913328787,4.995493904386374
8838.00041844049,0.9478056101513664,0.27463799218897844,9.840792757520827,0.041461838410638704,-0.033491379941098035,0.017226533849345544,4.986339057998327
8974.020711226252,0.9304568956080086,0.36342148556290604,9.981449560076388,0.031230534109909048,-0.04957826054997865,-0.003876176871381032,5.022348268063812
9110.004827003124,0.8635798819544335,0.2922970730625722,9.83830490860219,0.019364107909942425,-0.027653451522682924,-0.00841741012363206,5.007040042788572
9245.999873504636,0.9894765548124989,0.30253786777009356,9.762229316056578,0.01416348169234584,-0.07438185278648853,-0.006007045519870773,5.0080743406086015
9380.99796712702,0.9882628330201088,0.30260500224856174,9.790938614189237,0.00866282993989948,-0.034450351264167324,-0.005380397684915793,5.009784492467004
9516.994025956179,0.9681342003324958,0.33428006592365805,9.948414875203731,-0.0074584999563618885,-0.03709680300381611,0.005664025541979616,4.995331758334115
9652.994731195924,0.996852726015295,0.30842378695726147,9.825588831843737,-0.00765372564412071,-0.0346831046574219,-0.002160238225176583,4.998115965028797
9794.005371775907,1.0181822891132348,0.33337400092380565,9.874977484123754,0.028413296946345448,-0.025285743268780872,0.004125463273308158,4.986411686418749
9930.00915809782,0.9911725554840076,0.3650886571380472,9.901058530233188,0.03284141874475602,-0.036879961682092274,0.006690158876562441,5.0008366245507085
10065.999536936253,1.0343365584596982,0.28444213810490665,9.914387082314246,0.0024454395011139227,-0.003789615297206364,-0.003110557299537106,5.003100369852548
10201.978669819628,0.9815580791306572,0.27932172722277954,9.708420563889197,0.02150819719764202,-0.0647884386613384,-0.00508816163052271,5.0010007506747
10337.005144805466,0.9889061144600341,0.39403523045278205,9.944714774148228,0.015945113960724584,-0.04054036601090701,-0.029317446846210113,4.984976969382624
10472.988581293026,0.9770989521051338,0.2780139772915158,9.88085595702943,0.0015989577594943893,-0.05817358828084753,0.0025186466153202264,5.007139504490744
10609.001992594262,0.9512198251795623,0.3290424525798499,9.680845846304342,0.021505149875835294,-0.084808305043201,-0.012315762930888438,5.007770137790437
10744.977296913725,0.988338188167575,0.36915756695859736,10.06690936430291,0.01646898766537968,-0.013070411159198039,-0.00602793272686336,4.996423864449058
10879.999319258432,0.9468515850875237,0.39647433148044975,9.886376294182801,-0.01938725188407369,-0.003919269330100517,-0.014265709264355879,5.005177565495639
11021.998062676754,0.9728471127899043,0.3042217982509211,9.667610504258805,0.022484882680730334,-0.04974683477526833,-0.007189015376913084,4.991510037135509
11157.99622533708,0.9902940608824671,0.39195443576508293,9.879658853802951,0.03438980271936619,-0.05331485272850226,0.005173947647871887,4.994072178798652
11292.995953864314,0.9801676272591842,0.33287328377826814,9.902310764729583,0.011128268064675532,-0.05756538292466955,0.012738618653423947,5.003959185005356
11428.995763783707,0.974597050449161,0.40784873732358023,9.798721777922236,-0.004553381724626852,-0.02471600327825561,-0.036426886135271445,5.014668643289922
11564.990975544493,0.9612902703241115,0.3282510945213398,9.874266580946795,0.009494666704169537,-0.05024648112573491,-0.01267020753160673,5.008057029863046
11700.997266918725,0.9183963295588949,0.3687005095889822,9.89662513158639,0.05444800386338017,-0.05103313369157799,0.0046400574741712235,5.009888773328378
11836.00940645744,0.955868338799517,0.37967733557495803,9.815533354428936,0.005445493384973861,-0.022575875983408898,-0.009345482227280434,5.001829723292609
11971.988187804218,0.9326583598838984,0.34572186585689807,9.911010762602226,0.021269562208339136,-0.04163809883119361,0.015204117272306954,4.992270090168076
12108.008683681519,0.9294906296962534,0.4515858929453568,9.898810928416713,0.03559517817369947,-0.02569140868839721,-0.007965687104931483,5.005102799105869
12249.9896497719,0.9575704469905069,0.41473917439613434,9.835953381327766,0.02654448728904796,-0.050784859221360314,-0.012875935785451768,5.000093248058071
12385.008145835654,0.9302955079776777,0.36813656100227576,9.93681969608324,-0.005610196104014987,-0.0607142995204608,0.0057842931017272736,4.9923292370260475
12521.00611543041,0.9185541169202949,0.45525398084068636,9.919346999976554,0.020602500655403606,-0.06351730365957864,-0.015483767758449157,4.975582800024666
12657.028703016013,0.9964943215060994,0.42472491431411724,9.842789391911355,-0.02238067386629339,-0.0252296884455054,0.0014360826683195741,5.005574778901041
12791.993712632555,0.9236589005786697,0.358854692913544,9.858925972489246,0.007391968597953193,-0.05278060252094808,0.017702954323258257,4.9810769409358375
12928.006075991954,0.9327037012633245,0.3668293965539249,9.855940244268535,-0.0010820261550515864,-0.0616786266940678,0.003997678498055424,4.997686587605301
13064.001609666055,0.9965375685225167,0.35383482604192396,9.8496165514145,0.008403547622294293,-0.04674444876118963,-0.004642520564194274,5.0000267181171045
13199.984832001983,0.9497109973776737,0.4042766370576172,9.854964601788419,0.004753674039858406,-0.0495047977521161,-0.0050232640391576254,4.985952345942955
13335.00878426956,0.8939948769607812,0.29838149742638187,9.734725823046219,0.035358954931075486,-0.044666558983316666,0.004363616015316361,5.001722835614774
13477.008032392625,0.900006006061601,0.43146452837603555,9.876045936481257,0.026839931194043622,-0.08092169359264076,0.01947154833574696,5.001750650568196
13613.006263485664,0.9226513011776837,0.32061636268279925,9.979084451264404,0.017678323965855586,-0.03711882268315381,0.00587023435353307,4.99368180380181
13749.015156620628,0.913235569966726,0.380129164084434,9.833052721977388,0.027164573218684197,-0.057930339395702864,-0.010435455318324025,5.012859889634162
13884.005560431551,0.9474056087184278,0.4090983889989009,9.929360484751953,0.007215472852720567,-0.037716970805395975,0.007149884420193621,5.013217753415823
14019.984718702639,0.9505251265153204,0.3634550971212101,9.883062565093415,0.008306605260156304,-0.04502000155287255,-0.030566982854691855,4.988420326390452
14156.007161501211,0.9285986910105367,0.40607877347401333,9.834554287504574,0.030039684944207782,-0.03859943119920786,-0.00881856203840698,5.016853751086074
14290.997208819128,0.9754952125555836,0.3790651030502583,9.870105421087574,0.0035961978711536993,-0.020650458767601652,-0.014629765717103674,4.998545460915911
14426.99940854768,0.9601270093055038,0.3882968438606119,9.796945035082977,0.03123084422587865,-0.05544015434242023,-0.005372938725238074,5.010388351121039
14569.00004838913,0.9282135946789544,0.4212488673354391,9.772605017574111,0.007465919199554714,-0.0549744570084215,-0.004680213720440942,5.003323868919948
14705.00992498583,0.9149292914013984,0.363848346216246,9.942852304249183,0.027621969516885427,-0.061694642167236344,-0.006343774204008387,5.013678377298691
14839.995765016773,0.9551347557002602,0.4289967869575877,9.822230695040224,0.010866020230624085,-0.03250451107868465,-0.0051365386170418555,5.001023703417519
14975.990202948711,0.9123366687288764,0.430460971991597,9.85276740037085,0.006563614119484067,-0.05810459419667661,-0.006303394192588882,4.996632257657143
15112.006157031657,1.0017621740961655,0.3916434409124904,10.04569469614589,0.05636777140174727,-0.07389706925963195,-0.011184396008039332,5.015021720354157
15247.99819703721,1.0112470682580346,0.530889756606581,9.383280712504167,0.000784027384484768,-0.1035154779799813,0.02493016946972891,5.006976015742438
15383.011449941743,0.8480251369680626,0.4586888226795141,9.80956927155202,0.03074974711299772,-0.07648269541621401,0.01996778126719146,5.008566636163773
15519.0147527648,1.1752711822353745,0.5163447977374507,9.62552350372023,0.0031134340627878426,-0.0347117636309126,-0.011103895035948594,5.016713576695972
15655.00292522178,1.0722378053966386,0.5718018382987041,9.663761948047682,0.044197413451550455,-0.09497636398222599,0.04222832555174951,5.000192808159344
15795.996273814622,1.062691849839063,0.4672152893949521,10.252969976111928,0.021301406698519484,-0.026370626749569803,0.006733594653045982,5.005487445531317
15932.00714744011,1.1217999200879802,0.5988787148547747,9.953629228766555,-0.006311711774232993,-0.03808319028906319,-0.026679879309279616,4.999697097539728
16067.998381667305,1.0926426723649412,0.5256424983627216,9.822114306712017,0.024312757250253163,-0.12374707428895258,0.13324363978992695,4.9864883050988045
16203.99371018852,1.1119036748280589,0.346881387701543,9.403611519252873,0.07289117698250587,-0.046579002204307274,0.042346077754688405,5.01666404245415
16338.986798810263,0.7706143229263811,0.5276506268313789,9.878028070155153,0.005166897245647195,0.04416442892280745,0.014394642668808891,4.993475848984019
16474.996808798835,0.95080476040028,0.6309771797052013,10.091699562634311,0.03805010264186128,-0.015725149214303926,-0.025579109829241428,5.014273089545984
16611.00766691664,0.7483600969061123,0.6463710138936732,9.852319323247654,0.014317996978019587,0.0407216709370438,-0.018146766505186117,5.007018647654647
16747.013023215008,0.38943013641630386,0.7731930076542829,9.887975121012818,-0.05349074818150104,0.16123241038711628,-0.018853457065906475,4.983861292075586
16881.9962983336,0.6050646088200845,0.5563919448197732,9.907669636679447,-0.02389762476569526,0.08984977028360577,0.0019595131709171506,5.001868581113882
17022.990352982262,0.4685570786545228,0.5395237575917877,9.719875546976718,-0.012458279179304702,-0.05674158525933185,-0.05906773263379151,5.0000691195271925
17158.984704600196,0.4746622512041626,0.48848827074490936,9.783945973655673,-0.002877733250469223,-0.07381372037725044,0.049092415027018645,5.008094043593314
17294.004549621943,0.7054095480840946,0.4853118897523161,10.070868466050747,-0.11427948496173763,-0.04216687737988232,0.026449033528741114,5.023368487751414
17429.991794247122,0.47573565023769765,0.34034746567763907,9.443844277948532,-0.03362330014868907,0.0036921347952315565,0.08506219355911959,4.996118479849109
17565.97482031081,0.3917524175829221,0.3599746983457023,10.143961027615376,-0.006944186579023475,-0.04151224348447109,0.0784474084212492,4.984568458054259
17701.987024457376,0.4355347759346196,0.30475630444566293,10.086937643824061,0.02125239873289057,-0.07052656559959739,0.04234418371807204,4.9931195580657075
17837.003602763452,0.4086804775032652,0.20862639755820458,9.76644575192653,-0.027897652749648342,0.006149521755934824,0.004845729833350841,4.986811827440657
17973.001138954347,0.43232082763681157,0.4119441085950402,9.873282049785082,0.003322243131694878,-0.0555345381555601,-0.001105387633715216,5.006386593582435
18109.010266366226,0.45961943492046886,0.31519792923108864,10.014859416475897,0.0012105860031537046,-0.051613768067146536,-0.018546675874412086,5.007760414463809
18250.0008298363,0.48679267702426915,0.3426658757322449,9.749253270827777,0.03801971034659902,-0.03717973399719516,-0.023130436644005464,5.000573309574101
18384.99826555411,0.4628008713239378,0.448003662180362,9.844926472160939,0.02322732876341822,-0.07344367889527302,0.008554688129790853,4.981766299320579
18520.995937324897,0.44714380053586644,0.36962757546386377,9.868889916020608,0.005146741612601868,-0.04297235159201343,-0.0010996476274292778,5.009535260281036
18657.003292818557,0.521494330607824,0.5026172857336284,9.549666954967698,0.004641994238813356,-0.10183101791999498,0.010082745888351714,5.004238821892656
18792.00302411808,0.5274256543791518,0.20750977962291686,10.066483517601837,0.029786340858079585,-0.03498534024739747,-0.02324324213850949,5.0010257190356215
18927.999090410547,0.5594897934227825,0.6608148922346122,9.926832755590778,-0.0012714931366456567,-0.0446793778115658,-0.02516004008018728,4.997415909705865
19063.99270996726,0.6065125648902923,0.3863389042333992,9.724837635611498,-0.0029611346092185582,-0.0323858604654413,0.014356655797160374,4.997109966125632
19199.995973580608,0.4853346607217194,0.36824058682539834,9.884692208263159,0.0329197809164742,-0.050761550047302005,0.02736585913879892,4.998780066874428
19340.013240242148,0.4547583150580088,0.3367561172229557,10.017522160005111,0.04457424176822365,-0.05322555737651758,-0.05685243095037874,5.001556687401299
19476.013413607096,0.5188650765859308,0.5875558707276124,10.012874587651202,0.020818888560139335,-0.04501878268195545,-0.03297490179644697,4.9854281523051975
19612.003405500298,0.5799086715979291,0.5971465441083281,9.670810775607658,0.03003389787819125,-0.06368081288559711,-0.005843356669251728,5.002421133086278
19748.006875413146,0.5695818004320379,0.4592473703731588,10.091103402046613,-0.0009541524397938207,-0.03268503611795256,-0.008063913164215732,4.995050575972843
19882.993177130877,0.5119389982917503,0.48910329924065726,9.84199036189828,0.011540804914578658,-0.0438789219667395,0.018354659202811388,5.006756950071087
20019.00276074679,0.485952401299941,0.4793336126609878,10.022323434323766,-0.029082902395445094,-0.04500130985291135,0.0035069267825776915,4.982249946773184
20155.007960757754,0.5661691940887,0.4828472474796174,9.993929096501095,-0.00027171002770995183,-0.05267768174250048,-0.004613277971611041,4.99684418598203
20291.003898725914,0.4327689164052381,0.4220538635972414,9.927881465463356,0.043908143319631436,-0.015577578122429532,0.018994044299180887,4.995364046732385
20425.992618990247,0.42513239899623423,0.47293020888169846,9.90009703896344,-0.021296689706187515,-0.05708952466507051,0.012323778103801291,5.001235742141241
20566.993087987703,0.4588792354611546,0.2774386851125067,9.658431477947023,0.013739120392551195,-0.0947282150467007,-0.004492356190877609,4.999073173845916
20703.000536785363,0.4564899342855611,0.7235253862489527,9.882720709520832,0.00023539484949744585,-0.026174461722611175,0.0018912061980773907,4.994347741138374
20837.98980180994,0.5309752660826228,0.7924839970948604,10.072854044582064,-0.012640769983358398,-0.10394854968193935,-0.005761770541695685,4.991335517647385
20974.003708438733,0.5453633140377936,0.36143245854829414,9.876806079348869,0.06508589853951237,-0.029739138403622488,0.00250422071435812,4.999141738311067
21109.997149914834,0.487823352863049,0.556778325988895,10.022556586388232,0.009097281438045635,-0.04660440036893835,0.017427961126334726,4.988696878806933
21245.993557704915,0.48296115835143016,0.5947451937910162,10.041117587596748,-0.015662927189190743,-0.05282107398321639,-0.03886448248043666,5.001954157612288
21380.99713574939,0.5245780088009673,0.43358743459211596,9.787540104000252,0.027694817217534615,-0.07082713081121614,-0.025782996165225818,5.0046977194022775
21516.991738585,0.5597065632228334,0.3543811245049882,9.860040838697643,0.07272786533135468,-0.009044146725011517,-0.05340982135205152,5.014710583843146
21652.99651274457,0.5090375637852276,0.6922714680792457,10.0892243290623,0.026547962934057773,-0.032673642158910825,-0.00022073174703511557,5.011264533199901
21814.99924400741,0.44574155531602727,0.529592952972624,9.70015029563242,0.02341204007068518,-0.046476236153979736,0.0025678601276415223,4.99919533832072
21955.004745204023,0.48200393443805084,0.4097062761107843,9.832783277863939,-0.010099603394522384,-0.08548549879899793,0.016851046819995143,4.990880855399756
22094.007313036484,0.5295642290254429,0.5490652283640383,9.830259000352024,0.016346598222852674,-0.03429983650441295,0.004434325967180313,5.001242804196624
22234.013466272863,0.48947496083373554,0.4718005513244749,9.87974141377632,0.024387936195503713,-0.047475788116852484,0.005747491120790893,5.025342092232672
22373.991602723923,0.46353691024982885,0.4501605474723893,9.8049255409196,0.026898663131105366,-0.03480027018500298,-0.008564680167437576,5.020276420087447
22512.993911934198,0.46010639261482533,0.4902816286413957,9.940262531609639,0.048575059180966905,-0.057076277695043844,0.0007291107789887468,4.996864490884864
22652.993212530924,0.4739796833666335,0.5694636865056028,9.885189734269352,0.01665435746464755,-0.03721817470921479,-0.014789807369083969,5.010536765891121
22791.98904065029,0.5331878002086602,0.5317293417843707,9.871760631282152,0.004410841706305985,-0.005799199582068734,-0.01180067906698667,5.008923932118941
22938.006643234716,0.487146801049663,0.5121632868302978,9.777825735688916,0.015530709907862176,-0.03486706251028198,0.005948136003138674,5.002523338388972
23078.009433683685,0.43803086248724776,0.5044491507383986,9.909175869742375,0.018789394046338104,-0.04344108217540398,0.006485570825091374,4.988727897723375
23217.00559501747,0.44764226850109745,0.4274534156208368,9.888845410341471,0.038406127456848224,-0.030187380469625907,5.404557888466087e-06,4.989240099452329
23357.016662687573,0.4379537672944028,0.440163713578981,9.868129366288851,-0.0019441801434397063,-0.02393543599170586,-0.008507331010492912,4.996286048135698
23497.00452789004,0.4533435293400773,0.6337579237294363,9.92258554045359,-0.005617554719966009,-0.021969449047301283,0.011937070574049692,4.994273369247617
23635.992889704776,0.4442810143090083,0.41917205322658757,9.799629973223942,0.00512535145610876,-0.02619808230821562,-0.00936088098893955,4.981696518769177
23775.998621436363,0.42645984603801784,0.5705961636604407,10.00052990406412,0.03585619936472729,-0.0779493919428606,-0.016725998302541605,4.987504942966881
23916.001956544427,0.4646068502697349,0.4878767629576975,9.877390672066776,0.023845919061027943,-0.02624547814703096,0.005792122780482799,5.010171491259666
24054.99836282,0.419922800273258,0.42265370997365515,9.969388978244769,0.028520732593080526,-0.06908903164525786,-0.007908812758397658,5.012040830404756
24200.002411572863,0.43596870331205617,0.4852199728101882,9.863304256551357,0.008089989795161649,-0.04063157466553187,0.0002830603761207092,5.0268624360634435
24339.00972890995,0.43875667209662805,0.5349830234329608,9.97275960746614,0.009762767182386039,-0.03669994954282268,0.0020713139939363755,4.996361914765941
24478.99289328664,0.3963357668190099,0.5488555689512247,9.935589041527118,0.019918794132106888,-0.06612517626929966,0.00978678337327718,5.010470318026155
24624.99869484242,0.42129976200365665,0.4999704663154635,9.87426842881888,0.00017247435003372503,-0.017939841648293476,0.0033685217088287476,4.994104880538263
24763.987681770217,0.4197394619158733,0.48155997610442297,9.816447508216296,0.025016296126079075,-0.06079946533382483,0.005800937308738688,5.000458981281206
24903.99257519483,0.3827064452649719,0.5467992903306124,10.02390046248576,0.009988058941469806,-0.03747036821234823,0.004733099579210182,5.010618586430859
25042.99436441721,0.3915260832823192,0.49439366699317994,9.883133102395842,0.007961765992527063,-0.038519692279030335,-0.009816687761441909,5.003453745987196
25182.99487516357,0.37093227032231313,0.48528835996234587,9.93984865497948,0.014616612258536485,-0.043049509653759456,-0.004059715760031592,5.002646162328416
25323.00965494768,0.3913819596876133,0.511909289874381,9.894913895399913,0.016932489226329193,-0.0292890705852484,0.0057763241641942565,5.0025166144894415
25467.01178609213,0.36061027783724914,0.5294394417418592,9.888470224149671,-0.002227150787645101,-0.056431403762505876,0.015866228469515298,4.995187760594943
25607.008395142973,0.3924460767302831,0.5280499101232481,9.946177957123336,0.014198393170002615,-0.03576649139790428,0.002285378853844728,5.009242061159285
25747.005294829632,0.33749840556810234,0.48656352908497347,9.81480782530163,0.025879170429512877,-0.034346448356417224,0.01169875559048441,4.990073469313927
25885.987361737218,0.3919309022326417,0.6768566551104991,9.979433733280466,0.004586310519369375,-0.06755233611088662,0.021723443590623927,5.004681257843439
26025.984486970643,0.4177315045977491,0.5009972904551926,9.885758876305385,0.00879925753176744,-0.13196393884027763,0.015437961656070802,5.001584348356106
26165.991311950507,0.46099151168495867,0.5662626627681302,9.915967139149886,0.011798122715869636,-0.05645833223565975,0.02178437842460466,4.9930717588885525
26305.002291641824,0.4465791622838053,0.5013772107752544,9.967545836785186,0.02980236255349641,-0.0371970357964814,0.008872517448859512,4.988807496568294
26444.996036456865,0.47635035106461476,0.5781094707137546,9.746457418823262,0.02292051281093946,-0.059207058356988675,-0.02521108591795401,4.999501267013821
26583.997138902094,0.4448988995871314,0.5152798893076934,9.889299733809256,0.03133671522583005,-0.06707104666062157,-0.012683264938219337,4.984374652724449
26730.002472087195,0.43268357887519204,0.5935586187187508,10.044728473911531,0.018321599312466106,-0.06834823440079682,0.005775584039895369,5.003727567849283
26871.00588037616,0.39800332459421883,0.5039965192306891,9.925817608305776,0.016003146685701738,-0.007425034411336657,-0.01429904758276707,5.006357533231876
27010.00021676418,0.4580377317311962,0.6277039308751939,9.84916934182083,0.01930863322327028,-0.027244434482248336,-0.02847191357411531,5.004252259951238
27150.008347584895,0.4410269350594075,0.6011692675759088,9.97420351850051,0.03048620938411704,-0.04163583299229496,-8.680211420157124e-05,4.996491883248062
27290.023574964474,0.4599893987916943,0.6418598500261277,9.846374440292424,0.02340241560366783,-0.05426378204065574,-0.011924288775627259,4.994753304121429
27428.985418766344,0.4768462618647206,0.5735045317183548,10.096897309797578,-0.00010794776390422845,-0.04269580686061429,-0.03533636832008583,4.990248111405292
27568.993280931274,0.4779275849860942,0.6846599465634091,9.870362337930956,0.00960066880529681,-0.043599891669363684,-0.017348114874433006,4.996744522045019
27707.99173920712,0.4907238212229424,0.678744660205405,9.968221260547159,0.009676863715643837,-0.05692301650464294,0.0057950228270801036,5.012168311621112
27853.992999602713,0.47984764107035777,0.5742248528726577,9.941107004041138,0.03080940071192124,-0.0022324413964298013,-0.01602338737920227,5.0046859856113795
27994.00037733175,0.4098504192362748,0.6753212224875698,10.072284968850488,-0.004190294783807097,-0.014087494183089742,-0.023744754384098912,4.9973138210163714
28133.013189777826,0.4387097858436436,0.601322032848169,9.864423650595057,-0.0069263781590660125,-0.042189059037778545,-0.009550143771728416,4.996734499889186
28272.973160153244,0.48301911654187185,0.6115473115475728,9.831324652883676,0.027863558790547017,-0.059689071254189874,0.006916225354043303,4.995668840796798
28413.007699180755,0.39397402589660585,0.5707114295683692,10.012660315067848,-0.003972176122509808,-0.043341880394551634,0.01573650327858315,5.014358166839821
28551.994952653025,0.40928278585044636,0.4995392718902973,9.962605160171218,-0.0017340486822499527,-0.008529186728348938,-0.023688785577413097,5.018140668226662
28692.008281099566,0.4066706378456391,0.5979767130129495,9.746004685486662,-0.009737188944786323,-0.05034093476229299,0.018008752348447524,5.012063761733974
28832.009864057934,0.4453639486400398,0.5790095198014992,9.883797192881968,0.026968749530896532,-0.06664777969407792,0.00853413268589977,5.002015347641783
28970.99594695473,0.41198254230124975,0.5528851783468242,9.954794654264612,0.02329193872416788,-0.0753853937189734,-0.0060629207885953456,5.01570497257687
29116.0034601764,0.45090686411486763,0.6109596249969576,10.193802744497138,-0.0026737023910937694,-0.005904435569885962,-0.012667167514753174,5.0002984998573385
29254.99843124282,0.3874143436840856,0.3327256734755984,9.805020175463609,-0.0031512964138496868,-0.07774787148818452,0.02920878157296092,4.999237312019697
29394.998080334048,0.3982349950331664,0.47688980840548384,9.80533297713711,-0.001197228674067832,-0.04507828991491892,-0.019193407932211564,4.984935338234834
29534.991316934334,0.4896728969945696,0.5621828576194549,10.008104962966673,0.015457315326670423,-0.09141488384976645,0.015234314285145052,5.008751873667303
29674.004440767338,0.4922289371770446,0.6285757764416099,9.834545801168733,0.030680991040218913,-0.025864550061149492,-0.01473581912179797,5.002867287211764
29814.017874816054,0.5090706585373642,0.39336191071031684,9.889481204189455,0.0554315963119359,-0.04839407085235791,-0.010710520449666782,5.027403412710033
29954.00554725028,0.4768326744427464,0.25361041695101477,9.94801974872538,0.02956372696365148,-0.0702088336952295,0.001298393305597256,5.011439867382165
30092.99354031741,0.52863066088743,0.6327270166781709,9.969352939898075,0.00866973944711327,-0.049837213072418104,-0.013889151308597497,4.999685995274352
30232.99150602466,0.491558590139291,0.44441931985065436,9.861845584669846,-0.00083084573724789,0.0030325871590257602,-0.021463391640363913,4.998926899816453
30378.011120416933,0.39759112107840233,0.5310908391184354,9.843617087103192,-0.013833163057653801,-0.0879517126382696,-0.0015026892707255693,5.012095363063958
30517.997599624054,0.4656775702542855,0.3150050599444681,9.804920394682565,0.04967037386461467,-0.032305213951790195,-0.039435387588449784,4.999139822856423
30658.00697833985,0.5227570705524295,0.6879424115560426,9.883138830883999,0.014348648737384695,-0.025944981266922178,0.006152854079739161,5.0039946002792375
30796.99238369894,0.39865777173026357,0.5149213603605483,10.054982061197286,-0.011739935372173396,-0.05008155974796526,0.000990956016859038,5.005697339655929
30937.00880406389,0.40229540754243387,0.4576666139724153,9.957989671997648,-0.02315832116184095,-0.00621016850458992,-0.0007970256891749954,5.005730062265154
31077.01548735384,0.40987396396949494,0.5144223599124352,10.009921058864725,0.023098484363622756,-0.0505973706746358,-0.02684850339741713,4.990781623500423
31216.00613255163,0.3781864412359041,0.4477025623307702,9.840240603758197,0.009410720775560948,-0.05045295295763686,0.017848880437820024,4.995737111586417
31356.00604283778,0.37034255721702175,0.5005548870140997,9.982126646020406,-0.011391095893643888,-0.05594057095931491,-0.00043352912251167007,4.994445931407617
31501.00827744168,0.33520342721281715,0.5255691230880258,9.983031512820652,0.01085127877927619,-0.04793252123851945,0.012729619728552749,5.004911575772789
31641.01887867158,0.425090361148859,0.4992848570186322,9.816703801043316,0.011061273167105187,-0.04997691027411879,-0.014128022421435068,4.998529786413254
31780.996520985995,0.3941853901848222,0.43577018387465905,9.91361059329953,0.021629907297381182,-0.04363258413142695,-0.0018351244942624904,4.999326658067209
31919.980752539228,0.37233314671160267,0.5317157781138412,9.95798428644422,0.00692132830225415,-0.03855006082658409,-0.023727759071989825,4.9875293617472805
32060.00359080561,0.3967310946072302,0.5269486615055582,9.925902417649645,0.0215883349582634,-0.028158743814130045,0.008352335012373561,5.003556294717613
32200.000107987104,0.3314432054298943,0.4583741068501971,9.90342093808081,0.00797424786406909,-0.04511386770207071,0.015915827142190045,4.994026716333673
32338.997268336585,0.4067383993443744,0.46924419012783064,9.812710944525362,-0.0021868625694105043,-0.05071309951048562,-1.0514475276252803e-05,4.999725898163671
32478.995293629305,0.4078711280074325,0.47068838040814737,10.097627209873881,0.014748919564718395,-0.029527857661535234,-0.019607260077641846,4.9948572167991845
32619.00302389394,0.4272307662295623,0.47173631063300947,9.866297515534798,0.018971854570014653,-0.0472717166595225,-0.004529120004612603,5.005210084587851
