Time(ms),AccelX,AccelY,AccelZ,GyroX,GyroY,GyroZ,label
2784.968,0.156,-0.287,9.912,0.034,-0.067,0.016,1
2921.971,0.356,-0.363,9.84,0.059,-0.057,-0.117,1
3060.031,0.139,-0.2,10.169,-0.025,-0.054,-0.031,1
3198.001,0.192,-0.135,10.506,-0.034,0.07,-0.026,1
3334.981,0.079,-0.445,10.049,-0.072,-0.077,-0.004,1
3473.028,0.236,-0.581,9.632,0.021,-0.049,-0.043,1
3610.984,-0.086,-0.529,9.77,-0.091,-0.081,-0.025,1
3749.033,0.294,-0.249,10.482,0.013,-0.063,-0.019,1
3892.98,0.029,-0.462,9.646,0.077,-0.069,-0.006,1
4030.971,0.314,-0.47,9.882,0.087,-0.106,0.015,1
4168.007,0.393,-0.141,9.336,0.007,0.086,0.086,1
4304.971,0.329,-0.321,9.882,0.024,-0.097,0.055,1
4441.971,0.208,-0.378,10.064,-0.037,-0.019,0.054,1
4579.006,0.231,-0.422,9.868,-0.053,-0.049,0.032,1
4714.002,0.291,-0.515,9.957,0.141,-0.021,-0.041,1
4849.977,0.093,-0.446,9.921,0.016,-0.035,0.045,1
4986.019,0.102,-0.534,9.733,0.093,-0.072,0.026,1
5125.992,-0.018,-0.295,10.06,0.137,0.013,0.045,1
5261.989,0.071,-0.111,9.877,0.137,-0.014,-0.029,1
5397.987,0.057,-0.267,9.745,-0.028,-0.03,0.068,1
5533.998,-0.028,-0.222,9.792,-0.108,-0.085,-0.028,1
5668.983,-0.035,-0.396,9.762,-0.127,0.014,0.015,1
5805.004,-0.044,-0.367,9.868,0.043,-0.029,-0.045,1
5940.998,0.139,-0.339,9.813,-0.101,-0.11,-0.003,1
6077.017,0.08,-0.368,9.881,0.018,-0.075,-0.013,1
6217.993,0.075,-0.384,9.985,-0.051,-0.056,-0.018,1
6354.015,0.048,-0.444,10.002,-0.017,-0.027,-0.034,1
6490.006,0.087,-0.441,9.951,-0.043,-0.036,-0.052,1
6624.974,0.057,-0.513,9.957,-0.016,-0.006,-0.034,1
6761.002,0.065,-0.451,9.814,0.013,-0.067,-0.025,1
6896.972,0.062,-0.383,9.982,0.005,-0.047,0.0,1
7032.99,0.025,-0.475,9.869,0.001,-0.079,0.003,1
7168.004,-0.092,-0.558,9.889,-0.067,-0.034,-0.006,1
7303.976,0.029,-0.542,9.834,-0.055,-0.026,-0.007,1
7445.028,0.042,-0.495,9.847,0.13,-0.086,-0.018,1
7580.973,-0.003,-0.44,9.822,-0.022,-0.019,-0.001,1
7715.979,-0.086,-0.415,9.895,0.007,-0.035,0.008,1
7851.969,-0.158,-0.488,9.805,0.109,-0.059,-0.029,1
7987.988,0.039,-0.381,9.963,-0.058,-0.041,-0.019,1
8123.997,0.009,-0.357,9.861,0.023,-0.069,-0.044,1
8259.031,-0.013,-0.435,9.9,-0.011,-0.083,0.037,1
8395.04,0.016,-0.484,9.827,-0.024,-0.033,-0.025,1
8530.965,0.013,-0.432,9.866,0.034,0.009,0.004,1
8670.999,-0.017,-0.408,9.931,0.024,-0.018,-0.021,1
8807.013,0.015,-0.414,9.936,-0.01,-0.046,-0.014,1
8943.005,0.047,-0.485,9.939,0.032,-0.063,-0.019,1
9078.996,0.035,-0.433,9.92,0.017,-0.046,0.018,1
9213.986,0.019,-0.466,9.85,0.027,-0.04,0.001,1
9350.02,0.087,-0.452,10.007,-0.033,-0.023,0.026,1
9486.026,0.093,-0.529,9.862,0.028,-0.083,0.007,1
9622.0,0.067,-0.501,9.976,0.001,-0.041,0.029,1
9761.97,0.016,-0.737,9.733,-0.07,-0.048,0.011,1
9898.041,-0.051,-0.64,10.001,-0.028,-0.01,-0.02,1
10033.999,-0.053,-0.699,9.806,-0.069,-0.065,-0.017,1
10168.986,-0.127,-0.632,10.022,0.05,-0.091,0.007,1
10305.029,-0.107,-0.689,9.853,-0.013,-0.052,-0.025,1
10440.996,-0.093,-0.737,9.969,0.016,-0.059,0.016,1
10577.032,-0.058,-0.677,9.917,0.04,-0.019,-0.024,1
10711.986,-0.061,-0.76,9.836,-0.03,-0.079,-0.023,1
10848.011,-0.082,-0.695,9.988,0.012,-0.082,0.027,1
10988.997,-0.068,-0.741,9.868,0.077,-0.014,-0.011,1
11125.01,-0.084,-0.607,9.882,0.031,-0.059,-0.025,1
11259.973,-0.025,-0.628,9.899,-0.0,-0.06,-0.002,1
11395.978,-0.08,-0.659,9.89,0.01,-0.01,0.012,1
11532.0,-0.019,-0.488,9.943,0.047,-0.0,-0.009,1
11666.999,-0.015,-0.585,9.906,0.008,-0.028,0.018,1
11802.963,-0.037,-0.548,9.991,-0.053,-0.045,0.012,1
11939.048,-0.038,-0.579,9.925,0.013,-0.05,-0.037,1
12079.947,-0.018,-0.505,9.923,0.005,-0.036,-0.033,1
12214.972,-0.035,-0.544,9.953,0.038,-0.046,0.024,1
12350.998,-0.049,-0.609,9.929,0.023,-0.026,-0.0,1
12487.025,-0.064,-0.596,9.959,0.051,-0.072,0.001,1
12623.02,-0.051,-0.588,9.839,0.012,-0.078,-0.026,1
12758.017,-0.025,-0.57,9.935,-0.028,-0.032,0.006,1
12894.012,-0.033,-0.656,9.904,-0.011,-0.06,0.02,1
13029.971,-0.046,-0.62,9.92,-0.018,-0.071,-0.008,1
13171.001,-0.073,-0.671,9.892,0.033,-0.047,-0.034,1
13307.009,-0.109,-0.633,9.881,0.008,-0.035,0.007,1
13443.014,-0.04,-0.623,9.896,0.013,0.006,0.017,1
13579.036,-0.178,-0.632,9.967,-0.002,-0.042,-0.019,1
13714.01,-0.123,-0.603,9.876,-0.015,-0.059,0.012,1
13850.004,-0.084,-0.591,9.93,0.018,-0.023,-0.009,1
13985.997,-0.043,-0.622,9.943,0.014,-0.034,-0.018,1
14122.028,-0.019,-0.609,9.798,0.03,-0.061,0.019,1
14257.042,-0.08,-0.54,9.91,0.044,-0.071,0.038,1
14398.978,-0.077,-0.54,9.91,-0.01,-0.06,-0.023,1
14535.027,-0.045,-0.551,9.888,-0.014,-0.032,-0.009,1
14670.003,-0.078,-0.573,9.934,0.019,-0.05,0.006,1
14806.021,-0.018,-0.56,9.876,-0.004,-0.058,0.002,1
14942.006,-0.03,-0.516,9.866,-0.01,-0.018,-0.013,1
15078.017,-0.021,-0.594,9.771,0.071,-0.081,0.016,1
15212.977,0.006,-0.558,9.953,0.052,-0.102,0.007,1
15348.993,0.006,-0.496,9.899,0.06,-0.061,0.034,1
15489.971,-0.029,-0.544,9.863,-0.013,-0.07,-0.01,1
15625.011,-0.008,-0.575,9.911,0.024,-0.044,-0.015,1
15760.992,-0.021,-0.556,9.888,0.028,-0.053,-0.026,1
15896.998,0.049,-0.544,9.896,0.005,-0.074,-0.008,1
16032.976,0.065,-0.55,9.82,0.026,-0.031,0.023,1
16168.008,0.098,-0.491,9.925,0.052,-0.009,0.012,1
16304.007,0.029,-0.527,9.908,0.035,-0.063,-0.01,1
16440.005,-0.027,-0.528,9.845,0.019,-0.06,0.002,1
16575.982,-0.019,-0.465,9.907,0.036,-0.025,-0.009,1
16716.027,-0.025,-0.398,9.957,0.021,-0.024,0.011,1
16851.996,0.0,-0.374,9.867,0.11,-0.07,-0.034,1
16988.01,-0.025,-0.198,9.96,0.119,-0.011,-0.019,1
17124.01,0.019,-0.262,9.818,0.047,-0.039,0.011,1
17259.018,0.044,-0.231,9.934,0.015,-0.004,-0.007,1
17394.993,0.059,-0.213,9.858,0.037,-0.067,-0.001,1
17531.007,0.093,-0.123,9.939,0.074,-0.056,-0.01,1
17666.011,0.113,-0.189,9.959,-0.029,-0.069,-0.048,1
17807.018,0.118,-0.226,9.915,-0.001,-0.077,-0.03,1
17943.017,0.054,-0.153,9.972,0.072,-0.047,-0.02,1
18078.996,0.107,-0.115,9.992,0.025,-0.025,-0.021,1
18214.018,0.082,-0.15,10.01,0.036,-0.001,-0.013,1
18350.008,0.105,-0.107,9.911,0.029,-0.015,-0.023,1
18486.005,0.048,-0.093,9.877,0.025,-0.023,-0.049,1
18626.988,0.093,-0.101,9.956,0.017,-0.034,0.005,1
18764.014,0.084,-0.08,9.982,0.037,-0.083,-0.028,1
18900.963,0.074,-0.098,9.858,0.017,-0.033,-0.003,1
19041.981,0.097,-0.025,9.952,0.05,-0.033,-0.019,1
19179.004,0.116,-0.05,9.955,-0.037,-0.035,-0.037,1
19315.975,0.099,-0.094,9.917,0.028,-0.068,-0.002,1
19453.047,0.115,-0.128,9.815,0.044,-0.071,0.022,1
19589.012,0.07,-0.124,9.939,-0.002,-0.055,-0.017,1
19725.96,0.137,-0.084,9.885,0.003,-0.058,0.005,1
19862.949,0.115,-0.116,9.952,-0.01,-0.085,-0.057,1
19999.992,0.152,-0.137,9.893,-0.016,-0.033,0.007,1
20141.994,0.118,-0.139,9.826,0.049,-0.041,0.022,1
20278.98,0.138,-0.14,9.846,0.037,-0.055,-0.015,1
20415.029,0.112,0.027,9.95,-0.007,-0.026,0.027,1
20549.972,0.121,-0.057,9.943,-0.012,-0.035,-0.008,1
20686.973,0.178,-0.053,9.95,0.036,0.007,-0.048,1
20823.013,0.157,-0.101,9.896,0.05,-0.061,-0.011,1
20959.04,0.047,-0.016,10.036,-0.011,0.003,-0.022,1
21108.012,0.171,-0.083,9.852,-0.021,-0.035,-0.024,1
21244.016,0.091,-0.107,9.907,-0.013,-0.047,-0.01,1
21421.997,0.095,-0.063,9.879,0.042,-0.05,0.014,1
21562.016,0.129,-0.057,9.902,0.006,-0.026,0.029,1
21701.999,0.182,0.038,10.03,0.012,-0.081,0.007,1
21840.994,0.111,-0.039,9.863,0.033,-0.022,0.065,1
21981.992,0.103,0.051,9.914,0.015,-0.089,0.015,1
22121.978,0.126,0.041,9.784,-0.013,-0.071,-0.01,1
22261.997,0.089,0.033,9.97,0.057,-0.053,0.002,1
22402.035,0.073,0.036,9.841,0.027,-0.026,0.015,1
22541.987,0.112,0.102,9.894,0.033,-0.025,-0.016,1
22687.985,0.108,0.086,9.957,0.009,-0.037,-0.011,1
22829.997,0.173,0.046,9.962,0.028,-0.051,0.026,1
22969.02,0.161,0.064,9.846,0.016,-0.077,0.026,1
23108.974,0.146,0.036,9.968,-0.021,-0.046,-0.008,1
23248.991,0.161,0.009,9.928,-0.015,-0.064,-0.007,1
23388.024,0.136,-0.003,9.941,0.008,-0.045,0.042,1
23528.018,0.219,0.028,9.95,-0.005,-0.043,-0.001,1
23667.01,0.185,0.028,9.905,0.039,-0.016,0.014,1
23812.998,0.114,-0.007,9.878,0.029,-0.058,-0.036,1
23953.003,0.129,-0.036,9.942,0.036,-0.048,-0.026,1
24091.981,0.17,-0.027,9.874,-0.015,-0.079,-0.017,1
24232.007,0.163,-0.026,9.894,0.025,-0.062,0.013,1
24372.009,0.256,-0.031,9.941,-0.007,-0.04,-0.054,1
24510.979,0.193,-0.079,9.905,-0.006,-0.049,-0.006,1
24650.98,0.245,-0.116,9.936,-0.0,-0.067,0.001,1
24791.01,0.253,-0.07,9.884,0.006,-0.066,-0.048,1
24930.023,0.197,-0.091,9.89,-0.006,-0.015,0.007,1
25075.998,0.199,-0.112,9.919,-0.009,-0.011,-0.013,1
25214.96,0.197,-0.126,9.904,0.034,-0.075,0.004,1
25354.99,0.208,-0.053,9.911,0.038,-0.038,-0.036,1
25494.962,0.243,-0.096,9.856,0.015,-0.037,0.011,1
25633.993,0.188,-0.094,9.939,0.033,-0.071,-0.017,1
25774.003,0.207,-0.049,9.866,0.028,-0.046,0.024,1
25913.995,0.203,-0.003,9.93,0.017,-0.06,0.007,1
26053.023,0.161,-0.065,9.985,-0.018,-0.047,-0.007,1
26198.983,0.165,-0.038,9.953,-0.005,-0.053,0.03,1
26338.028,0.171,-0.144,9.86,0.024,-0.044,0.052,1
26477.991,0.218,-0.059,9.896,-0.009,-0.06,-0.017,1
26618.026,0.225,-0.085,9.927,0.017,-0.071,-0.01,1
26757.009,0.162,-0.109,9.885,0.001,-0.042,0.003,1
26897.012,0.154,-0.083,9.909,0.003,-0.038,0.015,1
27036.989,0.178,-0.108,9.944,-0.045,-0.01,-0.015,1
27175.987,0.141,-0.105,9.978,-0.008,0.009,-0.016,1
27315.992,0.19,-0.142,9.917,-0.007,-0.044,0.024,1
27460.965,0.203,-0.134,9.951,-0.048,-0.005,0.013,1
27600.977,0.191,-0.222,9.914,0.0,-0.078,0.019,1
27740.943,0.191,-0.18,9.904,0.035,-0.055,0.0,1
27879.982,0.21,-0.101,9.941,0.03,-0.06,-0.005,1
28058.978,0.161,-0.13,9.897,0.019,-0.026,-0.014,1
28199.028,0.164,-0.124,9.934,0.047,0.021,0.009,1
28338.024,0.19,-0.188,9.937,0.001,-0.032,0.001,1
28484.969,0.17,-0.102,9.939,-0.014,-0.063,-0.005,1
28629.978,0.226,-0.081,9.94,-0.002,-0.042,0.008,1
28769.97,0.185,-0.16,9.845,0.039,-0.057,-0.0,1
28909.991,0.178,-0.13,9.95,-0.03,-0.063,-0.003,1
29049.009,0.134,-0.161,10.021,0.031,-0.046,-0.001,1
29189.005,0.208,-0.111,9.883,-0.012,-0.078,0.05,1
29329.027,0.188,-0.172,9.856,0.033,-0.067,-0.037,1
29468.042,0.214,-0.145,9.899,0.026,-0.062,0.011,1
29607.992,0.25,-0.076,9.959,0.01,-0.031,-0.003,1
29748.019,0.201,-0.13,9.893,0.057,-0.053,0.0,1
29893.015,0.188,-0.174,9.869,0.034,-0.064,-0.007,1
30033.03,0.202,-0.119,9.983,0.027,-0.047,0.042,1
30171.981,0.171,-0.105,9.926,0.039,-0.053,-0.029,1
30313.023,0.137,-0.153,9.83,0.011,-0.037,-0.009,1
30453.996,0.116,-0.132,9.866,0.019,-0.01,-0.007,1
30592.994,0.167,-0.154,9.989,0.04,-0.061,0.011,1
30732.983,0.193,-0.078,9.953,-0.004,-0.034,-0.009,1
30873.024,0.138,-0.181,9.925,0.013,0.004,0.008,1
31017.978,0.164,-0.04,9.971,-0.004,-0.051,0.042,1
31158.012,0.162,-0.142,9.958,-0.028,-0.014,-0.003,1
31296.953,0.17,-0.164,9.957,0.004,-0.017,0.005,1
31437.044,0.163,-0.175,9.967,-0.011,-0.041,-0.008,1
31576.989,0.158,-0.174,9.897,0.023,-0.035,-0.007,1
31715.993,0.174,-0.161,9.91,0.011,-0.079,0.01,1
31856.003,0.204,-0.143,9.966,0.018,-0.073,-0.008,1
31996.042,0.206,-0.207,9.966,-0.009,-0.044,-0.014,1
32134.981,0.188,-0.157,9.919,0.015,-0.057,-0.053,1
32280.984,0.221,-0.175,9.862,0.053,-0.04,-0.014,1
32419.978,0.169,-0.123,9.873,-0.014,-0.065,-0.006,1
32560.011,0.179,-0.144,9.898,0.048,-0.034,0.03,1
32700.016,0.266,-0.175,9.889,0.052,-0.032,-0.015,1
2785.025,0.168,-0.334,9.938,0.014,-0.074,-0.026,1
2922.015,0.367,-0.343,9.845,0.08,-0.03,-0.151,1
3059.994,0.148,-0.202,10.188,-0.02,-0.083,-0.016,1
3197.997,0.149,-0.171,10.474,-0.027,0.08,-0.005,1
3335.026,0.084,-0.397,10.055,-0.049,-0.034,-0.007,1
3473.015,0.207,-0.557,9.633,0.021,-0.046,-0.047,1
3611.025,-0.043,-0.536,9.759,-0.077,-0.119,-0.054,1
3748.966,0.309,-0.28,10.471,-0.029,-0.065,-0.043,1
3892.987,0.029,-0.478,9.656,0.04,-0.072,-0.021,1
4031.009,0.338,-0.441,9.857,0.067,-0.111,-0.04,1
4168.002,0.399,-0.108,9.393,-0.004,0.063,0.016,1
4304.98,0.332,-0.309,9.886,0.042,-0.113,0.049,1
4442.027,0.22,-0.359,10.072,-0.029,-0.046,0.043,1
4579.02,0.16,-0.406,9.847,-0.081,-0.06,0.041,1
4714.017,0.228,-0.501,9.981,0.109,0.021,-0.052,1
4850.054,0.084,-0.475,9.92,0.088,-0.033,0.015,1
4985.939,0.107,-0.538,9.741,0.108,-0.024,0.07,1
5126.004,-0.016,-0.285,10.067,0.115,-0.013,0.037,1
5261.941,0.016,-0.1,9.894,0.103,-0.061,0.001,1
5397.971,0.043,-0.253,9.721,-0.023,-0.017,0.058,1
5534.004,-0.034,-0.23,9.757,-0.085,-0.089,-0.02,1
5669.03,-0.07,-0.366,9.76,-0.144,-0.03,0.048,1
5805.001,-0.019,-0.385,9.857,0.085,-0.02,-0.042,1
5940.981,0.095,-0.382,9.813,-0.047,-0.08,-0.038,1
6076.999,0.081,-0.391,9.893,0.003,-0.064,0.003,1
6218.014,0.107,-0.396,9.962,-0.04,-0.055,0.023,1
6353.974,0.073,-0.424,9.974,-0.012,0.01,-0.038,1
6489.994,0.068,-0.432,9.936,-0.006,-0.029,0.017,1
6624.99,0.088,-0.465,9.936,-0.02,-0.006,-0.005,1
6760.977,0.076,-0.518,9.8,0.051,-0.065,0.046,1
6896.979,0.059,-0.394,9.954,0.007,-0.012,-0.001,1
7033.023,-0.003,-0.456,9.896,0.058,-0.037,0.002,1
7167.979,-0.048,-0.561,9.884,-0.005,-0.019,0.008,1
7304.017,0.018,-0.508,9.875,-0.023,-0.025,-0.0,1
7444.997,0.067,-0.521,9.854,0.089,-0.103,-0.026,1
7580.982,0.029,-0.461,9.794,-0.004,-0.048,-0.025,1
7716.034,-0.044,-0.377,9.91,-0.003,-0.015,-0.009,1
7851.969,-0.15,-0.485,9.768,0.059,-0.049,-0.008,1
7988.01,0.062,-0.379,9.964,-0.044,-0.062,-0.03,1
8124.006,0.048,-0.425,9.852,0.018,-0.051,-0.033,1
8258.98,-0.025,-0.396,9.915,-0.013,-0.064,0.0,1
8394.987,0.012,-0.478,9.855,-0.04,-0.056,-0.005,1
8531.011,-0.002,-0.456,9.878,0.023,-0.026,0.011,1
8671.037,-0.01,-0.413,9.945,0.019,-0.039,-0.008,1
8807.001,-0.029,-0.429,9.959,0.007,-0.083,-0.048,1
8942.977,0.038,-0.472,9.963,0.048,-0.074,-0.018,1
9079.02,-0.005,-0.432,9.915,0.02,-0.096,-0.039,1
9214.001,0.048,-0.446,9.85,0.032,-0.014,-0.023,1
9349.999,0.09,-0.439,9.999,-0.027,-0.072,-0.036,1
9486.036,0.094,-0.509,9.846,-0.049,-0.099,0.007,1
9622.008,0.084,-0.539,9.966,-0.029,-0.052,0.031,1
9761.984,0.03,-0.728,9.732,-0.042,-0.051,0.029,1
9897.985,-0.066,-0.609,10.006,-0.048,-0.03,0.014,1
10034.029,-0.037,-0.659,9.787,-0.0,-0.07,-0.005,1
10168.998,-0.077,-0.64,10.029,0.05,-0.034,-0.024,1
10304.985,-0.077,-0.668,9.874,-0.007,-0.061,-0.027,1
10440.988,-0.064,-0.692,9.958,0.001,-0.031,-0.013,1
10577.011,-0.097,-0.666,9.942,0.008,-0.017,0.037,1
10711.992,-0.056,-0.72,9.843,0.014,-0.065,0.017,1
10848.015,-0.111,-0.714,9.99,0.031,-0.092,0.014,1
10988.978,-0.083,-0.724,9.902,0.028,-0.046,-0.033,1
11125.011,-0.07,-0.615,9.876,0.014,-0.047,-0.027,1
11259.998,-0.052,-0.588,9.906,0.007,-0.028,0.003,1
11396.009,-0.064,-0.635,9.925,-0.026,-0.039,-0.041,1
11532.006,-0.039,-0.535,9.966,0.048,-0.03,-0.026,1
11666.996,-0.025,-0.501,9.899,0.041,-0.008,-0.023,1
11802.997,-0.082,-0.584,10.017,0.008,-0.046,-0.006,1
11938.977,-0.004,-0.514,9.938,-0.045,-0.047,0.009,1
12080.003,0.008,-0.527,9.861,-0.021,-0.048,0.007,1
12215.014,-0.024,-0.567,9.948,0.031,-0.021,-0.039,1
12351.024,-0.059,-0.595,9.891,0.027,-0.048,0.013,1
12487.011,-0.038,-0.592,9.994,0.011,-0.08,0.043,1
12622.972,-0.021,-0.59,9.815,0.042,-0.029,0.023,1
12758.02,-0.024,-0.605,9.924,0.021,-0.031,-0.006,1
12893.998,-0.019,-0.632,9.878,0.001,-0.053,-0.006,1
13029.991,-0.079,-0.589,9.899,-0.027,0.01,-0.047,1
13170.987,-0.022,-0.671,9.898,0.054,-0.065,-0.003,1
13306.998,-0.097,-0.713,9.875,0.03,-0.055,-0.01,1
13442.989,-0.112,-0.649,9.853,0.015,-0.025,0.01,1
13578.993,-0.185,-0.591,9.942,0.02,-0.002,0.037,1
13713.966,-0.065,-0.612,9.832,-0.016,-0.058,0.044,1
13850.008,-0.05,-0.551,9.926,0.005,-0.066,-0.016,1
13985.976,-0.114,-0.635,9.921,-0.016,-0.027,0.017,1
14121.971,-0.004,-0.596,9.782,0.036,-0.099,0.009,1
14257.001,-0.043,-0.508,9.88,0.018,-0.034,0.002,1
14399.019,-0.032,-0.514,9.897,0.002,-0.045,0.021,1
14534.979,-0.046,-0.534,9.903,-0.017,-0.032,-0.037,1
14669.99,-0.039,-0.551,9.918,0.006,-0.04,-0.062,1
14805.978,-0.065,-0.559,9.903,0.007,-0.05,0.002,1
14942.003,-0.011,-0.578,9.918,0.004,-0.063,-0.011,1
15078.013,0.013,-0.577,9.833,0.035,-0.067,-0.025,1
15213.009,0.036,-0.536,9.939,0.016,-0.082,0.038,1
15349.036,-0.009,-0.52,9.908,0.067,-0.008,-0.03,1
15489.97,-0.03,-0.532,9.89,0.001,-0.087,0.04,1
15624.995,-0.029,-0.541,9.909,0.034,-0.068,0.003,1
15760.956,-0.03,-0.542,9.875,0.039,-0.021,0.026,1
15896.995,-0.01,-0.547,9.908,-0.04,-0.1,0.015,1
16033.013,0.033,-0.525,9.871,0.02,-0.037,0.02,1
16168.029,0.028,-0.475,9.917,0.036,-0.066,-0.024,1
16303.982,0.007,-0.503,9.901,0.004,-0.011,0.016,1
16440.005,0.001,-0.501,9.864,0.047,-0.043,-0.034,1
16575.97,-0.002,-0.511,9.927,0.02,-0.038,0.035,1
16715.99,0.022,-0.413,9.939,0.05,-0.043,-0.026,1
16851.975,-0.059,-0.434,9.872,0.092,-0.086,-0.015,1
16988.019,0.03,-0.214,9.952,0.114,-0.029,-0.007,1
17123.998,0.037,-0.268,9.798,0.057,-0.1,0.006,1
17259.006,0.014,-0.266,9.927,0.068,-0.041,-0.001,1
17394.977,0.056,-0.258,9.91,0.049,-0.051,0.007,1
17531.004,0.096,-0.117,9.92,0.064,-0.067,-0.025,1
17666.021,0.097,-0.184,9.963,-0.043,-0.046,-0.017,1
17807.029,0.137,-0.194,9.893,0.026,-0.03,-0.027,1
17942.949,0.042,-0.146,9.969,0.042,-0.022,-0.027,1
18079.004,0.127,-0.068,9.988,0.046,-0.05,0.013,1
18213.992,0.072,-0.153,9.979,-0.012,-0.01,-0.023,1
18350.009,0.089,-0.128,9.916,0.023,-0.018,-0.022,1
18485.96,0.06,-0.099,9.907,0.033,-0.035,-0.024,1
18626.99,0.068,-0.079,9.952,-0.008,-0.052,-0.042,1
18763.991,0.085,-0.082,10.007,0.019,-0.038,-0.014,1
18900.983,0.076,-0.068,9.891,0.026,-0.001,-0.033,1
19041.98,0.053,-0.076,9.941,0.058,-0.026,-0.012,1
19178.993,0.118,-0.01,9.93,0.03,-0.017,-0.038,1
19315.979,0.096,-0.092,9.885,-0.018,0.002,-0.0,1
19453.015,0.092,-0.133,9.829,-0.005,-0.024,-0.015,1
19588.969,0.09,-0.093,9.895,-0.013,-0.07,-0.007,1
19725.987,0.173,-0.08,9.879,-0.045,-0.01,-0.003,1
19863.008,0.131,-0.102,9.926,-0.033,-0.081,-0.027,1
20000.007,0.092,-0.138,9.851,-0.0,-0.073,-0.029,1
20141.968,0.139,-0.19,9.78,0.027,-0.044,0.011,1
20278.994,0.145,-0.074,9.863,0.086,-0.063,0.021,1
20414.992,0.127,-0.022,9.959,0.025,-0.063,-0.005,1
20549.991,0.113,-0.007,9.93,0.014,-0.041,0.0,1
20686.983,0.148,0.003,9.941,-0.026,-0.024,0.003,1
20822.979,0.151,-0.08,9.896,0.031,-0.025,0.023,1
20959.053,0.086,-0.013,10.017,0.009,-0.055,-0.028,1
21108.014,0.114,-0.068,9.893,-0.039,-0.009,0.023,1
21243.994,0.122,-0.131,9.924,0.045,-0.033,-0.003,1
21422.021,0.178,-0.079,9.858,-0.007,-0.047,-0.015,1
21561.994,0.107,-0.037,9.905,0.011,-0.066,-0.009,1
21701.976,0.175,0.06,9.992,0.045,-0.026,0.043,1
21841.007,0.097,-0.046,9.917,0.034,-0.017,0.011,1
21981.992,0.08,0.036,9.966,0.008,-0.043,-0.026,1
22122.01,0.111,0.041,9.825,0.006,-0.082,0.012,1
22261.946,0.09,0.051,9.981,0.013,-0.035,-0.02,1
22402.001,0.059,0.081,9.898,0.032,-0.044,0.013,1
22541.994,0.115,0.098,9.9,0.006,0.003,-0.019,1
22687.985,0.104,0.036,9.935,-0.014,-0.022,-0.067,1
22830.022,0.154,0.08,9.959,0.011,-0.013,-0.009,1
22969.047,0.142,0.069,9.869,0.024,-0.036,-0.017,1
23109.026,0.136,0.019,9.981,-0.021,-0.025,-0.005,1
23248.993,0.152,0.005,9.925,0.008,-0.054,-0.018,1
23388.033,0.127,-0.033,9.945,0.026,-0.044,0.032,1
23528.018,0.19,-0.056,9.931,0.024,-0.051,-0.025,1
23666.998,0.163,0.021,9.884,0.019,-0.025,0.005,1
23812.991,0.157,0.002,9.912,-0.019,-0.042,-0.029,1
23953.015,0.127,-0.012,9.938,0.006,-0.073,-0.028,1
24091.967,0.186,-0.057,9.913,-0.001,-0.093,0.018,1
24231.977,0.166,-0.083,9.868,0.004,-0.037,-0.045,1
24372.024,0.233,-0.041,9.959,-0.017,-0.062,-0.018,1
24510.994,0.207,-0.077,9.89,-0.003,-0.032,-0.036,1
24650.974,0.23,-0.069,9.958,0.011,-0.054,0.015,1
24790.97,0.221,-0.102,9.921,0.029,-0.075,-0.019,1
24929.981,0.214,-0.101,9.926,0.023,-0.022,-0.027,1
25075.971,0.203,-0.136,9.933,0.01,-0.05,0.005,1
25214.976,0.231,-0.127,9.895,-0.008,-0.036,-0.01,1
25354.981,0.18,-0.049,9.908,-0.001,0.02,-0.002,1
25494.952,0.178,-0.115,9.83,0.003,-0.051,0.005,1
25633.997,0.174,-0.105,9.958,0.043,-0.053,0.022,1
25773.937,0.249,-0.056,9.893,0.017,-0.019,0.01,1
25913.973,0.211,-0.034,9.933,0.019,-0.016,-0.033,1
26053.022,0.207,-0.027,9.979,0.026,-0.009,-0.005,1
26199.02,0.193,-0.066,9.974,0.024,-0.056,-0.003,1
26338.022,0.231,-0.16,9.847,0.044,-0.049,-0.003,1
26477.965,0.244,-0.071,9.863,0.022,-0.033,0.001,1
26618.052,0.192,-0.078,9.908,-0.036,-0.03,0.009,1
26756.987,0.217,-0.122,9.942,0.004,-0.032,-0.005,1
26896.99,0.207,-0.12,9.927,-0.027,-0.049,0.001,1
27036.991,0.178,-0.09,9.95,-0.043,-0.051,-0.041,1
27176.002,0.174,-0.117,9.942,-0.011,-0.017,-0.018,1
27316.014,0.205,-0.145,9.925,0.002,-0.024,0.001,1
27461.026,0.149,-0.136,9.951,-0.044,-0.076,-0.006,1
27600.974,0.196,-0.201,9.914,-0.029,-0.035,-0.052,1
27740.951,0.197,-0.22,9.877,0.034,-0.034,0.004,1
27879.999,0.22,-0.14,9.934,-0.03,-0.054,-0.032,1
28059.03,0.188,-0.12,9.903,0.075,-0.017,-0.007,1
28198.996,0.163,-0.127,9.946,-0.029,-0.007,-0.035,1
28338.027,0.144,-0.197,9.944,0.049,-0.016,-0.016,1
28484.977,0.186,-0.093,9.919,0.026,-0.045,0.003,1
28630.017,0.191,-0.152,9.888,0.001,-0.044,0.0,1
28770.007,0.197,-0.212,9.895,0.018,-0.026,-0.006,1
28910.015,0.163,-0.127,10.004,0.032,-0.026,0.013,1
29048.99,0.147,-0.164,10.0,0.025,-0.053,0.02,1
29188.997,0.198,-0.153,9.904,-0.018,-0.066,0.015,1
29328.999,0.172,-0.165,9.876,0.052,-0.088,0.014,1
29467.974,0.238,-0.136,9.926,0.047,-0.035,-0.021,1
29607.97,0.242,-0.086,9.942,0.013,-0.047,0.019,1
29747.995,0.211,-0.192,9.868,0.002,-0.028,0.007,1
29892.998,0.202,-0.128,9.887,0.029,-0.03,0.015,1
30032.993,0.206,-0.145,9.972,-0.019,-0.015,0.021,1
30172.02,0.203,-0.152,9.93,0.048,-0.055,0.012,1
30313.007,0.131,-0.189,9.857,0.015,-0.081,-0.04,1
30454.005,0.156,-0.196,9.895,-0.003,-0.084,-0.03,1
30593.012,0.165,-0.082,10.019,-0.01,-0.052,-0.012,1
30733.017,0.178,-0.086,9.99,0.012,-0.028,-0.006,1
30872.993,0.158,-0.184,9.933,-0.019,-0.021,-0.021,1
31017.975,0.166,-0.063,9.979,0.016,-0.018,0.041,1
31157.977,0.165,-0.143,9.967,-0.023,-0.057,-0.041,1
31296.979,0.175,-0.166,9.978,0.002,-0.041,0.015,1
31437.041,0.182,-0.129,9.969,-0.016,-0.049,-0.034,1
31577.032,0.177,-0.151,9.915,0.015,-0.024,0.005,1
31716.064,0.206,-0.123,9.899,0.032,-0.103,0.014,1
31856.007,0.209,-0.117,9.971,0.006,-0.061,0.015,1
31995.996,0.223,-0.174,9.956,0.009,-0.051,0.017,1
32135.004,0.175,-0.187,9.953,-0.009,-0.075,0.012,1
32281.006,0.215,-0.187,9.896,0.033,-0.015,-0.041,1
32420.012,0.163,-0.154,9.923,0.003,-0.05,0.017,1
32559.976,0.14,-0.153,9.929,0.042,-0.044,0.024,1
32700.003,0.244,-0.133,9.895,0.04,-0.05,0.007,1
2785.015,0.18,-0.308,9.942,0.007,-0.026,-0.023,1
2922.038,0.357,-0.371,9.832,0.059,-0.031,-0.111,1
3060.018,0.156,-0.239,10.179,0.003,-0.077,-0.013,1
3197.972,0.194,-0.114,10.474,-0.011,0.096,-0.018,1
3334.978,0.082,-0.448,10.052,-0.013,-0.111,-0.056,1
3473.02,0.239,-0.578,9.626,-0.005,-0.041,-0.079,1
3611.043,-0.08,-0.527,9.781,-0.014,-0.08,-0.005,1
3748.994,0.287,-0.281,10.495,-0.031,-0.076,0.004,1
3892.968,0.048,-0.506,9.657,0.032,-0.068,-0.004,1
4030.981,0.37,-0.482,9.866,0.122,-0.1,0.005,1
4167.962,0.385,-0.105,9.298,0.017,0.036,0.063,1
4304.984,0.322,-0.302,9.855,0.062,-0.115,0.04,1
4442.0,0.22,-0.36,10.08,-0.041,-0.025,0.012,1
4579.002,0.225,-0.415,9.889,-0.098,-0.066,0.015,1
4714.013,0.246,-0.504,9.976,0.108,0.034,-0.049,1
4849.988,0.106,-0.433,9.898,0.055,-0.014,0.018,1
4985.998,0.106,-0.541,9.737,0.076,-0.041,-0.009,1
5125.988,-0.035,-0.302,10.145,0.096,0.018,0.001,1
5261.993,0.061,-0.116,9.842,0.108,-0.046,0.047,1
5397.951,0.025,-0.23,9.772,0.016,-0.044,0.049,1
5533.98,-0.037,-0.249,9.751,-0.065,-0.124,0.001,1
5669.021,-0.052,-0.359,9.753,-0.141,-0.019,0.048,1
5804.955,-0.002,-0.407,9.88,0.072,-0.058,-0.003,1
5940.998,0.133,-0.398,9.81,-0.089,-0.123,-0.031,1
6077.023,0.069,-0.406,9.896,-0.003,-0.032,0.016,1
6218.007,0.051,-0.432,9.93,-0.043,-0.042,0.015,1
6354.007,0.036,-0.43,9.972,-0.004,-0.029,0.024,1
6489.995,0.059,-0.473,9.908,-0.032,-0.056,-0.026,1
6625.013,0.068,-0.495,9.943,0.013,-0.025,-0.01,1
6760.973,0.077,-0.466,9.812,-0.006,-0.069,0.032,1
6897.008,0.037,-0.366,9.96,0.014,-0.023,-0.023,1
7032.984,-0.026,-0.42,9.82,0.021,-0.078,-0.004,1
7167.99,-0.045,-0.552,9.906,-0.035,-0.065,0.007,1
7303.999,0.015,-0.506,9.808,-0.028,-0.015,0.029,1
7444.948,0.059,-0.509,9.861,0.101,-0.109,-0.019,1
7581.03,0.016,-0.451,9.837,0.032,-0.042,0.02,1
7715.941,-0.093,-0.469,9.958,0.003,-0.004,-0.021,1
7851.992,-0.152,-0.499,9.806,0.093,-0.035,-0.028,1
7988.019,0.029,-0.319,9.978,-0.089,-0.044,-0.047,1
8124.022,-0.045,-0.369,9.871,0.043,-0.066,-0.018,1
8259.005,0.007,-0.403,9.912,-0.039,-0.039,0.016,1
8394.997,0.001,-0.472,9.818,-0.016,-0.022,-0.063,1
8531.0,0.021,-0.427,9.842,0.02,-0.02,-0.008,1
8670.964,-0.026,-0.436,9.892,0.028,-0.009,-0.006,1
8806.987,-0.023,-0.442,9.951,0.007,-0.07,-0.018,1
8943.023,0.049,-0.489,9.93,0.023,-0.036,-0.033,1
9078.977,0.02,-0.426,9.904,0.029,-0.061,-0.017,1
9213.999,0.068,-0.454,9.836,0.014,-0.036,-0.012,1
9349.967,0.094,-0.416,10.011,-0.032,-0.028,-0.018,1
9486.027,0.072,-0.532,9.827,-0.021,-0.084,-0.005,1
9621.986,0.052,-0.502,9.965,-0.025,-0.028,0.007,1
9762.021,0.02,-0.683,9.725,-0.048,-0.056,0.026,1
9898.01,-0.07,-0.59,10.002,-0.052,0.028,0.04,1
10034.009,-0.025,-0.723,9.817,-0.041,-0.066,-0.033,1
10169.002,-0.044,-0.653,10.006,0.068,-0.019,-0.028,1
10304.975,-0.156,-0.671,9.867,0.011,-0.059,-0.04,1
10441.004,-0.043,-0.7,9.925,0.003,-0.02,-0.036,1
10576.992,-0.058,-0.677,9.952,-0.026,-0.057,-0.034,1
10712.005,-0.119,-0.742,9.841,0.041,-0.043,0.006,1
10848.011,-0.065,-0.678,9.997,0.056,-0.049,0.022,1
10989.009,-0.101,-0.7,9.893,0.014,-0.075,0.003,1
11125.022,-0.032,-0.614,9.894,0.0,-0.066,-0.017,1
11259.964,-0.048,-0.604,9.937,0.02,-0.034,0.0,1
11395.967,-0.037,-0.641,9.891,0.068,-0.077,-0.019,1
11532.002,-0.073,-0.517,9.947,0.035,0.0,0.006,1
11666.997,0.009,-0.549,9.891,0.05,-0.043,0.021,1
2663.995,-9.717,1.737,-0.55,0.025,-0.083,-0.053,2
2800.004,-9.663,1.651,-0.488,-0.025,-0.068,0.059,2
2936.958,-9.558,1.649,-0.604,0.035,-0.016,0.067,2
3074.012,-9.606,1.476,-0.326,-0.062,-0.025,-0.069,2
3209.975,-9.688,1.888,-0.128,0.028,-0.049,-0.037,2
3347.013,-9.693,1.701,-0.387,0.041,-0.079,0.038,2
3484.004,-9.565,1.829,-0.502,0.058,-0.023,-0.028,2
3621.026,-9.727,1.733,-0.2,0.039,-0.051,-0.009,2
3764.015,-9.704,1.506,-0.335,-0.022,-0.085,0.001,2
3900.963,-9.549,1.605,-0.644,0.004,-0.084,-0.004,2
4038.033,-9.823,1.416,-0.232,0.058,0.035,0.006,2
4173.992,-9.621,1.841,-0.272,0.033,-0.023,0.047,2
4310.969,-9.611,1.629,-0.278,-0.011,-0.06,-0.009,2
4448.024,-9.695,1.485,-0.577,0.018,-0.035,0.013,2
4582.97,-9.776,1.492,-0.492,0.055,-0.002,-0.054,2
4719.014,-9.596,1.908,-0.429,-0.022,-0.085,-0.056,2
4854.976,-9.579,1.751,-0.183,0.049,-0.049,-0.016,2
4997.009,-9.643,1.653,-0.349,0.023,-0.086,0.047,2
5133.015,-9.655,1.596,-0.351,0.013,-0.062,0.036,2
5269.008,-9.645,1.729,-0.442,-0.009,-0.047,0.051,2
5405.016,-9.627,1.771,-0.425,-0.015,-0.009,0.025,2
5540.994,-9.573,1.689,-0.148,0.002,-0.016,-0.051,2
5676.014,-9.65,1.786,-0.312,0.012,-0.05,-0.015,2
5811.973,-9.667,1.753,-0.301,0.047,-0.058,0.039,2
5947.985,-9.605,1.582,-0.308,0.02,-0.022,0.003,2
6083.013,-9.704,1.74,-0.474,0.011,-0.032,0.011,2
6225.017,-9.518,1.976,-0.548,-0.004,-0.02,0.012,2
6361.007,-9.652,1.594,-0.442,0.011,-0.026,-0.001,2
6497.004,-9.623,1.837,-0.388,0.024,-0.033,0.018,2
6631.981,-9.629,1.858,-0.411,-0.017,-0.055,-0.023,2
6768.011,-9.667,1.687,-0.448,0.025,-0.032,-0.004,2
6904.015,-9.738,1.583,-0.387,0.032,-0.038,0.009,2
7039.97,-9.623,1.606,-0.444,0.053,-0.092,0.05,2
7175.034,-9.655,1.643,-0.541,0.009,-0.081,0.01,2
7315.998,-9.615,1.729,-0.045,0.007,-0.018,0.004,2
7451.999,-9.663,1.414,-0.24,0.027,-0.077,0.014,2
7587.037,-9.654,1.718,-0.787,0.007,0.004,-0.017,2
7722.973,-9.634,1.85,-0.144,0.063,-0.022,-0.015,2
7859.015,-9.641,1.595,-0.145,0.003,-0.012,-0.008,2
7994.983,-9.708,1.796,-0.679,-0.037,-0.03,-0.017,2
8129.978,-9.691,1.606,-0.222,0.016,-0.005,0.029,2
8265.949,-9.559,1.861,-0.149,-0.042,-0.052,-0.047,2
8401.952,-9.636,1.674,-0.271,0.012,-0.033,-0.002,2
8541.994,-9.61,1.781,-0.264,0.022,-0.062,0.002,2
8679.009,-9.585,1.78,-0.614,0.03,-0.011,-0.009,2
8815.002,-9.714,1.824,-0.093,0.007,0.0,-0.019,2
8951.019,-9.604,1.912,-0.221,-0.009,-0.087,-0.036,2
9086.005,-9.583,1.901,-0.502,0.012,-0.042,0.06,2
9222.013,-9.708,1.473,-0.536,-0.026,-0.026,-0.026,2
9358.015,-9.71,1.844,-0.46,-0.019,-0.032,0.012,2
9493.988,-9.597,2.004,-0.377,0.006,-0.043,0.021,2
9629.027,-9.602,1.897,-0.275,-0.006,-0.026,0.041,2
9770.02,-9.65,1.739,-0.491,0.001,-0.061,-0.003,2
9906.036,-9.603,1.827,-0.461,0.037,-0.016,-0.022,2
10040.971,-9.609,1.882,-0.17,0.014,-0.025,0.023,2
10176.989,-9.704,1.553,-0.371,-0.001,-0.069,-0.013,2
10312.978,-9.625,1.734,-0.486,0.003,-0.037,-0.053,2
10448.993,-9.592,1.892,-0.331,-0.038,-0.012,-0.045,2
10583.964,-9.564,1.872,-0.233,-0.038,-0.041,-0.01,2
10719.995,-9.649,1.793,-0.407,0.002,-0.025,0.004,2
10861.004,-9.606,1.862,-0.378,0.014,-0.055,-0.041,2
10997.011,-9.621,1.831,-0.483,0.011,-0.023,0.003,2
11131.994,-9.628,2.035,-0.534,-0.012,-0.021,-0.041,2
11268.019,-9.76,1.775,-0.23,0.015,-0.07,0.011,2
11403.989,-9.646,1.574,-0.47,0.002,-0.098,0.002,2
11539.985,-9.711,1.554,-0.596,0.039,-0.068,-0.018,2
11675.007,-9.741,1.632,-0.267,0.025,-0.048,-0.025,2
11810.982,-9.587,1.819,-0.274,0.041,-0.053,0.005,2
11946.999,-9.652,1.827,-0.411,-0.006,-0.046,-0.007,2
12087.016,-9.616,1.839,-0.473,0.014,-0.065,-0.039,2
12222.985,-9.555,1.629,-0.409,0.039,-0.071,0.012,2
12358.982,-9.721,1.765,-0.36,0.057,-0.053,0.009,2
12494.972,-9.561,1.853,-0.309,0.022,-0.045,-0.006,2
12630.026,-9.6,1.839,-0.276,-0.009,-0.031,-0.04,2
12766.054,-9.563,1.922,-0.309,0.001,-0.059,-0.025,2
12901.972,-9.631,1.754,-0.353,-0.025,-0.023,-0.042,2
13037.995,-9.636,1.892,-0.425,-0.003,-0.075,-0.037,2
13172.991,-9.572,1.78,-0.402,0.02,-0.036,0.024,2
13314.984,-9.59,1.989,-0.238,0.018,-0.001,0.006,2
13451.022,-9.587,1.578,-0.253,0.025,0.001,-0.025,2
13585.977,-9.692,1.748,-0.341,0.007,-0.01,-0.043,2
13722.031,-9.733,1.578,-0.228,0.041,-0.017,-0.014,2
13857.999,-9.646,1.681,-0.442,0.003,-0.055,0.015,2
13993.98,-9.652,1.616,-0.321,0.005,-0.027,-0.001,2
14129.043,-9.679,1.748,-0.298,-0.025,-0.023,-0.024,2
14264.972,-9.667,1.607,-0.463,-0.005,-0.056,-0.05,2
14406.006,-9.625,1.877,-0.563,-0.004,-0.011,-0.02,2
14541.002,-9.679,1.754,-0.391,0.011,-0.018,-0.002,2
14676.945,-9.631,1.779,-0.323,0.013,-0.029,0.041,2
14812.987,-9.762,1.797,-0.251,0.002,-0.078,-0.006,2
14948.968,-9.718,1.623,-0.591,-0.02,-0.106,-0.02,2
15083.992,-9.698,1.664,-0.397,0.002,-0.035,0.004,2
15220.039,-9.696,1.662,-0.286,-0.02,-0.034,-0.006,2
15355.98,-9.606,1.823,-0.195,-0.003,-0.025,-0.035,2
15492.011,-9.721,1.683,-0.235,0.02,-0.052,-0.013,2
15632.013,-9.521,1.984,-0.524,-0.036,-0.018,-0.019,2
15767.995,-9.599,1.958,-0.25,0.013,-0.043,0.0,2
15904.023,-9.657,1.648,-0.394,0.0,-0.042,0.002,2
16040.012,-9.626,1.606,-0.432,-0.033,-0.041,0.004,2
16175.035,-9.59,1.84,-0.296,0.0,-0.065,-0.012,2
16311.036,-9.643,1.72,-0.326,-0.029,-0.025,-0.011,2
16447.0,-9.556,1.938,-0.503,0.02,-0.053,-0.021,2
16582.99,-9.639,1.705,-0.333,-0.022,-0.002,0.026,2
16722.993,-9.625,1.716,-0.406,-0.008,0.005,0.012,2
16858.975,-9.691,1.594,-0.356,0.039,-0.057,-0.042,2
16995.033,-9.725,1.692,-0.341,-0.021,-0.065,-0.011,2
17136.99,-9.706,1.921,-0.427,0.006,-0.013,0.022,2
17272.998,-9.71,1.506,-0.287,-0.054,-0.063,0.008,2
17409.013,-9.624,1.774,-0.637,-0.033,-0.03,-0.048,2
17544.001,-9.635,1.979,-0.449,0.03,-0.017,-0.032,2
17680.008,-9.631,1.836,-0.143,0.039,-0.066,0.039,2
17815.959,-9.587,1.743,-0.35,-0.014,-0.125,-0.025,2
17966.997,-9.616,1.984,-0.284,0.014,-0.033,-0.027,2
18113.008,-9.611,1.645,-0.32,0.048,-0.062,0.033,2
18249.003,-9.644,1.903,-0.566,-0.024,-0.034,-0.035,2
18384.002,-9.606,1.737,-0.201,0.006,-0.039,0.0,2
18520.016,-9.75,1.752,-0.363,-0.002,-0.009,-0.015,2
18655.994,-9.641,1.697,-0.471,0.025,0.004,-0.043,2
18790.986,-9.629,1.906,-0.178,-0.022,-0.01,-0.013,2
18926.995,-9.688,1.676,-0.558,0.019,-0.072,0.056,2
19068.983,-9.621,1.725,-0.368,-0.016,-0.026,-0.046,2
19204.978,-9.646,1.755,-0.348,0.016,-0.012,0.018,2
19340.002,-9.642,1.771,-0.469,0.031,-0.05,0.038,2
19475.969,-9.654,1.645,-0.414,0.033,-0.054,0.024,2
19612.02,-9.643,1.52,-0.318,0.016,-0.03,-0.02,2
19747.987,-9.601,1.802,-0.524,-0.013,-0.004,-0.012,2
19883.021,-9.682,1.822,-0.196,-0.013,-0.054,-0.032,2
20019.009,-9.717,1.689,-0.294,0.033,-0.065,-0.009,2
20155.006,-9.599,1.909,-0.43,0.039,-0.093,0.011,2
20295.02,-9.651,1.567,-0.082,0.024,-0.04,0.016,2
20431.001,-9.682,1.57,-0.508,0.043,-0.065,-0.031,2
20567.016,-9.594,1.828,-0.366,-0.028,-0.033,-0.052,2
20702.99,-9.71,1.64,-0.226,0.001,-0.024,0.013,2
20837.99,-9.69,1.539,-0.384,-0.067,-0.074,-0.0,2
20974.032,-9.671,1.748,-0.302,0.03,-0.0,-0.015,2
21109.996,-9.622,1.823,-0.44,0.025,-0.025,0.006,2
21246.004,-9.609,1.981,-0.271,-0.017,-0.029,-0.025,2
21403.012,-9.626,1.438,-0.231,0.031,-0.113,0.069,2
21541.989,-9.661,1.437,-0.595,0.044,-0.045,0.007,2
21681.987,-9.603,1.849,-0.31,0.054,-0.009,-0.018,2
21821.943,-9.636,2.058,-0.358,-0.041,-0.052,-0.068,2
21960.974,-9.572,2.009,-0.172,0.013,-0.04,0.02,2
22100.976,-9.625,1.428,-0.488,0.002,-0.059,0.046,2
22240.991,-9.613,1.601,-0.351,0.07,-0.014,-0.058,2
22379.962,-9.655,1.934,-0.254,-0.0,-0.042,-0.053,2
22519.977,-9.61,1.692,-0.224,0.015,-0.061,-0.002,2
22666.006,-9.669,1.78,-0.48,0.021,-0.065,0.048,2
22804.995,-9.585,1.788,-0.353,-0.003,0.01,0.013,2
22945.006,-9.614,1.745,-0.26,-0.04,-0.061,0.031,2
23083.99,-9.599,1.833,-0.283,-0.009,-0.057,-0.028,2
23223.996,-9.617,1.777,-0.302,0.023,-0.031,-0.019,2
23363.985,-9.551,1.972,-0.469,0.038,-0.019,-0.035,2
23502.978,-9.602,1.701,-0.424,0.029,-0.047,0.04,2
23642.992,-9.67,1.66,-0.325,-0.027,-0.012,-0.019,2
23788.033,-9.587,2.104,-0.408,0.014,-0.035,-0.03,2
23927.993,-9.597,1.962,-0.292,0.03,-0.041,0.002,2
24067.98,-9.667,1.708,-0.474,-0.004,-0.051,0.003,2
24208.021,-9.675,1.74,-0.588,0.006,-0.05,-0.023,2
24347.013,-9.593,1.809,-0.337,0.082,-0.037,-0.009,2
24487.003,-9.615,1.969,-0.257,0.027,-0.038,-0.014,2
24626.006,-9.611,1.938,-0.152,0.028,-0.028,-0.003,2
24766.014,-9.688,1.642,-0.434,-0.033,-0.115,0.004,2
24905.978,-9.633,1.78,-0.495,0.06,-0.021,-0.03,2
25051.043,-9.675,1.824,-0.211,-0.027,-0.031,0.022,2
25191.017,-9.671,1.796,-0.398,-0.044,-0.014,0.039,2
25330.974,-9.566,1.656,-0.35,0.023,-0.055,-0.026,2
25470.004,-9.628,1.871,-0.419,0.037,-0.029,0.01,2
25609.996,-9.515,1.813,-0.174,-0.011,-0.02,-0.003,2
25749.997,-9.678,1.7,-0.238,-0.012,-0.028,-0.019,2
25889.016,-9.606,2.0,-0.499,0.022,-0.044,0.024,2
26029.016,-9.653,1.85,-0.227,0.043,-0.041,0.032,2
26168.031,-9.606,1.936,-0.814,0.024,-0.06,0.013,2
26313.015,-9.56,1.831,-0.369,0.017,0.003,-0.018,2
26452.975,-9.701,1.659,-0.343,0.031,-0.026,-0.017,2
26592.002,-9.586,2.025,-0.302,0.067,-0.046,-0.022,2
26732.01,-9.561,1.944,-0.172,-0.005,-0.05,0.024,2
26872.001,-9.676,1.742,-0.592,0.005,-0.055,-0.034,2
27010.988,-9.578,1.979,-0.331,-0.032,-0.054,0.023,2
27150.99,-9.594,1.757,-0.463,0.05,-0.041,-0.015,2
27291.023,-9.609,1.975,-0.329,0.022,-0.078,-0.033,2
27436.012,-9.631,1.799,-0.435,0.015,-0.065,-0.0,2
27575.98,-9.586,1.938,-0.35,0.019,-0.013,-0.017,2
27715.028,-9.634,1.908,-0.268,0.02,-0.052,0.003,2
27854.987,-9.651,1.762,-0.506,0.004,-0.071,0.004,2
27994.978,-9.607,2.067,-0.433,0.024,-0.047,0.007,2
28134.028,-9.606,1.946,-0.139,-0.043,-0.088,0.005,2
28274.032,-9.676,1.661,-0.519,0.017,-0.072,-0.019,2
28413.982,-9.578,2.0,-0.58,0.07,-0.019,0.04,2
28553.003,-9.694,1.918,-0.185,0.016,0.012,0.011,2
28698.002,-9.607,1.948,-0.304,0.023,-0.095,-0.032,2
28837.007,-9.607,1.864,-0.544,0.035,-0.016,0.004,2
28976.997,-9.571,1.8,-0.339,0.015,-0.062,-0.048,2
29117.006,-9.644,1.982,-0.327,0.006,-0.027,0.005,2
29255.996,-9.671,1.791,-0.404,0.049,-0.056,-0.03,2
29395.998,-9.678,1.742,-0.484,0.017,-0.048,-0.036,2
29535.987,-9.492,1.965,-0.397,0.071,-0.041,0.015,2
29674.969,-9.613,2.001,-0.203,0.063,-0.062,-0.031,2
29820.002,-9.659,1.912,-0.434,0.007,-0.014,0.004,2
29960.009,-9.508,2.054,-0.299,0.046,-0.077,-0.005,2
30099.997,-9.593,1.985,-0.329,-0.005,-0.007,0.007,2
30240.031,-9.599,1.77,-0.329,0.029,-0.073,-0.015,2
30379.007,-9.628,1.72,-0.477,0.018,-0.027,-0.017,2
30519.001,-9.628,1.679,-0.263,0.017,-0.019,-0.042,2
30659.025,-9.585,1.954,-0.237,0.02,-0.052,-0.006,2
30797.995,-9.581,1.797,-0.255,0.013,-0.033,0.004,2
30937.998,-9.706,1.799,-0.225,-0.009,-0.068,-0.019,2
31082.993,-9.672,1.736,-0.371,-0.023,-0.109,0.017,2
31221.984,-9.546,2.245,-0.413,0.001,0.008,-0.022,2
31361.989,-9.641,1.929,-0.137,-0.062,-0.021,-0.025,2
31501.001,-9.534,1.648,-0.171,0.09,-0.032,0.017,2
31640.958,-9.726,1.594,-0.161,0.027,-0.052,0.028,2
31781.015,-9.667,1.83,-0.374,0.004,-0.055,-0.01,2
31919.988,-9.732,1.459,-0.465,0.048,-0.054,0.004,2
32059.969,-9.6,1.808,-0.366,-0.021,0.007,-0.045,2
32204.991,-9.696,1.697,-0.147,-0.035,-0.044,0.023,2
32344.02,-9.607,1.625,-0.409,0.042,-0.058,0.017,2
32484.023,-9.715,1.694,-0.265,0.049,-0.036,-0.032,2
32624.01,-9.617,1.892,0.059,0.024,-0.1,0.02,2
2663.994,-9.686,1.698,-0.548,-0.01,-0.064,-0.018,2
2799.988,-9.703,1.662,-0.468,0.002,-0.045,0.039,2
2936.992,-9.562,1.669,-0.564,-0.017,-0.041,0.043,2
3073.998,-9.62,1.439,-0.38,-0.082,-0.05,-0.094,2
3209.991,-9.712,1.934,-0.141,-0.007,-0.03,-0.06,2
3347.013,-9.713,1.63,-0.396,0.087,-0.108,-0.014,2
3483.984,-9.568,1.798,-0.532,0.042,-0.028,-0.048,2
3621.018,-9.771,1.746,-0.194,0.071,-0.036,-0.055,2
3763.98,-9.701,1.492,-0.319,0.016,-0.069,0.064,2
3901.001,-9.548,1.616,-0.654,-0.06,-0.067,-0.026,2
4037.966,-9.828,1.405,-0.251,0.014,-0.004,0.011,2
4174.014,-9.603,1.826,-0.268,0.04,-0.064,0.051,2
4310.984,-9.623,1.629,-0.297,-0.002,-0.052,-0.006,2
4448.018,-9.677,1.462,-0.549,0.018,-0.049,0.034,2
4583.013,-9.771,1.472,-0.531,0.066,-0.047,-0.024,2
4719.02,-9.626,1.89,-0.36,-0.057,-0.081,-0.032,2
4855.012,-9.625,1.771,-0.153,0.023,-0.04,-0.002,2
4996.97,-9.649,1.673,-0.385,-0.009,-0.019,0.026,2
5132.977,-9.673,1.612,-0.393,0.039,-0.06,-0.007,2
5269.005,-9.62,1.705,-0.472,0.059,-0.081,-0.015,2
5405.002,-9.631,1.753,-0.386,-0.025,-0.018,-0.037,2
5540.978,-9.61,1.668,-0.128,0.033,-0.016,-0.008,2
5676.002,-9.615,1.743,-0.322,0.019,-0.058,0.002,2
5811.99,-9.626,1.746,-0.319,-0.005,-0.062,0.053,2
5947.992,-9.578,1.601,-0.352,0.041,-0.019,0.011,2
6082.994,-9.694,1.753,-0.544,0.017,-0.01,0.044,2
6224.98,-9.576,2.003,-0.534,0.007,-0.077,-0.01,2
6361.005,-9.655,1.637,-0.451,0.017,-0.036,0.016,2
6497.031,-9.667,1.848,-0.381,-0.022,0.006,0.026,2
6631.978,-9.627,1.811,-0.423,0.044,-0.024,-0.035,2
6767.988,-9.668,1.698,-0.443,0.009,-0.043,-0.006,2
6904.012,-9.731,1.597,-0.412,0.008,-0.043,0.002,2
7040.005,-9.635,1.597,-0.462,0.02,-0.045,0.035,2
7174.994,-9.691,1.624,-0.557,0.014,-0.091,0.028,2
7315.971,-9.625,1.732,-0.103,0.011,-0.056,-0.004,2
7452.014,-9.681,1.409,-0.275,-0.018,-0.055,0.016,2
7587.011,-9.619,1.761,-0.782,-0.004,0.008,-0.05,2
7723.02,-9.592,1.874,-0.128,0.007,-0.016,-0.015,2
7858.994,-9.666,1.591,-0.176,0.027,0.009,0.027,2
7994.981,-9.7,1.803,-0.651,-0.043,-0.037,0.005,2
8130.026,-9.697,1.653,-0.276,0.048,-0.037,0.013,2
8266.024,-9.61,1.829,-0.14,-0.053,-0.078,-0.043,2
8402.029,-9.664,1.668,-0.316,0.0,-0.058,-0.029,2
8541.993,-9.586,1.749,-0.221,0.004,-0.054,0.006,2
8679.011,-9.551,1.799,-0.599,0.023,-0.019,-0.026,2
8815.002,-9.73,1.81,-0.119,0.017,0.02,0.013,2
8951.01,-9.563,1.896,-0.252,-0.007,-0.074,0.013,2
9086.029,-9.606,1.818,-0.502,-0.0,-0.053,-0.007,2
9222.03,-9.691,1.538,-0.522,-0.041,0.007,0.005,2
9358.067,-9.652,1.807,-0.438,-0.026,-0.031,0.016,2
9493.995,-9.596,2.005,-0.342,0.046,-0.07,0.02,2
9628.998,-9.617,1.898,-0.258,0.033,-0.027,0.037,2
9769.997,-9.67,1.711,-0.463,0.017,-0.101,0.038,2
9905.99,-9.608,1.836,-0.446,0.026,-0.031,0.014,2
10041.012,-9.638,1.933,-0.179,0.005,-0.067,0.002,2
10177.008,-9.719,1.525,-0.341,-0.034,-0.049,-0.006,2
10313.014,-9.614,1.758,-0.482,-0.024,-0.048,-0.029,2
10449.009,-9.581,1.928,-0.28,0.004,-0.019,-0.044,2
10583.979,-9.576,1.883,-0.241,-0.031,-0.054,0.011,2
10720.003,-9.662,1.772,-0.4,-0.005,-0.061,0.059,2
10860.997,-9.609,1.872,-0.363,0.023,-0.04,-0.005,2
10997.006,-9.63,1.789,-0.485,0.034,-0.05,0.01,2
11132.023,-9.611,1.996,-0.511,0.006,-0.015,-0.015,2
11268.005,-9.756,1.759,-0.212,0.006,-0.075,0.054,2
11404.014,-9.642,1.598,-0.496,-0.008,-0.089,0.034,2
11540.003,-9.69,1.536,-0.609,0.011,-0.03,-0.02,2
11675.005,-9.738,1.621,-0.284,0.052,0.014,-0.001,2
11810.977,-9.598,1.783,-0.298,0.024,-0.075,-0.008,2
11947.002,-9.661,1.835,-0.397,0.02,-0.065,-0.005,2
12086.999,-9.664,1.879,-0.507,-0.013,-0.066,-0.027,2
12223.003,-9.576,1.597,-0.381,0.034,-0.05,0.007,2
12358.986,-9.663,1.751,-0.311,0.069,-0.004,0.004,2
12495.009,-9.542,1.824,-0.285,0.025,-0.062,0.006,2
12629.977,-9.552,1.848,-0.276,-0.004,-0.008,-0.025,2
12765.982,-9.576,1.926,-0.285,-0.013,-0.071,0.013,2
12902.018,-9.656,1.774,-0.359,0.013,-0.013,-0.018,2
13037.981,-9.617,1.901,-0.449,-0.027,-0.088,-0.031,2
13172.967,-9.575,1.77,-0.378,0.023,-0.069,-0.002,2
13315.013,-9.55,2.028,-0.2,-0.019,-0.025,0.015,2
13451.02,-9.606,1.558,-0.299,0.03,-0.065,0.013,2
13585.995,-9.623,1.745,-0.38,-0.01,-0.008,0.016,2
13722.011,-9.667,1.594,-0.262,0.033,-0.022,-0.009,2
13858.028,-9.664,1.697,-0.415,0.026,-0.024,-0.016,2
13994.012,-9.676,1.612,-0.31,-0.004,0.007,0.041,2
14129.024,-9.721,1.768,-0.313,-0.007,-0.075,0.016,2
14264.998,-9.691,1.625,-0.438,0.011,-0.079,0.0,2
14406.026,-9.625,1.866,-0.587,-0.009,0.015,-0.067,2
14540.993,-9.656,1.746,-0.383,-0.03,-0.05,-0.001,2
14677.003,-9.595,1.769,-0.292,-0.03,-0.01,-0.001,2
14813.024,-9.782,1.759,-0.239,0.013,-0.028,-0.025,2
14949.001,-9.713,1.622,-0.649,0.014,-0.075,0.005,2
15083.975,-9.673,1.613,-0.425,0.033,-0.07,-0.01,2
15220.022,-9.692,1.702,-0.282,-0.007,-0.021,-0.061,2
15356.03,-9.593,1.821,-0.155,0.02,-0.053,0.007,2
15492.018,-9.679,1.716,-0.257,0.018,-0.094,0.001,2
15631.994,-9.547,1.974,-0.497,-0.017,-0.073,0.012,2
15768.02,-9.612,1.95,-0.274,0.007,-0.053,0.005,2
15904.019,-9.647,1.632,-0.388,0.048,-0.055,0.008,2
16039.976,-9.598,1.638,-0.463,0.005,-0.078,-0.026,2
16174.98,-9.601,1.868,-0.308,0.072,-0.041,-0.027,2
16310.994,-9.605,1.673,-0.309,-0.003,-0.016,-0.036,2
16446.995,-9.589,1.939,-0.464,0.022,-0.06,-0.025,2
16582.987,-9.616,1.682,-0.348,0.005,-0.039,0.017,2
16722.988,-9.633,1.685,-0.455,0.021,-0.008,-0.017,2
16858.995,-9.655,1.59,-0.435,0.068,-0.082,0.027,2
16995.007,-9.705,1.714,-0.352,-0.021,-0.028,-0.04,2
17136.988,-9.694,1.931,-0.375,-0.002,-0.026,0.052,2
17272.996,-9.746,1.479,-0.272,-0.034,-0.095,-0.001,2
17409.014,-9.619,1.804,-0.657,-0.007,-0.065,-0.059,2
17544.011,-9.598,1.956,-0.387,0.027,-0.012,-0.02,2
17679.971,-9.631,1.82,-0.121,0.015,-0.057,0.042,2
17815.955,-9.586,1.691,-0.323,0.014,-0.081,-0.025,2
17967.005,-9.588,1.983,-0.259,-0.038,-0.002,-0.05,2
18113.008,-9.646,1.658,-0.312,0.042,-0.072,0.06,2
18248.994,-9.596,1.859,-0.561,-0.004,-0.05,-0.055,2
18384.055,-9.644,1.744,-0.255,-0.021,-0.031,-0.014,2
18519.986,-9.771,1.735,-0.332,0.034,-0.055,-0.005,2
18656.004,-9.663,1.666,-0.469,0.012,-0.03,-0.061,2
18791.021,-9.656,1.891,-0.187,-0.025,-0.032,-0.002,2
18927.012,-9.696,1.659,-0.521,-0.009,-0.032,0.054,2
19068.993,-9.657,1.711,-0.334,0.038,-0.032,0.028,2
19205.005,-9.626,1.76,-0.342,-0.016,-0.059,-0.031,2
19340.034,-9.62,1.777,-0.506,0.002,-0.054,-0.006,2
19475.985,-9.652,1.608,-0.362,-0.012,-0.044,0.002,2
19611.974,-9.67,1.529,-0.337,-0.005,-0.032,-0.018,2
19748.001,-9.651,1.783,-0.551,0.002,-0.016,-0.023,2
19882.967,-9.663,1.849,-0.186,0.023,0.004,-0.031,2
20018.977,-9.682,1.704,-0.258,0.044,-0.103,0.004,2
20154.961,-9.566,1.888,-0.452,0.028,-0.04,-0.012,2
20295.002,-9.691,1.536,-0.09,0.011,-0.063,0.01,2
20430.993,-9.693,1.585,-0.463,0.027,-0.071,0.023,2
20566.981,-9.61,1.879,-0.36,0.055,-0.005,-0.03,2
20702.996,-9.715,1.651,-0.202,0.001,-0.054,-0.006,2
20837.99,-9.656,1.545,-0.376,-0.002,-0.079,-0.01,2
20974.012,-9.623,1.728,-0.295,0.043,-0.054,0.01,2
21109.989,-9.584,1.805,-0.423,0.008,-0.042,-0.008,2
21246.002,-9.591,1.981,-0.265,0.003,-0.087,-0.023,2
21403.0,-9.598,1.465,-0.229,0.011,-0.055,0.087,2
21542.038,-9.661,1.485,-0.585,0.001,-0.023,0.019,2
21682.001,-9.603,1.831,-0.326,-0.006,0.0,0.021,2
21821.993,-9.602,2.055,-0.378,-0.008,-0.042,-0.064,2
21961.02,-9.608,1.951,-0.157,-0.012,-0.04,0.014,2
22101.028,-9.596,1.453,-0.506,0.026,-0.063,0.029,2
22240.987,-9.617,1.619,-0.365,0.067,-0.017,-0.021,2
22380.019,-9.675,1.899,-0.286,-0.003,-0.012,-0.023,2
22520.009,-9.652,1.739,-0.246,-0.0,-0.04,-0.042,2
22666.016,-9.638,1.755,-0.511,0.015,-0.045,0.039,2
22804.98,-9.648,1.811,-0.385,0.006,-0.038,0.028,2
22944.993,-9.628,1.777,-0.244,0.031,-0.015,0.043,2
23084.008,-9.63,1.803,-0.232,-0.016,0.003,-0.024,2
23223.999,-9.626,1.715,-0.303,0.055,-0.014,-0.044,2
23363.99,-9.578,1.969,-0.498,-0.0,-0.002,-0.016,2
23502.995,-9.603,1.735,-0.446,-0.027,-0.061,0.045,2
23643.019,-9.666,1.638,-0.318,-0.005,-0.009,-0.009,2
23787.974,-9.555,2.058,-0.405,0.019,-0.031,-0.035,2
23928.008,-9.601,1.959,-0.312,-0.008,-0.061,0.002,2
24068.032,-9.637,1.736,-0.522,0.014,-0.052,0.021,2
24208.009,-9.654,1.715,-0.585,0.028,-0.051,0.005,2
24346.992,-9.638,1.802,-0.348,0.039,-0.018,-0.024,2
24486.978,-9.593,1.91,-0.289,0.04,-0.07,-0.012,2
24626.003,-9.608,1.987,-0.144,-0.006,-0.02,0.0,2
24765.974,-9.694,1.61,-0.495,0.02,-0.03,0.023,2
24905.991,-9.588,1.761,-0.454,0.052,-0.051,-0.02,2
25051.011,-9.643,1.804,-0.267,-0.007,-0.035,-0.005,2
25190.982,-9.633,1.781,-0.384,-0.022,-0.086,0.053,2
25330.997,-9.604,1.702,-0.347,0.028,-0.054,-0.002,2
25469.971,-9.627,1.843,-0.446,0.029,0.014,0.018,2
25610.024,-9.516,1.816,-0.213,0.02,-0.045,-0.018,2
25750.013,-9.696,1.689,-0.31,0.013,-0.01,0.035,2
25888.986,-9.583,1.962,-0.527,-0.005,-0.06,0.028,2
26028.99,-9.684,1.871,-0.192,0.044,-0.112,-0.0,2
26168.01,-9.569,1.961,-0.789,0.069,-0.055,-0.019,2
26313.0,-9.588,1.862,-0.32,0.018,-0.025,0.029,2
26453.019,-9.72,1.697,-0.343,0.015,-0.01,0.01,2
26592.004,-9.604,2.012,-0.349,0.037,-0.058,-0.004,2
26731.959,-9.56,1.935,-0.139,0.025,-0.036,0.017,2
26871.97,-9.638,1.757,-0.609,-0.008,-0.03,-0.01,2
27010.974,-9.594,1.979,-0.356,-0.016,-0.039,-0.005,2
27151.014,-9.599,1.772,-0.433,0.036,-0.077,-0.006,2
27291.01,-9.599,1.976,-0.325,0.023,-0.014,-0.007,2
27436.006,-9.646,1.805,-0.47,0.005,-0.082,0.025,2
27575.98,-9.558,1.945,-0.301,0.036,-0.042,0.001,2
27714.987,-9.577,1.881,-0.267,0.012,-0.057,-0.014,2
27854.995,-9.634,1.768,-0.479,0.051,-0.051,0.02,2
27995.021,-9.595,2.076,-0.423,0.039,-0.001,-0.001,2
28134.026,-9.586,1.94,-0.118,-0.01,-0.08,0.01,2
28274.044,-9.615,1.719,-0.542,-0.015,-0.082,-0.016,2
28413.986,-9.526,2.014,-0.619,0.04,-0.027,0.012,2
28553.004,-9.699,1.849,-0.197,0.032,-0.033,-0.007,2
28698.047,-9.653,1.97,-0.319,-0.008,-0.081,-0.019,2
28837.015,-9.606,1.83,-0.535,0.011,-0.069,0.019,2
28977.01,-9.59,1.842,-0.349,0.048,-0.053,0.018,2
29116.987,-9.635,1.999,-0.324,0.003,-0.049,-0.015,2
29255.989,-9.673,1.79,-0.412,0.012,-0.052,0.015,2
29395.977,-9.654,1.703,-0.462,0.025,-0.002,-0.037,2
29536.014,-9.523,1.989,-0.348,0.063,-0.048,0.015,2
29675.008,-9.6,2.01,-0.181,0.074,-0.038,-0.013,2
29820.032,-9.622,1.893,-0.444,0.001,-0.01,-0.023,2
29960.009,-9.535,2.053,-0.298,0.003,-0.033,-0.007,2
30100.024,-9.577,1.964,-0.373,-0.035,-0.006,-0.032,2
30239.979,-9.63,1.777,-0.315,-0.016,-0.079,-0.008,2
30378.993,-9.6,1.732,-0.499,0.045,-0.046,-0.005,2
30519.001,-9.626,1.676,-0.262,0.029,-0.059,-0.031,2
30658.993,-9.588,1.899,-0.23,0.036,-0.023,-0.01,2
30797.999,-9.569,1.809,-0.285,0.009,-0.014,-0.038,2
30938.006,-9.668,1.793,-0.212,-0.001,-0.047,-0.016,2
31083.021,-9.711,1.748,-0.446,-0.005,-0.105,-0.028,2
31222.001,-9.546,2.251,-0.433,-0.012,-0.009,-0.05,2
31362.057,-9.629,1.945,-0.156,-0.004,-0.035,0.005,2
31501.047,-9.544,1.685,-0.109,0.078,-0.048,0.009,2
31640.956,-9.708,1.597,-0.156,0.035,-0.039,0.019,2
31781.007,-9.658,1.836,-0.342,-0.001,-0.022,0.024,2
31920.046,-9.734,1.492,-0.447,0.016,-0.071,-0.019,2
32060.002,-9.624,1.79,-0.368,-0.011,0.021,-0.013,2
32205.015,-9.743,1.701,-0.126,-0.031,-0.073,-0.023,2
32344.008,-9.613,1.582,-0.424,0.012,-0.085,0.021,2
32483.971,-9.677,1.707,-0.24,0.027,-0.05,-0.049,2
32624.016,-9.669,1.91,0.035,0.043,-0.094,0.05,2
2664.024,-9.698,1.699,-0.549,0.053,-0.08,-0.029,2
2800.002,-9.69,1.611,-0.498,0.018,-0.046,0.035,2
2937.006,-9.558,1.672,-0.56,-0.02,-0.028,0.04,2
3073.99,-9.627,1.473,-0.38,-0.066,-0.009,-0.087,2
3210.026,-9.706,1.944,-0.098,-0.015,-0.003,-0.078,2
3347.018,-9.696,1.676,-0.425,0.046,-0.061,0.044,2
3484.009,-9.55,1.831,-0.531,0.093,0.041,-0.034,2
3620.976,-9.743,1.739,-0.21,0.029,-0.044,0.007,2
3763.983,-9.734,1.513,-0.335,-0.029,-0.052,-0.0,2
3900.956,-9.596,1.635,-0.688,-0.018,-0.075,-0.011,2
4037.985,-9.86,1.374,-0.253,0.004,-0.011,0.019,2
4174.013,-9.612,1.859,-0.266,0.06,-0.041,0.047,2
4310.992,-9.615,1.665,-0.304,0.003,-0.04,-0.024,2
4447.99,-9.663,1.464,-0.598,0.03,-0.054,0.03,2
4582.989,-9.788,1.52,-0.563,0.033,-0.027,-0.01,2
4719.018,-9.636,1.886,-0.398,-0.049,-0.071,-0.028,2
4855.01,-9.602,1.773,-0.194,0.042,-0.023,0.017,2
4997.021,-9.63,1.642,-0.338,0.002,-0.059,0.046,2
5133.045,-9.639,1.592,-0.356,0.027,-0.041,0.014,2
5269.015,-9.616,1.702,-0.483,0.004,-0.044,0.007,2
5405.022,-9.654,1.771,-0.433,0.013,-0.001,0.0,2
5540.995,-9.598,1.67,-0.146,0.039,0.015,-0.064,2
5676.008,-9.636,1.797,-0.292,0.015,-0.075,0.018,2
5811.99,-9.586,1.728,-0.302,0.012,-0.034,0.021,2
5948.001,-9.565,1.588,-0.352,0.037,-0.037,-0.039,2
6082.985,-9.691,1.753,-0.458,0.024,-0.019,0.026,2
6225.012,-9.536,1.962,-0.511,-0.012,-0.026,-0.008,2
6360.999,-9.659,1.628,-0.477,0.03,-0.056,0.018,2
6497.004,-9.602,1.814,-0.398,0.018,-0.057,-0.003,2
6632.011,-9.657,1.807,-0.409,-0.033,-0.07,0.019,2
6767.983,-9.642,1.677,-0.412,0.037,-0.079,-0.018,2
6904.037,-9.715,1.606,-0.397,0.019,-0.017,0.021,2
7039.97,-9.657,1.584,-0.397,0.022,-0.101,-0.007,2
7175.026,-9.622,1.641,-0.502,-0.018,-0.068,-0.031,2
7316.029,-9.618,1.716,-0.093,0.018,-0.071,0.026,2
7452.034,-9.685,1.408,-0.248,-0.008,-0.113,-0.005,2
7587.003,-9.678,1.751,-0.767,0.022,0.009,-0.017,2
7722.979,-9.633,1.817,-0.146,0.007,0.006,0.041,2
7859.02,-9.661,1.605,-0.173,-0.021,-0.044,0.023,2
7995.013,-9.721,1.807,-0.636,-0.004,-0.031,-0.018,2
8129.996,-9.667,1.623,-0.282,0.02,-0.054,-0.01,2
8266.018,-9.601,1.833,-0.187,0.013,-0.065,-0.05,2
8401.994,-9.65,1.689,-0.313,0.007,-0.039,0.026,2
8541.971,-9.58,1.801,-0.263,-0.013,-0.065,-0.035,2
8679.045,-9.529,1.82,-0.646,-0.004,-0.066,-0.033,2
8815.008,-9.733,1.825,-0.125,0.026,-0.002,0.01,2
8950.993,-9.62,1.956,-0.221,0.0,-0.042,-0.043,2
9085.997,-9.561,1.85,-0.454,0.01,-0.058,0.04,2
9221.982,-9.714,1.525,-0.495,-0.044,-0.04,-0.051,2
9357.982,-9.681,1.782,-0.461,0.032,-0.023,0.012,2
9493.978,-9.603,1.99,-0.402,0.045,-0.024,0.003,2
9629.0,-9.598,1.913,-0.257,0.019,-0.05,0.005,2
9770.018,-9.686,1.684,-0.472,-0.01,-0.067,0.007,2
9906.019,-9.59,1.831,-0.45,0.03,-0.076,0.012,2
10040.996,-9.625,1.911,-0.205,0.038,-0.021,0.017,2
10177.029,-9.701,1.495,-0.385,0.013,-0.096,0.039,2
10312.973,-9.622,1.722,-0.506,-0.012,-0.014,-0.06,2
10449.017,-9.575,1.92,-0.362,-0.015,-0.007,-0.022,2
10584.008,-9.586,1.867,-0.24,0.01,-0.019,-0.02,2
10720.0,-9.65,1.756,-0.396,-0.016,-0.041,0.028,2
10861.003,-9.624,1.845,-0.365,0.036,-0.0,-0.022,2
10996.984,-9.617,1.828,-0.548,0.014,-0.06,-0.019,2
11131.999,-9.611,2.038,-0.542,0.022,-0.013,-0.014,2
11268.01,-9.718,1.767,-0.157,-0.005,-0.04,0.033,2
3160.976,0.057,0.144,9.892,0.039,-0.072,-0.034,3
3296.997,-0.025,-0.041,9.896,-0.01,-0.067,0.027,3
3434.03,0.067,0.264,9.741,0.013,-0.107,-0.028,3
3570.988,0.053,0.157,10.021,0.022,-0.068,0.021,3
3708.017,-0.014,0.22,10.137,-0.018,-0.009,0.032,3
3843.966,-0.023,0.106,10.112,-0.029,-0.028,-0.039,3
3981.001,-0.082,0.07,9.758,-0.002,-0.028,-0.008,3
4117.983,-0.036,-0.116,10.045,-0.004,-0.056,0.023,3
4260.995,-0.064,0.333,9.875,0.003,-0.029,-0.025,3
4398.97,-0.065,0.047,10.081,0.034,-0.051,-0.038,3
4535.981,-0.081,-0.023,10.101,0.049,-0.048,0.047,3
4671.951,-0.043,0.176,9.938,-0.013,-0.077,0.015,3
4809.001,0.038,0.143,9.817,0.006,-0.087,-0.051,3
4945.956,0.093,-0.013,9.75,-0.024,-0.073,-0.015,3
5082.001,0.072,0.078,9.965,0.006,-0.085,-0.001,3
5217.002,0.054,0.051,9.788,-0.074,0.007,-0.04,3
5353.012,-0.104,0.148,10.069,0.022,-0.009,-0.028,3
5493.999,0.002,-0.046,10.068,0.006,-0.08,-0.007,3
5630.007,0.14,0.141,10.254,-0.002,-0.128,0.034,3
5765.994,0.08,0.108,9.733,-0.036,-0.075,0.012,3
5902.041,0.15,0.038,9.847,-0.037,-0.028,-0.031,3
6038.014,0.079,-0.007,10.261,-0.02,-0.031,0.001,3
6173.003,0.108,0.04,9.872,0.007,-0.099,-0.035,3
6308.993,0.27,-0.018,9.899,-0.025,-0.11,0.004,3
6445.007,0.243,-0.066,9.837,-0.02,-0.045,0.04,3
6585.957,0.2,-0.213,10.17,-0.02,-0.006,-0.016,3
6721.996,0.245,-0.223,9.841,0.041,-0.062,-0.03,3
6857.969,0.245,-0.013,9.778,0.055,-0.041,-0.022,3
6994.014,0.27,-0.054,9.625,0.009,-0.041,0.02,3
7128.957,0.37,-0.299,10.515,0.176,-0.066,0.001,3
7264.988,0.352,0.202,9.255,-0.0,-0.055,-0.001,3
7401.011,0.38,-0.213,10.228,0.053,-0.033,0.055,3
7536.984,0.307,-0.336,9.779,0.059,-0.062,-0.007,3
7671.977,0.339,0.096,9.709,0.016,-0.002,0.011,3
7813.985,0.331,0.142,9.799,0.051,-0.053,0.018,3
7950.024,0.411,-0.147,9.982,0.015,-0.063,0.036,3
8085.008,0.465,0.2,10.14,0.021,-0.034,-0.012,3
8220.995,0.534,-0.138,9.802,0.044,-0.01,-0.025,3
8356.981,0.43,0.024,9.741,0.005,-0.028,-0.033,3
8492.991,0.49,-0.048,9.878,0.05,-0.042,-0.015,3
8628.016,0.447,0.202,9.803,-0.021,-0.054,-0.021,3
8764.011,0.508,0.005,9.93,-0.017,-0.044,0.007,3
8900.004,0.552,-0.121,10.098,0.004,-0.03,0.046,3
9041.008,0.469,0.011,9.811,0.005,-0.044,-0.001,3
9176.006,0.496,-0.419,9.901,0.092,0.023,0.004,3
9312.006,0.45,-0.332,9.947,-0.041,-0.002,-0.017,3
9448.008,0.468,-0.06,10.165,-0.002,-0.094,0.038,3
9582.975,0.47,-0.365,9.686,-0.019,-0.092,0.018,3
9719.019,0.424,-0.169,9.737,0.097,0.003,-0.001,3
9854.997,0.595,-0.031,10.11,0.023,-0.07,0.028,3
9991.011,0.567,-0.071,10.121,-0.051,-0.015,-0.068,3
10126.013,0.482,-0.044,9.763,0.021,-0.067,0.051,3
10267.033,0.582,-0.3,9.729,0.026,-0.108,0.038,3
10403.031,0.538,-0.283,9.959,-0.028,-0.026,0.028,3
10538.975,0.582,-0.353,10.078,-0.037,-0.027,-0.017,3
10673.991,0.596,-0.261,10.005,0.02,-0.024,0.0,3
10809.999,0.54,-0.167,9.955,0.019,-0.011,-0.034,3
10946.007,0.497,-0.178,9.931,-0.016,-0.053,-0.043,3
11081.995,0.536,-0.097,10.1,-0.015,-0.059,0.056,3
11217.013,0.463,-0.493,9.912,0.032,-0.024,0.013,3
11357.995,0.596,-0.16,9.988,0.037,-0.041,-0.053,3
11493.998,0.59,-0.149,10.002,-0.004,-0.056,0.008,3
11629.002,0.587,-0.065,9.808,0.035,-0.001,0.014,3
11765.007,0.568,-0.168,10.011,0.011,-0.063,0.01,3
11900.997,0.56,-0.283,10.153,0.01,-0.055,-0.006,3
12037.008,0.487,-0.279,9.953,-0.006,-0.051,-0.031,3
12172.012,0.52,-0.432,9.887,0.014,-0.027,0.007,3
12307.999,0.501,-0.366,9.888,0.055,-0.04,-0.029,3
12443.979,0.55,-0.34,9.817,0.047,-0.055,-0.01,3
12585.018,0.58,-0.104,9.683,0.04,-0.075,-0.016,3
12720.991,0.632,-0.335,10.209,0.061,-0.002,0.007,3
12857.019,0.589,-0.242,9.953,0.024,-0.055,-0.026,3
12993.014,0.514,-0.557,9.877,-0.004,-0.034,-0.006,3
13127.984,0.564,-0.389,9.847,0.036,0.002,0.007,3
13263.995,0.435,-0.174,9.701,-0.018,-0.098,0.03,3
13399.995,0.58,-0.602,10.144,-0.032,-0.041,0.008,3
13536.027,0.555,-0.584,9.988,0.027,-0.019,-0.022,3
13675.966,0.547,0.131,9.925,-0.022,-0.054,-0.053,3
13813.016,0.577,-0.351,10.048,0.048,-0.046,-0.044,3
13949.0,0.574,-0.369,9.964,-0.013,-0.057,0.028,3
14084.001,0.681,-0.363,9.755,0.028,-0.054,-0.01,3
14220.022,0.575,-0.079,9.98,-0.098,-0.059,0.012,3
14356.034,0.555,-0.465,9.901,-0.018,-0.011,0.003,3
14492.009,0.593,-0.453,9.833,0.019,0.001,-0.011,3
14626.986,0.606,-0.319,9.919,-0.035,-0.005,-0.018,3
14762.991,0.483,-0.043,10.111,-0.006,-0.038,0.038,3
14904.007,0.53,-0.58,10.082,-0.016,-0.076,-0.01,3
15039.988,0.566,-0.573,9.529,0.055,-0.065,-0.01,3
15175.009,0.579,-0.39,9.717,-0.019,-0.086,-0.045,3
15310.981,0.589,-0.309,9.827,-0.001,-0.04,-0.035,3
15447.007,0.624,-0.305,9.919,0.01,-0.065,0.004,3
15582.991,0.583,-0.589,9.92,0.007,-0.047,0.002,3
15718.018,0.533,-0.44,9.627,0.017,-0.074,0.049,3
15853.994,0.573,-0.506,9.965,-0.004,-0.021,-0.02,3
15994.998,0.645,-0.693,9.92,0.002,-0.042,0.007,3
16130.027,0.542,-0.378,9.853,0.044,-0.051,-0.034,3
16265.979,0.598,-0.383,9.993,-0.018,-0.037,-0.016,3
16402.028,0.65,-0.681,9.884,0.005,-0.069,0.008,3
16537.992,0.671,-0.524,9.89,0.009,-0.063,-0.035,3
16673.021,0.625,-0.475,9.922,0.002,-0.042,-0.026,3
16808.991,0.703,-0.286,9.943,0.067,-0.071,-0.027,3
16944.999,0.638,-0.364,9.737,0.013,-0.05,0.027,3
17080.987,0.682,-0.472,9.987,-0.026,-0.101,0.057,3
17221.018,0.695,-0.492,10.06,0.01,-0.079,-0.046,3
17357.019,0.63,-0.379,9.731,-0.009,-0.081,-0.018,3
17492.991,0.613,-0.547,10.057,0.01,-0.08,-0.013,3
17628.006,0.673,-0.361,9.788,0.038,-0.038,0.034,3
17763.994,0.65,-0.309,9.81,0.079,-0.018,-0.014,3
17899.994,0.655,-0.558,9.911,0.021,-0.053,0.009,3
18035.956,0.657,-0.488,9.635,-0.046,-0.057,-0.021,3
18170.998,0.563,-0.532,9.757,0.011,-0.096,-0.036,3
18312.009,0.62,-0.344,9.853,0.041,-0.01,0.027,3
18447.987,0.656,-0.38,9.874,0.016,-0.102,0.015,3
18582.963,0.706,-0.521,10.006,0.015,-0.026,0.021,3
18719.005,0.647,-0.529,9.965,-0.015,-0.067,0.013,3
18855.013,0.68,-0.667,9.836,0.002,-0.048,0.024,3
18998.01,0.722,-0.702,9.952,-0.058,-0.04,-0.051,3
19132.98,0.748,-0.569,9.91,0.073,-0.062,-0.005,3
19269.011,0.745,-0.557,10.06,-0.002,0.001,-0.003,3
19410.989,0.763,-0.575,9.828,0.014,-0.045,-0.012,3
19550.96,0.707,-0.592,10.159,0.017,-0.011,-0.019,3
19686.986,0.703,-0.637,9.844,-0.012,-0.121,0.004,3
19823.007,0.68,-0.595,9.749,-0.027,-0.017,-0.029,3
19957.973,0.759,-0.726,9.883,0.006,-0.047,0.032,3
20093.99,0.765,-0.42,9.891,0.005,-0.038,0.003,3
20230.005,0.691,-0.498,10.045,-0.014,-0.03,-0.022,3
20365.997,0.769,-0.482,9.856,-0.002,-0.054,0.004,3
20500.996,0.706,-0.737,9.875,0.038,-0.015,-0.016,3
20643.019,0.763,-0.522,10.143,0.003,-0.069,0.011,3
20779.016,0.765,-0.634,9.81,0.006,-0.067,0.027,3
20914.966,0.762,-0.782,9.872,0.006,-0.005,0.015,3
21049.985,0.692,-1.647,8.802,-0.075,-0.236,0.08,3
21185.968,0.837,-0.665,9.855,0.03,-0.038,-0.003,3
21322.023,0.798,-0.54,9.804,-0.001,-0.059,0.013,3
21457.976,0.767,-0.831,9.856,0.018,-0.068,-0.006,3
21593.034,0.736,-0.96,9.838,0.044,-0.071,-0.009,3
21729.012,0.69,-0.434,9.527,0.007,-0.072,-0.064,3
21886.016,0.845,-0.61,9.841,-0.0,-0.09,-0.014,3
22025.987,0.719,-0.592,9.67,0.018,-0.042,0.011,3
22165.979,0.855,-0.795,10.147,0.034,-0.038,-0.001,3
22305.004,0.791,-0.653,9.733,0.044,-0.049,-0.005,3
22444.992,0.833,-0.541,9.606,0.019,-0.042,-0.033,3
22583.994,0.829,-0.626,9.656,0.053,-0.056,0.017,3
22723.991,0.865,-0.704,9.939,-0.008,-0.015,0.002,3
22863.993,0.887,-0.735,9.828,-0.029,-0.031,-0.04,3
23008.999,0.87,-0.588,9.851,-0.003,-0.009,0.004,3
23148.996,0.79,-0.777,9.738,-0.054,-0.053,-0.012,3
23289.016,0.866,-0.853,9.891,0.014,-0.097,0.003,3
23428.006,0.899,-0.469,9.709,-0.002,-0.094,-0.061,3
23567.995,0.916,-0.683,9.901,0.022,-0.047,-0.02,3
23707.966,0.986,-0.709,9.855,0.033,-0.059,0.02,3
23847.004,0.916,-0.344,9.617,0.036,-0.016,-0.006,3
23987.008,0.866,-0.63,9.818,0.017,-0.052,-0.002,3
24126.0,0.994,-0.751,9.735,0.053,-0.087,0.019,3
24272.006,0.94,-0.718,9.779,0.007,-0.078,-0.018,3
24412.003,0.92,-0.52,9.829,0.002,-0.03,-0.012,3
24551.013,0.847,-0.318,9.923,0.033,-0.02,0.012,3
24691.002,0.887,-0.687,9.703,0.058,-0.036,-0.003,3
24830.991,0.802,-0.52,9.631,0.0,-0.023,0.006,3
24969.979,0.936,-0.511,9.882,0.006,-0.04,0.006,3
25110.01,0.93,-0.615,9.894,0.01,-0.039,-0.019,3
25250.011,1.017,-0.739,9.994,0.021,0.002,-0.027,3
25393.994,0.865,-0.58,9.612,-0.003,-0.033,-0.023,3
25534.013,0.941,-0.661,9.72,-0.021,-0.054,-0.003,3
25672.998,0.938,-0.703,9.917,0.022,-0.057,0.001,3
25812.989,0.951,-0.512,10.099,0.03,-0.015,-0.007,3
25952.964,0.957,-0.392,10.005,-0.001,-0.041,0.018,3
26092.005,0.923,-0.641,9.983,-0.009,-0.04,0.008,3
26231.992,0.928,-0.605,9.983,0.052,-0.06,0.056,3
26372.001,0.96,-0.694,9.899,0.051,-0.032,-0.005,3
26510.963,0.986,-0.605,9.814,-0.001,-0.023,-0.042,3
26656.028,0.954,-0.586,9.855,-0.011,0.005,0.008,3
26795.01,0.96,-0.687,9.924,0.016,-0.054,-0.013,3
26935.021,0.96,-0.759,9.718,0.042,-0.059,-0.003,3
27075.017,0.961,-0.663,9.961,0.059,0.005,0.005,3
27213.991,0.901,-0.796,9.711,-0.035,-0.025,0.008,3
27353.998,0.979,-0.689,9.742,-0.002,-0.034,-0.023,3
27494.021,0.926,-0.848,9.899,0.013,-0.013,0.02,3
27633.024,0.998,-0.503,9.847,0.039,-0.04,-0.009,3
27778.966,0.943,-0.648,9.891,0.013,-0.014,0.005,3
27918.029,0.93,-0.811,9.941,-0.0,0.002,-0.012,3
28057.975,0.839,-0.698,9.78,-0.015,-0.098,0.011,3
28197.998,1.004,-0.506,9.994,0.017,-0.068,0.018,3
28336.99,1.006,-0.627,10.074,0.013,-0.019,-0.021,3
28476.981,0.954,-0.555,9.878,0.023,-0.044,-0.033,3
28617.007,0.927,-0.629,9.898,0.029,-0.04,-0.022,3
28756.033,0.913,-0.703,9.952,0.002,-0.027,0.009,3
28896.014,0.831,-0.647,9.956,0.032,-0.024,-0.005,3
29041.025,0.811,-0.693,9.786,-0.021,-0.113,-0.028,3
29180.982,0.827,-0.626,9.859,0.013,-0.016,-0.007,3
29320.98,0.838,-0.591,9.851,0.025,-0.101,0.023,3
29460.011,0.911,-0.674,9.784,0.008,-0.087,-0.008,3
29600.004,0.908,-0.641,9.717,0.002,-0.012,0.001,3
29739.983,0.914,-0.7,9.976,-0.008,-0.021,0.061,3
29878.996,0.897,-0.677,10.052,0.018,-0.036,0.035,3
30018.993,0.923,-0.71,10.075,-0.051,-0.045,-0.042,3
30163.992,0.877,-0.627,9.782,0.016,-0.037,0.005,3
30302.977,0.921,-0.621,9.885,0.017,-0.037,-0.025,3
30443.008,0.946,-0.731,9.97,0.035,-0.023,0.016,3
30583.032,0.837,-0.534,9.996,0.039,-0.05,-0.03,3
30722.005,0.897,-0.963,9.783,0.066,-0.041,0.017,3
30862.006,0.955,-0.306,9.758,0.005,-0.039,-0.037,3
31001.01,0.873,-0.682,9.81,0.005,-0.027,-0.009,3
31141.002,0.853,-0.424,9.844,0.027,-0.024,0.035,3
31280.996,0.845,-0.633,9.875,-0.026,-0.059,-0.006,3
31426.018,0.802,-0.655,9.743,-0.057,-0.104,0.052,3
31565.986,0.813,-0.48,9.649,0.045,-0.063,0.016,3
31706.005,0.801,-0.481,9.698,0.02,-0.04,0.027,3
31844.998,0.892,-0.505,9.685,0.034,-0.048,0.025,3
31984.981,0.819,-0.502,9.474,0.006,-0.057,-0.051,3
32124.979,0.89,-0.587,9.799,-0.039,-0.036,0.065,3
32263.984,0.7,-0.785,10.231,0.024,-0.029,0.063,3
32404.005,0.696,-0.489,9.911,0.048,-0.096,0.007,3
32542.991,0.8,-0.526,9.464,0.016,-0.041,0.001,3
32688.008,0.941,-0.672,10.007,0.068,0.01,-0.033,3
32827.997,0.911,-0.276,10.207,0.038,-0.092,-0.036,3
32967.011,0.868,-0.273,9.72,0.031,-0.026,0.045,3
33106.998,0.884,-0.673,9.878,0.006,-0.02,0.021,3
3160.986,0.029,0.16,9.864,-0.016,-0.043,-0.042,3
3297.027,-0.027,-0.056,9.903,0.022,-0.046,0.011,3
3434.045,0.057,0.261,9.767,0.034,-0.087,-0.008,3
3571.018,0.039,0.15,10.033,-0.023,-0.021,-0.051,3
3708.002,-0.013,0.242,10.145,-0.013,-0.019,0.007,3
3844.008,-0.039,0.093,10.105,-0.028,-0.041,-0.008,3
3981.002,-0.068,0.003,9.736,0.01,-0.073,-0.027,3
4118.004,-0.015,-0.068,10.013,-0.05,-0.083,0.031,3
4261.024,-0.07,0.324,9.834,0.009,-0.054,-0.028,3
4398.999,-0.056,0.059,10.115,0.016,-0.066,-0.006,3
4536.011,-0.076,-0.011,10.035,0.001,-0.057,-0.022,3
4672.015,-0.075,0.16,9.912,0.013,-0.113,0.048,3
4808.974,0.027,0.207,9.791,-0.011,-0.052,-0.044,3
4945.98,0.029,0.003,9.701,-0.02,-0.097,0.018,3
5081.996,0.054,0.056,9.948,-0.05,-0.062,-0.008,3
5217.016,0.028,0.099,9.74,-0.059,-0.029,-0.005,3
5352.999,-0.088,0.129,10.072,0.015,-0.004,0.017,3
5494.006,0.004,-0.057,9.999,-0.007,-0.05,-0.03,3
5630.009,0.154,0.133,10.241,0.011,-0.165,0.048,3
5765.995,0.086,0.102,9.795,-0.037,-0.073,-0.005,3
5902.012,0.178,0.049,9.847,-0.019,-0.07,-0.0,3
6037.979,0.068,-0.037,10.199,0.023,-0.029,-0.004,3
6173.014,0.125,0.062,9.854,0.004,-0.146,0.003,3
6308.976,0.298,-0.041,9.924,0.006,-0.073,-0.01,3
6445.009,0.244,-0.028,9.794,-0.02,-0.018,0.02,3
6586.011,0.224,-0.219,10.175,-0.008,-0.062,0.008,3
6722.001,0.283,-0.176,9.849,0.039,-0.071,0.001,3
6858.013,0.239,-0.028,9.777,0.021,-0.097,0.024,3
6993.993,0.26,-0.032,9.607,0.005,-0.038,0.013,3
7128.94,0.361,-0.29,10.496,0.148,-0.108,0.01,3
7265.015,0.252,0.158,9.283,-0.012,-0.059,0.042,3
7401.013,0.398,-0.2,10.194,0.04,0.004,0.013,3
7536.994,0.327,-0.303,9.802,0.034,-0.034,-0.025,3
7672.015,0.327,0.095,9.661,0.013,-0.033,-0.044,3
7813.972,0.37,0.179,9.814,0.031,-0.034,0.045,3
7950.017,0.417,-0.109,9.99,0.028,-0.069,0.022,3
8085.014,0.472,0.2,10.1,0.015,-0.022,0.019,3
8221.007,0.51,-0.152,9.801,0.099,-0.015,-0.014,3
8357.013,0.466,0.054,9.768,0.004,-0.067,-0.047,3
8492.998,0.491,-0.038,9.879,0.027,-0.047,-0.033,3
8628.015,0.416,0.212,9.804,-0.01,-0.068,-0.046,3
8764.061,0.506,0.015,9.918,-0.034,-0.017,-0.002,3
8900.018,0.536,-0.105,10.119,-0.045,-0.003,-0.015,3
9040.989,0.476,0.046,9.786,-0.035,-0.024,-0.011,3
9176.017,0.503,-0.407,9.892,0.086,-0.017,0.002,3
9311.994,0.437,-0.27,9.903,-0.011,-0.044,0.024,3
9447.978,0.443,-0.078,10.168,0.013,-0.069,0.072,3
9583.003,0.472,-0.41,9.69,0.012,-0.075,0.022,3
9719.021,0.475,-0.189,9.786,0.056,0.003,0.007,3
9855.002,0.574,-0.04,10.075,-0.007,-0.111,0.021,3
9990.999,0.555,-0.041,10.146,-0.026,-0.047,-0.049,3
10125.973,0.454,-0.06,9.777,-0.027,-0.05,0.029,3
10266.974,0.583,-0.256,9.763,-0.008,-0.043,-0.017,3
10403.005,0.557,-0.252,9.957,-0.016,-0.078,0.013,3
10539.0,0.539,-0.38,10.104,-0.055,-0.029,-0.003,3
10674.032,0.55,-0.247,9.984,0.045,-0.001,-0.014,3
10809.984,0.541,-0.153,9.936,0.009,-0.024,-0.048,3
10945.983,0.474,-0.204,9.862,0.029,-0.028,-0.052,3
11081.983,0.546,-0.085,10.1,0.036,-0.073,0.043,3
11217.033,0.514,-0.457,9.899,0.024,-0.038,0.03,3
11358.004,0.589,-0.181,9.978,0.017,-0.069,-0.071,3
11494.007,0.626,-0.137,9.985,0.04,-0.049,-0.043,3
11628.966,0.566,0.0,9.802,0.034,-0.03,0.012,3
11764.98,0.569,-0.161,10.024,-0.029,-0.033,0.03,3
11900.981,0.591,-0.279,10.153,0.011,-0.033,0.037,3
12036.993,0.54,-0.29,9.984,-0.022,-0.018,0.016,3
12171.999,0.479,-0.396,9.939,-0.003,-0.038,-0.018,3
12308.007,0.5,-0.334,9.828,0.015,-0.067,-0.015,3
12444.009,0.545,-0.32,9.845,0.016,-0.069,-0.034,3
12584.999,0.585,-0.07,9.67,0.023,-0.042,-0.006,3
12721.023,0.609,-0.317,10.209,0.03,-0.03,-0.004,3
12856.991,0.592,-0.27,9.936,0.012,-0.039,-0.048,3
12992.985,0.52,-0.58,9.881,0.003,-0.032,-0.009,3
13127.989,0.549,-0.405,9.82,0.008,-0.016,-0.014,3
13263.981,0.482,-0.234,9.699,0.023,-0.075,0.03,3
13400.01,0.531,-0.562,10.121,-0.006,-0.048,-0.015,3
13535.97,0.599,-0.543,9.957,0.049,-0.046,-0.019,3
13675.963,0.581,0.12,9.9,0.025,-0.079,-0.035,3
13812.979,0.542,-0.32,10.053,0.07,-0.004,-0.025,3
13948.979,0.586,-0.349,9.947,-0.019,-0.06,0.005,3
14083.995,0.634,-0.372,9.718,0.074,-0.031,0.008,3
14220.004,0.549,-0.069,10.02,-0.029,-0.072,0.005,3
14356.008,0.628,-0.408,9.935,-0.019,-0.036,0.007,3
14492.021,0.61,-0.494,9.822,0.035,-0.021,-0.048,3
14627.005,0.613,-0.316,9.945,-0.01,-0.021,-0.014,3
14762.996,0.474,-0.021,10.127,-0.004,-0.087,-0.004,3
14903.991,0.519,-0.595,10.108,0.034,-0.072,0.044,3
15040.007,0.559,-0.569,9.518,0.052,-0.079,0.002,3
15175.02,0.563,-0.345,9.746,0.028,-0.013,-0.019,3
15311.012,0.615,-0.313,9.832,0.019,-0.064,-0.009,3
15447.0,0.599,-0.296,9.901,0.025,-0.046,0.01,3
15583.017,0.597,-0.563,9.958,-0.001,-0.07,-0.007,3
15718.012,0.553,-0.407,9.583,0.028,-0.057,0.016,3
15853.995,0.601,-0.461,9.947,0.02,-0.009,0.025,3
15994.969,0.622,-0.691,9.938,-0.014,-0.065,-0.031,3
16129.985,0.574,-0.396,9.899,0.027,-0.122,-0.02,3
16265.957,0.606,-0.373,9.985,0.014,-0.077,0.002,3
16402.003,0.656,-0.672,9.923,0.013,-0.069,0.007,3
16537.973,0.66,-0.521,9.938,-0.021,-0.064,0.002,3
16672.993,0.608,-0.458,9.848,-0.003,-0.036,-0.003,3
16809.003,0.676,-0.26,9.886,0.052,-0.026,-0.004,3
16944.988,0.65,-0.366,9.737,0.042,-0.056,0.019,3
17080.995,0.692,-0.509,9.98,-0.066,-0.084,0.042,3
17221.035,0.72,-0.533,10.089,0.026,-0.05,0.013,3
17356.986,0.628,-0.386,9.737,-0.001,-0.075,0.005,3
17492.997,0.622,-0.517,10.014,-0.008,-0.05,0.015,3
17627.996,0.713,-0.362,9.746,0.01,-0.035,-0.011,3
17763.983,0.655,-0.309,9.818,-0.027,-0.008,-0.011,3
17899.999,0.679,-0.551,9.925,-0.008,-0.035,-0.021,3
18036.002,0.634,-0.55,9.565,-0.003,-0.053,-0.033,3
18171.012,0.567,-0.56,9.776,-0.04,-0.031,-0.045,3
18312.017,0.656,-0.381,9.868,0.034,0.011,-0.026,3
18447.985,0.706,-0.413,9.907,0.035,-0.05,-0.013,3
18583.038,0.711,-0.479,9.995,0.03,-0.025,0.067,3
18718.993,0.684,-0.517,9.924,0.023,-0.052,0.026,3
18855.029,0.706,-0.642,9.805,0.011,-0.004,0.01,3
18998.003,0.7,-0.743,9.95,-0.069,-0.012,0.043,3
19132.974,0.701,-0.589,9.866,0.021,-0.029,-0.047,3
19268.994,0.689,-0.513,10.065,0.019,-0.049,-0.002,3
19410.991,0.747,-0.601,9.9,0.002,-0.04,0.023,3
19550.99,0.726,-0.568,10.211,0.032,0.007,0.022,3
19687.003,0.694,-0.689,9.854,0.011,-0.071,-0.025,3
19823.019,0.677,-0.613,9.741,-0.019,-0.05,-0.031,3
19958.008,0.744,-0.738,9.881,-0.019,-0.007,0.019,3
20094.029,0.708,-0.468,9.86,0.015,-0.034,-0.017,3
20230.031,0.699,-0.52,10.043,-0.021,-0.042,0.008,3
20365.995,0.771,-0.497,9.9,-0.03,-0.018,0.038,3
20501.008,0.706,-0.754,9.845,-0.022,-0.012,-0.022,3
20642.991,0.72,-0.518,10.115,-0.009,-0.042,0.002,3
20779.014,0.783,-0.66,9.808,0.026,-0.024,-0.032,3
20915.011,0.705,-0.781,9.864,-0.001,-0.032,0.0,3
21049.976,0.718,-1.615,8.782,-0.084,-0.276,0.078,3
21186.022,0.82,-0.689,9.88,0.004,-0.005,0.008,3
21322.016,0.801,-0.521,9.833,-0.01,-0.059,-0.056,3
21458.0,0.752,-0.801,9.88,-0.031,-0.034,0.036,3
21593.053,0.753,-0.978,9.909,-0.017,-0.052,-0.013,3
21729.006,0.691,-0.469,9.491,-0.005,-0.066,-0.041,3
21885.981,0.82,-0.652,9.84,0.013,-0.078,0.016,3
22026.012,0.774,-0.529,9.68,0.015,-0.044,0.039,3
22166.01,0.849,-0.774,10.159,0.032,-0.08,-0.007,3
22305.016,0.786,-0.642,9.696,-0.001,-0.03,-0.014,3
22445.011,0.828,-0.587,9.624,-0.016,-0.054,-0.035,3
22583.996,0.814,-0.614,9.627,0.036,-0.032,-0.009,3
22723.984,0.876,-0.691,9.925,-0.025,-0.02,0.023,3
22864.023,0.869,-0.688,9.78,-0.033,-0.044,-0.059,3
23008.989,0.848,-0.573,9.851,0.017,-0.057,-0.016,3
23148.975,0.798,-0.799,9.795,-0.039,-0.097,0.016,3
23289.003,0.852,-0.843,9.898,0.0,-0.111,0.005,3
23428.018,0.876,-0.46,9.75,-0.017,-0.087,-0.058,3
23568.009,0.934,-0.666,9.888,0.067,-0.053,-0.019,3
23707.965,0.979,-0.702,9.838,0.054,-0.083,0.039,3
23846.989,0.957,-0.381,9.66,0.028,-0.02,-0.018,3
23987.006,0.863,-0.598,9.778,0.008,-0.082,-0.023,3
24125.995,0.986,-0.702,9.764,0.022,-0.042,0.027,3
24272.031,0.971,-0.702,9.773,0.023,-0.057,-0.003,3
24412.018,0.917,-0.559,9.814,0.011,-0.008,-0.039,3
24550.962,0.928,-0.351,9.869,0.029,-0.034,0.062,3
24690.98,0.86,-0.734,9.719,0.03,-0.022,0.039,3
24831.045,0.807,-0.521,9.602,0.05,-0.064,-0.031,3
24970.001,0.951,-0.53,9.889,-0.045,-0.069,-0.009,3
25109.983,0.893,-0.629,9.856,0.027,-0.048,0.006,3
25250.005,0.999,-0.719,10.005,0.017,0.001,-0.027,3
25394.03,0.899,-0.542,9.608,-0.004,-0.056,-0.038,3
25533.993,0.89,-0.667,9.716,0.008,-0.049,-0.034,3
25673.014,0.937,-0.717,9.894,0.024,-0.058,0.012,3
25812.994,0.963,-0.549,10.116,-0.002,-0.029,-0.011,3
25952.999,0.936,-0.389,10.034,-0.035,-0.01,0.038,3
26092.006,0.919,-0.634,10.1,0.053,-0.07,-0.018,3
26231.976,0.939,-0.626,9.975,0.014,-0.011,0.002,3
26372.014,0.978,-0.661,9.942,0.04,-0.066,-0.043,3
26511.021,0.981,-0.616,9.799,-0.012,-0.044,-0.017,3
26655.995,0.949,-0.603,9.923,-0.027,-0.016,-0.035,3
26795.033,0.908,-0.732,9.91,-0.012,-0.061,0.018,3
26935.032,1.0,-0.719,9.693,-0.01,-0.05,0.0,3
27075.0,0.971,-0.693,9.933,0.032,-0.003,-0.01,3
27214.011,0.908,-0.79,9.719,0.025,-0.01,0.004,3
27354.006,0.956,-0.677,9.713,0.009,-0.025,0.012,3
27493.997,0.911,-0.868,9.915,0.003,0.002,0.012,3
27632.988,0.966,-0.53,9.804,0.051,-0.061,0.003,3
27779.029,0.918,-0.686,9.908,-0.003,-0.046,-0.028,3
27918.032,0.949,-0.851,9.948,0.016,-0.039,0.014,3
28058.0,0.893,-0.67,9.737,0.019,-0.076,-0.011,3
28197.989,1.016,-0.551,10.003,0.028,-0.088,0.002,3
28336.987,0.982,-0.611,10.037,0.024,-0.001,-0.015,3
28477.044,0.961,-0.546,9.886,0.076,-0.042,0.011,3
28617.039,0.895,-0.619,9.877,0.012,-0.055,-0.029,3
28756.014,0.857,-0.68,9.959,0.017,-0.022,0.009,3
28896.017,0.879,-0.652,9.961,-0.032,-0.035,-0.034,3
29040.994,0.762,-0.649,9.792,0.002,-0.075,-0.01,3
29180.956,0.815,-0.678,9.869,-0.005,-0.043,-0.005,3
29320.952,0.879,-0.625,9.92,0.013,-0.083,-0.01,3
29460.038,0.895,-0.718,9.774,0.028,-0.067,0.019,3
29599.975,0.904,-0.641,9.733,0.006,-0.06,-0.006,3
29739.999,0.909,-0.718,9.941,-0.003,-0.038,0.001,3
29879.02,0.923,-0.727,10.046,0.032,-0.011,-0.002,3
30018.982,0.956,-0.721,10.079,-0.089,-0.104,-0.011,3
30164.03,0.872,-0.644,9.816,0.021,-0.019,0.015,3
30303.007,0.93,-0.597,9.896,0.044,-0.05,0.019,3
30442.983,0.914,-0.742,9.969,0.007,-0.047,0.011,3
30582.968,0.821,-0.563,10.004,0.052,-0.021,-0.028,3
30721.986,0.902,-0.964,9.722,0.062,-0.077,0.007,3
30862.007,0.992,-0.331,9.718,0.015,-0.07,-0.054,3
31000.964,0.857,-0.641,9.822,0.003,-0.021,0.008,3
31141.028,0.832,-0.469,9.843,0.012,-0.031,0.008,3
31280.995,0.856,-0.628,9.893,-0.001,-0.056,-0.012,3
31425.998,0.825,-0.666,9.743,-0.027,-0.072,0.011,3
31566.004,0.812,-0.462,9.646,0.021,-0.037,0.017,3
31706.017,0.809,-0.474,9.676,0.04,-0.032,-0.009,3
31845.011,0.931,-0.473,9.707,0.029,-0.052,-0.001,3
31985.02,0.819,-0.509,9.43,-0.043,-0.032,-0.047,3
32125.01,0.859,-0.591,9.79,-0.015,-0.016,0.025,3
32263.986,0.764,-0.825,10.253,0.026,-0.066,0.038,3
32403.971,0.668,-0.51,9.918,0.054,-0.078,-0.028,3
32542.999,0.834,-0.557,9.464,0.036,-0.109,0.012,3
32688.023,0.906,-0.661,9.987,0.044,-0.064,0.003,3
32828.013,0.923,-0.271,10.23,0.005,-0.082,-0.044,3
32966.976,0.886,-0.301,9.726,0.028,-0.019,0.025,3
33107.003,0.918,-0.653,9.894,0.005,-0.034,0.026,3
3161.011,0.076,0.151,9.904,-0.035,-0.066,-0.021,3
3297.019,-0.004,-0.07,9.913,0.016,-0.034,-0.003,3
3433.992,0.036,0.278,9.782,-0.02,-0.094,0.034,3
3570.974,0.042,0.136,10.011,-0.008,-0.033,0.005,3
3708.02,-0.029,0.271,10.107,0.016,-0.028,-0.003,3
3843.981,0.013,0.083,10.112,-0.012,-0.039,0.007,3
3981.055,-0.112,-0.006,9.727,-0.013,-0.05,-0.004,3
4118.009,-0.037,-0.108,10.025,-0.008,-0.029,0.004,3
4261.013,-0.058,0.283,9.861,0.038,-0.023,-0.006,3
4399.004,-0.094,0.054,10.07,-0.003,-0.043,0.011,3
4536.03,-0.07,-0.063,10.096,0.021,-0.009,-0.035,3
4672.009,-0.09,0.151,9.891,0.013,-0.11,0.026,3
4809.014,-0.012,0.161,9.784,0.005,-0.11,-0.02,3
4945.999,0.029,0.022,9.776,-0.005,-0.049,-0.0,3
5081.986,0.033,0.061,9.962,-0.015,-0.048,-0.0,3
5217.014,0.016,0.026,9.801,-0.099,-0.04,-0.003,3
5353.017,-0.055,0.119,10.046,0.026,-0.02,-0.029,3
5493.976,-0.034,-0.077,10.053,-0.025,-0.102,-0.008,3
5630.018,0.131,0.144,10.261,0.036,-0.156,0.046,3
5766.011,0.104,0.118,9.764,-0.059,-0.08,-0.02,3
5901.984,0.144,0.071,9.894,-0.001,-0.039,0.028,3
6038.035,0.041,-0.034,10.216,0.005,-0.046,0.005,3
6172.982,0.07,0.065,9.828,-0.004,-0.109,-0.025,3
6308.999,0.313,-0.059,9.837,-0.037,-0.106,0.016,3
6445.005,0.219,-0.065,9.824,-0.034,-0.033,0.023,3
6586.004,0.197,-0.206,10.173,0.01,-0.005,-0.016,3
6722.001,0.271,-0.167,9.841,-0.008,-0.041,0.04,3
6857.999,0.248,-0.007,9.773,0.02,-0.096,-0.02,3
6994.002,0.272,-0.056,9.612,0.005,-0.04,0.014,3
7129.009,0.365,-0.314,10.493,0.148,-0.045,0.038,3
7264.987,0.332,0.158,9.255,-0.005,-0.081,0.04,3
7400.997,0.35,-0.226,10.192,0.033,-0.058,-0.008,3
7536.987,0.339,-0.369,9.819,0.094,-0.044,-0.019,3
7672.001,0.289,0.111,9.661,-0.005,-0.03,0.029,3
7813.977,0.345,0.147,9.848,0.034,-0.049,0.067,3
7950.019,0.434,-0.126,10.003,0.006,-0.026,0.031,3
8085.011,0.44,0.218,10.097,0.028,-0.062,-0.042,3
8221.015,0.522,-0.162,9.847,0.062,-0.017,0.002,3
8357.013,0.439,0.046,9.744,0.031,-0.055,-0.038,3
8493.009,0.485,-0.028,9.884,0.033,-0.056,0.001,3
8627.995,0.458,0.194,9.768,-0.011,-0.064,-0.046,3
8764.004,0.451,0.004,9.949,-0.04,-0.072,-0.025,3
8899.986,0.526,-0.084,10.111,-0.036,-0.015,0.027,3
9040.995,0.464,0.062,9.814,0.033,-0.029,-0.013,3
9175.999,0.476,-0.417,9.876,0.038,-0.027,0.068,3
9312.003,0.442,-0.261,9.953,0.013,-0.061,0.005,3
9447.998,0.478,-0.065,10.192,0.003,-0.067,0.037,3
9583.01,0.463,-0.35,9.739,0.02,-0.082,0.032,3
9719.033,0.439,-0.153,9.733,0.067,-0.009,0.001,3
9855.006,0.592,-0.065,10.087,-0.003,-0.073,-0.003,3
9990.997,0.577,-0.071,10.119,0.014,-0.015,-0.038,3
10126.042,0.432,-0.06,9.729,-0.021,-0.064,0.048,3
10266.989,0.601,-0.259,9.746,0.003,-0.103,-0.002,3
10403.003,0.564,-0.245,9.958,-0.042,-0.029,0.005,3
10539.0,0.518,-0.371,10.076,-0.081,-0.013,-0.05,3
10674.024,0.546,-0.27,9.93,0.022,-0.033,-0.045,3
10809.968,0.54,-0.17,9.945,-0.011,-0.036,-0.051,3
10945.998,0.496,-0.186,9.874,0.014,-0.035,-0.025,3
11082.023,0.56,-0.109,10.116,0.041,-0.057,0.05,3
11216.966,0.437,-0.429,9.94,0.041,-0.073,0.003,3
11357.98,0.616,-0.205,10.014,0.025,-0.049,-0.045,3
11494.027,0.632,-0.101,9.991,0.037,-0.045,-0.018,3
11629.016,0.582,-0.01,9.803,0.044,-0.038,0.001,3
11765.004,0.559,-0.145,10.056,0.027,-0.025,-0.011,3
2739.002,9.7,0.914,0.307,0.015,-0.057,0.032,4
2874.961,9.672,1.049,0.692,-0.026,-0.023,-0.003,4
3012.035,9.773,1.001,0.522,0.03,-0.047,-0.041,4
3148.987,9.678,0.737,0.518,-0.0,-0.002,-0.017,4
3285.99,9.684,0.82,0.555,0.038,-0.043,-0.019,4
3421.992,9.65,0.805,0.559,0.003,-0.025,-0.001,4
3559.017,9.71,0.956,0.593,0.011,-0.054,-0.027,4
3695.995,9.716,0.967,0.632,0.004,-0.035,-0.043,4
3838.96,9.714,0.971,0.754,0.025,-0.038,-0.026,4
3975.977,9.723,0.91,0.752,0.001,-0.006,0.006,4
4113.979,9.709,0.892,0.605,0.018,-0.044,0.01,4
4249.956,9.683,0.848,0.725,-0.009,-0.042,0.001,4
4387.013,9.663,0.822,0.623,0.044,-0.03,0.041,4
4524.0,9.703,0.861,0.67,0.001,-0.04,-0.01,4
4659.978,9.75,0.949,0.806,-0.005,-0.012,-0.001,4
4794.981,9.729,0.822,0.802,0.0,-0.03,0.005,4
4931.042,9.699,0.802,0.756,0.029,-0.069,0.007,4
5066.988,9.71,0.773,0.824,-0.029,-0.062,-0.042,4
5198.981,9.657,0.749,0.582,0.003,-0.054,-0.013,4
5334.018,9.631,0.839,0.548,0.016,-0.088,-0.002,4
5469.978,9.697,0.851,0.73,0.028,-0.057,-0.003,4
5605.975,9.775,0.972,0.752,0.009,-0.056,0.006,4
5742.01,9.751,0.927,0.695,0.01,-0.038,-0.021,4
5877.031,9.689,0.812,0.643,0.001,-0.028,-0.011,4
6012.998,9.631,0.753,0.701,0.026,-0.038,-0.028,4
6149.027,9.76,0.822,0.748,0.022,-0.079,-0.028,4
6284.985,9.683,0.766,0.842,0.055,-0.039,0.027,4
6426.019,9.663,0.937,0.672,-0.009,0.022,-0.016,4
6562.015,9.56,0.671,0.559,0.053,-0.054,-0.022,4
6697.999,9.792,0.712,0.76,0.002,-0.056,0.042,4
6833.007,9.627,0.815,0.813,-0.006,-0.04,0.026,4
6968.986,9.69,0.812,0.669,-0.025,-0.051,-0.014,4
7104.994,9.671,0.681,0.89,0.014,-0.042,0.013,4
7240.999,9.719,0.807,0.842,0.023,-0.037,-0.009,4
7375.998,9.68,0.85,0.907,0.025,-0.026,-0.037,4
7511.979,9.671,0.884,0.865,0.012,-0.052,-0.054,4
7653.013,9.743,0.863,0.905,0.003,-0.072,-0.018,4
7789.004,9.669,0.803,0.76,-0.012,-0.039,-0.017,4
7924.023,9.715,0.771,0.784,0.013,-0.014,-0.004,4
8060.019,9.768,0.897,0.856,0.029,-0.044,-0.037,4
8196.036,9.748,0.793,0.939,0.012,0.009,0.032,4
8331.994,9.739,0.857,0.82,-0.012,-0.031,-0.034,4
8467.024,9.682,0.727,0.821,0.041,-0.081,0.006,4
8602.987,9.707,0.784,0.909,0.009,0.029,0.011,4
8738.999,9.625,0.702,0.726,-0.031,-0.047,-0.0,4
8879.003,9.663,0.774,0.83,0.035,-0.093,0.004,4
9014.98,9.671,0.749,0.873,0.019,-0.068,0.012,4
9150.987,9.741,0.817,0.894,0.03,-0.084,-0.0,4
9286.963,9.74,0.794,0.841,0.003,0.01,-0.026,4
9421.995,9.725,0.824,0.901,-0.003,-0.06,-0.039,4
9558.015,9.749,0.787,0.919,0.029,-0.043,-0.008,4
9694.007,9.755,0.809,0.858,0.028,-0.007,0.018,4
9830.027,9.661,0.658,0.878,-0.017,-0.023,-0.006,4
9964.988,9.655,0.79,0.901,0.028,-0.058,-0.025,4
10106.005,9.71,0.82,0.969,0.017,-0.024,-0.02,4
10241.998,9.688,0.819,0.947,0.026,-0.02,-0.016,4
10377.027,9.652,0.686,0.682,-0.009,-0.06,-0.044,4
10512.988,9.71,0.707,0.886,-0.016,-0.02,-0.021,4
10649.004,9.794,0.843,0.948,0.018,-0.009,-0.012,4
10785.02,9.66,0.731,0.949,0.013,-0.022,-0.034,4
10920.054,9.723,0.845,0.847,0.036,-0.082,-0.017,4
11055.995,9.685,0.938,0.873,0.038,-0.075,-0.0,4
11197.013,9.597,0.777,0.925,0.055,-0.012,-0.017,4
11332.999,9.715,1.014,0.995,0.014,-0.044,-0.032,4
11468.014,9.709,0.916,0.947,0.048,-0.074,-0.003,4
11603.984,9.605,0.703,0.892,0.032,-0.035,-0.011,4
11740.004,9.672,0.961,0.673,0.021,-0.046,0.01,4
11874.993,9.511,0.621,0.654,0.028,-0.064,0.01,4
12010.971,9.648,0.738,0.794,0.047,-0.057,-0.012,4
12147.024,9.646,0.713,1.008,-0.019,-0.034,-0.035,4
12283.015,9.754,0.865,0.932,0.026,-0.03,0.007,4
12422.961,9.7,0.883,0.862,0.023,-0.004,0.026,4
12559.011,9.555,0.531,0.91,0.01,-0.026,-0.011,4
12695.025,9.904,0.958,0.8,-0.048,-0.043,-0.011,4
12831.015,9.67,0.702,0.95,-0.013,-0.018,0.053,4
12966.019,9.633,0.699,0.862,0.03,-0.048,0.002,4
13101.963,9.725,0.839,0.922,0.033,-0.056,-0.03,4
13237.974,9.672,0.83,1.038,-0.008,-0.057,-0.0,4
13374.017,9.664,0.809,1.016,0.025,-0.059,0.013,4
13508.998,9.622,0.958,0.546,0.261,-0.108,-0.031,4
13650.021,9.689,0.804,0.895,-0.012,-0.09,0.026,4
13785.991,9.68,0.785,1.012,0.046,-0.089,-0.008,4
13921.029,9.604,0.716,0.778,0.006,-0.09,0.021,4
14056.989,9.662,0.708,1.023,0.025,-0.014,0.005,4
14193.02,9.7,0.732,0.995,-0.023,-0.065,0.015,4
14329.041,9.701,0.806,0.967,-0.005,-0.06,-0.007,4
14464.019,9.752,0.786,1.033,-0.012,-0.064,-0.042,4
14600.007,9.681,0.712,0.997,0.007,-0.043,-0.016,4
14735.984,9.679,0.756,0.909,0.05,-0.052,0.002,4
14877.024,9.65,0.767,1.02,0.044,-0.061,0.015,4
15013.008,9.661,0.704,1.085,-0.005,-0.012,-0.032,4
15149.017,9.766,0.8,1.092,-0.008,-0.083,-0.007,4
15284.998,9.698,0.772,1.054,-0.009,-0.061,-0.006,4
15419.99,9.614,0.698,0.961,0.02,-0.023,-0.001,4
15556.0,9.717,0.773,1.04,-0.017,-0.035,0.027,4
15691.979,9.651,0.708,1.047,0.043,-0.068,-0.027,4
15828.016,9.818,1.047,0.892,0.249,-0.108,0.029,4
15962.995,9.753,0.682,1.154,0.022,-0.022,-0.015,4
16104.028,9.731,0.774,1.131,0.012,-0.044,-0.021,4
16240.027,9.666,0.827,1.014,-0.001,-0.059,-0.01,4
16374.999,9.657,0.734,0.904,0.032,-0.053,-0.031,4
16511.016,9.715,0.695,1.1,-0.033,-0.043,-0.025,4
16646.997,9.676,0.755,0.899,-0.002,-0.041,-0.003,4
16782.991,9.614,0.748,0.929,0.075,-0.052,0.015,4
16917.988,9.661,0.729,0.924,0.026,-0.095,0.004,4
17054.037,9.689,0.688,1.12,0.025,-0.078,0.039,4
17189.999,9.657,0.704,1.074,-0.028,-0.058,0.002,4
17331.036,9.735,0.836,1.09,0.03,-0.057,-0.026,4
17466.02,9.713,0.769,1.055,0.023,-0.005,-0.019,4
17602.01,9.614,0.72,1.068,0.026,-0.039,-0.016,4
17738.01,9.659,0.698,1.107,0.029,-0.043,-0.051,4
17873.993,9.695,0.792,1.138,0.026,-0.092,-0.006,4
18009.026,9.702,0.774,1.096,0.026,-0.008,-0.003,4
18145.026,9.668,0.755,1.019,0.002,-0.051,0.035,4
18280.998,9.666,0.732,1.095,0.004,-0.06,-0.0,4
18421.002,9.65,0.695,1.031,0.035,-0.052,-0.007,4
18557.007,9.693,0.629,1.132,0.018,-0.045,-0.01,4
18692.992,9.683,0.67,1.113,0.02,-0.079,0.001,4
18828.982,9.785,0.717,1.245,0.08,-0.06,-0.033,4
18964.0,9.668,0.773,1.059,-0.016,-0.054,-0.002,4
19105.987,9.62,0.744,0.97,0.024,-0.039,-0.039,4
19241.991,9.781,0.873,1.16,-0.015,-0.047,0.024,4
19377.008,9.656,0.826,1.062,0.008,-0.026,0.012,4
19513.01,9.565,0.679,0.998,-0.001,-0.01,0.014,4
19654.048,9.688,0.758,1.014,0.006,-0.022,-0.037,4
19790.015,9.697,0.848,1.276,0.056,-0.076,-0.054,4
19924.983,9.715,0.824,1.089,0.034,-0.01,-0.008,4
20061.031,9.673,0.744,1.085,0.063,-0.08,-0.001,4
20204.0,9.684,0.774,1.081,-0.006,-0.052,-0.022,4
20338.99,9.728,0.88,1.108,-0.012,-0.057,-0.015,4
20474.975,9.668,0.754,1.121,0.029,-0.029,-0.013,4
20611.017,9.734,0.93,1.148,-0.006,-0.011,-0.055,4
20746.956,9.686,0.81,0.991,0.038,-0.018,-0.004,4
20888.015,9.662,0.832,1.03,-0.026,-0.018,0.004,4
21023.983,9.595,0.764,1.082,0.0,-0.087,0.024,4
21159.999,9.693,0.773,1.079,0.002,-0.057,0.036,4
21294.992,9.683,0.751,1.035,0.022,-0.066,0.009,4
21430.998,9.728,0.773,1.214,0.02,-0.028,-0.01,4
21566.97,9.679,0.797,0.941,0.003,-0.052,0.004,4
21703.001,9.606,0.745,0.842,0.056,-0.031,0.02,4
21837.997,9.676,0.816,0.985,0.025,-0.033,-0.028,4
21974.013,9.708,0.928,1.05,0.013,-0.05,0.016,4
22130.01,9.706,0.855,1.12,0.029,-0.049,0.002,4
22269.982,9.641,0.807,1.09,0.008,-0.058,-0.001,4
22409.985,9.644,0.816,1.069,0.011,-0.012,-0.022,4
22549.001,9.713,0.796,1.045,0.005,-0.077,-0.009,4
22689.024,9.716,0.785,1.303,-0.01,-0.022,-0.004,4
22829.011,9.743,0.707,1.308,-0.019,-0.013,-0.013,4
22967.975,9.695,0.759,1.042,0.033,-0.026,-0.056,4
23108.011,9.71,0.858,1.209,0.001,-0.023,-0.004,4
23248.021,9.674,0.747,1.266,0.005,-0.044,0.018,4
23392.958,9.623,0.709,1.098,0.042,-0.047,-0.003,4
23532.986,9.649,0.783,0.97,0.029,-0.065,0.019,4
23671.98,9.665,0.758,1.126,0.01,-0.083,-0.017,4
23811.968,9.731,0.768,1.227,0.043,-0.045,-0.044,4
23952.013,9.751,0.827,1.248,-0.018,-0.017,0.008,4
24091.002,9.634,0.778,1.181,0.011,-0.068,-0.053,4
24231.012,9.726,0.897,1.088,-0.021,-0.034,0.068,4
24371.005,9.602,0.675,0.918,0.029,-0.04,-0.019,4
24515.004,9.683,0.81,0.977,0.057,-0.065,-0.025,4
24655.013,9.693,0.827,1.065,0.008,-0.094,-0.031,4
24793.982,9.7,0.773,1.238,0.022,-0.044,-0.017,4
24933.994,9.714,0.813,1.15,0.004,-0.038,-0.032,4
25073.981,9.677,0.759,1.118,0.046,-0.058,-0.024,4
25212.977,9.643,0.76,1.084,0.012,-0.023,0.005,4
25352.972,9.698,0.749,1.238,-0.024,-0.053,0.026,4
25493.066,9.716,0.792,1.2,0.034,-0.044,-0.005,4
25631.998,9.723,0.776,1.332,-0.041,-0.046,0.003,4
25777.017,9.659,0.77,1.156,-0.034,-0.027,0.01,4
25915.994,9.741,0.758,1.112,0.033,-0.015,-0.021,4
26056.011,9.726,0.815,1.068,0.024,-0.062,0.049,4
26195.979,9.583,0.564,1.049,0.019,-0.069,0.014,4
26334.994,9.828,0.93,1.173,-0.039,0.057,0.018,4
26474.986,9.541,0.447,0.966,0.016,-0.068,0.052,4
26614.978,9.752,0.587,1.127,0.022,-0.101,-0.012,4
26754.023,9.716,0.557,1.329,-0.001,-0.085,0.046,4
26894.02,9.794,0.709,1.04,-0.037,-0.039,-0.007,4
27040.022,9.626,0.563,0.915,0.009,-0.029,0.027,4
27179.007,9.768,0.568,1.127,0.017,-0.02,0.011,4
27319.019,9.686,0.51,0.811,0.005,-0.033,-0.003,4
27457.972,9.609,0.453,0.94,0.063,-0.04,-0.004,4
27597.989,9.78,0.784,1.144,0.053,-0.038,-0.054,4
27737.975,9.807,0.84,1.117,0.011,-0.034,-0.014,4
27876.994,9.665,0.728,1.145,0.014,-0.011,0.028,4
28016.996,9.715,0.667,0.997,0.002,-0.05,0.018,4
28156.999,9.773,0.601,1.153,-0.069,0.026,0.024,4
28302.029,9.659,0.518,1.069,0.001,-0.009,-0.024,4
28441.987,9.702,0.652,1.153,0.05,0.015,-0.049,4
28582.006,9.75,0.653,1.16,0.046,-0.029,-0.0,4
28720.995,9.618,0.579,1.116,0.028,-0.072,-0.021,4
28861.044,9.705,0.654,1.116,0.049,0.016,-0.016,4
28999.987,9.656,0.574,1.153,-0.013,-0.026,-0.008,4
29140.031,9.715,0.566,1.029,0.015,-0.053,-0.017,4
29279.955,9.62,0.555,1.078,0.003,-0.078,0.062,4
29419.02,9.687,0.744,1.187,0.007,-0.06,0.026,4
29564.992,9.613,0.775,1.043,0.075,-0.056,0.001,4
29705.038,9.762,0.668,1.185,-0.042,-0.05,-0.024,4
29844.012,9.733,0.689,1.187,0.006,-0.042,0.019,4
29983.992,9.58,0.563,0.905,0.005,-0.05,0.027,4
30123.978,9.716,0.618,0.969,0.072,-0.023,-0.003,4
30263.021,9.695,0.673,1.103,0.083,-0.048,0.012,4
30402.977,9.769,0.725,1.206,0.033,-0.056,-0.032,4
30541.976,9.743,0.802,1.236,0.013,-0.02,-0.023,4
30688.006,9.747,0.809,1.08,0.021,-0.003,-0.025,4
30828.043,9.742,0.747,1.195,0.028,-0.037,0.007,4
30967.021,9.646,0.537,0.704,0.019,-0.119,-0.028,4
31108.024,9.613,0.395,0.922,0.028,-0.057,0.007,4
31247.946,9.77,0.671,1.123,0.016,-0.003,0.016,4
31387.013,9.752,0.919,1.141,0.001,0.001,0.011,4
31526.984,9.904,1.016,1.019,-0.026,0.029,0.046,4
31665.979,9.25,-0.022,1.391,0.029,-0.065,0.023,4
31805.987,9.89,0.623,1.235,0.039,-0.037,-0.077,4
31951.006,9.726,0.921,1.24,0.032,-0.018,-0.037,4
32089.987,9.61,0.818,1.033,0.037,-0.094,0.003,4
32229.997,9.636,0.665,1.243,0.023,-0.047,-0.025,4
32369.962,9.755,0.938,1.188,0.001,-0.041,-0.022,4
32509.016,9.737,0.981,1.183,0.015,-0.068,-0.019,4
32648.994,9.621,0.61,0.709,0.016,-0.073,-0.004,4
2739.059,9.671,0.898,0.279,0.017,-0.012,0.038,4
2874.996,9.668,1.07,0.627,0.014,0.026,0.035,4
3012.011,9.751,1.008,0.506,0.035,-0.057,-0.008,4
3149.0,9.659,0.704,0.544,-0.012,-0.031,0.003,4
3285.985,9.686,0.787,0.565,0.071,-0.028,-0.025,4
3422.004,9.645,0.793,0.581,0.046,-0.031,-0.025,4
3558.956,9.679,0.949,0.626,0.021,-0.06,0.027,4
3695.981,9.693,0.924,0.618,0.013,-0.023,-0.019,4
3839.023,9.727,0.942,0.795,0.034,-0.03,-0.032,4
3975.971,9.713,0.904,0.706,0.009,0.034,0.019,4
4114.013,9.672,0.896,0.621,0.051,-0.026,-0.005,4
4250.053,9.688,0.861,0.708,0.028,-0.046,0.011,4
4386.944,9.68,0.801,0.572,0.035,-0.039,0.006,4
4524.0,9.706,0.844,0.66,0.054,-0.059,-0.026,4
4660.028,9.746,0.946,0.804,0.003,-0.0,0.036,4
4794.998,9.652,0.793,0.823,0.0,-0.03,-0.021,4
4930.988,9.681,0.828,0.768,0.005,-0.022,-0.013,4
5066.969,9.727,0.748,0.821,0.016,-0.058,-0.016,4
5199.035,9.697,0.795,0.669,0.002,-0.046,-0.016,4
5333.987,9.642,0.781,0.549,-0.015,-0.055,0.005,4
5470.008,9.704,0.874,0.743,0.035,-0.016,0.004,4
5606.018,9.725,0.931,0.743,0.005,-0.037,-0.014,4
5742.014,9.757,0.931,0.724,0.013,-0.066,-0.006,4
5876.989,9.644,0.802,0.648,0.009,-0.029,-0.009,4
6013.009,9.646,0.722,0.701,0.003,-0.045,0.008,4
6149.008,9.789,0.842,0.772,0.044,-0.064,-0.025,4
6285.021,9.704,0.771,0.861,-0.016,-0.045,0.003,4
6426.013,9.691,0.973,0.681,0.02,0.015,-0.044,4
6561.978,9.604,0.701,0.54,0.039,-0.059,-0.014,4
6698.022,9.842,0.715,0.733,0.017,-0.043,-0.015,4
6832.987,9.659,0.821,0.764,0.025,-0.052,0.036,4
6969.002,9.702,0.858,0.648,0.018,-0.068,-0.04,4
7105.001,9.707,0.71,0.87,0.039,-0.07,-0.025,4
7240.992,9.733,0.808,0.832,-0.0,-0.048,-0.009,4
7375.986,9.69,0.864,0.897,0.01,-0.032,0.017,4
7511.953,9.692,0.849,0.91,0.012,-0.067,0.025,4
7653.025,9.702,0.864,0.904,-0.025,-0.06,-0.009,4
7788.965,9.713,0.777,0.774,0.041,-0.061,0.004,4
7923.967,9.642,0.828,0.778,0.025,-0.07,-0.02,4
8059.944,9.737,0.852,0.844,0.031,-0.047,-0.021,4
8195.976,9.716,0.791,0.991,-0.045,-0.041,-0.023,4
8332.016,9.68,0.816,0.783,-0.02,-0.069,-0.013,4
8466.977,9.705,0.699,0.743,0.034,-0.1,0.0,4
8603.03,9.699,0.778,0.888,-0.004,-0.016,-0.013,4
8738.969,9.623,0.721,0.76,-0.013,-0.027,-0.021,4
8879.008,9.685,0.733,0.787,0.027,-0.082,0.022,4
9014.952,9.705,0.845,0.865,0.037,-0.057,-0.026,4
9151.018,9.717,0.777,0.906,0.003,-0.051,-0.014,4
9287.015,9.721,0.782,0.851,0.027,-0.042,-0.013,4
9422.003,9.705,0.782,0.932,0.009,-0.063,-0.006,4
9558.005,9.715,0.777,0.919,0.025,-0.058,-0.003,4
9693.961,9.748,0.769,0.837,0.032,-0.045,0.026,4
9830.005,9.666,0.651,0.877,0.001,-0.019,0.001,4
9965.026,9.666,0.771,0.919,0.024,-0.042,-0.028,4
10105.992,9.709,0.825,0.964,0.047,-0.037,0.04,4
10242.01,9.714,0.838,0.94,0.014,-0.031,-0.027,4
10377.032,9.66,0.678,0.715,0.025,-0.051,-0.032,4
10513.006,9.725,0.709,0.925,0.021,-0.026,0.01,4
10648.982,9.746,0.846,0.933,-0.017,-0.045,-0.036,4
10785.005,9.623,0.711,0.912,0.037,-0.03,0.022,4
10920.005,9.71,0.812,0.844,0.005,-0.061,-0.016,4
11055.977,9.704,0.919,0.876,0.034,-0.092,0.007,4
11197.006,9.596,0.742,0.962,0.021,-0.034,0.035,4
11332.985,9.72,0.967,1.018,-0.003,-0.066,-0.021,4
11467.99,9.746,0.902,0.906,0.024,-0.101,-0.003,4
11603.97,9.63,0.707,0.871,0.0,-0.078,0.015,4
11740.018,9.635,0.957,0.675,0.056,-0.087,-0.021,4
11875.025,9.498,0.62,0.665,0.037,-0.088,0.017,4
12011.011,9.663,0.743,0.793,0.011,-0.07,-0.007,4
12146.968,9.686,0.707,1.026,-0.004,-0.039,-0.042,4
12282.996,9.765,0.908,0.951,0.032,-0.054,-0.028,4
12422.992,9.705,0.91,0.89,0.017,-0.035,0.004,4
12559.043,9.583,0.564,0.934,-0.029,-0.031,0.036,4
12694.963,9.871,1.0,0.829,-0.023,-0.076,-0.026,4
12830.986,9.653,0.641,0.939,0.03,-0.009,0.032,4
12965.983,9.652,0.718,0.894,0.01,-0.027,0.024,4
13101.961,9.719,0.834,0.956,0.034,0.009,0.002,4
13237.993,9.667,0.846,0.973,0.012,-0.076,0.02,4
13373.996,9.724,0.812,1.016,0.002,-0.04,0.013,4
13508.974,9.635,0.949,0.543,0.282,-0.111,0.004,4
13650.011,9.671,0.796,0.884,0.03,-0.121,0.001,4
13785.983,9.665,0.749,1.003,0.013,-0.003,-0.004,4
13920.973,9.625,0.743,0.795,0.036,-0.088,0.009,4
14056.984,9.67,0.723,1.008,0.018,-0.036,0.0,4
14192.998,9.691,0.757,0.985,0.023,-0.06,-0.025,4
14328.997,9.689,0.786,1.001,0.002,-0.048,0.032,4
14464.007,9.72,0.758,1.04,-0.01,-0.039,0.016,4
14600.006,9.699,0.731,1.012,-0.026,-0.018,-0.009,4
14736.009,9.643,0.749,0.93,0.062,-0.074,0.022,4
14876.982,9.701,0.742,1.031,0.013,-0.033,0.058,4
15013.008,9.677,0.768,1.066,0.024,-0.013,0.016,4
15148.96,9.748,0.847,1.087,0.004,-0.078,0.013,4
15285.03,9.676,0.774,1.062,0.008,-0.047,0.009,4
15419.975,9.667,0.757,0.959,-0.043,-0.052,0.003,4
15555.993,9.73,0.752,1.053,0.014,-0.044,-0.036,4
15692.002,9.675,0.711,1.0,0.024,-0.069,0.013,4
15828.01,9.797,1.06,0.896,0.228,-0.1,0.004,4
15962.998,9.739,0.69,1.165,-0.018,-0.042,-0.003,4
16103.987,9.747,0.776,1.133,0.005,-0.034,0.004,4
16240.001,9.693,0.803,1.023,0.016,-0.055,-0.039,4
16374.984,9.682,0.747,0.94,0.045,-0.065,-0.022,4
16511.004,9.71,0.699,1.09,-0.02,-0.0,-0.019,4
16646.998,9.616,0.778,0.873,0.042,-0.015,0.014,4
16783.029,9.582,0.727,0.944,0.018,-0.097,0.018,4
16918.025,9.651,0.698,0.934,0.042,-0.051,-0.045,4
17053.99,9.688,0.689,1.108,0.029,-0.019,-0.007,4
17190.009,9.613,0.676,1.01,0.016,-0.073,-0.026,4
17331.028,9.744,0.833,1.079,0.019,-0.03,-0.026,4
17465.997,9.705,0.75,1.001,0.019,-0.064,0.061,4
17602.022,9.63,0.668,1.042,0.03,-0.082,0.007,4
17738.032,9.682,0.709,1.055,0.044,-0.083,-0.042,4
17874.014,9.739,0.802,1.135,0.045,-0.028,-0.044,4
18009.014,9.719,0.785,1.081,0.025,-0.05,-0.015,4
18145.014,9.661,0.77,1.048,0.004,0.024,-0.003,4
18281.032,9.672,0.724,1.095,-0.015,-0.027,-0.063,4
18420.995,9.642,0.744,1.056,0.034,-0.028,-0.002,4
18556.973,9.686,0.641,1.108,0.052,-0.048,-0.005,4
18693.018,9.702,0.662,1.143,0.046,-0.037,0.01,4
18829.033,9.729,0.74,1.253,0.036,-0.072,-0.006,4
18963.988,9.695,0.794,1.099,0.005,-0.002,-0.002,4
19106.01,9.663,0.762,1.022,0.024,-0.027,-0.016,4
19241.995,9.803,0.829,1.226,0.046,-0.066,0.022,4
19377.007,9.646,0.843,1.05,0.009,-0.059,-0.026,4
19513.008,9.558,0.672,0.951,0.027,-0.051,-0.021,4
19654.017,9.641,0.72,1.055,0.008,-0.048,-0.0,4
19789.99,9.731,0.834,1.286,0.05,-0.028,-0.033,4
19924.977,9.688,0.808,1.123,-0.003,-0.034,0.002,4
20060.977,9.667,0.761,1.11,-0.014,-0.04,0.003,4
20203.987,9.716,0.758,1.126,0.031,-0.012,-0.011,4
20339.008,9.716,0.886,1.078,-0.019,-0.061,-0.033,4
20475.021,9.71,0.786,1.122,0.008,-0.073,-0.034,4
20610.986,9.768,0.893,1.154,0.01,-0.033,-0.004,4
20747.011,9.696,0.822,0.978,0.023,-0.005,-0.029,4
20887.984,9.713,0.843,0.999,0.009,-0.029,0.031,4
21024.006,9.62,0.754,1.087,0.043,-0.065,-0.015,4
21159.998,9.706,0.819,1.128,0.03,-0.012,-0.01,4
21294.993,9.686,0.776,1.024,0.059,-0.06,-0.007,4
21431.012,9.67,0.789,1.189,-0.014,-0.055,-0.029,4
21567.001,9.681,0.732,0.963,0.01,-0.043,-0.045,4
21702.993,9.579,0.741,0.887,0.024,-0.041,0.0,4
21837.946,9.626,0.773,1.004,0.001,-0.054,-0.011,4
21973.945,9.7,0.892,1.034,0.051,-0.067,-0.023,4
22130.024,9.724,0.848,1.121,0.036,0.011,-0.008,4
22270.034,9.666,0.763,1.071,0.011,-0.054,-0.033,4
22409.995,9.652,0.811,1.059,-0.017,-0.051,-0.008,4
22548.991,9.767,0.839,1.036,-0.004,-0.038,-0.003,4
22688.996,9.735,0.787,1.262,0.002,-0.049,0.034,4
22828.999,9.708,0.742,1.295,0.0,-0.06,-0.038,4
22968.001,9.636,0.737,1.047,0.072,-0.016,-0.05,4
23108.013,9.736,0.862,1.203,0.013,-0.07,0.02,4
23248.014,9.67,0.762,1.269,0.011,-0.028,0.034,4
23392.97,9.605,0.703,1.108,0.064,-0.039,0.011,4
23533.036,9.72,0.829,0.918,0.042,-0.062,0.009,4
23671.999,9.632,0.734,1.115,0.03,-0.051,-0.019,4
23812.042,9.757,0.787,1.263,0.042,-0.025,-0.016,4
23951.991,9.745,0.819,1.192,-0.015,-0.031,0.006,4
24090.975,9.659,0.815,1.189,0.042,-0.019,0.022,4
24230.982,9.728,0.883,1.112,-0.021,-0.054,-0.0,4
24371.042,9.627,0.696,0.932,0.027,-0.066,0.03,4
24514.963,9.657,0.754,1.034,0.04,-0.066,0.053,4
24655.003,9.657,0.83,1.096,0.013,-0.072,0.044,4
24793.975,9.702,0.777,1.24,0.044,-0.064,0.013,4
24934.001,9.748,0.787,1.192,0.007,-0.065,0.001,4
25073.98,9.687,0.78,1.108,0.009,-0.032,0.057,4
25213.013,9.674,0.763,1.123,0.012,-0.009,-0.016,4
25352.992,9.754,0.75,1.219,0.038,-0.058,0.013,4
25493.022,9.754,0.785,1.239,0.035,-0.028,-0.014,4
25631.933,9.678,0.765,1.35,-0.011,-0.061,0.015,4
25777.007,9.69,0.756,1.201,-0.03,-0.046,0.027,4
25915.99,9.698,0.742,1.077,0.003,-0.034,0.028,4
26056.001,9.687,0.81,1.058,0.023,-0.04,0.013,4
26196.017,9.59,0.544,1.039,-0.018,-0.043,0.016,4
26335.019,9.836,0.906,1.153,-0.071,0.01,0.003,4
26475.03,9.549,0.463,0.966,0.022,-0.074,0.04,4
26614.975,9.761,0.614,1.101,0.025,-0.127,-0.033,4
26754.028,9.678,0.577,1.335,-0.005,-0.058,0.011,4
26893.997,9.767,0.746,1.027,-0.043,-0.024,0.02,4
27039.987,9.691,0.587,0.94,0.056,-0.085,0.013,4
27178.985,9.752,0.564,1.087,0.024,-0.012,-0.034,4
27318.99,9.69,0.538,0.791,0.002,-0.04,0.037,4
27457.996,9.619,0.411,0.933,0.03,-0.056,-0.001,4
27598.01,9.747,0.731,1.256,0.074,-0.078,-0.038,4
27738.005,9.811,0.822,1.134,-0.01,-0.038,-0.008,4
27877.014,9.652,0.745,1.109,0.015,-0.041,0.034,4
28016.999,9.696,0.625,1.021,0.053,-0.083,0.024,4
28157.005,9.78,0.605,1.127,-0.028,0.009,0.016,4
28302.017,9.658,0.503,1.101,0.008,-0.038,0.015,4
28441.991,9.708,0.671,1.196,0.048,0.008,-0.033,4
28581.981,9.769,0.717,1.167,0.046,-0.068,0.013,4
28720.999,9.631,0.546,1.151,0.023,-0.052,0.025,4
28860.979,9.668,0.658,1.128,0.037,-0.051,0.026,4
29000.042,9.633,0.54,1.146,0.052,-0.057,0.014,4
29139.997,9.662,0.606,1.007,0.013,-0.061,-0.001,4
29279.991,9.599,0.517,1.079,0.02,-0.055,0.005,4
29418.982,9.691,0.719,1.208,-0.002,-0.098,0.002,4
29565.001,9.629,0.765,1.021,0.101,-0.072,-0.025,4
29705.009,9.77,0.697,1.204,0.004,-0.044,-0.012,4
29844.001,9.715,0.684,1.171,0.004,-0.053,0.042,4
29984.011,9.589,0.563,0.907,-0.015,-0.038,0.039,4
30124.006,9.673,0.683,0.985,0.036,-0.086,0.003,4
30262.995,9.697,0.626,1.1,0.001,-0.039,-0.002,4
30403.0,9.754,0.737,1.236,-0.005,-0.054,0.017,4
30541.994,9.722,0.762,1.229,0.005,-0.011,0.029,4
30687.991,9.726,0.846,1.093,-0.037,0.002,-0.023,4
30828.019,9.722,0.787,1.172,0.002,-0.046,-0.038,4
30967.029,9.647,0.543,0.73,0.001,-0.086,0.028,4
31108.01,9.636,0.404,0.921,0.055,-0.066,0.018,4
31247.978,9.761,0.661,1.124,0.034,-0.043,-0.048,4
31387.036,9.758,0.907,1.132,-0.011,0.024,-0.031,4
31526.999,9.885,0.997,1.053,-0.008,0.018,0.016,4
31666.001,9.261,-0.06,1.379,0.004,-0.082,0.023,4
31806.001,9.879,0.671,1.216,-0.006,-0.01,-0.088,4
31951.006,9.716,0.933,1.285,-0.013,0.03,-0.027,4
32089.985,9.617,0.836,1.002,0.039,-0.059,-0.026,4
32229.982,9.633,0.679,1.231,0.055,-0.043,-0.016,4
32370.021,9.757,0.938,1.247,0.007,-0.014,-0.036,4
32508.996,9.734,0.95,1.239,-0.011,-0.061,-0.002,4
32648.986,9.622,0.631,0.788,-0.007,-0.116,-0.016,4
2739.007,9.696,0.896,0.304,-0.017,-0.027,0.06,4
2875.026,9.652,1.073,0.652,0.008,-0.009,-0.031,4
3011.946,9.773,1.021,0.501,-0.019,-0.014,-0.04,4
3148.999,9.684,0.724,0.527,0.008,-0.045,0.022,4
3286.006,9.642,0.789,0.555,0.018,-0.006,-0.002,4
3422.013,9.58,0.807,0.557,0.011,-0.069,-0.009,4
3558.995,9.699,0.941,0.64,0.077,-0.08,-0.026,4
3695.999,9.679,0.923,0.602,0.016,-0.06,0.02,4
3839.023,9.747,0.955,0.774,-0.014,-0.045,-0.018,4
3976.012,9.705,0.949,0.721,-0.005,-0.014,-0.012,4
4114.002,9.662,0.922,0.598,-0.03,-0.046,0.002,4
4249.992,9.679,0.817,0.671,0.035,-0.059,0.0,4
4386.983,9.663,0.814,0.581,-0.004,-0.049,0.039,4
4523.988,9.716,0.845,0.707,-0.025,-0.029,0.0,4
4660.044,9.745,0.949,0.793,-0.029,-0.061,0.005,4
4794.971,9.68,0.793,0.835,-0.005,-0.036,0.021,4
4931.021,9.673,0.845,0.751,0.046,-0.02,0.012,4
5066.997,9.709,0.743,0.811,0.054,-0.068,-0.019,4
5199.018,9.702,0.784,0.571,-0.02,-0.059,-0.02,4
5333.993,9.674,0.836,0.55,0.017,-0.06,0.009,4
5470.042,9.656,0.866,0.727,0.008,-0.06,0.032,4
5605.993,9.733,0.946,0.748,0.008,-0.075,0.005,4
5741.995,9.754,0.918,0.731,0.003,-0.038,0.022,4
5876.972,9.669,0.81,0.631,0.032,-0.079,-0.006,4
6012.985,9.649,0.75,0.682,0.026,-0.072,0.028,4
6148.983,9.791,0.798,0.746,0.051,-0.079,0.004,4
6284.985,9.68,0.751,0.848,0.02,-0.019,-0.053,4
6425.967,9.724,0.97,0.692,-0.006,0.023,-0.022,4
6562.025,9.583,0.726,0.577,0.054,-0.024,-0.04,4
6697.98,9.811,0.744,0.745,0.003,-0.029,-0.023,4
6833.003,9.664,0.818,0.752,0.015,-0.031,0.035,4
6968.991,9.699,0.792,0.647,-0.036,-0.061,-0.012,4
7105.0,9.686,0.668,0.876,0.002,-0.043,0.05,4
7240.986,9.708,0.828,0.782,0.039,-0.026,-0.006,4
7376.023,9.738,0.822,0.881,-0.0,-0.043,-0.017,4
7512.0,9.745,0.855,0.881,0.024,-0.039,0.005,4
7653.02,9.742,0.827,0.871,0.017,-0.007,-0.011,4
7789.009,9.671,0.759,0.786,0.005,-0.009,-0.038,4
7924.005,9.683,0.775,0.743,0.023,-0.059,-0.029,4
8059.997,9.752,0.922,0.882,0.015,-0.046,-0.008,4
8196.031,9.749,0.777,0.935,-0.033,-0.04,-0.013,4
8331.997,9.741,0.837,0.793,0.003,-0.052,0.035,4
8467.013,9.716,0.736,0.767,0.023,-0.075,-0.009,4
8603.003,9.718,0.758,0.914,-0.017,-0.036,-0.008,4
8738.985,9.617,0.66,0.757,0.005,-0.01,-0.017,4
8879.019,9.659,0.738,0.799,0.014,-0.066,-0.001,4
9014.997,9.711,0.815,0.878,-0.012,-0.038,0.007,4
9150.978,9.692,0.793,0.858,0.037,-0.052,0.0,4
9287.008,9.664,0.807,0.847,-0.002,-0.049,-0.0,4
9421.981,9.721,0.845,0.945,0.001,-0.064,-0.012,4
9557.979,9.742,0.807,0.924,-0.02,-0.039,0.012,4
9693.988,9.782,0.802,0.86,0.004,-0.048,-0.041,4
9829.979,9.65,0.682,0.844,-0.001,-0.062,0.014,4
9964.966,9.718,0.738,0.932,0.009,-0.04,-0.026,4
10106.007,9.718,0.873,0.972,0.001,-0.03,-0.021,4
10241.993,9.661,0.809,0.986,0.007,-0.03,-0.005,4
10377.0,9.658,0.651,0.674,0.028,-0.025,-0.039,4
10512.979,9.742,0.7,0.901,0.035,-0.083,-0.015,4
10649.023,9.753,0.857,0.983,0.001,-0.001,-0.003,4
10784.991,9.639,0.699,0.906,-0.014,-0.045,-0.069,4
10919.999,9.721,0.871,0.838,0.005,-0.062,-0.015,4
11055.985,9.702,0.893,0.832,-0.005,-0.111,0.018,4
11196.987,9.582,0.721,0.94,0.042,0.032,0.001,4
11332.982,9.739,0.971,0.994,-0.018,-0.019,-0.066,4
2686.023,0.864,0.372,9.97,0.012,-0.056,-0.012,5
2822.051,0.838,0.333,9.791,0.002,-0.058,-0.015,5
2957.99,0.884,0.281,9.965,-0.033,-0.066,-0.02,5
3092.97,0.903,0.371,9.877,-0.008,-0.07,-0.048,5
3228.99,0.871,0.347,9.834,0.024,-0.05,0.019,5
3364.997,0.873,0.262,9.916,0.085,-0.065,0.001,5
3499.944,0.817,0.352,10.011,0.02,-0.032,0.018,5
3636.005,0.935,0.406,9.908,0.031,-0.081,-0.001,5
3776.971,0.907,0.345,9.942,0.014,-0.054,0.008,5
3913.024,0.903,0.325,9.939,0.036,-0.045,0.023,5
4048.001,0.908,0.401,10.015,-0.021,-0.027,0.013,5
4184.02,0.932,0.311,9.876,0.007,-0.043,0.006,5
4320.007,0.955,0.332,9.818,0.004,-0.01,0.002,5
4456.007,0.918,0.278,9.879,0.037,-0.042,0.007,5
4590.994,0.881,0.421,9.985,0.038,-0.037,0.029,5
4726.994,0.926,0.332,9.917,0.022,-0.048,0.028,5
4863.005,0.888,0.251,9.817,0.031,-0.052,-0.018,5
5003.972,0.902,0.343,9.861,0.054,-0.076,0.019,5
5139.998,1.032,0.25,9.861,0.001,-0.039,0.017,5
5275.957,0.929,0.229,9.938,0.0,-0.028,0.022,5
5427.024,0.971,0.336,9.992,0.011,-0.035,0.009,5
5563.003,0.95,0.222,9.723,0.028,-0.071,0.027,5
5699.01,1.005,0.337,10.059,0.065,-0.009,-0.024,5
5833.998,0.883,0.311,9.966,0.029,-0.034,-0.011,5
5969.993,0.951,0.203,9.789,0.015,-0.056,-0.006,5
6105.994,0.99,0.279,9.871,0.033,-0.079,-0.059,5
6248.006,0.938,0.232,9.817,0.041,-0.077,-0.034,5
6382.98,1.025,0.326,9.869,0.025,-0.083,0.009,5
6519.005,0.903,0.301,10.085,0.021,-0.038,0.016,5
6654.992,0.921,0.263,9.841,-0.021,-0.012,0.022,5
6791.001,0.992,0.36,9.894,-0.007,-0.034,0.02,5
6926.027,1.012,0.387,9.948,0.034,-0.067,0.029,5
7061.983,0.91,0.41,9.972,0.017,-0.047,0.041,5
7198.001,0.938,0.259,9.929,-0.003,-0.01,-0.03,5
7333.001,0.899,0.337,9.944,0.015,-0.085,-0.021,5
7474.981,0.988,0.41,9.879,-0.005,-0.029,0.002,5
7610.981,0.974,0.24,9.805,0.031,-0.058,0.007,5
7747.002,0.982,0.321,9.787,-0.008,-0.075,0.049,5
7881.996,0.992,0.348,9.896,-0.007,-0.06,-0.004,5
8017.977,0.946,0.186,9.861,0.043,-0.038,-0.017,5
8154.001,1.026,0.387,9.763,-0.041,-0.07,-0.054,5
8289.985,1.058,0.296,9.804,0.029,-0.038,0.02,5
8424.962,0.996,0.301,9.904,0.012,-0.098,0.002,5
8560.963,0.952,0.292,9.907,0.059,-0.015,-0.024,5
8702.959,0.989,0.346,9.86,0.023,-0.043,-0.006,5
8838.001,0.96,0.239,9.817,0.026,0.003,0.001,5
8974.029,0.954,0.328,9.991,0.006,-0.037,-0.012,5
9109.989,0.863,0.241,9.834,0.031,-0.004,0.003,5
9246.031,1.011,0.303,9.73,0.045,-0.102,-0.038,5
9381.024,1.0,0.317,9.781,0.038,-0.049,-0.014,5
9517.02,0.968,0.321,9.932,-0.007,-0.028,0.003,5
9652.947,1.022,0.311,9.825,0.006,-0.051,0.019,5
9793.987,0.998,0.329,9.852,0.054,-0.088,-0.018,5
9930.028,0.987,0.401,9.88,-0.009,-0.036,0.021,5
10066.021,1.056,0.281,9.973,-0.028,-0.021,-0.034,5
10201.975,0.958,0.282,9.69,0.038,-0.07,-0.036,5
10336.99,1.001,0.413,9.915,0.001,-0.019,-0.023,5
10472.991,0.97,0.3,9.859,-0.002,-0.056,0.004,5
10608.996,0.952,0.359,9.684,0.046,-0.082,-0.006,5
10745.036,0.983,0.356,10.086,0.004,-0.033,-0.018,5
10880.002,0.936,0.378,9.862,-0.04,-0.002,0.017,5
11022.024,0.944,0.315,9.657,0.006,-0.077,0.014,5
11157.987,0.993,0.388,9.899,0.029,-0.054,0.013,5
11292.985,0.976,0.318,9.92,0.021,-0.071,0.013,5
11428.997,0.978,0.391,9.788,-0.005,-0.084,-0.025,5
11564.979,0.951,0.319,9.854,-0.048,-0.027,-0.018,5
11701.012,0.941,0.369,9.919,0.088,-0.036,-0.002,5
11836.001,0.905,0.408,9.815,-0.029,-0.018,0.01,5
11971.996,0.912,0.3,9.902,0.003,-0.04,-0.011,5
12108.009,0.931,0.486,9.861,0.027,-0.011,0.005,5
12249.965,0.935,0.389,9.803,0.022,-0.036,-0.004,5
12384.988,0.926,0.376,9.935,0.005,-0.064,-0.001,5
12520.989,0.911,0.447,9.921,0.041,-0.07,-0.023,5
12656.99,0.982,0.451,9.847,-0.011,-0.01,0.002,5
12791.984,0.934,0.374,9.845,0.017,-0.059,-0.006,5
12928.028,0.915,0.395,9.873,0.01,-0.075,-0.001,5
13063.998,0.946,0.346,9.872,-0.011,-0.042,-0.004,5
13200.011,0.961,0.386,9.829,0.046,-0.055,-0.0,5
13335.006,0.89,0.333,9.741,-0.008,-0.027,0.022,5
13476.987,0.918,0.399,9.866,0.039,-0.051,-0.01,5
13612.998,0.936,0.321,9.994,0.045,-0.014,-0.015,5
13748.993,0.889,0.377,9.858,0.0,-0.072,0.01,5
13883.981,0.927,0.396,9.941,-0.001,-0.034,0.039,5
14020.018,0.965,0.354,9.83,-0.003,0.002,0.022,5
14155.974,0.934,0.382,9.841,0.047,-0.079,-0.043,5
14291.037,1.0,0.393,9.852,0.013,-0.034,-0.016,5
14427.008,0.971,0.412,9.763,0.019,-0.015,0.005,5
14569.014,0.949,0.451,9.776,0.029,-0.056,-0.032,5
14704.949,0.905,0.321,9.931,0.036,-0.071,0.018,5
14840.002,0.969,0.461,9.82,-0.002,-0.021,-0.006,5
14975.997,0.931,0.415,9.87,0.017,-0.058,0.033,5
15111.996,1.038,0.376,10.091,0.077,-0.077,-0.028,5
15247.964,1.011,0.524,9.364,0.031,-0.075,0.025,5
15382.994,0.84,0.454,9.815,0.049,-0.079,0.024,5
15519.031,1.13,0.496,9.678,-0.016,-0.049,-0.022,5
15655.005,1.024,0.544,9.671,0.093,-0.094,0.025,5
15795.985,1.084,0.5,10.272,0.008,0.001,-0.032,5
15932.018,1.108,0.581,9.936,-0.006,-0.062,-0.018,5
16067.986,1.093,0.492,9.855,0.008,-0.14,0.141,5
16204.022,1.087,0.371,9.415,0.087,-0.087,0.036,5
16339.012,0.803,0.545,9.872,-0.019,0.031,0.027,5
16474.997,0.956,0.592,10.083,0.086,0.003,-0.022,5
16611.02,0.714,0.62,9.837,0.016,0.078,-0.029,5
16747.034,0.399,0.781,9.912,-0.043,0.144,0.033,5
16882.0,0.59,0.55,9.931,-0.036,0.074,0.021,5
17023.034,0.489,0.534,9.72,-0.003,-0.1,-0.007,5
17159.045,0.479,0.492,9.752,-0.004,-0.091,0.05,5
17294.012,0.694,0.469,10.084,-0.101,-0.042,-0.005,5
17429.998,0.468,0.347,9.423,-0.049,0.043,0.105,5
17565.961,0.397,0.348,10.172,0.025,-0.036,0.052,5
17702.002,0.422,0.302,10.067,0.053,-0.079,0.058,5
17837.026,0.429,0.208,9.754,-0.004,-0.021,0.007,5
17972.994,0.41,0.441,9.864,-0.005,-0.023,0.045,5
18109.018,0.471,0.299,9.986,0.034,-0.077,-0.047,5
18249.973,0.462,0.311,9.745,0.018,-0.038,0.017,5
18384.99,0.464,0.449,9.82,0.001,-0.083,0.025,5
18521.023,0.449,0.355,9.873,0.018,-0.048,0.013,5
18656.967,0.515,0.501,9.562,-0.018,-0.059,0.022,5
18791.988,0.517,0.203,10.07,0.042,-0.026,0.0,5
18928.052,0.554,0.665,9.894,0.011,-0.071,-0.023,5
19064.031,0.614,0.332,9.734,0.041,-0.027,-0.022,5
19200.026,0.498,0.369,9.892,0.052,-0.041,0.018,5
19339.976,0.436,0.361,9.997,0.038,-0.049,-0.036,5
19475.985,0.505,0.599,9.981,0.022,-0.057,-0.036,5
19611.969,0.54,0.558,9.665,0.008,-0.059,0.028,5
19747.971,0.58,0.455,10.077,0.027,-0.022,-0.015,5
19883.031,0.541,0.489,9.833,0.021,-0.032,0.016,5
20018.991,0.493,0.49,10.064,-0.014,-0.035,-0.026,5
20154.998,0.515,0.471,9.999,0.012,-0.047,-0.003,5
20291.003,0.463,0.432,9.956,0.072,-0.014,0.059,5
20425.997,0.462,0.493,9.915,-0.029,-0.078,0.036,5
20567.018,0.456,0.249,9.652,0.012,-0.127,0.012,5
20702.993,0.496,0.776,9.885,0.002,-0.023,0.001,5
20837.976,0.565,0.753,10.061,-0.008,-0.063,0.039,5
20974.035,0.578,0.386,9.889,0.066,-0.014,0.038,5
21110.031,0.505,0.538,9.995,0.012,-0.039,0.036,5
21245.986,0.488,0.596,10.018,-0.033,-0.05,-0.04,5
21381.018,0.516,0.457,9.789,0.036,-0.031,-0.001,5
21517.011,0.57,0.361,9.857,0.081,-0.002,-0.096,5
21652.98,0.474,0.664,10.127,0.055,-0.047,0.03,5
21814.998,0.482,0.535,9.75,-0.017,-0.04,-0.009,5
21955.042,0.429,0.444,9.832,-0.028,-0.062,0.017,5
22094.003,0.509,0.55,9.794,0.001,-0.048,-0.016,5
22234.033,0.473,0.469,9.907,0.026,-0.056,0.0,5
22373.983,0.41,0.478,9.829,0.068,-0.066,0.025,5
22512.984,0.46,0.481,9.945,0.013,-0.026,0.024,5
22652.98,0.465,0.548,9.932,0.05,-0.007,-0.015,5
22792.022,0.564,0.535,9.828,0.022,-0.016,-0.018,5
22937.986,0.512,0.508,9.816,0.022,-0.032,0.011,5
23078.024,0.421,0.51,9.921,-0.004,-0.048,0.023,5
23217.0,0.451,0.454,9.851,0.052,-0.047,-0.045,5
23356.977,0.45,0.452,9.902,0.034,-0.053,0.026,5
23497.015,0.463,0.631,9.96,-0.017,-0.025,0.03,5
23635.998,0.414,0.495,9.775,0.043,-0.049,0.016,5
23776.011,0.446,0.56,10.02,0.052,-0.06,-0.036,5
23915.985,0.45,0.476,9.869,-0.008,-0.004,0.024,5
24055.022,0.444,0.435,9.959,0.001,-0.05,-0.022,5
24199.945,0.415,0.485,9.871,-0.004,-0.036,-0.007,5
24338.993,0.46,0.567,10.0,0.012,-0.036,-0.03,5
24479.017,0.41,0.559,9.961,0.027,-0.04,-0.02,5
24624.966,0.427,0.445,9.872,0.037,-0.048,0.024,5
24764.035,0.447,0.49,9.824,0.007,-0.064,0.013,5
24903.986,0.402,0.541,10.029,0.026,-0.073,0.03,5
25043.017,0.422,0.5,9.892,-0.028,-0.055,0.018,5
25182.987,0.36,0.476,9.983,-0.0,-0.025,0.033,5
25323.059,0.382,0.531,9.942,-0.003,-0.047,-0.019,5
25467.029,0.369,0.539,9.914,0.04,-0.046,0.023,5
25607.014,0.38,0.527,9.936,-0.035,0.006,-0.019,5
25747.006,0.318,0.49,9.784,0.022,-0.06,-0.003,5
25886.007,0.383,0.692,9.965,0.021,-0.087,-0.015,5
26026.002,0.386,0.507,9.907,-0.011,-0.124,0.044,5
26166.008,0.47,0.524,9.923,0.034,-0.024,-0.004,5
26305.002,0.458,0.526,9.947,-0.02,-0.045,-0.0,5
26445.014,0.416,0.617,9.717,0.044,-0.043,0.012,5
26584.03,0.451,0.554,9.863,0.017,-0.072,0.004,5
26730.02,0.44,0.581,10.087,0.009,-0.058,0.024,5
26870.994,0.394,0.489,9.916,0.028,-0.037,-0.013,5
27009.992,0.483,0.616,9.827,0.012,0.004,-0.039,5
27150.028,0.469,0.605,10.024,0.015,-0.045,-0.0,5
27290.007,0.482,0.645,9.795,0.042,-0.088,0.01,5
27428.995,0.506,0.598,10.088,0.033,-0.01,-0.017,5
27569.033,0.509,0.684,9.873,-0.003,-0.057,-0.016,5
27708.01,0.502,0.697,9.968,0.019,-0.08,0.018,5
27853.989,0.466,0.586,9.934,-0.008,-0.027,0.004,5
27993.986,0.433,0.667,10.046,0.001,-0.007,0.002,5
28132.994,0.458,0.56,9.832,0.008,-0.028,0.037,5
28273.034,0.457,0.61,9.817,0.01,-0.066,-0.006,5
28412.969,0.407,0.569,10.014,0.0,-0.061,0.005,5
28552.002,0.407,0.545,9.945,0.015,-0.009,-0.045,5
28692.017,0.446,0.6,9.714,0.017,-0.068,0.008,5
28832.032,0.45,0.586,9.931,0.005,-0.062,-0.019,5
28971.022,0.387,0.541,9.944,0.04,-0.096,-0.037,5
29115.985,0.495,0.624,10.209,0.005,-0.024,-0.023,5
29255.014,0.402,0.307,9.804,-0.02,-0.072,0.032,5
29394.987,0.416,0.485,9.813,-0.001,-0.077,-0.012,5
29535.017,0.45,0.583,10.019,0.022,-0.088,-0.038,5
29674.017,0.474,0.641,9.82,0.016,-0.051,-0.018,5
29814.023,0.451,0.379,9.898,0.046,-0.057,-0.003,5
29954.001,0.517,0.296,9.982,0.01,-0.082,0.034,5
30093.024,0.501,0.618,9.953,0.018,-0.029,0.014,5
30233.004,0.486,0.464,9.852,-0.005,-0.036,-0.042,5
30378.018,0.4,0.516,9.833,-0.013,-0.05,0.019,5
30517.99,0.45,0.353,9.839,0.076,-0.031,-0.025,5
30657.972,0.517,0.695,9.891,0.048,-0.031,-0.007,5
30796.982,0.428,0.514,10.062,-0.01,0.013,0.026,5
30937.006,0.415,0.471,9.939,-0.038,-0.021,0.006,5
31076.976,0.377,0.501,10.011,0.052,-0.053,-0.06,5
31215.991,0.363,0.419,9.813,0.023,-0.052,0.031,5
31356.012,0.374,0.466,9.992,0.004,-0.016,-0.005,5
31500.991,0.321,0.502,9.967,-0.013,-0.077,-0.021,5
31640.992,0.463,0.492,9.843,0.031,-0.011,0.002,5
31781.007,0.392,0.468,9.957,0.008,-0.035,-0.006,5
31920.019,0.389,0.563,9.959,0.037,-0.056,-0.0,5
32060.003,0.378,0.518,9.926,0.018,-0.076,0.021,5
32200.036,0.319,0.456,9.884,0.019,-0.049,0.011,5
32339.008,0.413,0.444,9.815,0.021,-0.055,-0.012,5
32478.977,0.432,0.498,10.128,0.014,-0.035,0.006,5
32619.041,0.437,0.47,9.873,0.016,0.007,0.006,5
2686.002,0.853,0.384,9.97,-0.01,-0.02,-0.017,5
2822.006,0.833,0.314,9.799,0.035,-0.006,0.002,5
2957.988,0.93,0.298,9.965,-0.021,-0.103,0.027,5
3092.976,0.897,0.367,9.923,0.008,-0.042,-0.036,5
3228.995,0.838,0.351,9.795,0.021,-0.055,-0.022,5
3364.947,0.849,0.253,9.912,0.029,-0.062,-0.011,5
3499.991,0.853,0.357,9.994,0.006,-0.016,-0.001,5
3635.978,0.913,0.446,9.933,-0.029,-0.066,-0.032,5
3777.006,0.899,0.296,9.937,0.021,-0.098,0.056,5
3912.968,0.952,0.269,9.966,0.047,-0.056,0.023,5
4047.968,0.92,0.387,9.994,0.023,-0.09,-0.024,5
4183.987,0.886,0.33,9.895,0.036,-0.034,0.008,5
4320.011,0.933,0.333,9.809,0.006,-0.053,-0.016,5
4455.988,0.884,0.278,9.882,0.013,0.009,0.039,5
4590.992,0.89,0.439,10.026,0.021,-0.019,0.029,5
4726.977,0.903,0.297,9.887,0.003,-0.007,0.027,5
4863.009,0.881,0.217,9.78,-0.003,-0.087,-0.053,5
5003.995,0.94,0.321,9.882,0.04,-0.103,0.007,5
5140.008,0.967,0.223,9.877,-0.001,-0.072,-0.006,5
5276.002,0.893,0.213,9.907,0.01,-0.065,0.001,5
5426.986,0.974,0.318,10.012,-0.005,-0.033,0.035,5
5563.002,0.999,0.207,9.682,0.027,-0.076,0.004,5
5699.024,1.007,0.302,10.089,0.034,-0.057,0.017,5
5833.995,0.909,0.289,9.953,0.01,-0.02,-0.005,5
5970.016,0.891,0.211,9.823,0.026,-0.051,0.01,5
6105.978,0.948,0.274,9.912,0.036,-0.067,-0.027,5
6248.029,0.903,0.267,9.813,0.01,-0.042,-0.016,5
6383.002,1.047,0.337,9.896,0.026,-0.122,0.017,5
6519.013,0.904,0.292,10.1,0.008,-0.038,0.029,5
6654.971,0.909,0.322,9.901,0.007,0.0,0.026,5
6790.975,0.992,0.419,9.858,0.013,-0.042,-0.056,5
6926.008,1.034,0.332,9.938,0.022,-0.036,-0.001,5
7062.019,0.923,0.406,9.964,0.029,-0.042,0.016,5
7198.01,0.923,0.281,9.927,0.022,-0.07,0.046,5
7332.987,0.885,0.378,9.981,0.016,-0.052,-0.046,5
7474.982,0.98,0.421,9.854,-0.044,-0.057,-0.002,5
7611.005,0.952,0.271,9.752,0.02,-0.035,-0.002,5
7747.001,1.015,0.336,9.824,-0.007,-0.028,0.008,5
7882.027,1.012,0.249,9.911,-0.024,-0.089,-0.014,5
8017.999,0.962,0.174,9.841,0.022,-0.046,-0.037,5
8153.982,1.067,0.407,9.744,-0.047,-0.079,0.006,5
8289.97,1.061,0.299,9.784,-0.0,-0.046,0.009,5
8425.032,1.022,0.355,9.829,0.003,-0.048,0.015,5
8561.012,0.999,0.28,9.9,0.004,-0.03,-0.002,5
8703.008,0.985,0.379,9.89,0.039,-0.021,0.002,5
8838.019,0.956,0.286,9.849,0.042,-0.034,0.005,5
8974.019,0.916,0.353,9.972,0.029,-0.064,-0.009,5
9110.021,0.863,0.262,9.853,0.013,-0.05,0.017,5
9245.993,0.949,0.334,9.748,-0.002,-0.083,-0.02,5
9381.008,1.002,0.313,9.779,0.015,-0.087,0.007,5
9517.004,0.949,0.349,9.93,-0.004,-0.026,-0.02,5
9653.017,1.006,0.277,9.829,0.028,-0.022,-0.025,5
9794.002,0.997,0.314,9.879,0.047,-0.058,-0.019,5
9930.008,0.99,0.364,9.923,0.02,-0.057,0.0,5
10065.989,1.056,0.329,9.922,-0.011,-0.003,0.002,5
10201.985,0.993,0.281,9.692,0.02,-0.078,0.007,5
10337.003,0.98,0.406,9.938,0.024,-0.07,-0.024,5
10473.007,0.947,0.345,9.882,-0.012,-0.056,0.005,5
10608.962,0.963,0.358,9.657,0.052,-0.102,-0.011,5
10745.015,0.939,0.37,10.054,0.044,-0.045,0.041,5
10880.025,0.942,0.387,9.881,0.014,-0.006,-0.014,5
11022.015,1.001,0.28,9.687,0.04,-0.07,0.01,5
11158.01,0.991,0.426,9.855,0.029,-0.026,-0.021,5
11292.993,0.975,0.349,9.942,0.029,-0.039,0.057,5
11428.981,0.99,0.393,9.783,-0.003,-0.059,-0.001,5
11564.989,0.92,0.302,9.867,-0.01,-0.08,-0.028,5
11700.99,0.899,0.35,9.896,0.033,-0.027,0.03,5
11836.026,0.942,0.372,9.808,-0.015,-0.023,-0.04,5
11972.012,0.903,0.351,9.898,0.062,-0.054,0.021,5
12108.002,0.957,0.452,9.874,0.005,-0.06,0.003,5
12250.011,0.971,0.401,9.807,0.007,-0.058,-0.017,5
12385.036,0.951,0.361,9.93,-0.046,-0.1,0.03,5
12520.97,0.907,0.442,9.941,0.026,-0.102,-0.014,5
12656.995,0.975,0.401,9.837,-0.027,-0.016,-0.023,5
12791.985,0.939,0.383,9.874,-0.013,-0.076,-0.004,5
12927.991,0.953,0.378,9.831,-0.005,-0.05,0.014,5
13064.008,0.97,0.359,9.878,0.013,-0.049,-0.016,5
13199.999,0.969,0.393,9.834,0.025,-0.072,0.003,5
13335.025,0.876,0.294,9.724,0.018,-0.045,-0.001,5
13476.988,0.92,0.464,9.873,-0.004,-0.064,0.02,5
13612.97,0.913,0.322,9.97,0.014,-0.032,0.007,5
13748.985,0.889,0.401,9.797,0.036,-0.054,-0.005,5
13884.025,0.921,0.393,9.946,-0.009,-0.003,0.018,5
14020.012,0.926,0.344,9.89,0.002,-0.014,-0.014,5
14156.005,0.937,0.391,9.832,0.043,-0.014,0.041,5
14290.986,1.018,0.391,9.81,0.051,-0.035,-0.01,5
14427.001,0.943,0.385,9.782,0.026,-0.063,0.029,5
14569.045,0.902,0.439,9.827,-0.003,-0.039,0.018,5
14704.977,0.88,0.34,9.922,0.026,-0.041,-0.003,5
14840.02,0.975,0.393,9.778,0.026,-0.033,-0.044,5
14976.013,0.924,0.425,9.874,0.035,-0.045,-0.016,5
15111.996,1.0,0.381,10.06,0.047,-0.089,0.012,5
15247.972,1.021,0.511,9.346,0.012,-0.098,0.032,5
15383.004,0.803,0.48,9.793,0.037,-0.07,0.012,5
15519.007,1.157,0.488,9.67,0.03,-0.059,-0.052,5
15655.018,1.056,0.552,9.655,0.059,-0.09,0.046,5
15796.014,1.044,0.456,10.24,0.025,-0.006,-0.05,5
15931.986,1.083,0.572,9.991,0.037,0.016,0.013,5
16068.011,1.111,0.514,9.821,0.067,-0.103,0.157,5
16204.03,1.136,0.344,9.389,0.101,-0.07,0.064,5
16338.983,0.785,0.553,9.887,0.021,0.057,0.008,5
16475.0,0.961,0.6,10.078,0.023,0.015,-0.021,5
16610.993,0.704,0.659,9.839,0.007,0.056,0.032,5
16746.986,0.393,0.739,9.929,-0.03,0.13,-0.022,5
16881.961,0.589,0.544,9.925,-0.032,0.096,0.013,5
17022.993,0.496,0.528,9.736,-0.009,-0.043,-0.075,5
17158.974,0.477,0.468,9.786,-0.028,-0.085,0.059,5
17294.028,0.717,0.481,10.096,-0.13,-0.039,0.013,5
17429.998,0.5,0.317,9.44,-0.004,-0.005,0.038,5
17565.987,0.395,0.324,10.124,-0.022,-0.007,0.078,5
17702.022,0.437,0.304,10.076,0.023,-0.063,0.012,5
17836.981,0.438,0.233,9.795,-0.041,-0.01,-0.015,5
17973.01,0.458,0.404,9.892,-0.025,-0.093,0.018,5
18109.002,0.482,0.319,10.002,0.017,-0.07,-0.007,5
18250.018,0.495,0.353,9.747,0.076,-0.018,-0.004,5
18384.967,0.466,0.481,9.834,0.039,-0.059,-0.009,5
18520.999,0.446,0.365,9.844,0.031,-0.047,-0.031,5
18656.971,0.548,0.52,9.586,-0.013,-0.059,0.001,5
18792.023,0.492,0.223,10.034,0.053,-0.003,-0.01,5
18927.986,0.546,0.705,9.924,0.043,-0.055,0.0,5
19063.977,0.617,0.358,9.764,0.011,-0.03,-0.01,5
19200.012,0.504,0.364,9.891,0.016,-0.061,-0.005,5
19340.018,0.442,0.373,10.004,0.057,-0.023,-0.011,5
19476.032,0.503,0.569,9.992,0.031,-0.039,-0.019,5
19611.964,0.581,0.571,9.687,0.061,-0.038,-0.003,5
19747.973,0.558,0.47,10.105,0.006,-0.044,0.019,5
19883.012,0.522,0.52,9.823,0.003,-0.03,0.016,5
20019.01,0.469,0.462,10.024,-0.05,-0.006,-0.018,5
20155.022,0.549,0.483,9.972,0.021,-0.061,-0.021,5
20291.022,0.406,0.389,9.999,0.054,-0.013,-0.011,5
20425.978,0.405,0.522,9.925,0.002,0.006,-0.003,5
20566.966,0.44,0.292,9.677,0.03,-0.126,-0.044,5
20702.993,0.501,0.735,9.849,-0.025,-0.044,0.016,5
20838.023,0.516,0.747,10.073,-0.013,-0.063,0.032,5
20974.009,0.576,0.383,9.876,0.03,-0.054,0.007,5
21109.953,0.488,0.522,10.016,0.034,-0.027,0.024,5
21245.998,0.462,0.585,10.032,-0.044,-0.084,-0.042,5
21381.03,0.473,0.451,9.831,-0.014,-0.038,-0.017,5
21517.036,0.543,0.399,9.878,0.068,-0.013,-0.104,5
21653.009,0.514,0.71,10.105,0.027,-0.067,0.034,5
21815.002,0.44,0.544,9.686,0.016,-0.052,0.019,5
21955.005,0.459,0.43,9.837,-0.011,-0.095,0.035,5
22093.987,0.557,0.566,9.835,0.029,-0.027,-0.031,5
22233.991,0.48,0.469,9.852,0.015,-0.052,-0.011,5
22373.996,0.427,0.439,9.844,0.016,-0.022,-0.001,5
22512.991,0.471,0.47,9.952,0.013,-0.026,-0.038,5
22652.976,0.468,0.567,9.904,0.007,-0.042,-0.018,5
22791.992,0.523,0.492,9.84,-0.005,0.002,-0.024,5
22937.996,0.494,0.525,9.77,0.032,-0.034,0.033,5
23077.999,0.422,0.47,9.92,0.03,-0.097,0.012,5
23216.988,0.448,0.453,9.897,0.022,-0.049,-0.017,5
23357.016,0.458,0.427,9.879,0.021,-0.058,-0.007,5
23497.009,0.461,0.629,9.912,-0.015,-0.051,0.023,5
23635.982,0.408,0.46,9.803,0.012,-0.046,-0.006,5
23775.963,0.451,0.57,10.011,0.039,-0.061,-0.024,5
23916.009,0.429,0.489,9.881,0.017,-0.045,0.012,5
24055.014,0.434,0.427,9.951,0.011,-0.044,0.005,5
24200.019,0.446,0.495,9.853,-0.019,-0.069,-0.003,5
24339.032,0.416,0.559,9.964,0.035,-0.042,0.017,5
24479.004,0.416,0.549,9.988,0.024,-0.049,-0.008,5
24625.011,0.438,0.5,9.884,0.02,-0.047,-0.025,5
24763.987,0.406,0.487,9.837,0.016,-0.058,0.025,5
24903.965,0.369,0.565,10.022,0.012,-0.062,0.009,5
25042.998,0.397,0.514,9.899,0.012,-0.041,-0.014,5
25182.96,0.388,0.497,9.947,0.018,-0.016,-0.004,5
25322.977,0.416,0.485,9.929,0.021,-0.034,-0.004,5
25467.051,0.406,0.523,9.903,0.045,-0.045,0.036,5
25607.028,0.39,0.536,9.946,-0.037,-0.014,-0.029,5
25746.982,0.366,0.489,9.845,0.027,-0.013,-0.015,5
25885.971,0.367,0.65,9.952,-0.003,-0.077,-0.016,5
26025.999,0.409,0.49,9.858,-0.008,-0.104,0.04,5
26166.032,0.457,0.557,9.891,0.03,-0.053,0.014,5
26305.006,0.425,0.501,9.96,0.049,-0.047,-0.037,5
26445.01,0.456,0.564,9.775,0.058,-0.042,-0.02,5
26584.015,0.481,0.542,9.853,-0.004,-0.067,-0.028,5
26729.973,0.424,0.556,10.027,0.007,-0.084,-0.012,5
26870.988,0.386,0.518,9.906,0.045,-0.003,-0.043,5
27009.993,0.436,0.656,9.828,0.001,-0.035,0.006,5
27149.98,0.459,0.622,9.971,0.012,-0.036,0.003,5
27290.023,0.473,0.63,9.862,-0.002,-0.065,-0.011,5
27428.983,0.519,0.561,10.122,-0.013,-0.027,0.012,5
27569.049,0.467,0.659,9.87,0.03,-0.046,-0.005,5
27708.008,0.513,0.691,9.955,0.032,-0.062,-0.007,5
27854.012,0.453,0.602,9.937,0.056,-0.019,-0.016,5
27993.992,0.412,0.69,10.073,-0.013,-0.024,0.011,5
28133.018,0.425,0.551,9.895,-0.014,-0.048,0.002,5
28272.982,0.447,0.642,9.844,0.023,-0.037,-0.009,5
28412.989,0.407,0.583,10.001,-0.011,-0.079,0.035,5
28552.006,0.405,0.485,9.929,0.015,-0.048,0.011,5
28692.021,0.417,0.651,9.733,0.013,-0.041,0.002,5
28832.015,0.432,0.58,9.89,0.007,-0.054,0.014,5
28971.003,0.378,0.585,9.967,0.044,-0.07,0.019,5
29116.025,0.457,0.599,10.179,-0.005,-0.042,-0.007,5
29255.023,0.402,0.338,9.768,-0.022,-0.109,0.043,5
29395.008,0.419,0.49,9.788,-0.005,-0.085,-0.034,5
29535.017,0.457,0.558,10.028,-0.016,-0.086,-0.017,5
29674.014,0.519,0.625,9.846,0.016,-0.021,-0.02,5
29813.997,0.487,0.396,9.891,0.037,-0.047,-0.022,5
29953.99,0.504,0.282,9.961,0.006,-0.048,-0.009,5
30092.989,0.534,0.635,9.936,0.031,-0.027,0.012,5
30233.0,0.48,0.464,9.856,0.007,-0.037,-0.004,5
30377.972,0.445,0.524,9.862,-0.007,-0.052,0.032,5
30517.987,0.5,0.34,9.836,0.047,-0.01,-0.056,5
30658.024,0.506,0.706,9.871,0.047,-0.056,0.036,5
30796.984,0.453,0.515,10.024,-0.004,-0.036,0.027,5
30937.019,0.415,0.455,9.987,-0.025,-0.022,0.012,5
31077.01,0.372,0.483,9.968,-0.004,-0.054,-0.031,5
31216.041,0.38,0.437,9.803,0.027,-0.067,-0.027,5
31355.985,0.382,0.515,9.948,0.015,-0.025,0.001,5
31501.005,0.35,0.531,9.984,-0.035,-0.053,-0.006,5
31640.982,0.401,0.538,9.875,0.011,-0.03,-0.045,5
31780.972,0.401,0.458,9.928,0.045,-0.074,-0.033,5
31919.993,0.368,0.526,9.983,-0.02,-0.067,0.003,5
32059.966,0.386,0.527,9.941,-0.006,-0.028,0.036,5
32200.013,0.318,0.467,9.889,0.014,-0.049,-0.009,5
32338.992,0.406,0.46,9.796,0.007,-0.048,0.003,5
32478.984,0.419,0.488,10.104,0.028,-0.033,-0.033,5
32618.999,0.432,0.461,9.871,0.041,-0.025,-0.029,5
2685.963,0.843,0.364,10.037,0.025,-0.05,-0.014,5
2821.971,0.891,0.315,9.81,-0.011,-0.062,0.015,5
2958.021,0.864,0.274,9.985,-0.035,-0.074,-0.02,5
3092.95,0.908,0.372,9.907,-0.013,-0.041,-0.023,5
3228.968,0.916,0.367,9.788,0.037,-0.048,0.001,5
3365.008,0.853,0.252,9.894,0.042,-0.027,-0.01,5
3500.013,0.847,0.309,9.994,0.007,-0.05,-0.012,5
3636.004,0.909,0.375,9.934,-0.01,-0.08,0.015,5
3776.972,0.949,0.346,9.944,0.043,-0.12,0.02,5
3913.023,0.902,0.301,9.967,0.044,-0.052,0.016,5
4048.01,0.957,0.429,10.013,-0.004,-0.082,-0.02,5
4183.976,0.927,0.34,9.912,0.034,-0.096,-0.014,5
4320.018,0.937,0.361,9.827,0.051,-0.046,0.022,5
4456.017,0.922,0.279,9.874,0.001,-0.062,0.003,5
4590.993,0.886,0.443,9.986,-0.033,-0.036,0.0,5
4727.008,0.898,0.295,9.851,0.0,-0.05,-0.011,5
4863.026,0.829,0.244,9.793,0.012,-0.056,-0.004,5
5004.0,0.938,0.401,9.878,0.029,-0.063,-0.015,5
5140.016,0.982,0.257,9.874,-0.024,-0.06,-0.03,5
5275.947,0.929,0.225,9.911,-0.023,-0.006,-0.027,5
5426.967,0.97,0.311,10.014,-0.015,-0.043,-0.034,5
5562.987,0.951,0.273,9.707,-0.008,-0.087,-0.036,5
5699.022,1.039,0.328,10.052,0.022,-0.021,-0.0,5
5833.974,0.911,0.321,9.966,0.044,-0.107,-0.003,5
5970.013,0.93,0.189,9.797,-0.012,-0.033,0.013,5
6106.014,0.883,0.277,9.915,0.025,-0.031,-0.027,5
6247.972,0.891,0.249,9.834,0.024,-0.042,0.007,5
6382.98,1.039,0.328,9.902,0.009,-0.081,0.014,5
6519.027,0.881,0.268,10.101,0.012,-0.006,0.006,5
6654.999,0.905,0.281,9.879,0.024,-0.033,0.008,5
6790.974,1.027,0.368,9.853,0.037,-0.056,-0.049,5
6926.03,1.009,0.341,9.931,0.008,-0.077,0.02,5
7061.985,0.913,0.436,9.976,0.01,0.018,-0.009,5
7198.016,0.895,0.277,9.912,0.005,-0.039,0.02,5
7332.996,0.897,0.38,9.969,-0.029,-0.067,0.012,5
7475.013,1.003,0.429,9.878,-0.043,-0.044,-0.025,5
7611.024,0.985,0.258,9.8,0.001,-0.076,-0.015,5
7746.984,0.962,0.362,9.787,0.0,-0.085,0.001,5
7882.008,0.972,0.319,9.879,0.021,-0.036,0.017,5
8017.995,0.936,0.184,9.868,0.024,-0.024,-0.045,5
8154.005,1.05,0.398,9.767,0.015,-0.038,-0.044,5
8290.003,1.068,0.299,9.804,0.023,-0.059,0.015,5
8425.011,0.984,0.348,9.84,-0.006,-0.049,0.023,5
8560.981,0.961,0.253,9.927,0.031,-0.09,0.036,5
8703.028,0.993,0.374,9.883,0.012,-0.055,-0.039,5
8838.024,0.966,0.243,9.82,0.034,-0.032,0.03,5
8973.98,0.894,0.345,9.989,0.004,-0.014,-0.018,5
9109.995,0.893,0.275,9.812,0.013,-0.041,0.006,5
9245.963,0.999,0.327,9.75,-0.026,-0.061,0.001,5
9381.006,0.995,0.324,9.787,0.038,0.01,0.016,5
9516.999,0.986,0.352,9.941,-0.033,-0.042,-0.024,5
9653.046,0.997,0.301,9.802,-0.021,-0.053,-0.039,5
9793.994,0.97,0.352,9.849,0.041,-0.059,-0.016,5
9929.988,0.985,0.36,9.909,0.02,-0.051,-0.055,5
10066.008,0.983,0.298,9.916,0.001,-0.033,0.002,5
10201.975,0.961,0.277,9.723,-0.002,-0.079,-0.002,5
10336.995,0.987,0.388,9.934,0.051,-0.045,-0.039,5
10473.006,0.959,0.319,9.865,0.025,-0.007,0.0,5
10609.007,0.984,0.372,9.638,-0.002,-0.097,-0.011,5
10744.992,0.992,0.351,10.063,0.007,-0.031,0.011,5
10879.978,0.955,0.403,9.914,0.01,-0.032,-0.021,5
11022.015,0.965,0.256,9.675,0.037,-0.048,-0.023,5
11158.015,0.968,0.374,9.903,0.029,-0.077,-0.049,5
11292.979,0.965,0.347,9.903,0.054,-0.091,0.008,5
