Time(ms),AccelX,AccelY,AccelZ,GyroX,GyroY,GyroZ,MagX,MagY,MagZ,label
2784.968,0.156,-0.287,9.912,0.034,-0.067,0.016,12.187,-21.352,-48.412,1
2921.971,0.356,-0.363,9.84,0.059,-0.057,-0.117,11.775,-21.547,-48.932,1
3060.031,0.139,-0.2,10.169,-0.025,-0.054,-0.031,12.625,-21.558,-48.705,1
3198.001,0.192,-0.135,10.506,-0.034,0.07,-0.026,13.111,-22.084,-49.468,1
3334.981,0.079,-0.445,10.049,-0.072,-0.077,-0.004,12.894,-21.582,-48.1,1
3473.028,0.236,-0.581,9.632,0.021,-0.049,-0.043,12.451,-21.737,-48.961,1
3610.984,-0.086,-0.529,9.77,-0.091,-0.081,-0.025,12.766,-21.57,-50.125,1
3749.033,0.294,-0.249,10.482,0.013,-0.063,-0.019,12.108,-21.488,-49.827,1
3892.98,0.029,-0.462,9.646,0.077,-0.069,-0.006,11.732,-20.684,-50.697,1
4030.971,0.314,-0.47,9.882,0.087,-0.106,0.015,11.767,-22.209,-49.261,1
4168.007,0.393,-0.141,9.336,0.007,0.086,0.086,12.515,-22.33,-48.841,1
4304.971,0.329,-0.321,9.882,0.024,-0.097,0.055,12.275,-21.614,-49.696,1
4441.971,0.208,-0.378,10.064,-0.037,-0.019,0.054,11.611,-21.806,-48.626,1
4579.006,0.231,-0.422,9.868,-0.053,-0.049,0.032,11.844,-21.738,-49.643,1
4714.002,0.291,-0.515,9.957,0.141,-0.021,-0.041,11.666,-21.46,-49.222,1
4849.977,0.093,-0.446,9.921,0.016,-0.035,0.045,12.944,-21.211,-49.547,1
4986.019,0.102,-0.534,9.733,0.093,-0.072,0.026,13.287,-21.431,-49.859,1
5125.992,-0.018,-0.295,10.06,0.137,0.013,0.045,12.806,-22.714,-49.679,1
5261.989,0.071,-0.111,9.877,0.137,-0.014,-0.029,12.292,-22.964,-49.321,1
5397.987,0.057,-0.267,9.745,-0.028,-0.03,0.068,13.461,-22.96,-48.746,1
5533.998,-0.028,-0.222,9.792,-0.108,-0.085,-0.028,12.77,-23.028,-49.19,1
5668.983,-0.035,-0.396,9.762,-0.127,0.014,0.015,12.883,-22.042,-49.632,1
5805.004,-0.044,-0.367,9.868,0.043,-0.029,-0.045,13.626,-22.592,-49.965,1
5940.998,0.139,-0.339,9.813,-0.101,-0.11,-0.003,13.273,-21.811,-49.774,1
6077.017,0.08,-0.368,9.881,0.018,-0.075,-0.013,13.298,-22.432,-48.992,1
6217.993,0.075,-0.384,9.985,-0.051,-0.056,-0.018,12.284,-22.277,-48.546,1
6354.015,0.048,-0.444,10.002,-0.017,-0.027,-0.034,12.42,-22.409,-49.315,1
6490.006,0.087,-0.441,9.951,-0.043,-0.036,-0.052,12.448,-22.099,-48.963,1
6624.974,0.057,-0.513,9.957,-0.016,-0.006,-0.034,12.922,-22.016,-48.396,1
6761.002,0.065,-0.451,9.814,0.013,-0.067,-0.025,13.083,-22.019,-48.515,1
6896.972,0.062,-0.383,9.982,0.005,-0.047,0.0,13.417,-22.021,-49.539,1
7032.99,0.025,-0.475,9.869,0.001,-0.079,0.003,13.585,-21.887,-49.613,1
7168.004,-0.092,-0.558,9.889,-0.067,-0.034,-0.006,13.362,-21.923,-49.909,1
7303.976,0.029,-0.542,9.834,-0.055,-0.026,-0.007,13.869,-22.895,-50.113,1
7445.028,0.042,-0.495,9.847,0.13,-0.086,-0.018,13.459,-21.831,-48.864,1
7580.973,-0.003,-0.44,9.822,-0.022,-0.019,-0.001,13.183,-22.478,-50.002,1
7715.979,-0.086,-0.415,9.895,0.007,-0.035,0.008,13.836,-22.279,-50.358,1
7851.969,-0.158,-0.488,9.805,0.109,-0.059,-0.029,13.704,-22.671,-49.914,1
7987.988,0.039,-0.381,9.963,-0.058,-0.041,-0.019,13.798,-22.194,-49.618,1
8123.997,0.009,-0.357,9.861,0.023,-0.069,-0.044,13.308,-22.199,-48.823,1
8259.031,-0.013,-0.435,9.9,-0.011,-0.083,0.037,13.782,-22.393,-50.314,1
8395.04,0.016,-0.484,9.827,-0.024,-0.033,-0.025,13.718,-22.445,-50.193,1
8530.965,0.013,-0.432,9.866,0.034,0.009,0.004,13.724,-22.95,-50.547,1
8670.999,-0.017,-0.408,9.931,0.024,-0.018,-0.021,13.036,-22.096,-50.094,1
8807.013,0.015,-0.414,9.936,-0.01,-0.046,-0.014,13.656,-22.564,-49.778,1
8943.005,0.047,-0.485,9.939,0.032,-0.063,-0.019,12.361,-21.817,-50.211,1
9078.996,0.035,-0.433,9.92,0.017,-0.046,0.018,12.765,-22.08,-49.26,1
9213.986,0.019,-0.466,9.85,0.027,-0.04,0.001,12.231,-21.792,-49.511,1
9350.02,0.087,-0.452,10.007,-0.033,-0.023,0.026,12.774,-21.742,-48.631,1
9486.026,0.093,-0.529,9.862,0.028,-0.083,0.007,12.81,-21.256,-49.821,1
9622.0,0.067,-0.501,9.976,0.001,-0.041,0.029,12.856,-21.339,-48.491,1
9761.97,0.016,-0.737,9.733,-0.07,-0.048,0.011,13.225,-21.223,-49.123,1
9898.041,-0.051,-0.64,10.001,-0.028,-0.01,-0.02,13.28,-20.916,-49.604,1
10033.999,-0.053,-0.699,9.806,-0.069,-0.065,-0.017,13.252,-20.477,-48.968,1
10168.986,-0.127,-0.632,10.022,0.05,-0.091,0.007,13.059,-21.037,-49.793,1
10305.029,-0.107,-0.689,9.853,-0.013,-0.052,-0.025,13.493,-20.631,-49.184,1
10440.996,-0.093,-0.737,9.969,0.016,-0.059,0.016,13.551,-20.068,-48.354,1
10577.032,-0.058,-0.677,9.917,0.04,-0.019,-0.024,13.141,-19.929,-49.039,1
10711.986,-0.061,-0.76,9.836,-0.03,-0.079,-0.023,12.876,-20.81,-49.25,1
10848.011,-0.082,-0.695,9.988,0.012,-0.082,0.027,13.937,-20.88,-49.176,1
10988.997,-0.068,-0.741,9.868,0.077,-0.014,-0.011,12.978,-21.26,-48.419,1
11125.01,-0.084,-0.607,9.882,0.031,-0.059,-0.025,13.734,-21.201,-48.446,1
11259.973,-0.025,-0.628,9.899,-0.0,-0.06,-0.002,13.375,-20.849,-49.454,1
11395.978,-0.08,-0.659,9.89,0.01,-0.01,0.012,13.449,-20.633,-49.145,1
11532.0,-0.019,-0.488,9.943,0.047,-0.0,-0.009,13.571,-21.64,-48.927,1
11666.999,-0.015,-0.585,9.906,0.008,-0.028,0.018,13.444,-21.386,-49.309,1
11802.963,-0.037,-0.548,9.991,-0.053,-0.045,0.012,13.217,-22.02,-48.936,1
11939.048,-0.038,-0.579,9.925,0.013,-0.05,-0.037,13.357,-21.467,-50.024,1
12079.947,-0.018,-0.505,9.923,0.005,-0.036,-0.033,13.692,-21.256,-48.867,1
12214.972,-0.035,-0.544,9.953,0.038,-0.046,0.024,13.36,-21.594,-49.549,1
12350.998,-0.049,-0.609,9.929,0.023,-0.026,-0.0,13.99,-21.053,-49.306,1
12487.025,-0.064,-0.596,9.959,0.051,-0.072,0.001,13.924,-21.862,-49.053,1
12623.02,-0.051,-0.588,9.839,0.012,-0.078,-0.026,13.762,-21.543,-48.857,1
12758.017,-0.025,-0.57,9.935,-0.028,-0.032,0.006,14.105,-21.139,-48.79,1
12894.012,-0.033,-0.656,9.904,-0.011,-0.06,0.02,14.004,-20.885,-47.707,1
13029.971,-0.046,-0.62,9.92,-0.018,-0.071,-0.008,13.806,-21.116,-49.682,1
13171.001,-0.073,-0.671,9.892,0.033,-0.047,-0.034,14.021,-20.933,-48.844,1
13307.009,-0.109,-0.633,9.881,0.008,-0.035,0.007,14.017,-20.534,-49.101,1
13443.014,-0.04,-0.623,9.896,0.013,0.006,0.017,14.377,-20.48,-49.016,1
13579.036,-0.178,-0.632,9.967,-0.002,-0.042,-0.019,14.802,-20.948,-49.002,1
13714.01,-0.123,-0.603,9.876,-0.015,-0.059,0.012,14.236,-20.876,-47.8,1
13850.004,-0.084,-0.591,9.93,0.018,-0.023,-0.009,14.421,-20.922,-48.424,1
13985.997,-0.043,-0.622,9.943,0.014,-0.034,-0.018,14.481,-21.169,-48.591,1
14122.028,-0.019,-0.609,9.798,0.03,-0.061,0.019,14.422,-21.798,-52.042,1
14257.042,-0.08,-0.54,9.91,0.044,-0.071,0.038,14.196,-20.724,-48.402,1
14398.978,-0.077,-0.54,9.91,-0.01,-0.06,-0.023,14.64,-21.567,-48.675,1
14535.027,-0.045,-0.551,9.888,-0.014,-0.032,-0.009,14.643,-20.938,-49.128,1
14670.003,-0.078,-0.573,9.934,0.019,-0.05,0.006,13.891,-21.658,-48.952,1
14806.021,-0.018,-0.56,9.876,-0.004,-0.058,0.002,14.611,-21.654,-50.036,1
14942.006,-0.03,-0.516,9.866,-0.01,-0.018,-0.013,14.612,-21.998,-49.483,1
15078.017,-0.021,-0.594,9.771,0.071,-0.081,0.016,14.076,-21.653,-49.625,1
15212.977,0.006,-0.558,9.953,0.052,-0.102,0.007,13.421,-21.748,-52.396,1
15348.993,0.006,-0.496,9.899,0.06,-0.061,0.034,13.222,-21.818,-49.793,1
15489.971,-0.029,-0.544,9.863,-0.013,-0.07,-0.01,13.347,-21.66,-49.075,1
15625.011,-0.008,-0.575,9.911,0.024,-0.044,-0.015,13.902,-21.802,-49.582,1
15760.992,-0.021,-0.556,9.888,0.028,-0.053,-0.026,13.754,-22.208,-49.351,1
15896.998,0.049,-0.544,9.896,0.005,-0.074,-0.008,12.834,-21.992,-49.942,1
16032.976,0.065,-0.55,9.82,0.026,-0.031,0.023,13.326,-22.228,-49.653,1
16168.008,0.098,-0.491,9.925,0.052,-0.009,0.012,13.331,-21.417,-49.913,1
16304.007,0.029,-0.527,9.908,0.035,-0.063,-0.01,13.065,-21.53,-50.001,1
16440.005,-0.027,-0.528,9.845,0.019,-0.06,0.002,13.33,-21.554,-49.661,1
16575.982,-0.019,-0.465,9.907,0.036,-0.025,-0.009,13.183,-21.729,-49.81,1
16716.027,-0.025,-0.398,9.957,0.021,-0.024,0.011,13.362,-21.972,-49.02,1
16851.996,0.0,-0.374,9.867,0.11,-0.07,-0.034,13.194,-21.945,-51.088,1
16988.01,-0.025,-0.198,9.96,0.119,-0.011,-0.019,12.938,-22.617,-50.151,1
17124.01,0.019,-0.262,9.818,0.047,-0.039,0.011,12.901,-22.445,-49.499,1
17259.018,0.044,-0.231,9.934,0.015,-0.004,-0.007,13.391,-21.942,-50.592,1
17394.993,0.059,-0.213,9.858,0.037,-0.067,-0.001,12.91,-22.73,-48.871,1
17531.007,0.093,-0.123,9.939,0.074,-0.056,-0.01,13.031,-22.664,-50.708,1
17666.011,0.113,-0.189,9.959,-0.029,-0.069,-0.048,12.676,-22.602,-50.369,1
17807.018,0.118,-0.226,9.915,-0.001,-0.077,-0.03,12.95,-22.686,-50.249,1
17943.017,0.054,-0.153,9.972,0.072,-0.047,-0.02,12.566,-22.621,-50.11,1
18078.996,0.107,-0.115,9.992,0.025,-0.025,-0.021,12.739,-23.411,-49.156,1
18214.018,0.082,-0.15,10.01,0.036,-0.001,-0.013,13.226,-23.322,-50.418,1
18350.008,0.105,-0.107,9.911,0.029,-0.015,-0.023,12.452,-23.883,-49.782,1
18486.005,0.048,-0.093,9.877,0.025,-0.023,-0.049,12.906,-23.865,-49.877,1
18626.988,0.093,-0.101,9.956,0.017,-0.034,0.005,12.314,-23.864,-51.321,1
18764.014,0.084,-0.08,9.982,0.037,-0.083,-0.028,13.06,-23.353,-50.446,1
18900.963,0.074,-0.098,9.858,0.017,-0.033,-0.003,12.752,-23.545,-50.547,1
19041.981,0.097,-0.025,9.952,0.05,-0.033,-0.019,13.251,-23.349,-49.75,1
19179.004,0.116,-0.05,9.955,-0.037,-0.035,-0.037,13.146,-24.227,-50.342,1
19315.975,0.099,-0.094,9.917,0.028,-0.068,-0.002,13.044,-24.167,-49.827,1
19453.047,0.115,-0.128,9.815,0.044,-0.071,0.022,12.227,-23.507,-48.45,1
19589.012,0.07,-0.124,9.939,-0.002,-0.055,-0.017,12.653,-23.206,-48.487,1
19725.96,0.137,-0.084,9.885,0.003,-0.058,0.005,12.623,-23.532,-50.225,1
19862.949,0.115,-0.116,9.952,-0.01,-0.085,-0.057,12.486,-23.453,-50.055,1
19999.992,0.152,-0.137,9.893,-0.016,-0.033,0.007,12.264,-23.379,-48.97,1
20141.994,0.118,-0.139,9.826,0.049,-0.041,0.022,13.14,-23.528,-49.168,1
20278.98,0.138,-0.14,9.846,0.037,-0.055,-0.015,12.662,-23.568,-50.19,1
20415.029,0.112,0.027,9.95,-0.007,-0.026,0.027,13.117,-23.889,-49.74,1
20549.972,0.121,-0.057,9.943,-0.012,-0.035,-0.008,12.438,-23.78,-49.233,1
20686.973,0.178,-0.053,9.95,0.036,0.007,-0.048,12.695,-24.101,-49.193,1
20823.013,0.157,-0.101,9.896,0.05,-0.061,-0.011,13.28,-24.071,-49.608,1
20959.04,0.047,-0.016,10.036,-0.011,0.003,-0.022,12.966,-23.843,-49.768,1
21108.012,0.171,-0.083,9.852,-0.021,-0.035,-0.024,12.396,-24.281,-49.583,1
21244.016,0.091,-0.107,9.907,-0.013,-0.047,-0.01,13.035,-23.966,-47.971,1
21421.997,0.095,-0.063,9.879,0.042,-0.05,0.014,13.008,-24.153,-49.448,1
21562.016,0.129,-0.057,9.902,0.006,-0.026,0.029,12.994,-23.702,-49.76,1
21701.999,0.182,0.038,10.03,0.012,-0.081,0.007,13.465,-24.284,-50.112,1
21840.994,0.111,-0.039,9.863,0.033,-0.022,0.065,12.728,-24.626,-48.909,1
21981.992,0.103,0.051,9.914,0.015,-0.089,0.015,13.799,-24.164,-49.422,1
22121.978,0.126,0.041,9.784,-0.013,-0.071,-0.01,13.305,-24.503,-50.054,1
22261.997,0.089,0.033,9.97,0.057,-0.053,0.002,13.482,-24.414,-50.025,1
22402.035,0.073,0.036,9.841,0.027,-0.026,0.015,13.463,-24.104,-49.153,1
22541.987,0.112,0.102,9.894,0.033,-0.025,-0.016,13.427,-23.838,-50.145,1
22687.985,0.108,0.086,9.957,0.009,-0.037,-0.011,13.67,-24.385,-48.985,1
22829.997,0.173,0.046,9.962,0.028,-0.051,0.026,13.951,-24.099,-48.806,1
22969.02,0.161,0.064,9.846,0.016,-0.077,0.026,12.928,-25.017,-48.984,1
23108.974,0.146,0.036,9.968,-0.021,-0.046,-0.008,13.773,-24.15,-48.464,1
23248.991,0.161,0.009,9.928,-0.015,-0.064,-0.007,13.566,-24.299,-48.874,1
23388.024,0.136,-0.003,9.941,0.008,-0.045,0.042,13.559,-24.148,-48.787,1
23528.018,0.219,0.028,9.95,-0.005,-0.043,-0.001,13.134,-24.342,-48.085,1
23667.01,0.185,0.028,9.905,0.039,-0.016,0.014,12.774,-24.301,-48.234,1
23812.998,0.114,-0.007,9.878,0.029,-0.058,-0.036,13.396,-24.12,-48.811,1
23953.003,0.129,-0.036,9.942,0.036,-0.048,-0.026,13.481,-23.839,-48.645,1
24091.981,0.17,-0.027,9.874,-0.015,-0.079,-0.017,12.048,-24.039,-47.41,1
24232.007,0.163,-0.026,9.894,0.025,-0.062,0.013,12.151,-24.192,-48.46,1
24372.009,0.256,-0.031,9.941,-0.007,-0.04,-0.054,12.549,-23.696,-47.17,1
24510.979,0.193,-0.079,9.905,-0.006,-0.049,-0.006,12.655,-23.832,-48.442,1
24650.98,0.245,-0.116,9.936,-0.0,-0.067,0.001,12.406,-23.918,-48.62,1
24791.01,0.253,-0.07,9.884,0.006,-0.066,-0.048,12.406,-23.475,-48.478,1
24930.023,0.197,-0.091,9.89,-0.006,-0.015,0.007,11.958,-23.275,-47.227,1
25075.998,0.199,-0.112,9.919,-0.009,-0.011,-0.013,12.432,-23.696,-48.072,1
25214.96,0.197,-0.126,9.904,0.034,-0.075,0.004,12.341,-22.681,-47.464,1
25354.99,0.208,-0.053,9.911,0.038,-0.038,-0.036,12.05,-23.161,-48.9,1
25494.962,0.243,-0.096,9.856,0.015,-0.037,0.011,12.455,-23.342,-49.068,1
25633.993,0.188,-0.094,9.939,0.033,-0.071,-0.017,12.861,-24.175,-47.793,1
25774.003,0.207,-0.049,9.866,0.028,-0.046,0.024,12.445,-22.961,-47.923,1
25913.995,0.203,-0.003,9.93,0.017,-0.06,0.007,12.246,-23.549,-48.688,1
26053.023,0.161,-0.065,9.985,-0.018,-0.047,-0.007,12.242,-23.351,-48.311,1
26198.983,0.165,-0.038,9.953,-0.005,-0.053,0.03,11.645,-23.479,-48.705,1
26338.028,0.171,-0.144,9.86,0.024,-0.044,0.052,11.94,-23.741,-48.373,1
26477.991,0.218,-0.059,9.896,-0.009,-0.06,-0.017,12.026,-23.562,-48.047,1
26618.026,0.225,-0.085,9.927,0.017,-0.071,-0.01,11.726,-23.933,-47.883,1
26757.009,0.162,-0.109,9.885,0.001,-0.042,0.003,12.189,-23.269,-47.147,1
26897.012,0.154,-0.083,9.909,0.003,-0.038,0.015,12.331,-24.114,-47.819,1
27036.989,0.178,-0.108,9.944,-0.045,-0.01,-0.015,12.553,-23.205,-46.761,1
27175.987,0.141,-0.105,9.978,-0.008,0.009,-0.016,12.231,-22.954,-47.829,1
27315.992,0.19,-0.142,9.917,-0.007,-0.044,0.024,12.516,-23.135,-47.991,1
27460.965,0.203,-0.134,9.951,-0.048,-0.005,0.013,12.134,-22.562,-47.521,1
27600.977,0.191,-0.222,9.914,0.0,-0.078,0.019,11.984,-22.623,-47.676,1
27740.943,0.191,-0.18,9.904,0.035,-0.055,0.0,11.816,-22.778,-48.226,1
27879.982,0.21,-0.101,9.941,0.03,-0.06,-0.005,12.177,-23.12,-47.992,1
28058.978,0.161,-0.13,9.897,0.019,-0.026,-0.014,11.618,-23.255,-47.795,1
28199.028,0.164,-0.124,9.934,0.047,0.021,0.009,11.941,-23.278,-48.431,1
28338.024,0.19,-0.188,9.937,0.001,-0.032,0.001,11.873,-23.231,-48.17,1
28484.969,0.17,-0.102,9.939,-0.014,-0.063,-0.005,12.065,-23.569,-47.772,1
28629.978,0.226,-0.081,9.94,-0.002,-0.042,0.008,11.004,-23.913,-47.909,1
28769.97,0.185,-0.16,9.845,0.039,-0.057,-0.0,11.805,-23.825,-47.586,1
28909.991,0.178,-0.13,9.95,-0.03,-0.063,-0.003,11.197,-23.901,-48.823,1
29049.009,0.134,-0.161,10.021,0.031,-0.046,-0.001,12.511,-23.646,-47.973,1
29189.005,0.208,-0.111,9.883,-0.012,-0.078,0.05,11.584,-23.813,-47.578,1
29329.027,0.188,-0.172,9.856,0.033,-0.067,-0.037,11.804,-23.5,-48.23,1
29468.042,0.214,-0.145,9.899,0.026,-0.062,0.011,11.78,-23.728,-47.507,1
29607.992,0.25,-0.076,9.959,0.01,-0.031,-0.003,11.606,-23.179,-48.46,1
29748.019,0.201,-0.13,9.893,0.057,-0.053,0.0,11.622,-23.547,-48.185,1
29893.015,0.188,-0.174,9.869,0.034,-0.064,-0.007,14.707,-23.747,-48.011,1
30033.03,0.202,-0.119,9.983,0.027,-0.047,0.042,10.953,-23.946,-48.774,1
30171.981,0.171,-0.105,9.926,0.039,-0.053,-0.029,11.575,-24.295,-49.721,1
30313.023,0.137,-0.153,9.83,0.011,-0.037,-0.009,11.728,-23.77,-48.587,1
30453.996,0.116,-0.132,9.866,0.019,-0.01,-0.007,11.252,-23.473,-49.598,1
30592.994,0.167,-0.154,9.989,0.04,-0.061,0.011,11.774,-23.471,-49.236,1
30732.983,0.193,-0.078,9.953,-0.004,-0.034,-0.009,12.537,-23.944,-49.776,1
30873.024,0.138,-0.181,9.925,0.013,0.004,0.008,11.94,-23.99,-49.338,1
31017.978,0.164,-0.04,9.971,-0.004,-0.051,0.042,11.732,-23.864,-49.647,1
31158.012,0.162,-0.142,9.958,-0.028,-0.014,-0.003,11.305,-23.598,-49.554,1
31296.953,0.17,-0.164,9.957,0.004,-0.017,0.005,11.128,-22.842,-49.302,1
31437.044,0.163,-0.175,9.967,-0.011,-0.041,-0.008,11.696,-23.189,-49.749,1
31576.989,0.158,-0.174,9.897,0.023,-0.035,-0.007,12.433,-23.648,-48.889,1
31715.993,0.174,-0.161,9.91,0.011,-0.079,0.01,11.469,-23.157,-49.368,1
31856.003,0.204,-0.143,9.966,0.018,-0.073,-0.008,11.342,-23.478,-50.17,1
31996.042,0.206,-0.207,9.966,-0.009,-0.044,-0.014,11.379,-23.742,-49.43,1
32134.981,0.188,-0.157,9.919,0.015,-0.057,-0.053,11.498,-22.829,-48.417,1
32280.984,0.221,-0.175,9.862,0.053,-0.04,-0.014,11.633,-23.075,-48.789,1
32419.978,0.169,-0.123,9.873,-0.014,-0.065,-0.006,11.141,-23.504,-48.99,1
32560.011,0.179,-0.144,9.898,0.048,-0.034,0.03,11.65,-23.502,-49.858,1
32700.016,0.266,-0.175,9.889,0.052,-0.032,-0.015,11.937,-23.735,-49.771,1
2785.025,0.168,-0.334,9.938,0.014,-0.074,-0.026,12.257,-21.397,-48.387,1
2922.015,0.367,-0.343,9.845,0.08,-0.03,-0.151,11.776,-21.526,-48.959,1
3059.994,0.148,-0.202,10.188,-0.02,-0.083,-0.016,12.601,-21.559,-48.708,1
3197.997,0.149,-0.171,10.474,-0.027,0.08,-0.005,13.113,-22.15,-49.447,1
3335.026,0.084,-0.397,10.055,-0.049,-0.034,-0.007,12.874,-21.604,-48.08,1
3473.015,0.207,-0.557,9.633,0.021,-0.046,-0.047,12.462,-21.731,-48.963,1
3611.025,-0.043,-0.536,9.759,-0.077,-0.119,-0.054,12.762,-21.547,-50.165,1
3748.966,0.309,-0.28,10.471,-0.029,-0.065,-0.043,12.116,-21.466,-49.865,1
3892.987,0.029,-0.478,9.656,0.04,-0.072,-0.021,11.788,-20.646,-50.733,1
4031.009,0.338,-0.441,9.857,0.067,-0.111,-0.04,11.772,-22.186,-49.195,1
4168.002,0.399,-0.108,9.393,-0.004,0.063,0.016,12.515,-22.34,-48.841,1
4304.98,0.332,-0.309,9.886,0.042,-0.113,0.049,12.233,-21.566,-49.709,1
4442.027,0.22,-0.359,10.072,-0.029,-0.046,0.043,11.625,-21.802,-48.634,1
4579.02,0.16,-0.406,9.847,-0.081,-0.06,0.041,11.852,-21.729,-49.685,1
4714.017,0.228,-0.501,9.981,0.109,0.021,-0.052,11.665,-21.476,-49.255,1
4850.054,0.084,-0.475,9.92,0.088,-0.033,0.015,12.97,-21.202,-49.594,1
4985.939,0.107,-0.538,9.741,0.108,-0.024,0.07,13.308,-21.459,-49.874,1
5126.004,-0.016,-0.285,10.067,0.115,-0.013,0.037,12.795,-22.743,-49.662,1
5261.941,0.016,-0.1,9.894,0.103,-0.061,0.001,12.301,-23.051,-49.359,1
5397.971,0.043,-0.253,9.721,-0.023,-0.017,0.058,13.494,-22.997,-48.737,1
5534.004,-0.034,-0.23,9.757,-0.085,-0.089,-0.02,12.78,-23.04,-49.199,1
5669.03,-0.07,-0.366,9.76,-0.144,-0.03,0.048,12.849,-22.014,-49.666,1
5805.001,-0.019,-0.385,9.857,0.085,-0.02,-0.042,13.641,-22.639,-49.952,1
5940.981,0.095,-0.382,9.813,-0.047,-0.08,-0.038,13.229,-21.822,-49.752,1
6076.999,0.081,-0.391,9.893,0.003,-0.064,0.003,13.288,-22.443,-49.006,1
6218.014,0.107,-0.396,9.962,-0.04,-0.055,0.023,12.287,-22.311,-48.572,1
6353.974,0.073,-0.424,9.974,-0.012,0.01,-0.038,12.396,-22.382,-49.332,1
6489.994,0.068,-0.432,9.936,-0.006,-0.029,0.017,12.427,-22.121,-48.975,1
6624.99,0.088,-0.465,9.936,-0.02,-0.006,-0.005,12.909,-22.025,-48.419,1
6760.977,0.076,-0.518,9.8,0.051,-0.065,0.046,13.065,-21.998,-48.507,1
6896.979,0.059,-0.394,9.954,0.007,-0.012,-0.001,13.374,-22.056,-49.52,1
7033.023,-0.003,-0.456,9.896,0.058,-0.037,0.002,13.582,-21.9,-49.62,1
7167.979,-0.048,-0.561,9.884,-0.005,-0.019,0.008,13.34,-21.95,-49.936,1
7304.017,0.018,-0.508,9.875,-0.023,-0.025,-0.0,13.88,-22.882,-50.085,1
7444.997,0.067,-0.521,9.854,0.089,-0.103,-0.026,13.426,-21.816,-48.896,1
7580.982,0.029,-0.461,9.794,-0.004,-0.048,-0.025,13.19,-22.425,-49.992,1
7716.034,-0.044,-0.377,9.91,-0.003,-0.015,-0.009,13.864,-22.255,-50.357,1
7851.969,-0.15,-0.485,9.768,0.059,-0.049,-0.008,13.774,-22.692,-49.872,1
7988.01,0.062,-0.379,9.964,-0.044,-0.062,-0.03,13.798,-22.177,-49.605,1
8124.006,0.048,-0.425,9.852,0.018,-0.051,-0.033,13.304,-22.218,-48.853,1
8258.98,-0.025,-0.396,9.915,-0.013,-0.064,0.0,13.813,-22.348,-50.316,1
8394.987,0.012,-0.478,9.855,-0.04,-0.056,-0.005,13.776,-22.408,-50.202,1
8531.011,-0.002,-0.456,9.878,0.023,-0.026,0.011,13.762,-22.954,-50.487,1
8671.037,-0.01,-0.413,9.945,0.019,-0.039,-0.008,13.067,-22.094,-50.102,1
8807.001,-0.029,-0.429,9.959,0.007,-0.083,-0.048,13.621,-22.541,-49.801,1
8942.977,0.038,-0.472,9.963,0.048,-0.074,-0.018,12.402,-21.857,-50.202,1
9079.02,-0.005,-0.432,9.915,0.02,-0.096,-0.039,12.757,-22.132,-49.259,1
9214.001,0.048,-0.446,9.85,0.032,-0.014,-0.023,12.213,-21.782,-49.512,1
9349.999,0.09,-0.439,9.999,-0.027,-0.072,-0.036,12.776,-21.719,-48.642,1
9486.036,0.094,-0.509,9.846,-0.049,-0.099,0.007,12.799,-21.275,-49.792,1
9622.008,0.084,-0.539,9.966,-0.029,-0.052,0.031,12.879,-21.296,-48.523,1
9761.984,0.03,-0.728,9.732,-0.042,-0.051,0.029,13.237,-21.222,-49.113,1
9897.985,-0.066,-0.609,10.006,-0.048,-0.03,0.014,13.3,-20.957,-49.587,1
10034.029,-0.037,-0.659,9.787,-0.0,-0.07,-0.005,13.266,-20.447,-48.947,1
10168.998,-0.077,-0.64,10.029,0.05,-0.034,-0.024,13.04,-21.081,-49.781,1
10304.985,-0.077,-0.668,9.874,-0.007,-0.061,-0.027,13.507,-20.638,-49.182,1
10440.988,-0.064,-0.692,9.958,0.001,-0.031,-0.013,13.582,-20.059,-48.36,1
10577.011,-0.097,-0.666,9.942,0.008,-0.017,0.037,13.166,-19.954,-49.041,1
10711.992,-0.056,-0.72,9.843,0.014,-0.065,0.017,12.942,-20.793,-49.261,1
10848.015,-0.111,-0.714,9.99,0.031,-0.092,0.014,13.922,-20.877,-49.2,1
10988.978,-0.083,-0.724,9.902,0.028,-0.046,-0.033,13.024,-21.278,-48.415,1
11125.011,-0.07,-0.615,9.876,0.014,-0.047,-0.027,13.766,-21.187,-48.482,1
11259.998,-0.052,-0.588,9.906,0.007,-0.028,0.003,13.412,-20.81,-49.463,1
11396.009,-0.064,-0.635,9.925,-0.026,-0.039,-0.041,13.431,-20.676,-49.113,1
11532.006,-0.039,-0.535,9.966,0.048,-0.03,-0.026,13.603,-21.638,-48.925,1
11666.996,-0.025,-0.501,9.899,0.041,-0.008,-0.023,13.441,-21.372,-49.336,1
11802.997,-0.082,-0.584,10.017,0.008,-0.046,-0.006,13.203,-22.023,-48.926,1
11938.977,-0.004,-0.514,9.938,-0.045,-0.047,0.009,13.374,-21.468,-50.014,1
12080.003,0.008,-0.527,9.861,-0.021,-0.048,0.007,13.764,-21.297,-48.849,1
12215.014,-0.024,-0.567,9.948,0.031,-0.021,-0.039,13.36,-21.599,-49.543,1
12351.024,-0.059,-0.595,9.891,0.027,-0.048,0.013,13.953,-20.997,-49.321,1
12487.011,-0.038,-0.592,9.994,0.011,-0.08,0.043,13.935,-21.864,-49.012,1
12622.972,-0.021,-0.59,9.815,0.042,-0.029,0.023,13.778,-21.493,-48.849,1
12758.02,-0.024,-0.605,9.924,0.021,-0.031,-0.006,14.128,-21.148,-48.778,1
12893.998,-0.019,-0.632,9.878,0.001,-0.053,-0.006,14.001,-20.92,-47.721,1
13029.991,-0.079,-0.589,9.899,-0.027,0.01,-0.047,13.774,-21.094,-49.664,1
13170.987,-0.022,-0.671,9.898,0.054,-0.065,-0.003,14.014,-20.946,-48.822,1
13306.998,-0.097,-0.713,9.875,0.03,-0.055,-0.01,13.99,-20.506,-49.099,1
13442.989,-0.112,-0.649,9.853,0.015,-0.025,0.01,14.374,-20.496,-48.951,1
13578.993,-0.185,-0.591,9.942,0.02,-0.002,0.037,14.777,-20.972,-48.994,1
13713.966,-0.065,-0.612,9.832,-0.016,-0.058,0.044,14.254,-20.918,-47.79,1
13850.008,-0.05,-0.551,9.926,0.005,-0.066,-0.016,14.423,-20.887,-48.418,1
13985.976,-0.114,-0.635,9.921,-0.016,-0.027,0.017,14.52,-21.203,-48.582,1
14121.971,-0.004,-0.596,9.782,0.036,-0.099,0.009,14.437,-21.829,-52.028,1
14257.001,-0.043,-0.508,9.88,0.018,-0.034,0.002,14.211,-20.689,-48.43,1
14399.019,-0.032,-0.514,9.897,0.002,-0.045,0.021,14.638,-21.614,-48.686,1
14534.979,-0.046,-0.534,9.903,-0.017,-0.032,-0.037,14.691,-20.936,-49.069,1
14669.99,-0.039,-0.551,9.918,0.006,-0.04,-0.062,13.857,-21.659,-48.932,1
14805.978,-0.065,-0.559,9.903,0.007,-0.05,0.002,14.622,-21.641,-50.003,1
14942.003,-0.011,-0.578,9.918,0.004,-0.063,-0.011,14.599,-22.022,-49.447,1
15078.013,0.013,-0.577,9.833,0.035,-0.067,-0.025,14.076,-21.628,-49.671,1
15213.009,0.036,-0.536,9.939,0.016,-0.082,0.038,13.4,-21.713,-52.385,1
15349.036,-0.009,-0.52,9.908,0.067,-0.008,-0.03,13.237,-21.815,-49.821,1
15489.97,-0.03,-0.532,9.89,0.001,-0.087,0.04,13.349,-21.647,-49.091,1
15624.995,-0.029,-0.541,9.909,0.034,-0.068,0.003,13.891,-21.792,-49.551,1
15760.956,-0.03,-0.542,9.875,0.039,-0.021,0.026,13.751,-22.174,-49.368,1
15896.995,-0.01,-0.547,9.908,-0.04,-0.1,0.015,12.856,-21.954,-49.936,1
16033.013,0.033,-0.525,9.871,0.02,-0.037,0.02,13.33,-22.259,-49.664,1
16168.029,0.028,-0.475,9.917,0.036,-0.066,-0.024,13.322,-21.407,-49.929,1
16303.982,0.007,-0.503,9.901,0.004,-0.011,0.016,13.054,-21.519,-49.999,1
16440.005,0.001,-0.501,9.864,0.047,-0.043,-0.034,13.347,-21.564,-49.645,1
16575.97,-0.002,-0.511,9.927,0.02,-0.038,0.035,13.176,-21.776,-49.864,1
16715.99,0.022,-0.413,9.939,0.05,-0.043,-0.026,13.357,-21.963,-49.002,1
16851.975,-0.059,-0.434,9.872,0.092,-0.086,-0.015,13.19,-21.934,-51.078,1
16988.019,0.03,-0.214,9.952,0.114,-0.029,-0.007,12.94,-22.62,-50.158,1
17123.998,0.037,-0.268,9.798,0.057,-0.1,0.006,12.863,-22.461,-49.476,1
17259.006,0.014,-0.266,9.927,0.068,-0.041,-0.001,13.384,-21.968,-50.625,1
17394.977,0.056,-0.258,9.91,0.049,-0.051,0.007,12.947,-22.702,-48.856,1
17531.004,0.096,-0.117,9.92,0.064,-0.067,-0.025,13.073,-22.717,-50.709,1
17666.021,0.097,-0.184,9.963,-0.043,-0.046,-0.017,12.684,-22.58,-50.367,1
17807.029,0.137,-0.194,9.893,0.026,-0.03,-0.027,12.912,-22.699,-50.256,1
17942.949,0.042,-0.146,9.969,0.042,-0.022,-0.027,12.594,-22.584,-50.031,1
18079.004,0.127,-0.068,9.988,0.046,-0.05,0.013,12.723,-23.421,-49.157,1
18213.992,0.072,-0.153,9.979,-0.012,-0.01,-0.023,13.242,-23.318,-50.417,1
18350.009,0.089,-0.128,9.916,0.023,-0.018,-0.022,12.504,-23.86,-49.756,1
18485.96,0.06,-0.099,9.907,0.033,-0.035,-0.024,12.873,-23.839,-49.888,1
18626.99,0.068,-0.079,9.952,-0.008,-0.052,-0.042,12.308,-23.829,-51.332,1
18763.991,0.085,-0.082,10.007,0.019,-0.038,-0.014,13.018,-23.348,-50.471,1
18900.983,0.076,-0.068,9.891,0.026,-0.001,-0.033,12.738,-23.574,-50.552,1
19041.98,0.053,-0.076,9.941,0.058,-0.026,-0.012,13.227,-23.359,-49.752,1
19178.993,0.118,-0.01,9.93,0.03,-0.017,-0.038,13.192,-24.235,-50.362,1
19315.979,0.096,-0.092,9.885,-0.018,0.002,-0.0,13.026,-24.202,-49.825,1
19453.015,0.092,-0.133,9.829,-0.005,-0.024,-0.015,12.228,-23.522,-48.42,1
19588.969,0.09,-0.093,9.895,-0.013,-0.07,-0.007,12.633,-23.201,-48.514,1
19725.987,0.173,-0.08,9.879,-0.045,-0.01,-0.003,12.641,-23.57,-50.229,1
19863.008,0.131,-0.102,9.926,-0.033,-0.081,-0.027,12.488,-23.427,-50.0,1
20000.007,0.092,-0.138,9.851,-0.0,-0.073,-0.029,12.248,-23.362,-48.963,1
20141.968,0.139,-0.19,9.78,0.027,-0.044,0.011,13.217,-23.505,-49.159,1
20278.994,0.145,-0.074,9.863,0.086,-0.063,0.021,12.648,-23.541,-50.204,1
20414.992,0.127,-0.022,9.959,0.025,-0.063,-0.005,13.061,-23.897,-49.723,1
20549.991,0.113,-0.007,9.93,0.014,-0.041,0.0,12.463,-23.794,-49.232,1
20686.983,0.148,0.003,9.941,-0.026,-0.024,0.003,12.698,-24.123,-49.226,1
20822.979,0.151,-0.08,9.896,0.031,-0.025,0.023,13.289,-24.051,-49.585,1
20959.053,0.086,-0.013,10.017,0.009,-0.055,-0.028,12.969,-23.879,-49.728,1
21108.014,0.114,-0.068,9.893,-0.039,-0.009,0.023,12.394,-24.297,-49.596,1
21243.994,0.122,-0.131,9.924,0.045,-0.033,-0.003,12.954,-23.916,-47.978,1
21422.021,0.178,-0.079,9.858,-0.007,-0.047,-0.015,12.985,-24.134,-49.421,1
21561.994,0.107,-0.037,9.905,0.011,-0.066,-0.009,12.972,-23.66,-49.757,1
21701.976,0.175,0.06,9.992,0.045,-0.026,0.043,13.475,-24.221,-50.094,1
21841.007,0.097,-0.046,9.917,0.034,-0.017,0.011,12.74,-24.627,-48.99,1
21981.992,0.08,0.036,9.966,0.008,-0.043,-0.026,13.782,-24.141,-49.362,1
22122.01,0.111,0.041,9.825,0.006,-0.082,0.012,13.286,-24.574,-50.057,1
22261.946,0.09,0.051,9.981,0.013,-0.035,-0.02,13.484,-24.395,-50.059,1
22402.001,0.059,0.081,9.898,0.032,-0.044,0.013,13.448,-24.13,-49.167,1
22541.994,0.115,0.098,9.9,0.006,0.003,-0.019,13.453,-23.844,-50.199,1
22687.985,0.104,0.036,9.935,-0.014,-0.022,-0.067,13.667,-24.454,-48.981,1
22830.022,0.154,0.08,9.959,0.011,-0.013,-0.009,13.989,-24.096,-48.803,1
22969.047,0.142,0.069,9.869,0.024,-0.036,-0.017,12.904,-25.066,-48.987,1
23109.026,0.136,0.019,9.981,-0.021,-0.025,-0.005,13.804,-24.14,-48.499,1
23248.993,0.152,0.005,9.925,0.008,-0.054,-0.018,13.541,-24.275,-48.888,1
23388.033,0.127,-0.033,9.945,0.026,-0.044,0.032,13.586,-24.098,-48.733,1
23528.018,0.19,-0.056,9.931,0.024,-0.051,-0.025,13.135,-24.344,-48.073,1
23666.998,0.163,0.021,9.884,0.019,-0.025,0.005,12.755,-24.347,-48.252,1
23812.991,0.157,0.002,9.912,-0.019,-0.042,-0.029,13.403,-24.123,-48.841,1
23953.015,0.127,-0.012,9.938,0.006,-0.073,-0.028,13.518,-23.85,-48.574,1
24091.967,0.186,-0.057,9.913,-0.001,-0.093,0.018,12.04,-24.063,-47.448,1
24231.977,0.166,-0.083,9.868,0.004,-0.037,-0.045,12.107,-24.233,-48.476,1
24372.024,0.233,-0.041,9.959,-0.017,-0.062,-0.018,12.482,-23.705,-47.133,1
24510.994,0.207,-0.077,9.89,-0.003,-0.032,-0.036,12.622,-23.825,-48.449,1
24650.974,0.23,-0.069,9.958,0.011,-0.054,0.015,12.361,-23.966,-48.642,1
24790.97,0.221,-0.102,9.921,0.029,-0.075,-0.019,12.402,-23.509,-48.503,1
24929.981,0.214,-0.101,9.926,0.023,-0.022,-0.027,11.996,-23.3,-47.241,1
25075.971,0.203,-0.136,9.933,0.01,-0.05,0.005,12.441,-23.693,-48.073,1
25214.976,0.231,-0.127,9.895,-0.008,-0.036,-0.01,12.357,-22.683,-47.5,1
25354.981,0.18,-0.049,9.908,-0.001,0.02,-0.002,11.996,-23.126,-48.897,1
25494.952,0.178,-0.115,9.83,0.003,-0.051,0.005,12.463,-23.301,-49.007,1
25633.997,0.174,-0.105,9.958,0.043,-0.053,0.022,12.875,-24.155,-47.783,1
25773.937,0.249,-0.056,9.893,0.017,-0.019,0.01,12.413,-22.936,-47.952,1
25913.973,0.211,-0.034,9.933,0.019,-0.016,-0.033,12.308,-23.587,-48.678,1
26053.022,0.207,-0.027,9.979,0.026,-0.009,-0.005,12.219,-23.369,-48.296,1
26199.02,0.193,-0.066,9.974,0.024,-0.056,-0.003,11.678,-23.492,-48.718,1
26338.022,0.231,-0.16,9.847,0.044,-0.049,-0.003,11.939,-23.692,-48.37,1
26477.965,0.244,-0.071,9.863,0.022,-0.033,0.001,12.042,-23.587,-48.045,1
26618.052,0.192,-0.078,9.908,-0.036,-0.03,0.009,11.757,-23.923,-47.867,1
26756.987,0.217,-0.122,9.942,0.004,-0.032,-0.005,12.161,-23.235,-47.117,1
26896.99,0.207,-0.12,9.927,-0.027,-0.049,0.001,12.357,-24.111,-47.837,1
27036.991,0.178,-0.09,9.95,-0.043,-0.051,-0.041,12.532,-23.225,-46.717,1
27176.002,0.174,-0.117,9.942,-0.011,-0.017,-0.018,12.23,-22.935,-47.834,1
27316.014,0.205,-0.145,9.925,0.002,-0.024,0.001,12.53,-23.122,-47.984,1
27461.026,0.149,-0.136,9.951,-0.044,-0.076,-0.006,12.154,-22.592,-47.522,1
27600.974,0.196,-0.201,9.914,-0.029,-0.035,-0.052,11.992,-22.637,-47.665,1
27740.951,0.197,-0.22,9.877,0.034,-0.034,0.004,11.873,-22.722,-48.246,1
27879.999,0.22,-0.14,9.934,-0.03,-0.054,-0.032,12.159,-23.123,-47.979,1
28059.03,0.188,-0.12,9.903,0.075,-0.017,-0.007,11.587,-23.259,-47.805,1
28198.996,0.163,-0.127,9.946,-0.029,-0.007,-0.035,11.924,-23.306,-48.466,1
28338.027,0.144,-0.197,9.944,0.049,-0.016,-0.016,11.905,-23.213,-48.127,1
28484.977,0.186,-0.093,9.919,0.026,-0.045,0.003,12.06,-23.536,-47.737,1
28630.017,0.191,-0.152,9.888,0.001,-0.044,0.0,10.95,-23.927,-47.902,1
28770.007,0.197,-0.212,9.895,0.018,-0.026,-0.006,11.797,-23.822,-47.61,1
28910.015,0.163,-0.127,10.004,0.032,-0.026,0.013,11.171,-23.938,-48.835,1
29048.99,0.147,-0.164,10.0,0.025,-0.053,0.02,12.549,-23.598,-47.961,1
29188.997,0.198,-0.153,9.904,-0.018,-0.066,0.015,11.555,-23.822,-47.598,1
29328.999,0.172,-0.165,9.876,0.052,-0.088,0.014,11.71,-23.494,-48.173,1
29467.974,0.238,-0.136,9.926,0.047,-0.035,-0.021,11.805,-23.766,-47.54,1
29607.97,0.242,-0.086,9.942,0.013,-0.047,0.019,11.552,-23.132,-48.449,1
29747.995,0.211,-0.192,9.868,0.002,-0.028,0.007,11.614,-23.534,-48.16,1
29892.998,0.202,-0.128,9.887,0.029,-0.03,0.015,14.755,-23.743,-48.01,1
30032.993,0.206,-0.145,9.972,-0.019,-0.015,0.021,10.936,-23.907,-48.781,1
30172.02,0.203,-0.152,9.93,0.048,-0.055,0.012,11.545,-24.223,-49.725,1
30313.007,0.131,-0.189,9.857,0.015,-0.081,-0.04,11.703,-23.742,-48.586,1
30454.005,0.156,-0.196,9.895,-0.003,-0.084,-0.03,11.253,-23.449,-49.586,1
30593.012,0.165,-0.082,10.019,-0.01,-0.052,-0.012,11.806,-23.418,-49.247,1
30733.017,0.178,-0.086,9.99,0.012,-0.028,-0.006,12.552,-23.926,-49.787,1
30872.993,0.158,-0.184,9.933,-0.019,-0.021,-0.021,11.96,-23.993,-49.341,1
31017.975,0.166,-0.063,9.979,0.016,-0.018,0.041,11.742,-23.882,-49.692,1
31157.977,0.165,-0.143,9.967,-0.023,-0.057,-0.041,11.325,-23.577,-49.562,1
31296.979,0.175,-0.166,9.978,0.002,-0.041,0.015,11.134,-22.861,-49.316,1
31437.041,0.182,-0.129,9.969,-0.016,-0.049,-0.034,11.657,-23.194,-49.754,1
31577.032,0.177,-0.151,9.915,0.015,-0.024,0.005,12.422,-23.639,-48.903,1
31716.064,0.206,-0.123,9.899,0.032,-0.103,0.014,11.454,-23.136,-49.348,1
31856.007,0.209,-0.117,9.971,0.006,-0.061,0.015,11.362,-23.48,-50.175,1
31995.996,0.223,-0.174,9.956,0.009,-0.051,0.017,11.405,-23.768,-49.439,1
32135.004,0.175,-0.187,9.953,-0.009,-0.075,0.012,11.482,-22.881,-48.42,1
32281.006,0.215,-0.187,9.896,0.033,-0.015,-0.041,11.635,-23.103,-48.788,1
32420.012,0.163,-0.154,9.923,0.003,-0.05,0.017,11.125,-23.5,-49.004,1
32559.976,0.14,-0.153,9.929,0.042,-0.044,0.024,11.63,-23.505,-49.862,1
32700.003,0.244,-0.133,9.895,0.04,-0.05,0.007,11.96,-23.724,-49.789,1
2785.015,0.18,-0.308,9.942,0.007,-0.026,-0.023,12.23,-21.388,-48.427,1
2922.038,0.357,-0.371,9.832,0.059,-0.031,-0.111,11.743,-21.555,-48.909,1
3060.018,0.156,-0.239,10.179,0.003,-0.077,-0.013,12.63,-21.532,-48.716,1
3197.972,0.194,-0.114,10.474,-0.011,0.096,-0.018,13.082,-22.152,-49.453,1
3334.978,0.082,-0.448,10.052,-0.013,-0.111,-0.056,12.87,-21.574,-48.109,1
3473.02,0.239,-0.578,9.626,-0.005,-0.041,-0.079,12.43,-21.788,-48.931,1
3611.043,-0.08,-0.527,9.781,-0.014,-0.08,-0.005,12.728,-21.564,-50.11,1
3748.994,0.287,-0.281,10.495,-0.031,-0.076,0.004,12.156,-21.456,-49.817,1
3892.968,0.048,-0.506,9.657,0.032,-0.068,-0.004,11.786,-20.669,-50.729,1
4030.981,0.37,-0.482,9.866,0.122,-0.1,0.005,11.74,-22.183,-49.203,1
4167.962,0.385,-0.105,9.298,0.017,0.036,0.063,12.548,-22.297,-48.893,1
4304.984,0.322,-0.302,9.855,0.062,-0.115,0.04,12.24,-21.589,-49.677,1
4442.0,0.22,-0.36,10.08,-0.041,-0.025,0.012,11.6,-21.813,-48.638,1
4579.002,0.225,-0.415,9.889,-0.098,-0.066,0.015,11.882,-21.723,-49.64,1
4714.013,0.246,-0.504,9.976,0.108,0.034,-0.049,11.673,-21.484,-49.232,1
4849.988,0.106,-0.433,9.898,0.055,-0.014,0.018,12.961,-21.215,-49.583,1
4985.998,0.106,-0.541,9.737,0.076,-0.041,-0.009,13.315,-21.442,-49.902,1
5125.988,-0.035,-0.302,10.145,0.096,0.018,0.001,12.789,-22.713,-49.703,1
5261.993,0.061,-0.116,9.842,0.108,-0.046,0.047,12.313,-22.997,-49.382,1
5397.951,0.025,-0.23,9.772,0.016,-0.044,0.049,13.487,-22.936,-48.766,1
5533.98,-0.037,-0.249,9.751,-0.065,-0.124,0.001,12.743,-23.008,-49.239,1
5669.021,-0.052,-0.359,9.753,-0.141,-0.019,0.048,12.875,-22.021,-49.636,1
5804.955,-0.002,-0.407,9.88,0.072,-0.058,-0.003,13.611,-22.598,-49.974,1
5940.998,0.133,-0.398,9.81,-0.089,-0.123,-0.031,13.206,-21.797,-49.75,1
6077.023,0.069,-0.406,9.896,-0.003,-0.032,0.016,13.284,-22.437,-49.015,1
6218.007,0.051,-0.432,9.93,-0.043,-0.042,0.015,12.285,-22.338,-48.525,1
6354.007,0.036,-0.43,9.972,-0.004,-0.029,0.024,12.404,-22.369,-49.31,1
6489.995,0.059,-0.473,9.908,-0.032,-0.056,-0.026,12.438,-22.109,-48.969,1
6625.013,0.068,-0.495,9.943,0.013,-0.025,-0.01,12.904,-22.048,-48.423,1
6760.973,0.077,-0.466,9.812,-0.006,-0.069,0.032,13.032,-22.008,-48.496,1
6897.008,0.037,-0.366,9.96,0.014,-0.023,-0.023,13.351,-22.062,-49.542,1
7032.984,-0.026,-0.42,9.82,0.021,-0.078,-0.004,13.58,-21.941,-49.637,1
7167.99,-0.045,-0.552,9.906,-0.035,-0.065,0.007,13.344,-21.931,-49.909,1
7303.999,0.015,-0.506,9.808,-0.028,-0.015,0.029,13.922,-22.888,-50.086,1
7444.948,0.059,-0.509,9.861,0.101,-0.109,-0.019,13.426,-21.83,-48.886,1
7581.03,0.016,-0.451,9.837,0.032,-0.042,0.02,13.149,-22.435,-50.009,1
7715.941,-0.093,-0.469,9.958,0.003,-0.004,-0.021,13.851,-22.254,-50.311,1
7851.992,-0.152,-0.499,9.806,0.093,-0.035,-0.028,13.753,-22.666,-49.89,1
7988.019,0.029,-0.319,9.978,-0.089,-0.044,-0.047,13.819,-22.195,-49.611,1
8124.022,-0.045,-0.369,9.871,0.043,-0.066,-0.018,13.308,-22.191,-48.8,1
8259.005,0.007,-0.403,9.912,-0.039,-0.039,0.016,13.753,-22.376,-50.316,1
8394.997,0.001,-0.472,9.818,-0.016,-0.022,-0.063,13.721,-22.441,-50.23,1
8531.0,0.021,-0.427,9.842,0.02,-0.02,-0.008,13.717,-22.997,-50.491,1
8670.964,-0.026,-0.436,9.892,0.028,-0.009,-0.006,13.009,-22.103,-50.129,1
8806.987,-0.023,-0.442,9.951,0.007,-0.07,-0.018,13.635,-22.581,-49.753,1
8943.023,0.049,-0.489,9.93,0.023,-0.036,-0.033,12.385,-21.847,-50.223,1
9078.977,0.02,-0.426,9.904,0.029,-0.061,-0.017,12.793,-22.108,-49.224,1
9213.999,0.068,-0.454,9.836,0.014,-0.036,-0.012,12.234,-21.75,-49.557,1
9349.967,0.094,-0.416,10.011,-0.032,-0.028,-0.018,12.774,-21.763,-48.682,1
9486.027,0.072,-0.532,9.827,-0.021,-0.084,-0.005,12.776,-21.249,-49.845,1
9621.986,0.052,-0.502,9.965,-0.025,-0.028,0.007,12.86,-21.3,-48.5,1
9762.021,0.02,-0.683,9.725,-0.048,-0.056,0.026,13.242,-21.236,-49.159,1
9898.01,-0.07,-0.59,10.002,-0.052,0.028,0.04,13.271,-20.937,-49.6,1
10034.009,-0.025,-0.723,9.817,-0.041,-0.066,-0.033,13.24,-20.479,-48.961,1
10169.002,-0.044,-0.653,10.006,0.068,-0.019,-0.028,13.049,-21.095,-49.749,1
10304.975,-0.156,-0.671,9.867,0.011,-0.059,-0.04,13.499,-20.63,-49.16,1
10441.004,-0.043,-0.7,9.925,0.003,-0.02,-0.036,13.571,-20.056,-48.352,1
10576.992,-0.058,-0.677,9.952,-0.026,-0.057,-0.034,13.129,-19.911,-49.069,1
10712.005,-0.119,-0.742,9.841,0.041,-0.043,0.006,12.955,-20.81,-49.201,1
10848.011,-0.065,-0.678,9.997,0.056,-0.049,0.022,13.923,-20.843,-49.194,1
10989.009,-0.101,-0.7,9.893,0.014,-0.075,0.003,12.993,-21.257,-48.426,1
11125.022,-0.032,-0.614,9.894,0.0,-0.066,-0.017,13.728,-21.197,-48.444,1
11259.964,-0.048,-0.604,9.937,0.02,-0.034,0.0,13.422,-20.818,-49.443,1
11395.967,-0.037,-0.641,9.891,0.068,-0.077,-0.019,13.438,-20.691,-49.138,1
11532.002,-0.073,-0.517,9.947,0.035,0.0,0.006,13.606,-21.652,-48.938,1
11666.997,0.009,-0.549,9.891,0.05,-0.043,0.021,13.437,-21.363,-49.346,1
2663.995,-9.717,1.737,-0.55,0.025,-0.083,-0.053,45.631,-22.855,22.731,2
2800.004,-9.663,1.651,-0.488,-0.025,-0.068,0.059,46.431,-22.692,22.998,2
2936.958,-9.558,1.649,-0.604,0.035,-0.016,0.067,45.51,-22.895,22.482,2
3074.012,-9.606,1.476,-0.326,-0.062,-0.025,-0.069,46.1,-23.042,21.611,2
3209.975,-9.688,1.888,-0.128,0.028,-0.049,-0.037,45.926,-23.26,22.195,2
3347.013,-9.693,1.701,-0.387,0.041,-0.079,0.038,46.427,-23.344,21.567,2
3484.004,-9.565,1.829,-0.502,0.058,-0.023,-0.028,46.125,-23.098,22.025,2
3621.026,-9.727,1.733,-0.2,0.039,-0.051,-0.009,46.398,-23.479,22.076,2
3764.015,-9.704,1.506,-0.335,-0.022,-0.085,0.001,45.653,-23.026,22.599,2
3900.963,-9.549,1.605,-0.644,0.004,-0.084,-0.004,45.747,-23.37,22.963,2
4038.033,-9.823,1.416,-0.232,0.058,0.035,0.006,45.71,-23.878,21.885,2
4173.992,-9.621,1.841,-0.272,0.033,-0.023,0.047,45.827,-23.75,22.436,2
4310.969,-9.611,1.629,-0.278,-0.011,-0.06,-0.009,45.663,-23.575,22.27,2
4448.024,-9.695,1.485,-0.577,0.018,-0.035,0.013,46.027,-23.591,21.961,2
4582.97,-9.776,1.492,-0.492,0.055,-0.002,-0.054,45.766,-23.994,21.161,2
4719.014,-9.596,1.908,-0.429,-0.022,-0.085,-0.056,46.148,-23.168,21.446,2
4854.976,-9.579,1.751,-0.183,0.049,-0.049,-0.016,45.256,-23.818,21.433,2
4997.009,-9.643,1.653,-0.349,0.023,-0.086,0.047,45.649,-24.025,21.655,2
5133.015,-9.655,1.596,-0.351,0.013,-0.062,0.036,45.486,-23.327,21.559,2
5269.008,-9.645,1.729,-0.442,-0.009,-0.047,0.051,45.183,-22.917,21.334,2
5405.016,-9.627,1.771,-0.425,-0.015,-0.009,0.025,45.386,-22.862,22.64,2
5540.994,-9.573,1.689,-0.148,0.002,-0.016,-0.051,45.378,-24.048,21.869,2
5676.014,-9.65,1.786,-0.312,0.012,-0.05,-0.015,45.477,-23.159,22.66,2
5811.973,-9.667,1.753,-0.301,0.047,-0.058,0.039,45.966,-23.746,22.367,2
5947.985,-9.605,1.582,-0.308,0.02,-0.022,0.003,45.003,-23.418,21.633,2
6083.013,-9.704,1.74,-0.474,0.011,-0.032,0.011,45.586,-23.494,20.617,2
6225.017,-9.518,1.976,-0.548,-0.004,-0.02,0.012,45.546,-23.144,22.676,2
6361.007,-9.652,1.594,-0.442,0.011,-0.026,-0.001,45.024,-23.615,21.066,2
6497.004,-9.623,1.837,-0.388,0.024,-0.033,0.018,45.193,-23.832,21.96,2
6631.981,-9.629,1.858,-0.411,-0.017,-0.055,-0.023,45.471,-23.708,21.52,2
6768.011,-9.667,1.687,-0.448,0.025,-0.032,-0.004,45.533,-23.387,22.358,2
6904.015,-9.738,1.583,-0.387,0.032,-0.038,0.009,46.045,-23.186,22.902,2
7039.97,-9.623,1.606,-0.444,0.053,-0.092,0.05,45.69,-23.502,21.887,2
7175.034,-9.655,1.643,-0.541,0.009,-0.081,0.01,44.917,-24.266,21.659,2
7315.998,-9.615,1.729,-0.045,0.007,-0.018,0.004,46.119,-24.222,21.726,2
7451.999,-9.663,1.414,-0.24,0.027,-0.077,0.014,45.972,-23.456,20.687,2
7587.037,-9.654,1.718,-0.787,0.007,0.004,-0.017,46.682,-23.212,21.33,2
7722.973,-9.634,1.85,-0.144,0.063,-0.022,-0.015,46.234,-23.646,21.435,2
7859.015,-9.641,1.595,-0.145,0.003,-0.012,-0.008,45.974,-23.633,21.327,2
7994.983,-9.708,1.796,-0.679,-0.037,-0.03,-0.017,46.087,-23.576,20.964,2
8129.978,-9.691,1.606,-0.222,0.016,-0.005,0.029,45.699,-23.05,22.389,2
8265.949,-9.559,1.861,-0.149,-0.042,-0.052,-0.047,46.375,-22.904,21.59,2
8401.952,-9.636,1.674,-0.271,0.012,-0.033,-0.002,46.081,-23.445,21.266,2
8541.994,-9.61,1.781,-0.264,0.022,-0.062,0.002,46.043,-23.598,22.227,2
8679.009,-9.585,1.78,-0.614,0.03,-0.011,-0.009,46.03,-23.416,21.465,2
8815.002,-9.714,1.824,-0.093,0.007,0.0,-0.019,46.431,-23.692,21.44,2
8951.019,-9.604,1.912,-0.221,-0.009,-0.087,-0.036,46.797,-24.092,21.436,2
9086.005,-9.583,1.901,-0.502,0.012,-0.042,0.06,46.269,-23.154,20.608,2
9222.013,-9.708,1.473,-0.536,-0.026,-0.026,-0.026,46.156,-23.647,21.686,2
9358.015,-9.71,1.844,-0.46,-0.019,-0.032,0.012,46.606,-23.179,21.462,2
9493.988,-9.597,2.004,-0.377,0.006,-0.043,0.021,45.948,-24.021,21.834,2
9629.027,-9.602,1.897,-0.275,-0.006,-0.026,0.041,46.358,-23.647,22.019,2
9770.02,-9.65,1.739,-0.491,0.001,-0.061,-0.003,45.429,-23.994,22.522,2
9906.036,-9.603,1.827,-0.461,0.037,-0.016,-0.022,45.757,-23.572,21.956,2
10040.971,-9.609,1.882,-0.17,0.014,-0.025,0.023,46.142,-23.042,21.126,2
10176.989,-9.704,1.553,-0.371,-0.001,-0.069,-0.013,45.816,-23.171,22.137,2
10312.978,-9.625,1.734,-0.486,0.003,-0.037,-0.053,45.934,-23.061,21.441,2
10448.993,-9.592,1.892,-0.331,-0.038,-0.012,-0.045,46.186,-23.515,22.399,2
10583.964,-9.564,1.872,-0.233,-0.038,-0.041,-0.01,46.122,-23.724,22.411,2
10719.995,-9.649,1.793,-0.407,0.002,-0.025,0.004,45.735,-23.147,22.315,2
10861.004,-9.606,1.862,-0.378,0.014,-0.055,-0.041,46.013,-23.54,22.225,2
10997.011,-9.621,1.831,-0.483,0.011,-0.023,0.003,46.578,-24.037,22.644,2
11131.994,-9.628,2.035,-0.534,-0.012,-0.021,-0.041,46.43,-23.748,21.755,2
11268.019,-9.76,1.775,-0.23,0.015,-0.07,0.011,46.283,-24.109,21.854,2
11403.989,-9.646,1.574,-0.47,0.002,-0.098,0.002,46.177,-24.176,21.976,2
11539.985,-9.711,1.554,-0.596,0.039,-0.068,-0.018,46.3,-24.479,22.205,2
11675.007,-9.741,1.632,-0.267,0.025,-0.048,-0.025,46.497,-24.602,21.892,2
11810.982,-9.587,1.819,-0.274,0.041,-0.053,0.005,46.241,-24.15,22.571,2
11946.999,-9.652,1.827,-0.411,-0.006,-0.046,-0.007,46.658,-24.222,22.612,2
12087.016,-9.616,1.839,-0.473,0.014,-0.065,-0.039,46.489,-24.56,21.755,2
12222.985,-9.555,1.629,-0.409,0.039,-0.071,0.012,45.874,-24.014,21.938,2
12358.982,-9.721,1.765,-0.36,0.057,-0.053,0.009,46.064,-23.428,20.741,2
12494.972,-9.561,1.853,-0.309,0.022,-0.045,-0.006,46.499,-23.747,22.092,2
12630.026,-9.6,1.839,-0.276,-0.009,-0.031,-0.04,46.661,-23.216,21.875,2
12766.054,-9.563,1.922,-0.309,0.001,-0.059,-0.025,46.241,-24.189,21.584,2
12901.972,-9.631,1.754,-0.353,-0.025,-0.023,-0.042,46.43,-23.821,21.291,2
13037.995,-9.636,1.892,-0.425,-0.003,-0.075,-0.037,46.062,-24.336,21.481,2
13172.991,-9.572,1.78,-0.402,0.02,-0.036,0.024,46.013,-23.945,21.522,2
13314.984,-9.59,1.989,-0.238,0.018,-0.001,0.006,45.792,-24.606,21.165,2
13451.022,-9.587,1.578,-0.253,0.025,0.001,-0.025,46.482,-23.596,21.817,2
13585.977,-9.692,1.748,-0.341,0.007,-0.01,-0.043,45.157,-23.849,22.377,2
13722.031,-9.733,1.578,-0.228,0.041,-0.017,-0.014,45.966,-24.313,21.895,2
13857.999,-9.646,1.681,-0.442,0.003,-0.055,0.015,45.778,-23.957,20.97,2
13993.98,-9.652,1.616,-0.321,0.005,-0.027,-0.001,46.015,-24.207,21.311,2
14129.043,-9.679,1.748,-0.298,-0.025,-0.023,-0.024,45.431,-23.402,21.842,2
14264.972,-9.667,1.607,-0.463,-0.005,-0.056,-0.05,46.063,-24.467,21.494,2
14406.006,-9.625,1.877,-0.563,-0.004,-0.011,-0.02,45.078,-24.072,20.881,2
14541.002,-9.679,1.754,-0.391,0.011,-0.018,-0.002,45.641,-23.536,20.237,2
14676.945,-9.631,1.779,-0.323,0.013,-0.029,0.041,45.696,-24.173,25.641,2
14812.987,-9.762,1.797,-0.251,0.002,-0.078,-0.006,45.898,-25.079,21.215,2
14948.968,-9.718,1.623,-0.591,-0.02,-0.106,-0.02,45.558,-24.141,21.221,2
15083.992,-9.698,1.664,-0.397,0.002,-0.035,0.004,46.392,-24.322,20.785,2
15220.039,-9.696,1.662,-0.286,-0.02,-0.034,-0.006,45.495,-23.665,21.532,2
15355.98,-9.606,1.823,-0.195,-0.003,-0.025,-0.035,46.246,-24.096,22.28,2
15492.011,-9.721,1.683,-0.235,0.02,-0.052,-0.013,46.127,-24.288,21.259,2
15632.013,-9.521,1.984,-0.524,-0.036,-0.018,-0.019,45.59,-23.881,21.654,2
15767.995,-9.599,1.958,-0.25,0.013,-0.043,0.0,46.018,-24.448,21.731,2
15904.023,-9.657,1.648,-0.394,0.0,-0.042,0.002,45.868,-24.305,22.333,2
16040.012,-9.626,1.606,-0.432,-0.033,-0.041,0.004,46.033,-23.717,22.456,2
16175.035,-9.59,1.84,-0.296,0.0,-0.065,-0.012,45.851,-24.198,22.532,2
16311.036,-9.643,1.72,-0.326,-0.029,-0.025,-0.011,45.918,-24.274,21.548,2
16447.0,-9.556,1.938,-0.503,0.02,-0.053,-0.021,45.648,-24.435,22.208,2
16582.99,-9.639,1.705,-0.333,-0.022,-0.002,0.026,45.581,-24.875,22.009,2
16722.993,-9.625,1.716,-0.406,-0.008,0.005,0.012,45.231,-24.669,22.624,2
16858.975,-9.691,1.594,-0.356,0.039,-0.057,-0.042,46.016,-24.542,21.88,2
16995.033,-9.725,1.692,-0.341,-0.021,-0.065,-0.011,45.516,-24.21,22.246,2
17136.99,-9.706,1.921,-0.427,0.006,-0.013,0.022,45.753,-24.032,21.217,2
17272.998,-9.71,1.506,-0.287,-0.054,-0.063,0.008,46.56,-24.017,22.218,2
17409.013,-9.624,1.774,-0.637,-0.033,-0.03,-0.048,45.245,-24.789,22.217,2
17544.001,-9.635,1.979,-0.449,0.03,-0.017,-0.032,46.421,-24.296,22.968,2
17680.008,-9.631,1.836,-0.143,0.039,-0.066,0.039,45.673,-24.923,21.929,2
17815.959,-9.587,1.743,-0.35,-0.014,-0.125,-0.025,45.51,-24.655,22.407,2
17966.997,-9.616,1.984,-0.284,0.014,-0.033,-0.027,46.096,-24.47,22.177,2
18113.008,-9.611,1.645,-0.32,0.048,-0.062,0.033,46.132,-24.313,22.179,2
18249.003,-9.644,1.903,-0.566,-0.024,-0.034,-0.035,45.814,-24.35,21.994,2
18384.002,-9.606,1.737,-0.201,0.006,-0.039,0.0,45.817,-24.79,21.142,2
18520.016,-9.75,1.752,-0.363,-0.002,-0.009,-0.015,45.638,-23.94,21.262,2
18655.994,-9.641,1.697,-0.471,0.025,0.004,-0.043,45.381,-24.234,21.05,2
18790.986,-9.629,1.906,-0.178,-0.022,-0.01,-0.013,46.54,-24.294,22.063,2
18926.995,-9.688,1.676,-0.558,0.019,-0.072,0.056,46.595,-23.185,21.268,2
19068.983,-9.621,1.725,-0.368,-0.016,-0.026,-0.046,46.215,-24.335,20.889,2
19204.978,-9.646,1.755,-0.348,0.016,-0.012,0.018,46.346,-24.918,20.269,2
19340.002,-9.642,1.771,-0.469,0.031,-0.05,0.038,46.416,-24.783,21.57,2
19475.969,-9.654,1.645,-0.414,0.033,-0.054,0.024,45.737,-24.136,20.767,2
19612.02,-9.643,1.52,-0.318,0.016,-0.03,-0.02,46.228,-24.789,21.054,2
19747.987,-9.601,1.802,-0.524,-0.013,-0.004,-0.012,46.255,-24.092,22.179,2
19883.021,-9.682,1.822,-0.196,-0.013,-0.054,-0.032,46.685,-23.793,20.581,2
20019.009,-9.717,1.689,-0.294,0.033,-0.065,-0.009,46.196,-24.257,21.221,2
20155.006,-9.599,1.909,-0.43,0.039,-0.093,0.011,45.83,-24.401,21.326,2
20295.02,-9.651,1.567,-0.082,0.024,-0.04,0.016,46.183,-24.743,20.808,2
20431.001,-9.682,1.57,-0.508,0.043,-0.065,-0.031,46.487,-24.821,21.457,2
20567.016,-9.594,1.828,-0.366,-0.028,-0.033,-0.052,46.618,-24.38,21.65,2
20702.99,-9.71,1.64,-0.226,0.001,-0.024,0.013,47.063,-24.272,21.028,2
20837.99,-9.69,1.539,-0.384,-0.067,-0.074,-0.0,47.209,-24.373,21.477,2
20974.032,-9.671,1.748,-0.302,0.03,-0.0,-0.015,46.36,-23.939,21.853,2
21109.996,-9.622,1.823,-0.44,0.025,-0.025,0.006,47.0,-24.07,22.078,2
21246.004,-9.609,1.981,-0.271,-0.017,-0.029,-0.025,46.985,-24.123,21.947,2
21403.012,-9.626,1.438,-0.231,0.031,-0.113,0.069,47.049,-24.192,21.324,2
21541.989,-9.661,1.437,-0.595,0.044,-0.045,0.007,47.256,-24.909,20.041,2
21681.987,-9.603,1.849,-0.31,0.054,-0.009,-0.018,46.873,-23.868,21.866,2
21821.943,-9.636,2.058,-0.358,-0.041,-0.052,-0.068,45.827,-24.417,21.463,2
21960.974,-9.572,2.009,-0.172,0.013,-0.04,0.02,46.114,-23.986,22.49,2
22100.976,-9.625,1.428,-0.488,0.002,-0.059,0.046,46.669,-23.677,20.95,2
22240.991,-9.613,1.601,-0.351,0.07,-0.014,-0.058,47.179,-24.215,21.753,2
22379.962,-9.655,1.934,-0.254,-0.0,-0.042,-0.053,46.363,-24.218,21.836,2
22519.977,-9.61,1.692,-0.224,0.015,-0.061,-0.002,46.617,-24.513,21.53,2
22666.006,-9.669,1.78,-0.48,0.021,-0.065,0.048,46.574,-24.612,20.875,2
22804.995,-9.585,1.788,-0.353,-0.003,0.01,0.013,46.905,-24.238,21.605,2
22945.006,-9.614,1.745,-0.26,-0.04,-0.061,0.031,46.576,-24.312,21.453,2
23083.99,-9.599,1.833,-0.283,-0.009,-0.057,-0.028,46.623,-24.257,21.761,2
23223.996,-9.617,1.777,-0.302,0.023,-0.031,-0.019,46.317,-23.901,21.185,2
23363.985,-9.551,1.972,-0.469,0.038,-0.019,-0.035,47.082,-24.699,21.537,2
23502.978,-9.602,1.701,-0.424,0.029,-0.047,0.04,46.355,-24.322,22.641,2
23642.992,-9.67,1.66,-0.325,-0.027,-0.012,-0.019,46.535,-24.47,22.004,2
23788.033,-9.587,2.104,-0.408,0.014,-0.035,-0.03,46.181,-24.169,21.809,2
23927.993,-9.597,1.962,-0.292,0.03,-0.041,0.002,46.555,-24.775,20.376,2
24067.98,-9.667,1.708,-0.474,-0.004,-0.051,0.003,46.02,-24.43,22.06,2
24208.021,-9.675,1.74,-0.588,0.006,-0.05,-0.023,46.187,-24.533,20.816,2
24347.013,-9.593,1.809,-0.337,0.082,-0.037,-0.009,46.352,-24.583,21.664,2
24487.003,-9.615,1.969,-0.257,0.027,-0.038,-0.014,45.904,-24.327,21.929,2
24626.006,-9.611,1.938,-0.152,0.028,-0.028,-0.003,45.758,-24.247,21.801,2
24766.014,-9.688,1.642,-0.434,-0.033,-0.115,0.004,45.813,-24.693,21.703,2
24905.978,-9.633,1.78,-0.495,0.06,-0.021,-0.03,46.616,-24.7,22.92,2
25051.043,-9.675,1.824,-0.211,-0.027,-0.031,0.022,46.637,-24.561,22.657,2
25191.017,-9.671,1.796,-0.398,-0.044,-0.014,0.039,46.125,-23.936,21.272,2
25330.974,-9.566,1.656,-0.35,0.023,-0.055,-0.026,46.422,-24.894,22.138,2
25470.004,-9.628,1.871,-0.419,0.037,-0.029,0.01,45.794,-24.962,21.984,2
25609.996,-9.515,1.813,-0.174,-0.011,-0.02,-0.003,46.47,-24.433,21.536,2
25749.997,-9.678,1.7,-0.238,-0.012,-0.028,-0.019,45.97,-24.765,21.83,2
25889.016,-9.606,2.0,-0.499,0.022,-0.044,0.024,45.836,-24.159,21.836,2
26029.016,-9.653,1.85,-0.227,0.043,-0.041,0.032,46.475,-24.367,21.99,2
26168.031,-9.606,1.936,-0.814,0.024,-0.06,0.013,46.002,-24.51,21.619,2
26313.015,-9.56,1.831,-0.369,0.017,0.003,-0.018,46.0,-24.033,21.997,2
26452.975,-9.701,1.659,-0.343,0.031,-0.026,-0.017,46.566,-24.801,21.113,2
26592.002,-9.586,2.025,-0.302,0.067,-0.046,-0.022,46.177,-24.119,21.696,2
26732.01,-9.561,1.944,-0.172,-0.005,-0.05,0.024,46.328,-24.403,21.459,2
26872.001,-9.676,1.742,-0.592,0.005,-0.055,-0.034,46.364,-23.938,20.233,2
27010.988,-9.578,1.979,-0.331,-0.032,-0.054,0.023,46.222,-24.604,20.786,2
27150.99,-9.594,1.757,-0.463,0.05,-0.041,-0.015,46.977,-24.073,21.419,2
27291.023,-9.609,1.975,-0.329,0.022,-0.078,-0.033,46.676,-24.382,21.116,2
27436.012,-9.631,1.799,-0.435,0.015,-0.065,-0.0,46.711,-24.93,19.739,2
27575.98,-9.586,1.938,-0.35,0.019,-0.013,-0.017,46.428,-24.603,20.949,2
27715.028,-9.634,1.908,-0.268,0.02,-0.052,0.003,47.108,-24.374,21.44,2
27854.987,-9.651,1.762,-0.506,0.004,-0.071,0.004,46.747,-24.354,20.392,2
27994.978,-9.607,2.067,-0.433,0.024,-0.047,0.007,46.973,-24.023,20.686,2
28134.028,-9.606,1.946,-0.139,-0.043,-0.088,0.005,46.811,-23.865,21.529,2
28274.032,-9.676,1.661,-0.519,0.017,-0.072,-0.019,47.295,-24.32,21.769,2
28413.982,-9.578,2.0,-0.58,0.07,-0.019,0.04,46.834,-24.132,22.08,2
28553.003,-9.694,1.918,-0.185,0.016,0.012,0.011,46.829,-24.701,22.556,2
28698.002,-9.607,1.948,-0.304,0.023,-0.095,-0.032,46.537,-24.026,21.463,2
28837.007,-9.607,1.864,-0.544,0.035,-0.016,0.004,46.935,-23.921,20.75,2
28976.997,-9.571,1.8,-0.339,0.015,-0.062,-0.048,45.787,-23.832,20.629,2
29117.006,-9.644,1.982,-0.327,0.006,-0.027,0.005,47.059,-24.088,19.667,2
29255.996,-9.671,1.791,-0.404,0.049,-0.056,-0.03,46.79,-24.273,20.233,2
29395.998,-9.678,1.742,-0.484,0.017,-0.048,-0.036,46.801,-23.769,20.846,2
29535.987,-9.492,1.965,-0.397,0.071,-0.041,0.015,46.773,-23.847,20.596,2
29674.969,-9.613,2.001,-0.203,0.063,-0.062,-0.031,47.1,-24.11,20.786,2
29820.002,-9.659,1.912,-0.434,0.007,-0.014,0.004,46.809,-24.07,20.723,2
29960.009,-9.508,2.054,-0.299,0.046,-0.077,-0.005,46.746,-23.9,21.473,2
30099.997,-9.593,1.985,-0.329,-0.005,-0.007,0.007,46.821,-23.982,20.95,2
30240.031,-9.599,1.77,-0.329,0.029,-0.073,-0.015,46.833,-23.696,21.822,2
30379.007,-9.628,1.72,-0.477,0.018,-0.027,-0.017,47.244,-23.837,21.392,2
30519.001,-9.628,1.679,-0.263,0.017,-0.019,-0.042,46.699,-24.198,21.635,2
30659.025,-9.585,1.954,-0.237,0.02,-0.052,-0.006,46.937,-23.536,22.027,2
30797.995,-9.581,1.797,-0.255,0.013,-0.033,0.004,46.8,-24.282,21.238,2
30937.998,-9.706,1.799,-0.225,-0.009,-0.068,-0.019,46.935,-24.092,21.411,2
31082.993,-9.672,1.736,-0.371,-0.023,-0.109,0.017,47.139,-24.651,21.025,2
31221.984,-9.546,2.245,-0.413,0.001,0.008,-0.022,47.024,-24.114,21.878,2
31361.989,-9.641,1.929,-0.137,-0.062,-0.021,-0.025,47.487,-23.858,21.16,2
31501.001,-9.534,1.648,-0.171,0.09,-0.032,0.017,46.788,-23.525,21.899,2
31640.958,-9.726,1.594,-0.161,0.027,-0.052,0.028,46.958,-23.916,21.895,2
31781.015,-9.667,1.83,-0.374,0.004,-0.055,-0.01,46.617,-24.06,21.959,2
31919.988,-9.732,1.459,-0.465,0.048,-0.054,0.004,46.562,-23.89,22.008,2
32059.969,-9.6,1.808,-0.366,-0.021,0.007,-0.045,46.56,-23.569,21.652,2
32204.991,-9.696,1.697,-0.147,-0.035,-0.044,0.023,46.734,-24.216,21.106,2
32344.02,-9.607,1.625,-0.409,0.042,-0.058,0.017,47.154,-23.657,20.6,2
32484.023,-9.715,1.694,-0.265,0.049,-0.036,-0.032,46.445,-23.452,21.231,2
32624.01,-9.617,1.892,0.059,0.024,-0.1,0.02,46.705,-23.798,21.262,2
2663.994,-9.686,1.698,-0.548,-0.01,-0.064,-0.018,45.616,-22.828,22.757,2
2799.988,-9.703,1.662,-0.468,0.002,-0.045,0.039,46.457,-22.661,22.966,2
2936.992,-9.562,1.669,-0.564,-0.017,-0.041,0.043,45.522,-22.899,22.461,2
3073.998,-9.62,1.439,-0.38,-0.082,-0.05,-0.094,46.106,-23.009,21.605,2
3209.991,-9.712,1.934,-0.141,-0.007,-0.03,-0.06,45.936,-23.257,22.16,2
3347.013,-9.713,1.63,-0.396,0.087,-0.108,-0.014,46.447,-23.356,21.49,2
3483.984,-9.568,1.798,-0.532,0.042,-0.028,-0.048,46.102,-23.124,21.986,2
3621.018,-9.771,1.746,-0.194,0.071,-0.036,-0.055,46.448,-23.487,22.063,2
3763.98,-9.701,1.492,-0.319,0.016,-0.069,0.064,45.618,-22.988,22.604,2
3901.001,-9.548,1.616,-0.654,-0.06,-0.067,-0.026,45.778,-23.397,22.978,2
4037.966,-9.828,1.405,-0.251,0.014,-0.004,0.011,45.67,-23.887,21.853,2
4174.014,-9.603,1.826,-0.268,0.04,-0.064,0.051,45.846,-23.764,22.381,2
4310.984,-9.623,1.629,-0.297,-0.002,-0.052,-0.006,45.649,-23.6,22.269,2
4448.018,-9.677,1.462,-0.549,0.018,-0.049,0.034,46.058,-23.615,21.943,2
4583.013,-9.771,1.472,-0.531,0.066,-0.047,-0.024,45.766,-23.983,21.149,2
4719.02,-9.626,1.89,-0.36,-0.057,-0.081,-0.032,46.151,-23.217,21.463,2
4855.012,-9.625,1.771,-0.153,0.023,-0.04,-0.002,45.265,-23.817,21.471,2
4996.97,-9.649,1.673,-0.385,-0.009,-0.019,0.026,45.684,-24.009,21.653,2
5132.977,-9.673,1.612,-0.393,0.039,-0.06,-0.007,45.471,-23.317,21.554,2
5269.005,-9.62,1.705,-0.472,0.059,-0.081,-0.015,45.157,-22.933,21.301,2
5405.002,-9.631,1.753,-0.386,-0.025,-0.018,-0.037,45.393,-22.898,22.626,2
5540.978,-9.61,1.668,-0.128,0.033,-0.016,-0.008,45.407,-24.032,21.894,2
5676.002,-9.615,1.743,-0.322,0.019,-0.058,0.002,45.509,-23.18,22.654,2
5811.99,-9.626,1.746,-0.319,-0.005,-0.062,0.053,46.014,-23.774,22.355,2
5947.992,-9.578,1.601,-0.352,0.041,-0.019,0.011,45.019,-23.419,21.628,2
6082.994,-9.694,1.753,-0.544,0.017,-0.01,0.044,45.576,-23.495,20.607,2
6224.98,-9.576,2.003,-0.534,0.007,-0.077,-0.01,45.584,-23.172,22.661,2
6361.005,-9.655,1.637,-0.451,0.017,-0.036,0.016,45.021,-23.656,21.058,2
6497.031,-9.667,1.848,-0.381,-0.022,0.006,0.026,45.197,-23.807,21.998,2
6631.978,-9.627,1.811,-0.423,0.044,-0.024,-0.035,45.454,-23.746,21.491,2
6767.988,-9.668,1.698,-0.443,0.009,-0.043,-0.006,45.493,-23.426,22.301,2
6904.012,-9.731,1.597,-0.412,0.008,-0.043,0.002,46.025,-23.148,22.884,2
7040.005,-9.635,1.597,-0.462,0.02,-0.045,0.035,45.703,-23.513,21.916,2
7174.994,-9.691,1.624,-0.557,0.014,-0.091,0.028,44.863,-24.28,21.641,2
7315.971,-9.625,1.732,-0.103,0.011,-0.056,-0.004,46.124,-24.218,21.719,2
7452.014,-9.681,1.409,-0.275,-0.018,-0.055,0.016,45.962,-23.441,20.672,2
7587.011,-9.619,1.761,-0.782,-0.004,0.008,-0.05,46.701,-23.229,21.351,2
7723.02,-9.592,1.874,-0.128,0.007,-0.016,-0.015,46.182,-23.695,21.409,2
7858.994,-9.666,1.591,-0.176,0.027,0.009,0.027,45.951,-23.598,21.324,2
7994.981,-9.7,1.803,-0.651,-0.043,-0.037,0.005,46.086,-23.593,20.956,2
8130.026,-9.697,1.653,-0.276,0.048,-0.037,0.013,45.724,-23.103,22.39,2
8266.024,-9.61,1.829,-0.14,-0.053,-0.078,-0.043,46.392,-22.917,21.543,2
8402.029,-9.664,1.668,-0.316,0.0,-0.058,-0.029,46.075,-23.486,21.275,2
8541.993,-9.586,1.749,-0.221,0.004,-0.054,0.006,45.995,-23.569,22.245,2
8679.011,-9.551,1.799,-0.599,0.023,-0.019,-0.026,46.019,-23.418,21.46,2
8815.002,-9.73,1.81,-0.119,0.017,0.02,0.013,46.419,-23.679,21.474,2
8951.01,-9.563,1.896,-0.252,-0.007,-0.074,0.013,46.809,-24.079,21.381,2
9086.029,-9.606,1.818,-0.502,-0.0,-0.053,-0.007,46.255,-23.121,20.624,2
9222.03,-9.691,1.538,-0.522,-0.041,0.007,0.005,46.15,-23.69,21.67,2
9358.067,-9.652,1.807,-0.438,-0.026,-0.031,0.016,46.591,-23.169,21.458,2
9493.995,-9.596,2.005,-0.342,0.046,-0.07,0.02,45.931,-24.032,21.799,2
9628.998,-9.617,1.898,-0.258,0.033,-0.027,0.037,46.337,-23.668,21.984,2
9769.997,-9.67,1.711,-0.463,0.017,-0.101,0.038,45.448,-24.021,22.501,2
9905.99,-9.608,1.836,-0.446,0.026,-0.031,0.014,45.711,-23.527,21.972,2
10041.012,-9.638,1.933,-0.179,0.005,-0.067,0.002,46.151,-23.067,21.122,2
10177.008,-9.719,1.525,-0.341,-0.034,-0.049,-0.006,45.82,-23.164,22.113,2
10313.014,-9.614,1.758,-0.482,-0.024,-0.048,-0.029,45.941,-23.114,21.416,2
10449.009,-9.581,1.928,-0.28,0.004,-0.019,-0.044,46.144,-23.5,22.433,2
10583.979,-9.576,1.883,-0.241,-0.031,-0.054,0.011,46.098,-23.723,22.441,2
10720.003,-9.662,1.772,-0.4,-0.005,-0.061,0.059,45.77,-23.148,22.286,2
10860.997,-9.609,1.872,-0.363,0.023,-0.04,-0.005,45.995,-23.563,22.227,2
10997.006,-9.63,1.789,-0.485,0.034,-0.05,0.01,46.554,-24.057,22.599,2
11132.023,-9.611,1.996,-0.511,0.006,-0.015,-0.015,46.45,-23.752,21.724,2
11268.005,-9.756,1.759,-0.212,0.006,-0.075,0.054,46.274,-24.113,21.848,2
11404.014,-9.642,1.598,-0.496,-0.008,-0.089,0.034,46.199,-24.107,21.952,2
11540.003,-9.69,1.536,-0.609,0.011,-0.03,-0.02,46.288,-24.406,22.213,2
11675.005,-9.738,1.621,-0.284,0.052,0.014,-0.001,46.509,-24.63,21.902,2
11810.977,-9.598,1.783,-0.298,0.024,-0.075,-0.008,46.24,-24.109,22.582,2
11947.002,-9.661,1.835,-0.397,0.02,-0.065,-0.005,46.666,-24.235,22.567,2
12086.999,-9.664,1.879,-0.507,-0.013,-0.066,-0.027,46.472,-24.545,21.755,2
12223.003,-9.576,1.597,-0.381,0.034,-0.05,0.007,45.893,-23.988,21.946,2
12358.986,-9.663,1.751,-0.311,0.069,-0.004,0.004,46.072,-23.43,20.745,2
12495.009,-9.542,1.824,-0.285,0.025,-0.062,0.006,46.471,-23.736,22.054,2
12629.977,-9.552,1.848,-0.276,-0.004,-0.008,-0.025,46.629,-23.247,21.871,2
12765.982,-9.576,1.926,-0.285,-0.013,-0.071,0.013,46.215,-24.227,21.577,2
12902.018,-9.656,1.774,-0.359,0.013,-0.013,-0.018,46.432,-23.799,21.275,2
13037.981,-9.617,1.901,-0.449,-0.027,-0.088,-0.031,46.084,-24.318,21.478,2
13172.967,-9.575,1.77,-0.378,0.023,-0.069,-0.002,45.963,-23.988,21.466,2
13315.013,-9.55,2.028,-0.2,-0.019,-0.025,0.015,45.735,-24.634,21.158,2
13451.02,-9.606,1.558,-0.299,0.03,-0.065,0.013,46.499,-23.594,21.832,2
13585.995,-9.623,1.745,-0.38,-0.01,-0.008,0.016,45.122,-23.8,22.399,2
13722.011,-9.667,1.594,-0.262,0.033,-0.022,-0.009,45.996,-24.277,21.883,2
13858.028,-9.664,1.697,-0.415,0.026,-0.024,-0.016,45.788,-23.952,20.924,2
13994.012,-9.676,1.612,-0.31,-0.004,0.007,0.041,45.989,-24.226,21.334,2
14129.024,-9.721,1.768,-0.313,-0.007,-0.075,0.016,45.415,-23.399,21.864,2
14264.998,-9.691,1.625,-0.438,0.011,-0.079,0.0,46.089,-24.436,21.45,2
14406.026,-9.625,1.866,-0.587,-0.009,0.015,-0.067,45.083,-24.072,20.901,2
14540.993,-9.656,1.746,-0.383,-0.03,-0.05,-0.001,45.661,-23.516,20.245,2
14677.003,-9.595,1.769,-0.292,-0.03,-0.01,-0.001,45.692,-24.119,25.649,2
14813.024,-9.782,1.759,-0.239,0.013,-0.028,-0.025,45.864,-25.092,21.21,2
14949.001,-9.713,1.622,-0.649,0.014,-0.075,0.005,45.571,-24.162,21.267,2
15083.975,-9.673,1.613,-0.425,0.033,-0.07,-0.01,46.361,-24.306,20.77,2
15220.022,-9.692,1.702,-0.282,-0.007,-0.021,-0.061,45.542,-23.663,21.534,2
15356.03,-9.593,1.821,-0.155,0.02,-0.053,0.007,46.253,-24.069,22.244,2
15492.018,-9.679,1.716,-0.257,0.018,-0.094,0.001,46.056,-24.282,21.289,2
15631.994,-9.547,1.974,-0.497,-0.017,-0.073,0.012,45.615,-23.919,21.584,2
15768.02,-9.612,1.95,-0.274,0.007,-0.053,0.005,46.008,-24.446,21.767,2
15904.019,-9.647,1.632,-0.388,0.048,-0.055,0.008,45.855,-24.341,22.356,2
16039.976,-9.598,1.638,-0.463,0.005,-0.078,-0.026,46.041,-23.745,22.467,2
16174.98,-9.601,1.868,-0.308,0.072,-0.041,-0.027,45.81,-24.207,22.509,2
16310.994,-9.605,1.673,-0.309,-0.003,-0.016,-0.036,45.889,-24.248,21.501,2
16446.995,-9.589,1.939,-0.464,0.022,-0.06,-0.025,45.618,-24.439,22.241,2
16582.987,-9.616,1.682,-0.348,0.005,-0.039,0.017,45.625,-24.868,22.018,2
16722.988,-9.633,1.685,-0.455,0.021,-0.008,-0.017,45.199,-24.646,22.638,2
16858.995,-9.655,1.59,-0.435,0.068,-0.082,0.027,46.005,-24.567,21.916,2
16995.007,-9.705,1.714,-0.352,-0.021,-0.028,-0.04,45.556,-24.25,22.273,2
17136.988,-9.694,1.931,-0.375,-0.002,-0.026,0.052,45.752,-24.033,21.195,2
17272.996,-9.746,1.479,-0.272,-0.034,-0.095,-0.001,46.565,-23.984,22.227,2
17409.014,-9.619,1.804,-0.657,-0.007,-0.065,-0.059,45.25,-24.821,22.18,2
17544.011,-9.598,1.956,-0.387,0.027,-0.012,-0.02,46.476,-24.279,23.004,2
17679.971,-9.631,1.82,-0.121,0.015,-0.057,0.042,45.681,-24.915,21.932,2
17815.955,-9.586,1.691,-0.323,0.014,-0.081,-0.025,45.53,-24.642,22.428,2
17967.005,-9.588,1.983,-0.259,-0.038,-0.002,-0.05,46.132,-24.446,22.164,2
18113.008,-9.646,1.658,-0.312,0.042,-0.072,0.06,46.145,-24.313,22.165,2
18248.994,-9.596,1.859,-0.561,-0.004,-0.05,-0.055,45.86,-24.389,21.983,2
18384.055,-9.644,1.744,-0.255,-0.021,-0.031,-0.014,45.857,-24.767,21.165,2
18519.986,-9.771,1.735,-0.332,0.034,-0.055,-0.005,45.6,-23.947,21.237,2
18656.004,-9.663,1.666,-0.469,0.012,-0.03,-0.061,45.363,-24.195,21.064,2
18791.021,-9.656,1.891,-0.187,-0.025,-0.032,-0.002,46.574,-24.34,22.089,2
18927.012,-9.696,1.659,-0.521,-0.009,-0.032,0.054,46.61,-23.196,21.326,2
19068.993,-9.657,1.711,-0.334,0.038,-0.032,0.028,46.235,-24.322,20.9,2
19205.005,-9.626,1.76,-0.342,-0.016,-0.059,-0.031,46.328,-24.916,20.274,2
19340.034,-9.62,1.777,-0.506,0.002,-0.054,-0.006,46.416,-24.823,21.586,2
19475.985,-9.652,1.608,-0.362,-0.012,-0.044,0.002,45.7,-24.132,20.736,2
19611.974,-9.67,1.529,-0.337,-0.005,-0.032,-0.018,46.205,-24.824,21.076,2
19748.001,-9.651,1.783,-0.551,0.002,-0.016,-0.023,46.256,-24.026,22.214,2
19882.967,-9.663,1.849,-0.186,0.023,0.004,-0.031,46.659,-23.847,20.605,2
20018.977,-9.682,1.704,-0.258,0.044,-0.103,0.004,46.184,-24.256,21.213,2
20154.961,-9.566,1.888,-0.452,0.028,-0.04,-0.012,45.883,-24.388,21.302,2
20295.002,-9.691,1.536,-0.09,0.011,-0.063,0.01,46.177,-24.698,20.816,2
20430.993,-9.693,1.585,-0.463,0.027,-0.071,0.023,46.501,-24.827,21.438,2
20566.981,-9.61,1.879,-0.36,0.055,-0.005,-0.03,46.56,-24.383,21.644,2
20702.996,-9.715,1.651,-0.202,0.001,-0.054,-0.006,47.113,-24.301,21.055,2
20837.99,-9.656,1.545,-0.376,-0.002,-0.079,-0.01,47.211,-24.357,21.444,2
20974.012,-9.623,1.728,-0.295,0.043,-0.054,0.01,46.346,-23.943,21.814,2
21109.989,-9.584,1.805,-0.423,0.008,-0.042,-0.008,46.974,-24.109,22.097,2
21246.002,-9.591,1.981,-0.265,0.003,-0.087,-0.023,47.016,-24.105,21.974,2
21403.0,-9.598,1.465,-0.229,0.011,-0.055,0.087,47.076,-24.222,21.341,2
21542.038,-9.661,1.485,-0.585,0.001,-0.023,0.019,47.205,-24.878,20.071,2
21682.001,-9.603,1.831,-0.326,-0.006,0.0,0.021,46.843,-23.877,21.86,2
21821.993,-9.602,2.055,-0.378,-0.008,-0.042,-0.064,45.854,-24.406,21.468,2
21961.02,-9.608,1.951,-0.157,-0.012,-0.04,0.014,46.109,-23.985,22.537,2
22101.028,-9.596,1.453,-0.506,0.026,-0.063,0.029,46.66,-23.658,20.947,2
22240.987,-9.617,1.619,-0.365,0.067,-0.017,-0.021,47.102,-24.205,21.764,2
22380.019,-9.675,1.899,-0.286,-0.003,-0.012,-0.023,46.344,-24.219,21.859,2
22520.009,-9.652,1.739,-0.246,-0.0,-0.04,-0.042,46.609,-24.486,21.491,2
22666.016,-9.638,1.755,-0.511,0.015,-0.045,0.039,46.569,-24.585,20.855,2
22804.98,-9.648,1.811,-0.385,0.006,-0.038,0.028,46.884,-24.237,21.604,2
22944.993,-9.628,1.777,-0.244,0.031,-0.015,0.043,46.6,-24.323,21.49,2
23084.008,-9.63,1.803,-0.232,-0.016,0.003,-0.024,46.636,-24.282,21.788,2
23223.999,-9.626,1.715,-0.303,0.055,-0.014,-0.044,46.322,-23.946,21.18,2
23363.99,-9.578,1.969,-0.498,-0.0,-0.002,-0.016,47.065,-24.665,21.571,2
23502.995,-9.603,1.735,-0.446,-0.027,-0.061,0.045,46.348,-24.331,22.639,2
23643.019,-9.666,1.638,-0.318,-0.005,-0.009,-0.009,46.525,-24.44,21.992,2
23787.974,-9.555,2.058,-0.405,0.019,-0.031,-0.035,46.205,-24.202,21.78,2
23928.008,-9.601,1.959,-0.312,-0.008,-0.061,0.002,46.476,-24.806,20.427,2
24068.032,-9.637,1.736,-0.522,0.014,-0.052,0.021,45.995,-24.446,22.034,2
24208.009,-9.654,1.715,-0.585,0.028,-0.051,0.005,46.209,-24.521,20.839,2
24346.992,-9.638,1.802,-0.348,0.039,-0.018,-0.024,46.383,-24.552,21.682,2
24486.978,-9.593,1.91,-0.289,0.04,-0.07,-0.012,45.929,-24.3,21.94,2
24626.003,-9.608,1.987,-0.144,-0.006,-0.02,0.0,45.733,-24.254,21.846,2
24765.974,-9.694,1.61,-0.495,0.02,-0.03,0.023,45.853,-24.649,21.671,2
24905.991,-9.588,1.761,-0.454,0.052,-0.051,-0.02,46.612,-24.763,22.862,2
25051.011,-9.643,1.804,-0.267,-0.007,-0.035,-0.005,46.624,-24.54,22.679,2
25190.982,-9.633,1.781,-0.384,-0.022,-0.086,0.053,46.125,-23.972,21.317,2
25330.997,-9.604,1.702,-0.347,0.028,-0.054,-0.002,46.396,-24.885,22.166,2
25469.971,-9.627,1.843,-0.446,0.029,0.014,0.018,45.841,-24.925,21.974,2
25610.024,-9.516,1.816,-0.213,0.02,-0.045,-0.018,46.462,-24.463,21.491,2
25750.013,-9.696,1.689,-0.31,0.013,-0.01,0.035,45.987,-24.806,21.857,2
25888.986,-9.583,1.962,-0.527,-0.005,-0.06,0.028,45.847,-24.164,21.88,2
26028.99,-9.684,1.871,-0.192,0.044,-0.112,-0.0,46.458,-24.369,21.986,2
26168.01,-9.569,1.961,-0.789,0.069,-0.055,-0.019,45.982,-24.54,21.666,2
26313.0,-9.588,1.862,-0.32,0.018,-0.025,0.029,45.961,-23.986,22.026,2
26453.019,-9.72,1.697,-0.343,0.015,-0.01,0.01,46.555,-24.833,21.106,2
26592.004,-9.604,2.012,-0.349,0.037,-0.058,-0.004,46.176,-24.12,21.784,2
26731.959,-9.56,1.935,-0.139,0.025,-0.036,0.017,46.329,-24.405,21.513,2
26871.97,-9.638,1.757,-0.609,-0.008,-0.03,-0.01,46.348,-23.935,20.269,2
27010.974,-9.594,1.979,-0.356,-0.016,-0.039,-0.005,46.213,-24.625,20.744,2
27151.014,-9.599,1.772,-0.433,0.036,-0.077,-0.006,46.967,-24.092,21.373,2
27291.01,-9.599,1.976,-0.325,0.023,-0.014,-0.007,46.647,-24.432,21.104,2
27436.006,-9.646,1.805,-0.47,0.005,-0.082,0.025,46.729,-24.9,19.74,2
27575.98,-9.558,1.945,-0.301,0.036,-0.042,0.001,46.46,-24.618,20.951,2
27714.987,-9.577,1.881,-0.267,0.012,-0.057,-0.014,47.123,-24.348,21.439,2
27854.995,-9.634,1.768,-0.479,0.051,-0.051,0.02,46.724,-24.326,20.384,2
27995.021,-9.595,2.076,-0.423,0.039,-0.001,-0.001,46.932,-24.061,20.687,2
28134.026,-9.586,1.94,-0.118,-0.01,-0.08,0.01,46.812,-23.832,21.485,2
28274.044,-9.615,1.719,-0.542,-0.015,-0.082,-0.016,47.262,-24.294,21.819,2
28413.986,-9.526,2.014,-0.619,0.04,-0.027,0.012,46.834,-24.149,22.105,2
28553.004,-9.699,1.849,-0.197,0.032,-0.033,-0.007,46.891,-24.721,22.504,2
28698.047,-9.653,1.97,-0.319,-0.008,-0.081,-0.019,46.579,-24.026,21.477,2
28837.015,-9.606,1.83,-0.535,0.011,-0.069,0.019,46.914,-23.936,20.733,2
28977.01,-9.59,1.842,-0.349,0.048,-0.053,0.018,45.786,-23.816,20.652,2
29116.987,-9.635,1.999,-0.324,0.003,-0.049,-0.015,47.046,-24.062,19.695,2
29255.989,-9.673,1.79,-0.412,0.012,-0.052,0.015,46.791,-24.32,20.211,2
29395.977,-9.654,1.703,-0.462,0.025,-0.002,-0.037,46.822,-23.752,20.826,2
29536.014,-9.523,1.989,-0.348,0.063,-0.048,0.015,46.731,-23.845,20.602,2
29675.008,-9.6,2.01,-0.181,0.074,-0.038,-0.013,47.044,-24.139,20.823,2
29820.032,-9.622,1.893,-0.444,0.001,-0.01,-0.023,46.822,-24.031,20.733,2
29960.009,-9.535,2.053,-0.298,0.003,-0.033,-0.007,46.792,-23.893,21.478,2
30100.024,-9.577,1.964,-0.373,-0.035,-0.006,-0.032,46.862,-23.973,20.957,2
30239.979,-9.63,1.777,-0.315,-0.016,-0.079,-0.008,46.831,-23.701,21.827,2
30378.993,-9.6,1.732,-0.499,0.045,-0.046,-0.005,47.272,-23.891,21.438,2
30519.001,-9.626,1.676,-0.262,0.029,-0.059,-0.031,46.627,-24.242,21.616,2
30658.993,-9.588,1.899,-0.23,0.036,-0.023,-0.01,46.92,-23.585,22.008,2
30797.999,-9.569,1.809,-0.285,0.009,-0.014,-0.038,46.802,-24.278,21.222,2
30938.006,-9.668,1.793,-0.212,-0.001,-0.047,-0.016,46.902,-24.06,21.35,2
31083.021,-9.711,1.748,-0.446,-0.005,-0.105,-0.028,47.103,-24.628,21.036,2
31222.001,-9.546,2.251,-0.433,-0.012,-0.009,-0.05,47.076,-24.084,21.843,2
31362.057,-9.629,1.945,-0.156,-0.004,-0.035,0.005,47.46,-23.833,21.149,2
31501.047,-9.544,1.685,-0.109,0.078,-0.048,0.009,46.747,-23.543,21.922,2
31640.956,-9.708,1.597,-0.156,0.035,-0.039,0.019,46.978,-23.95,21.87,2
31781.007,-9.658,1.836,-0.342,-0.001,-0.022,0.024,46.601,-24.04,21.996,2
31920.046,-9.734,1.492,-0.447,0.016,-0.071,-0.019,46.578,-23.893,22.032,2
32060.002,-9.624,1.79,-0.368,-0.011,0.021,-0.013,46.566,-23.585,21.653,2
32205.015,-9.743,1.701,-0.126,-0.031,-0.073,-0.023,46.745,-24.252,21.087,2
32344.008,-9.613,1.582,-0.424,0.012,-0.085,0.021,47.134,-23.628,20.599,2
32483.971,-9.677,1.707,-0.24,0.027,-0.05,-0.049,46.452,-23.468,21.19,2
32624.016,-9.669,1.91,0.035,0.043,-0.094,0.05,46.68,-23.737,21.22,2
2664.024,-9.698,1.699,-0.549,0.053,-0.08,-0.029,45.606,-22.834,22.745,2
2800.002,-9.69,1.611,-0.498,0.018,-0.046,0.035,46.454,-22.72,22.999,2
2937.006,-9.558,1.672,-0.56,-0.02,-0.028,0.04,45.484,-22.861,22.45,2
3073.99,-9.627,1.473,-0.38,-0.066,-0.009,-0.087,46.119,-22.955,21.573,2
3210.026,-9.706,1.944,-0.098,-0.015,-0.003,-0.078,45.922,-23.263,22.165,2
3347.018,-9.696,1.676,-0.425,0.046,-0.061,0.044,46.441,-23.337,21.509,2
3484.009,-9.55,1.831,-0.531,0.093,0.041,-0.034,46.073,-23.115,21.995,2
3620.976,-9.743,1.739,-0.21,0.029,-0.044,0.007,46.417,-23.471,22.083,2
3763.983,-9.734,1.513,-0.335,-0.029,-0.052,-0.0,45.658,-23.005,22.595,2
3900.956,-9.596,1.635,-0.688,-0.018,-0.075,-0.011,45.735,-23.403,22.972,2
4037.985,-9.86,1.374,-0.253,0.004,-0.011,0.019,45.713,-23.917,21.893,2
4174.013,-9.612,1.859,-0.266,0.06,-0.041,0.047,45.798,-23.727,22.434,2
4310.992,-9.615,1.665,-0.304,0.003,-0.04,-0.024,45.666,-23.597,22.254,2
4447.99,-9.663,1.464,-0.598,0.03,-0.054,0.03,46.059,-23.573,21.935,2
4582.989,-9.788,1.52,-0.563,0.033,-0.027,-0.01,45.759,-23.95,21.161,2
4719.018,-9.636,1.886,-0.398,-0.049,-0.071,-0.028,46.191,-23.184,21.447,2
4855.01,-9.602,1.773,-0.194,0.042,-0.023,0.017,45.299,-23.775,21.462,2
4997.021,-9.63,1.642,-0.338,0.002,-0.059,0.046,45.674,-24.04,21.637,2
5133.045,-9.639,1.592,-0.356,0.027,-0.041,0.014,45.511,-23.315,21.564,2
5269.015,-9.616,1.702,-0.483,0.004,-0.044,0.007,45.183,-22.942,21.314,2
5405.022,-9.654,1.771,-0.433,0.013,-0.001,0.0,45.43,-22.857,22.647,2
5540.995,-9.598,1.67,-0.146,0.039,0.015,-0.064,45.414,-23.999,21.855,2
5676.008,-9.636,1.797,-0.292,0.015,-0.075,0.018,45.462,-23.175,22.639,2
5811.99,-9.586,1.728,-0.302,0.012,-0.034,0.021,45.988,-23.761,22.407,2
5948.001,-9.565,1.588,-0.352,0.037,-0.037,-0.039,45.061,-23.436,21.611,2
6082.985,-9.691,1.753,-0.458,0.024,-0.019,0.026,45.545,-23.504,20.612,2
6225.012,-9.536,1.962,-0.511,-0.012,-0.026,-0.008,45.576,-23.207,22.637,2
6360.999,-9.659,1.628,-0.477,0.03,-0.056,0.018,45.01,-23.612,21.074,2
6497.004,-9.602,1.814,-0.398,0.018,-0.057,-0.003,45.22,-23.829,21.989,2
6632.011,-9.657,1.807,-0.409,-0.033,-0.07,0.019,45.457,-23.761,21.529,2
6767.983,-9.642,1.677,-0.412,0.037,-0.079,-0.018,45.516,-23.379,22.371,2
6904.037,-9.715,1.606,-0.397,0.019,-0.017,0.021,46.077,-23.193,22.884,2
7039.97,-9.657,1.584,-0.397,0.022,-0.101,-0.007,45.697,-23.526,21.935,2
7175.026,-9.622,1.641,-0.502,-0.018,-0.068,-0.031,44.892,-24.277,21.629,2
7316.029,-9.618,1.716,-0.093,0.018,-0.071,0.026,46.124,-24.242,21.763,2
7452.034,-9.685,1.408,-0.248,-0.008,-0.113,-0.005,45.966,-23.461,20.669,2
7587.003,-9.678,1.751,-0.767,0.022,0.009,-0.017,46.662,-23.223,21.341,2
7722.979,-9.633,1.817,-0.146,0.007,0.006,0.041,46.217,-23.699,21.412,2
7859.02,-9.661,1.605,-0.173,-0.021,-0.044,0.023,46.003,-23.551,21.313,2
7995.013,-9.721,1.807,-0.636,-0.004,-0.031,-0.018,46.099,-23.619,20.977,2
8129.996,-9.667,1.623,-0.282,0.02,-0.054,-0.01,45.768,-23.106,22.417,2
8266.018,-9.601,1.833,-0.187,0.013,-0.065,-0.05,46.394,-22.904,21.552,2
8401.994,-9.65,1.689,-0.313,0.007,-0.039,0.026,46.096,-23.474,21.287,2
8541.971,-9.58,1.801,-0.263,-0.013,-0.065,-0.035,46.02,-23.567,22.185,2
8679.045,-9.529,1.82,-0.646,-0.004,-0.066,-0.033,45.956,-23.397,21.443,2
8815.008,-9.733,1.825,-0.125,0.026,-0.002,0.01,46.434,-23.704,21.452,2
8950.993,-9.62,1.956,-0.221,0.0,-0.042,-0.043,46.8,-24.089,21.43,2
9085.997,-9.561,1.85,-0.454,0.01,-0.058,0.04,46.25,-23.154,20.602,2
9221.982,-9.714,1.525,-0.495,-0.044,-0.04,-0.051,46.117,-23.623,21.696,2
9357.982,-9.681,1.782,-0.461,0.032,-0.023,0.012,46.581,-23.2,21.528,2
9493.978,-9.603,1.99,-0.402,0.045,-0.024,0.003,45.921,-24.019,21.848,2
9629.0,-9.598,1.913,-0.257,0.019,-0.05,0.005,46.313,-23.64,21.971,2
9770.018,-9.686,1.684,-0.472,-0.01,-0.067,0.007,45.466,-24.028,22.511,2
9906.019,-9.59,1.831,-0.45,0.03,-0.076,0.012,45.779,-23.588,21.914,2
10040.996,-9.625,1.911,-0.205,0.038,-0.021,0.017,46.119,-23.081,21.111,2
10177.029,-9.701,1.495,-0.385,0.013,-0.096,0.039,45.81,-23.194,22.129,2
10312.973,-9.622,1.722,-0.506,-0.012,-0.014,-0.06,45.948,-23.063,21.399,2
10449.017,-9.575,1.92,-0.362,-0.015,-0.007,-0.022,46.131,-23.538,22.389,2
10584.008,-9.586,1.867,-0.24,0.01,-0.019,-0.02,46.089,-23.696,22.367,2
10720.0,-9.65,1.756,-0.396,-0.016,-0.041,0.028,45.771,-23.152,22.28,2
10861.003,-9.624,1.845,-0.365,0.036,-0.0,-0.022,46.006,-23.577,22.2,2
10996.984,-9.617,1.828,-0.548,0.014,-0.06,-0.019,46.546,-24.02,22.575,2
11131.999,-9.611,2.038,-0.542,0.022,-0.013,-0.014,46.456,-23.735,21.784,2
11268.01,-9.718,1.767,-0.157,-0.005,-0.04,0.033,46.302,-24.082,21.879,2
3160.976,0.057,0.144,9.892,0.039,-0.072,-0.034,32.988,-25.202,-49.683,3
3296.997,-0.025,-0.041,9.896,-0.01,-0.067,0.027,32.959,-24.59,-49.58,3
3434.03,0.067,0.264,9.741,0.013,-0.107,-0.028,33.015,-25.104,-49.183,3
3570.988,0.053,0.157,10.021,0.022,-0.068,0.021,34.033,-24.377,-45.523,3
3708.017,-0.014,0.22,10.137,-0.018,-0.009,0.032,33.439,-24.564,-49.532,3
3843.966,-0.023,0.106,10.112,-0.029,-0.028,-0.039,33.697,-24.429,-52.038,3
3981.001,-0.082,0.07,9.758,-0.002,-0.028,-0.008,33.516,-24.452,-48.217,3
4117.983,-0.036,-0.116,10.045,-0.004,-0.056,0.023,33.631,-24.526,-48.69,3
4260.995,-0.064,0.333,9.875,0.003,-0.029,-0.025,33.768,-24.427,-48.417,3
4398.97,-0.065,0.047,10.081,0.034,-0.051,-0.038,34.104,-24.702,-47.702,3
4535.981,-0.081,-0.023,10.101,0.049,-0.048,0.047,33.353,-24.364,-48.448,3
4671.951,-0.043,0.176,9.938,-0.013,-0.077,0.015,33.577,-25.041,-48.994,3
4809.001,0.038,0.143,9.817,0.006,-0.087,-0.051,33.266,-24.436,-48.592,3
4945.956,0.093,-0.013,9.75,-0.024,-0.073,-0.015,32.927,-24.837,-48.567,3
5082.001,0.072,0.078,9.965,0.006,-0.085,-0.001,32.704,-24.246,-48.473,3
5217.002,0.054,0.051,9.788,-0.074,0.007,-0.04,33.613,-24.116,-48.519,3
5353.012,-0.104,0.148,10.069,0.022,-0.009,-0.028,33.49,-24.15,-49.185,3
5493.999,0.002,-0.046,10.068,0.006,-0.08,-0.007,33.382,-24.342,-48.003,3
5630.007,0.14,0.141,10.254,-0.002,-0.128,0.034,32.705,-24.888,-50.006,3
5765.994,0.08,0.108,9.733,-0.036,-0.075,0.012,33.224,-24.808,-49.014,3
5902.041,0.15,0.038,9.847,-0.037,-0.028,-0.031,32.625,-24.329,-49.788,3
6038.014,0.079,-0.007,10.261,-0.02,-0.031,0.001,32.813,-23.986,-49.625,3
6173.003,0.108,0.04,9.872,0.007,-0.099,-0.035,32.549,-24.577,-49.5,3
6308.993,0.27,-0.018,9.899,-0.025,-0.11,0.004,32.336,-24.676,-49.296,3
6445.007,0.243,-0.066,9.837,-0.02,-0.045,0.04,31.949,-24.534,-44.965,3
6585.957,0.2,-0.213,10.17,-0.02,-0.006,-0.016,32.757,-24.951,-49.606,3
6721.996,0.245,-0.223,9.841,0.041,-0.062,-0.03,31.732,-24.471,-48.805,3
6857.969,0.245,-0.013,9.778,0.055,-0.041,-0.022,31.745,-24.497,-48.721,3
6994.014,0.27,-0.054,9.625,0.009,-0.041,0.02,31.123,-24.284,-49.379,3
7128.957,0.37,-0.299,10.515,0.176,-0.066,0.001,31.884,-24.711,-49.738,3
7264.988,0.352,0.202,9.255,-0.0,-0.055,-0.001,30.923,-24.53,-48.836,3
7401.011,0.38,-0.213,10.228,0.053,-0.033,0.055,32.215,-24.575,-49.892,3
7536.984,0.307,-0.336,9.779,0.059,-0.062,-0.007,31.045,-24.807,-48.947,3
7671.977,0.339,0.096,9.709,0.016,-0.002,0.011,31.178,-24.751,-49.393,3
7813.985,0.331,0.142,9.799,0.051,-0.053,0.018,31.053,-24.86,-49.935,3
7950.024,0.411,-0.147,9.982,0.015,-0.063,0.036,30.642,-25.39,-50.004,3
8085.008,0.465,0.2,10.14,0.021,-0.034,-0.012,31.018,-25.316,-49.983,3
8220.995,0.534,-0.138,9.802,0.044,-0.01,-0.025,31.425,-24.398,-50.298,3
8356.981,0.43,0.024,9.741,0.005,-0.028,-0.033,30.339,-25.021,-49.072,3
8492.991,0.49,-0.048,9.878,0.05,-0.042,-0.015,30.952,-24.547,-49.416,3
8628.016,0.447,0.202,9.803,-0.021,-0.054,-0.021,31.302,-24.431,-50.044,3
8764.011,0.508,0.005,9.93,-0.017,-0.044,0.007,30.235,-24.555,-49.146,3
8900.004,0.552,-0.121,10.098,0.004,-0.03,0.046,30.484,-24.473,-48.805,3
9041.008,0.469,0.011,9.811,0.005,-0.044,-0.001,31.121,-24.165,-49.256,3
9176.006,0.496,-0.419,9.901,0.092,0.023,0.004,31.062,-23.818,-49.665,3
9312.006,0.45,-0.332,9.947,-0.041,-0.002,-0.017,31.429,-24.738,-52.346,3
9448.008,0.468,-0.06,10.165,-0.002,-0.094,0.038,30.475,-24.618,-50.197,3
9582.975,0.47,-0.365,9.686,-0.019,-0.092,0.018,31.42,-24.559,-50.093,3
9719.019,0.424,-0.169,9.737,0.097,0.003,-0.001,29.965,-24.196,-49.703,3
9854.997,0.595,-0.031,10.11,0.023,-0.07,0.028,30.534,-24.16,-49.863,3
9991.011,0.567,-0.071,10.121,-0.051,-0.015,-0.068,29.944,-24.365,-49.534,3
10126.013,0.482,-0.044,9.763,0.021,-0.067,0.051,30.721,-23.754,-49.542,3
10267.033,0.582,-0.3,9.729,0.026,-0.108,0.038,29.973,-24.135,-50.299,3
10403.031,0.538,-0.283,9.959,-0.028,-0.026,0.028,30.223,-24.329,-50.086,3
10538.975,0.582,-0.353,10.078,-0.037,-0.027,-0.017,30.293,-23.59,-49.884,3
10673.991,0.596,-0.261,10.005,0.02,-0.024,0.0,30.685,-23.547,-48.999,3
10809.999,0.54,-0.167,9.955,0.019,-0.011,-0.034,30.537,-23.911,-49.943,3
10946.007,0.497,-0.178,9.931,-0.016,-0.053,-0.043,30.49,-23.448,-49.428,3
11081.995,0.536,-0.097,10.1,-0.015,-0.059,0.056,31.275,-23.194,-50.731,3
11217.013,0.463,-0.493,9.912,0.032,-0.024,0.013,31.319,-23.392,-49.553,3
11357.995,0.596,-0.16,9.988,0.037,-0.041,-0.053,31.009,-23.801,-49.701,3
11493.998,0.59,-0.149,10.002,-0.004,-0.056,0.008,30.862,-23.884,-50.357,3
11629.002,0.587,-0.065,9.808,0.035,-0.001,0.014,30.386,-23.239,-50.021,3
11765.007,0.568,-0.168,10.011,0.011,-0.063,0.01,30.448,-23.676,-50.216,3
11900.997,0.56,-0.283,10.153,0.01,-0.055,-0.006,30.341,-23.026,-50.369,3
12037.008,0.487,-0.279,9.953,-0.006,-0.051,-0.031,31.084,-23.634,-50.298,3
12172.012,0.52,-0.432,9.887,0.014,-0.027,0.007,29.608,-23.038,-48.726,3
12307.999,0.501,-0.366,9.888,0.055,-0.04,-0.029,29.602,-23.765,-50.486,3
12443.979,0.55,-0.34,9.817,0.047,-0.055,-0.01,30.587,-23.586,-50.212,3
12585.018,0.58,-0.104,9.683,0.04,-0.075,-0.016,30.507,-23.398,-49.663,3
12720.991,0.632,-0.335,10.209,0.061,-0.002,0.007,30.458,-23.687,-49.658,3
12857.019,0.589,-0.242,9.953,0.024,-0.055,-0.026,29.863,-23.151,-49.708,3
12993.014,0.514,-0.557,9.877,-0.004,-0.034,-0.006,29.766,-23.769,-48.934,3
13127.984,0.564,-0.389,9.847,0.036,0.002,0.007,30.497,-23.864,-49.636,3
13263.995,0.435,-0.174,9.701,-0.018,-0.098,0.03,30.253,-23.606,-49.757,3
13399.995,0.58,-0.602,10.144,-0.032,-0.041,0.008,30.223,-24.266,-49.395,3
13536.027,0.555,-0.584,9.988,0.027,-0.019,-0.022,29.948,-23.828,-50.125,3
13675.966,0.547,0.131,9.925,-0.022,-0.054,-0.053,29.16,-23.935,-50.14,3
13813.016,0.577,-0.351,10.048,0.048,-0.046,-0.044,29.704,-23.727,-49.441,3
13949.0,0.574,-0.369,9.964,-0.013,-0.057,0.028,29.613,-24.404,-49.318,3
14084.001,0.681,-0.363,9.755,0.028,-0.054,-0.01,29.711,-24.318,-50.747,3
14220.022,0.575,-0.079,9.98,-0.098,-0.059,0.012,29.211,-24.508,-49.337,3
14356.034,0.555,-0.465,9.901,-0.018,-0.011,0.003,29.0,-24.234,-49.224,3
14492.009,0.593,-0.453,9.833,0.019,0.001,-0.011,28.614,-23.874,-49.331,3
14626.986,0.606,-0.319,9.919,-0.035,-0.005,-0.018,29.284,-23.746,-49.136,3
14762.991,0.483,-0.043,10.111,-0.006,-0.038,0.038,29.619,-23.312,-49.531,3
14904.007,0.53,-0.58,10.082,-0.016,-0.076,-0.01,29.854,-23.85,-48.801,3
15039.988,0.566,-0.573,9.529,0.055,-0.065,-0.01,28.843,-23.482,-49.675,3
15175.009,0.579,-0.39,9.717,-0.019,-0.086,-0.045,29.545,-23.388,-49.441,3
15310.981,0.589,-0.309,9.827,-0.001,-0.04,-0.035,29.878,-23.351,-49.684,3
15447.007,0.624,-0.305,9.919,0.01,-0.065,0.004,29.229,-22.98,-49.033,3
15582.991,0.583,-0.589,9.92,0.007,-0.047,0.002,29.463,-22.849,-49.799,3
15718.018,0.533,-0.44,9.627,0.017,-0.074,0.049,29.223,-23.425,-48.564,3
15853.994,0.573,-0.506,9.965,-0.004,-0.021,-0.02,29.33,-22.876,-49.961,3
15994.998,0.645,-0.693,9.92,0.002,-0.042,0.007,29.256,-23.079,-50.764,3
16130.027,0.542,-0.378,9.853,0.044,-0.051,-0.034,29.853,-22.952,-50.003,3
16265.979,0.598,-0.383,9.993,-0.018,-0.037,-0.016,29.845,-23.313,-50.149,3
16402.028,0.65,-0.681,9.884,0.005,-0.069,0.008,29.682,-23.152,-50.688,3
16537.992,0.671,-0.524,9.89,0.009,-0.063,-0.035,28.874,-22.728,-50.77,3
16673.021,0.625,-0.475,9.922,0.002,-0.042,-0.026,30.269,-23.31,-50.287,3
16808.991,0.703,-0.286,9.943,0.067,-0.071,-0.027,29.101,-22.921,-50.552,3
16944.999,0.638,-0.364,9.737,0.013,-0.05,0.027,29.298,-23.769,-50.554,3
17080.987,0.682,-0.472,9.987,-0.026,-0.101,0.057,29.828,-22.993,-50.191,3
17221.018,0.695,-0.492,10.06,0.01,-0.079,-0.046,29.655,-23.568,-50.413,3
17357.019,0.63,-0.379,9.731,-0.009,-0.081,-0.018,29.83,-23.289,-50.022,3
17492.991,0.613,-0.547,10.057,0.01,-0.08,-0.013,29.586,-22.967,-50.003,3
17628.006,0.673,-0.361,9.788,0.038,-0.038,0.034,29.985,-22.841,-51.567,3
17763.994,0.65,-0.309,9.81,0.079,-0.018,-0.014,29.252,-22.877,-49.858,3
17899.994,0.655,-0.558,9.911,0.021,-0.053,0.009,29.674,-23.377,-50.729,3
18035.956,0.657,-0.488,9.635,-0.046,-0.057,-0.021,29.494,-22.966,-50.334,3
18170.998,0.563,-0.532,9.757,0.011,-0.096,-0.036,29.603,-22.776,-50.568,3
18312.009,0.62,-0.344,9.853,0.041,-0.01,0.027,29.939,-23.538,-50.171,3
18447.987,0.656,-0.38,9.874,0.016,-0.102,0.015,29.674,-23.248,-49.422,3
18582.963,0.706,-0.521,10.006,0.015,-0.026,0.021,29.534,-23.095,-49.539,3
18719.005,0.647,-0.529,9.965,-0.015,-0.067,0.013,30.169,-22.506,-50.408,3
18855.013,0.68,-0.667,9.836,0.002,-0.048,0.024,29.244,-22.467,-50.137,3
18998.01,0.722,-0.702,9.952,-0.058,-0.04,-0.051,30.348,-22.914,-49.386,3
19132.98,0.748,-0.569,9.91,0.073,-0.062,-0.005,28.928,-23.036,-50.835,3
19269.011,0.745,-0.557,10.06,-0.002,0.001,-0.003,29.633,-22.669,-49.092,3
19410.989,0.763,-0.575,9.828,0.014,-0.045,-0.012,29.021,-23.058,-50.339,3
19550.96,0.707,-0.592,10.159,0.017,-0.011,-0.019,29.193,-26.004,-49.688,3
19686.986,0.703,-0.637,9.844,-0.012,-0.121,0.004,29.793,-22.64,-49.288,3
19823.007,0.68,-0.595,9.749,-0.027,-0.017,-0.029,29.343,-22.249,-49.296,3
19957.973,0.759,-0.726,9.883,0.006,-0.047,0.032,29.242,-21.795,-50.018,3
20093.99,0.765,-0.42,9.891,0.005,-0.038,0.003,29.19,-22.148,-49.899,3
20230.005,0.691,-0.498,10.045,-0.014,-0.03,-0.022,28.809,-22.625,-50.344,3
20365.997,0.769,-0.482,9.856,-0.002,-0.054,0.004,28.765,-22.363,-49.901,3
20500.996,0.706,-0.737,9.875,0.038,-0.015,-0.016,28.511,-22.266,-49.913,3
20643.019,0.763,-0.522,10.143,0.003,-0.069,0.011,29.075,-22.625,-49.648,3
20779.016,0.765,-0.634,9.81,0.006,-0.067,0.027,28.574,-22.485,-50.715,3
20914.966,0.762,-0.782,9.872,0.006,-0.005,0.015,28.715,-21.896,-49.267,3
21049.985,0.692,-1.647,8.802,-0.075,-0.236,0.08,28.47,-21.517,-49.305,3
21185.968,0.837,-0.665,9.855,0.03,-0.038,-0.003,28.384,-21.896,-49.037,3
21322.023,0.798,-0.54,9.804,-0.001,-0.059,0.013,28.411,-22.072,-48.449,3
21457.976,0.767,-0.831,9.856,0.018,-0.068,-0.006,28.405,-21.874,-49.37,3
21593.034,0.736,-0.96,9.838,0.044,-0.071,-0.009,28.654,-22.048,-49.593,3
21729.012,0.69,-0.434,9.527,0.007,-0.072,-0.064,28.412,-22.097,-48.678,3
21886.016,0.845,-0.61,9.841,-0.0,-0.09,-0.014,28.685,-22.207,-49.738,3
22025.987,0.719,-0.592,9.67,0.018,-0.042,0.011,28.373,-22.428,-49.967,3
22165.979,0.855,-0.795,10.147,0.034,-0.038,-0.001,28.157,-22.348,-49.444,3
22305.004,0.791,-0.653,9.733,0.044,-0.049,-0.005,28.825,-22.592,-49.925,3
22444.992,0.833,-0.541,9.606,0.019,-0.042,-0.033,28.751,-22.706,-50.1,3
22583.994,0.829,-0.626,9.656,0.053,-0.056,0.017,28.94,-22.612,-48.575,3
22723.991,0.865,-0.704,9.939,-0.008,-0.015,0.002,28.831,-22.052,-49.903,3
22863.993,0.887,-0.735,9.828,-0.029,-0.031,-0.04,28.626,-22.199,-49.713,3
23008.999,0.87,-0.588,9.851,-0.003,-0.009,0.004,28.413,-21.962,-49.659,3
23148.996,0.79,-0.777,9.738,-0.054,-0.053,-0.012,28.492,-22.308,-48.661,3
23289.016,0.866,-0.853,9.891,0.014,-0.097,0.003,29.082,-22.317,-48.52,3
23428.006,0.899,-0.469,9.709,-0.002,-0.094,-0.061,29.485,-22.268,-49.264,3
23567.995,0.916,-0.683,9.901,0.022,-0.047,-0.02,28.724,-21.81,-49.078,3
23707.966,0.986,-0.709,9.855,0.033,-0.059,0.02,28.28,-22.535,-48.873,3
23847.004,0.916,-0.344,9.617,0.036,-0.016,-0.006,28.399,-22.374,-48.466,3
23987.008,0.866,-0.63,9.818,0.017,-0.052,-0.002,28.288,-22.189,-49.648,3
24126.0,0.994,-0.751,9.735,0.053,-0.087,0.019,27.993,-22.247,-48.876,3
24272.006,0.94,-0.718,9.779,0.007,-0.078,-0.018,28.702,-22.255,-48.855,3
24412.003,0.92,-0.52,9.829,0.002,-0.03,-0.012,28.814,-21.717,-49.161,3
24551.013,0.847,-0.318,9.923,0.033,-0.02,0.012,29.205,-22.773,-48.818,3
24691.002,0.887,-0.687,9.703,0.058,-0.036,-0.003,28.483,-21.544,-48.4,3
24830.991,0.802,-0.52,9.631,0.0,-0.023,0.006,29.236,-22.33,-48.917,3
24969.979,0.936,-0.511,9.882,0.006,-0.04,0.006,28.776,-22.49,-49.267,3
25110.01,0.93,-0.615,9.894,0.01,-0.039,-0.019,28.603,-22.332,-48.491,3
25250.011,1.017,-0.739,9.994,0.021,0.002,-0.027,28.511,-22.231,-49.096,3
25393.994,0.865,-0.58,9.612,-0.003,-0.033,-0.023,27.912,-22.326,-49.275,3
25534.013,0.941,-0.661,9.72,-0.021,-0.054,-0.003,28.131,-22.64,-49.751,3
25672.998,0.938,-0.703,9.917,0.022,-0.057,0.001,27.607,-21.713,-49.18,3
25812.989,0.951,-0.512,10.099,0.03,-0.015,-0.007,27.587,-22.018,-48.587,3
25952.964,0.957,-0.392,10.005,-0.001,-0.041,0.018,28.567,-22.868,-48.905,3
26092.005,0.923,-0.641,9.983,-0.009,-0.04,0.008,27.631,-22.412,-49.959,3
26231.992,0.928,-0.605,9.983,0.052,-0.06,0.056,28.422,-21.968,-49.0,3
26372.001,0.96,-0.694,9.899,0.051,-0.032,-0.005,28.05,-22.147,-48.778,3
26510.963,0.986,-0.605,9.814,-0.001,-0.023,-0.042,28.36,-22.048,-49.587,3
26656.028,0.954,-0.586,9.855,-0.011,0.005,0.008,28.019,-22.099,-48.951,3
26795.01,0.96,-0.687,9.924,0.016,-0.054,-0.013,28.43,-21.705,-49.32,3
26935.021,0.96,-0.759,9.718,0.042,-0.059,-0.003,28.059,-22.23,-50.252,3
27075.017,0.961,-0.663,9.961,0.059,0.005,0.005,27.647,-21.499,-48.591,3
27213.991,0.901,-0.796,9.711,-0.035,-0.025,0.008,27.68,-21.956,-49.009,3
27353.998,0.979,-0.689,9.742,-0.002,-0.034,-0.023,28.096,-21.59,-49.328,3
27494.021,0.926,-0.848,9.899,0.013,-0.013,0.02,28.209,-21.751,-49.309,3
27633.024,0.998,-0.503,9.847,0.039,-0.04,-0.009,28.022,-22.16,-48.974,3
27778.966,0.943,-0.648,9.891,0.013,-0.014,0.005,27.799,-21.999,-48.658,3
27918.029,0.93,-0.811,9.941,-0.0,0.002,-0.012,28.417,-22.727,-49.404,3
28057.975,0.839,-0.698,9.78,-0.015,-0.098,0.011,27.897,-22.659,-49.299,3
28197.998,1.004,-0.506,9.994,0.017,-0.068,0.018,28.921,-22.14,-48.549,3
28336.99,1.006,-0.627,10.074,0.013,-0.019,-0.021,28.158,-23.109,-49.604,3
28476.981,0.954,-0.555,9.878,0.023,-0.044,-0.033,28.365,-22.659,-49.437,3
28617.007,0.927,-0.629,9.898,0.029,-0.04,-0.022,28.445,-22.428,-49.374,3
28756.033,0.913,-0.703,9.952,0.002,-0.027,0.009,29.545,-22.104,-49.322,3
28896.014,0.831,-0.647,9.956,0.032,-0.024,-0.005,29.056,-22.311,-49.51,3
29041.025,0.811,-0.693,9.786,-0.021,-0.113,-0.028,28.593,-22.114,-49.641,3
29180.982,0.827,-0.626,9.859,0.013,-0.016,-0.007,28.891,-22.254,-49.695,3
29320.98,0.838,-0.591,9.851,0.025,-0.101,0.023,28.914,-22.376,-50.38,3
29460.011,0.911,-0.674,9.784,0.008,-0.087,-0.008,28.748,-22.216,-49.202,3
29600.004,0.908,-0.641,9.717,0.002,-0.012,0.001,28.749,-22.078,-50.701,3
29739.983,0.914,-0.7,9.976,-0.008,-0.021,0.061,28.684,-21.827,-50.825,3
29878.996,0.897,-0.677,10.052,0.018,-0.036,0.035,29.177,-21.236,-50.121,3
30018.993,0.923,-0.71,10.075,-0.051,-0.045,-0.042,28.486,-21.098,-49.906,3
30163.992,0.877,-0.627,9.782,0.016,-0.037,0.005,28.724,-22.023,-50.261,3
30302.977,0.921,-0.621,9.885,0.017,-0.037,-0.025,28.364,-21.961,-50.174,3
30443.008,0.946,-0.731,9.97,0.035,-0.023,0.016,28.959,-21.152,-49.686,3
30583.032,0.837,-0.534,9.996,0.039,-0.05,-0.03,29.297,-21.76,-50.754,3
30722.005,0.897,-0.963,9.783,0.066,-0.041,0.017,29.5,-22.904,-50.799,3
30862.006,0.955,-0.306,9.758,0.005,-0.039,-0.037,29.172,-23.091,-49.453,3
31001.01,0.873,-0.682,9.81,0.005,-0.027,-0.009,28.201,-22.279,-50.932,3
31141.002,0.853,-0.424,9.844,0.027,-0.024,0.035,27.778,-22.377,-50.322,3
31280.996,0.845,-0.633,9.875,-0.026,-0.059,-0.006,29.007,-22.596,-49.971,3
31426.018,0.802,-0.655,9.743,-0.057,-0.104,0.052,28.569,-22.36,-49.984,3
31565.986,0.813,-0.48,9.649,0.045,-0.063,0.016,29.608,-22.209,-49.654,3
31706.005,0.801,-0.481,9.698,0.02,-0.04,0.027,29.912,-22.378,-49.97,3
31844.998,0.892,-0.505,9.685,0.034,-0.048,0.025,28.315,-22.632,-50.18,3
31984.981,0.819,-0.502,9.474,0.006,-0.057,-0.051,29.833,-23.002,-49.366,3
32124.979,0.89,-0.587,9.799,-0.039,-0.036,0.065,29.415,-23.053,-49.78,3
32263.984,0.7,-0.785,10.231,0.024,-0.029,0.063,29.754,-22.487,-49.022,3
32404.005,0.696,-0.489,9.911,0.048,-0.096,0.007,29.25,-23.026,-48.989,3
32542.991,0.8,-0.526,9.464,0.016,-0.041,0.001,29.292,-22.966,-50.395,3
32688.008,0.941,-0.672,10.007,0.068,0.01,-0.033,29.003,-23.417,-50.831,3
32827.997,0.911,-0.276,10.207,0.038,-0.092,-0.036,29.018,-23.173,-50.818,3
32967.011,0.868,-0.273,9.72,0.031,-0.026,0.045,28.935,-22.839,-50.229,3
33106.998,0.884,-0.673,9.878,0.006,-0.02,0.021,28.93,-23.049,-49.658,3
3160.986,0.029,0.16,9.864,-0.016,-0.043,-0.042,33.013,-25.221,-49.732,3
3297.027,-0.027,-0.056,9.903,0.022,-0.046,0.011,33.0,-24.587,-49.587,3
3434.045,0.057,0.261,9.767,0.034,-0.087,-0.008,33.023,-25.104,-49.231,3
3571.018,0.039,0.15,10.033,-0.023,-0.021,-0.051,34.022,-24.431,-45.498,3
3708.002,-0.013,0.242,10.145,-0.013,-0.019,0.007,33.402,-24.537,-49.557,3
3844.008,-0.039,0.093,10.105,-0.028,-0.041,-0.008,33.743,-24.428,-52.044,3
3981.002,-0.068,0.003,9.736,0.01,-0.073,-0.027,33.474,-24.472,-48.228,3
4118.004,-0.015,-0.068,10.013,-0.05,-0.083,0.031,33.672,-24.496,-48.692,3
4261.024,-0.07,0.324,9.834,0.009,-0.054,-0.028,33.794,-24.408,-48.417,3
4398.999,-0.056,0.059,10.115,0.016,-0.066,-0.006,34.127,-24.737,-47.708,3
4536.011,-0.076,-0.011,10.035,0.001,-0.057,-0.022,33.305,-24.345,-48.423,3
4672.015,-0.075,0.16,9.912,0.013,-0.113,0.048,33.565,-25.046,-49.066,3
4808.974,0.027,0.207,9.791,-0.011,-0.052,-0.044,33.298,-24.451,-48.548,3
4945.98,0.029,0.003,9.701,-0.02,-0.097,0.018,32.942,-24.901,-48.576,3
5081.996,0.054,0.056,9.948,-0.05,-0.062,-0.008,32.705,-24.193,-48.464,3
5217.016,0.028,0.099,9.74,-0.059,-0.029,-0.005,33.556,-24.103,-48.526,3
5352.999,-0.088,0.129,10.072,0.015,-0.004,0.017,33.458,-24.141,-49.149,3
5494.006,0.004,-0.057,9.999,-0.007,-0.05,-0.03,33.398,-24.345,-47.999,3
5630.009,0.154,0.133,10.241,0.011,-0.165,0.048,32.725,-24.941,-50.013,3
5765.995,0.086,0.102,9.795,-0.037,-0.073,-0.005,33.222,-24.771,-49.015,3
5902.012,0.178,0.049,9.847,-0.019,-0.07,-0.0,32.627,-24.33,-49.795,3
6037.979,0.068,-0.037,10.199,0.023,-0.029,-0.004,32.813,-23.975,-49.659,3
6173.014,0.125,0.062,9.854,0.004,-0.146,0.003,32.528,-24.616,-49.464,3
6308.976,0.298,-0.041,9.924,0.006,-0.073,-0.01,32.342,-24.672,-49.278,3
6445.009,0.244,-0.028,9.794,-0.02,-0.018,0.02,31.948,-24.514,-44.978,3
6586.011,0.224,-0.219,10.175,-0.008,-0.062,0.008,32.715,-24.961,-49.611,3
6722.001,0.283,-0.176,9.849,0.039,-0.071,0.001,31.71,-24.501,-48.783,3
6858.013,0.239,-0.028,9.777,0.021,-0.097,0.024,31.728,-24.497,-48.696,3
6993.993,0.26,-0.032,9.607,0.005,-0.038,0.013,31.122,-24.284,-49.412,3
7128.94,0.361,-0.29,10.496,0.148,-0.108,0.01,31.854,-24.735,-49.746,3
7265.015,0.252,0.158,9.283,-0.012,-0.059,0.042,30.892,-24.543,-48.818,3
7401.013,0.398,-0.2,10.194,0.04,0.004,0.013,32.167,-24.604,-49.874,3
7536.994,0.327,-0.303,9.802,0.034,-0.034,-0.025,31.087,-24.784,-48.966,3
7672.015,0.327,0.095,9.661,0.013,-0.033,-0.044,31.189,-24.747,-49.399,3
7813.972,0.37,0.179,9.814,0.031,-0.034,0.045,31.076,-24.854,-49.927,3
7950.017,0.417,-0.109,9.99,0.028,-0.069,0.022,30.614,-25.3,-49.936,3
8085.014,0.472,0.2,10.1,0.015,-0.022,0.019,31.009,-25.348,-49.897,3
8221.007,0.51,-0.152,9.801,0.099,-0.015,-0.014,31.422,-24.391,-50.296,3
8357.013,0.466,0.054,9.768,0.004,-0.067,-0.047,30.34,-25.013,-49.079,3
8492.998,0.491,-0.038,9.879,0.027,-0.047,-0.033,30.92,-24.499,-49.433,3
8628.015,0.416,0.212,9.804,-0.01,-0.068,-0.046,31.277,-24.421,-50.052,3
8764.061,0.506,0.015,9.918,-0.034,-0.017,-0.002,30.278,-24.615,-49.121,3
8900.018,0.536,-0.105,10.119,-0.045,-0.003,-0.015,30.464,-24.479,-48.802,3
9040.989,0.476,0.046,9.786,-0.035,-0.024,-0.011,31.141,-24.136,-49.301,3
9176.017,0.503,-0.407,9.892,0.086,-0.017,0.002,31.071,-23.826,-49.66,3
9311.994,0.437,-0.27,9.903,-0.011,-0.044,0.024,31.455,-24.764,-52.357,3
9447.978,0.443,-0.078,10.168,0.013,-0.069,0.072,30.458,-24.608,-50.185,3
9583.003,0.472,-0.41,9.69,0.012,-0.075,0.022,31.466,-24.567,-50.1,3
9719.021,0.475,-0.189,9.786,0.056,0.003,0.007,29.946,-24.206,-49.707,3
9855.002,0.574,-0.04,10.075,-0.007,-0.111,0.021,30.566,-24.136,-49.849,3
9990.999,0.555,-0.041,10.146,-0.026,-0.047,-0.049,29.951,-24.338,-49.533,3
10125.973,0.454,-0.06,9.777,-0.027,-0.05,0.029,30.711,-23.754,-49.547,3
10266.974,0.583,-0.256,9.763,-0.008,-0.043,-0.017,29.992,-24.129,-50.286,3
10403.005,0.557,-0.252,9.957,-0.016,-0.078,0.013,30.222,-24.326,-50.069,3
10539.0,0.539,-0.38,10.104,-0.055,-0.029,-0.003,30.27,-23.613,-49.882,3
10674.032,0.55,-0.247,9.984,0.045,-0.001,-0.014,30.669,-23.507,-48.997,3
10809.984,0.541,-0.153,9.936,0.009,-0.024,-0.048,30.524,-23.937,-49.941,3
10945.983,0.474,-0.204,9.862,0.029,-0.028,-0.052,30.46,-23.458,-49.418,3
11081.983,0.546,-0.085,10.1,0.036,-0.073,0.043,31.307,-23.212,-50.736,3
11217.033,0.514,-0.457,9.899,0.024,-0.038,0.03,31.307,-23.388,-49.564,3
11358.004,0.589,-0.181,9.978,0.017,-0.069,-0.071,30.985,-23.785,-49.699,3
11494.007,0.626,-0.137,9.985,0.04,-0.049,-0.043,30.893,-23.89,-50.345,3
11628.966,0.566,0.0,9.802,0.034,-0.03,0.012,30.344,-23.255,-50.044,3
11764.98,0.569,-0.161,10.024,-0.029,-0.033,0.03,30.476,-23.671,-50.204,3
11900.981,0.591,-0.279,10.153,0.011,-0.033,0.037,30.337,-23.006,-50.355,3
12036.993,0.54,-0.29,9.984,-0.022,-0.018,0.016,31.096,-23.661,-50.313,3
12171.999,0.479,-0.396,9.939,-0.003,-0.038,-0.018,29.63,-23.052,-48.695,3
12308.007,0.5,-0.334,9.828,0.015,-0.067,-0.015,29.607,-23.723,-50.533,3
12444.009,0.545,-0.32,9.845,0.016,-0.069,-0.034,30.583,-23.619,-50.185,3
12584.999,0.585,-0.07,9.67,0.023,-0.042,-0.006,30.519,-23.385,-49.666,3
12721.023,0.609,-0.317,10.209,0.03,-0.03,-0.004,30.446,-23.728,-49.672,3
12856.991,0.592,-0.27,9.936,0.012,-0.039,-0.048,29.863,-23.137,-49.715,3
12992.985,0.52,-0.58,9.881,0.003,-0.032,-0.009,29.805,-23.739,-48.905,3
13127.989,0.549,-0.405,9.82,0.008,-0.016,-0.014,30.476,-23.836,-49.667,3
13263.981,0.482,-0.234,9.699,0.023,-0.075,0.03,30.242,-23.547,-49.779,3
13400.01,0.531,-0.562,10.121,-0.006,-0.048,-0.015,30.216,-24.276,-49.41,3
13535.97,0.599,-0.543,9.957,0.049,-0.046,-0.019,29.963,-23.84,-50.14,3
13675.963,0.581,0.12,9.9,0.025,-0.079,-0.035,29.208,-23.925,-50.132,3
13812.979,0.542,-0.32,10.053,0.07,-0.004,-0.025,29.741,-23.775,-49.439,3
13948.979,0.586,-0.349,9.947,-0.019,-0.06,0.005,29.612,-24.406,-49.354,3
14083.995,0.634,-0.372,9.718,0.074,-0.031,0.008,29.709,-24.284,-50.746,3
14220.004,0.549,-0.069,10.02,-0.029,-0.072,0.005,29.275,-24.522,-49.296,3
14356.008,0.628,-0.408,9.935,-0.019,-0.036,0.007,29.058,-24.235,-49.22,3
14492.021,0.61,-0.494,9.822,0.035,-0.021,-0.048,28.647,-23.891,-49.291,3
14627.005,0.613,-0.316,9.945,-0.01,-0.021,-0.014,29.268,-23.794,-49.145,3
14762.996,0.474,-0.021,10.127,-0.004,-0.087,-0.004,29.625,-23.311,-49.557,3
14903.991,0.519,-0.595,10.108,0.034,-0.072,0.044,29.788,-23.866,-48.823,3
15040.007,0.559,-0.569,9.518,0.052,-0.079,0.002,28.839,-23.447,-49.632,3
15175.02,0.563,-0.345,9.746,0.028,-0.013,-0.019,29.576,-23.419,-49.467,3
15311.012,0.615,-0.313,9.832,0.019,-0.064,-0.009,29.896,-23.347,-49.696,3
15447.0,0.599,-0.296,9.901,0.025,-0.046,0.01,29.187,-22.946,-49.04,3
15583.017,0.597,-0.563,9.958,-0.001,-0.07,-0.007,29.456,-22.826,-49.82,3
15718.012,0.553,-0.407,9.583,0.028,-0.057,0.016,29.218,-23.369,-48.578,3
15853.995,0.601,-0.461,9.947,0.02,-0.009,0.025,29.342,-22.913,-49.975,3
15994.969,0.622,-0.691,9.938,-0.014,-0.065,-0.031,29.305,-23.105,-50.774,3
16129.985,0.574,-0.396,9.899,0.027,-0.122,-0.02,29.881,-23.016,-49.994,3
16265.957,0.606,-0.373,9.985,0.014,-0.077,0.002,29.829,-23.297,-50.152,3
16402.003,0.656,-0.672,9.923,0.013,-0.069,0.007,29.708,-23.111,-50.712,3
16537.973,0.66,-0.521,9.938,-0.021,-0.064,0.002,28.934,-22.794,-50.797,3
16672.993,0.608,-0.458,9.848,-0.003,-0.036,-0.003,30.27,-23.359,-50.314,3
16809.003,0.676,-0.26,9.886,0.052,-0.026,-0.004,29.131,-22.913,-50.569,3
16944.988,0.65,-0.366,9.737,0.042,-0.056,0.019,29.231,-23.782,-50.575,3
17080.995,0.692,-0.509,9.98,-0.066,-0.084,0.042,29.835,-22.964,-50.18,3
17221.035,0.72,-0.533,10.089,0.026,-0.05,0.013,29.651,-23.514,-50.426,3
17356.986,0.628,-0.386,9.737,-0.001,-0.075,0.005,29.911,-23.262,-49.978,3
17492.997,0.622,-0.517,10.014,-0.008,-0.05,0.015,29.595,-22.999,-49.948,3
17627.996,0.713,-0.362,9.746,0.01,-0.035,-0.011,29.999,-22.878,-51.523,3
17763.983,0.655,-0.309,9.818,-0.027,-0.008,-0.011,29.241,-22.89,-49.84,3
17899.999,0.679,-0.551,9.925,-0.008,-0.035,-0.021,29.646,-23.393,-50.683,3
18036.002,0.634,-0.55,9.565,-0.003,-0.053,-0.033,29.54,-22.98,-50.328,3
18171.012,0.567,-0.56,9.776,-0.04,-0.031,-0.045,29.586,-22.795,-50.543,3
18312.017,0.656,-0.381,9.868,0.034,0.011,-0.026,29.908,-23.533,-50.197,3
18447.985,0.706,-0.413,9.907,0.035,-0.05,-0.013,29.67,-23.235,-49.414,3
18583.038,0.711,-0.479,9.995,0.03,-0.025,0.067,29.541,-23.096,-49.531,3
18718.993,0.684,-0.517,9.924,0.023,-0.052,0.026,30.141,-22.532,-50.334,3
18855.029,0.706,-0.642,9.805,0.011,-0.004,0.01,29.27,-22.477,-50.171,3
18998.003,0.7,-0.743,9.95,-0.069,-0.012,0.043,30.328,-22.909,-49.388,3
19132.974,0.701,-0.589,9.866,0.021,-0.029,-0.047,28.971,-23.031,-50.85,3
19268.994,0.689,-0.513,10.065,0.019,-0.049,-0.002,29.654,-22.653,-49.123,3
19410.991,0.747,-0.601,9.9,0.002,-0.04,0.023,29.016,-23.053,-50.253,3
19550.99,0.726,-0.568,10.211,0.032,0.007,0.022,29.189,-26.002,-49.658,3
19687.003,0.694,-0.689,9.854,0.011,-0.071,-0.025,29.796,-22.646,-49.29,3
19823.019,0.677,-0.613,9.741,-0.019,-0.05,-0.031,29.285,-22.264,-49.268,3
19958.008,0.744,-0.738,9.881,-0.019,-0.007,0.019,29.255,-21.809,-50.01,3
20094.029,0.708,-0.468,9.86,0.015,-0.034,-0.017,29.235,-22.151,-49.956,3
20230.031,0.699,-0.52,10.043,-0.021,-0.042,0.008,28.82,-22.625,-50.374,3
20365.995,0.771,-0.497,9.9,-0.03,-0.018,0.038,28.737,-22.401,-49.888,3
20501.008,0.706,-0.754,9.845,-0.022,-0.012,-0.022,28.564,-22.294,-49.951,3
20642.991,0.72,-0.518,10.115,-0.009,-0.042,0.002,29.079,-22.603,-49.605,3
20779.014,0.783,-0.66,9.808,0.026,-0.024,-0.032,28.562,-22.527,-50.664,3
20915.011,0.705,-0.781,9.864,-0.001,-0.032,0.0,28.718,-21.894,-49.281,3
21049.976,0.718,-1.615,8.782,-0.084,-0.276,0.078,28.44,-21.492,-49.3,3
21186.022,0.82,-0.689,9.88,0.004,-0.005,0.008,28.352,-21.876,-49.009,3
21322.016,0.801,-0.521,9.833,-0.01,-0.059,-0.056,28.419,-22.107,-48.445,3
21458.0,0.752,-0.801,9.88,-0.031,-0.034,0.036,28.372,-21.876,-49.359,3
21593.053,0.753,-0.978,9.909,-0.017,-0.052,-0.013,28.611,-22.081,-49.596,3
21729.006,0.691,-0.469,9.491,-0.005,-0.066,-0.041,28.412,-22.086,-48.641,3
21885.981,0.82,-0.652,9.84,0.013,-0.078,0.016,28.716,-22.232,-49.743,3
22026.012,0.774,-0.529,9.68,0.015,-0.044,0.039,28.351,-22.406,-49.939,3
22166.01,0.849,-0.774,10.159,0.032,-0.08,-0.007,28.105,-22.359,-49.483,3
22305.016,0.786,-0.642,9.696,-0.001,-0.03,-0.014,28.817,-22.581,-49.909,3
22445.011,0.828,-0.587,9.624,-0.016,-0.054,-0.035,28.671,-22.735,-50.108,3
22583.996,0.814,-0.614,9.627,0.036,-0.032,-0.009,28.945,-22.577,-48.622,3
22723.984,0.876,-0.691,9.925,-0.025,-0.02,0.023,28.885,-22.019,-49.878,3
22864.023,0.869,-0.688,9.78,-0.033,-0.044,-0.059,28.647,-22.249,-49.691,3
23008.989,0.848,-0.573,9.851,0.017,-0.057,-0.016,28.372,-21.965,-49.713,3
23148.975,0.798,-0.799,9.795,-0.039,-0.097,0.016,28.478,-22.372,-48.596,3
23289.003,0.852,-0.843,9.898,0.0,-0.111,0.005,29.105,-22.347,-48.476,3
23428.018,0.876,-0.46,9.75,-0.017,-0.087,-0.058,29.469,-22.288,-49.257,3
23568.009,0.934,-0.666,9.888,0.067,-0.053,-0.019,28.743,-21.815,-49.078,3
23707.965,0.979,-0.702,9.838,0.054,-0.083,0.039,28.24,-22.565,-48.86,3
23846.989,0.957,-0.381,9.66,0.028,-0.02,-0.018,28.415,-22.349,-48.452,3
23987.006,0.863,-0.598,9.778,0.008,-0.082,-0.023,28.286,-22.191,-49.704,3
24125.995,0.986,-0.702,9.764,0.022,-0.042,0.027,28.022,-22.258,-48.882,3
24272.031,0.971,-0.702,9.773,0.023,-0.057,-0.003,28.665,-22.302,-48.935,3
24412.018,0.917,-0.559,9.814,0.011,-0.008,-0.039,28.769,-21.726,-49.141,3
24550.962,0.928,-0.351,9.869,0.029,-0.034,0.062,29.256,-22.791,-48.838,3
24690.98,0.86,-0.734,9.719,0.03,-0.022,0.039,28.534,-21.504,-48.387,3
24831.045,0.807,-0.521,9.602,0.05,-0.064,-0.031,29.267,-22.309,-48.954,3
24970.001,0.951,-0.53,9.889,-0.045,-0.069,-0.009,28.76,-22.473,-49.298,3
25109.983,0.893,-0.629,9.856,0.027,-0.048,0.006,28.627,-22.312,-48.484,3
25250.005,0.999,-0.719,10.005,0.017,0.001,-0.027,28.489,-22.231,-49.083,3
25394.03,0.899,-0.542,9.608,-0.004,-0.056,-0.038,27.89,-22.324,-49.241,3
25533.993,0.89,-0.667,9.716,0.008,-0.049,-0.034,28.118,-22.636,-49.733,3
25673.014,0.937,-0.717,9.894,0.024,-0.058,0.012,27.616,-21.678,-49.166,3
25812.994,0.963,-0.549,10.116,-0.002,-0.029,-0.011,27.535,-22.045,-48.554,3
25952.999,0.936,-0.389,10.034,-0.035,-0.01,0.038,28.533,-22.831,-48.903,3
26092.006,0.919,-0.634,10.1,0.053,-0.07,-0.018,27.621,-22.408,-49.952,3
26231.976,0.939,-0.626,9.975,0.014,-0.011,0.002,28.397,-21.986,-48.952,3
26372.014,0.978,-0.661,9.942,0.04,-0.066,-0.043,28.029,-22.143,-48.762,3
26511.021,0.981,-0.616,9.799,-0.012,-0.044,-0.017,28.318,-22.09,-49.588,3
26655.995,0.949,-0.603,9.923,-0.027,-0.016,-0.035,27.997,-22.117,-48.928,3
26795.033,0.908,-0.732,9.91,-0.012,-0.061,0.018,28.377,-21.69,-49.322,3
26935.032,1.0,-0.719,9.693,-0.01,-0.05,0.0,28.054,-22.221,-50.283,3
27075.0,0.971,-0.693,9.933,0.032,-0.003,-0.01,27.668,-21.485,-48.585,3
27214.011,0.908,-0.79,9.719,0.025,-0.01,0.004,27.623,-22.002,-48.985,3
27354.006,0.956,-0.677,9.713,0.009,-0.025,0.012,28.134,-21.601,-49.28,3
27493.997,0.911,-0.868,9.915,0.003,0.002,0.012,28.201,-21.715,-49.307,3
27632.988,0.966,-0.53,9.804,0.051,-0.061,0.003,28.063,-22.173,-48.912,3
27779.029,0.918,-0.686,9.908,-0.003,-0.046,-0.028,27.809,-21.984,-48.653,3
27918.032,0.949,-0.851,9.948,0.016,-0.039,0.014,28.431,-22.712,-49.391,3
28058.0,0.893,-0.67,9.737,0.019,-0.076,-0.011,27.939,-22.655,-49.267,3
28197.989,1.016,-0.551,10.003,0.028,-0.088,0.002,28.922,-22.169,-48.539,3
28336.987,0.982,-0.611,10.037,0.024,-0.001,-0.015,28.152,-23.147,-49.596,3
28477.044,0.961,-0.546,9.886,0.076,-0.042,0.011,28.401,-22.654,-49.436,3
28617.039,0.895,-0.619,9.877,0.012,-0.055,-0.029,28.371,-22.423,-49.362,3
28756.014,0.857,-0.68,9.959,0.017,-0.022,0.009,29.515,-22.13,-49.31,3
28896.017,0.879,-0.652,9.961,-0.032,-0.035,-0.034,29.064,-22.357,-49.548,3
29040.994,0.762,-0.649,9.792,0.002,-0.075,-0.01,28.608,-22.117,-49.622,3
29180.956,0.815,-0.678,9.869,-0.005,-0.043,-0.005,28.939,-22.211,-49.7,3
29320.952,0.879,-0.625,9.92,0.013,-0.083,-0.01,28.908,-22.408,-50.446,3
29460.038,0.895,-0.718,9.774,0.028,-0.067,0.019,28.756,-22.227,-49.158,3
29599.975,0.904,-0.641,9.733,0.006,-0.06,-0.006,28.756,-22.038,-50.729,3
29739.999,0.909,-0.718,9.941,-0.003,-0.038,0.001,28.67,-21.841,-50.903,3
29879.02,0.923,-0.727,10.046,0.032,-0.011,-0.002,29.174,-21.234,-50.14,3
30018.982,0.956,-0.721,10.079,-0.089,-0.104,-0.011,28.497,-21.065,-49.903,3
30164.03,0.872,-0.644,9.816,0.021,-0.019,0.015,28.708,-22.027,-50.234,3
30303.007,0.93,-0.597,9.896,0.044,-0.05,0.019,28.417,-21.908,-50.14,3
30442.983,0.914,-0.742,9.969,0.007,-0.047,0.011,28.977,-21.154,-49.716,3
30582.968,0.821,-0.563,10.004,0.052,-0.021,-0.028,29.27,-21.706,-50.729,3
30721.986,0.902,-0.964,9.722,0.062,-0.077,0.007,29.509,-22.903,-50.808,3
30862.007,0.992,-0.331,9.718,0.015,-0.07,-0.054,29.229,-23.142,-49.419,3
31000.964,0.857,-0.641,9.822,0.003,-0.021,0.008,28.24,-22.308,-50.911,3
31141.028,0.832,-0.469,9.843,0.012,-0.031,0.008,27.813,-22.439,-50.324,3
31280.995,0.856,-0.628,9.893,-0.001,-0.056,-0.012,28.99,-22.587,-49.993,3
31425.998,0.825,-0.666,9.743,-0.027,-0.072,0.011,28.586,-22.345,-49.952,3
31566.004,0.812,-0.462,9.646,0.021,-0.037,0.017,29.582,-22.189,-49.632,3
31706.017,0.809,-0.474,9.676,0.04,-0.032,-0.009,29.94,-22.407,-49.962,3
31845.011,0.931,-0.473,9.707,0.029,-0.052,-0.001,28.355,-22.673,-50.21,3
31985.02,0.819,-0.509,9.43,-0.043,-0.032,-0.047,29.762,-22.983,-49.373,3
32125.01,0.859,-0.591,9.79,-0.015,-0.016,0.025,29.437,-23.072,-49.805,3
32263.986,0.764,-0.825,10.253,0.026,-0.066,0.038,29.745,-22.485,-49.011,3
32403.971,0.668,-0.51,9.918,0.054,-0.078,-0.028,29.294,-23.032,-49.001,3
32542.999,0.834,-0.557,9.464,0.036,-0.109,0.012,29.323,-22.939,-50.376,3
32688.023,0.906,-0.661,9.987,0.044,-0.064,0.003,29.002,-23.419,-50.811,3
32828.013,0.923,-0.271,10.23,0.005,-0.082,-0.044,28.998,-23.15,-50.821,3
32966.976,0.886,-0.301,9.726,0.028,-0.019,0.025,29.003,-22.802,-50.289,3
33107.003,0.918,-0.653,9.894,0.005,-0.034,0.026,28.912,-23.051,-49.671,3
3161.011,0.076,0.151,9.904,-0.035,-0.066,-0.021,32.973,-25.221,-49.707,3
3297.019,-0.004,-0.07,9.913,0.016,-0.034,-0.003,32.995,-24.539,-49.562,3
3433.992,0.036,0.278,9.782,-0.02,-0.094,0.034,32.995,-25.055,-49.182,3
3570.974,0.042,0.136,10.011,-0.008,-0.033,0.005,34.025,-24.441,-45.491,3
3708.02,-0.029,0.271,10.107,0.016,-0.028,-0.003,33.447,-24.518,-49.593,3
3843.981,0.013,0.083,10.112,-0.012,-0.039,0.007,33.712,-24.442,-52.048,3
3981.055,-0.112,-0.006,9.727,-0.013,-0.05,-0.004,33.445,-24.465,-48.238,3
4118.009,-0.037,-0.108,10.025,-0.008,-0.029,0.004,33.617,-24.543,-48.677,3
4261.013,-0.058,0.283,9.861,0.038,-0.023,-0.006,33.79,-24.438,-48.416,3
4399.004,-0.094,0.054,10.07,-0.003,-0.043,0.011,34.109,-24.713,-47.686,3
4536.03,-0.07,-0.063,10.096,0.021,-0.009,-0.035,33.322,-24.321,-48.441,3
4672.009,-0.09,0.151,9.891,0.013,-0.11,0.026,33.564,-25.032,-49.024,3
4809.014,-0.012,0.161,9.784,0.005,-0.11,-0.02,33.308,-24.432,-48.561,3
4945.999,0.029,0.022,9.776,-0.005,-0.049,-0.0,32.978,-24.862,-48.593,3
5081.986,0.033,0.061,9.962,-0.015,-0.048,-0.0,32.661,-24.21,-48.447,3
5217.014,0.016,0.026,9.801,-0.099,-0.04,-0.003,33.584,-24.131,-48.503,3
5353.017,-0.055,0.119,10.046,0.026,-0.02,-0.029,33.465,-24.181,-49.173,3
5493.976,-0.034,-0.077,10.053,-0.025,-0.102,-0.008,33.346,-24.377,-48.037,3
5630.018,0.131,0.144,10.261,0.036,-0.156,0.046,32.755,-24.945,-50.005,3
5766.011,0.104,0.118,9.764,-0.059,-0.08,-0.02,33.249,-24.825,-48.99,3
5901.984,0.144,0.071,9.894,-0.001,-0.039,0.028,32.606,-24.336,-49.773,3
6038.035,0.041,-0.034,10.216,0.005,-0.046,0.005,32.795,-23.974,-49.668,3
6172.982,0.07,0.065,9.828,-0.004,-0.109,-0.025,32.576,-24.604,-49.466,3
6308.999,0.313,-0.059,9.837,-0.037,-0.106,0.016,32.323,-24.702,-49.307,3
6445.005,0.219,-0.065,9.824,-0.034,-0.033,0.023,31.95,-24.533,-44.976,3
6586.004,0.197,-0.206,10.173,0.01,-0.005,-0.016,32.723,-24.954,-49.592,3
6722.001,0.271,-0.167,9.841,-0.008,-0.041,0.04,31.705,-24.465,-48.747,3
6857.999,0.248,-0.007,9.773,0.02,-0.096,-0.02,31.769,-24.435,-48.752,3
6994.002,0.272,-0.056,9.612,0.005,-0.04,0.014,31.158,-24.306,-49.383,3
7129.009,0.365,-0.314,10.493,0.148,-0.045,0.038,31.846,-24.653,-49.792,3
7264.987,0.332,0.158,9.255,-0.005,-0.081,0.04,30.897,-24.515,-48.822,3
7400.997,0.35,-0.226,10.192,0.033,-0.058,-0.008,32.158,-24.556,-49.908,3
7536.987,0.339,-0.369,9.819,0.094,-0.044,-0.019,31.087,-24.792,-48.976,3
7672.001,0.289,0.111,9.661,-0.005,-0.03,0.029,31.185,-24.763,-49.4,3
7813.977,0.345,0.147,9.848,0.034,-0.049,0.067,31.033,-24.857,-49.968,3
7950.019,0.434,-0.126,10.003,0.006,-0.026,0.031,30.627,-25.346,-49.98,3
8085.011,0.44,0.218,10.097,0.028,-0.062,-0.042,30.992,-25.309,-49.979,3
8221.015,0.522,-0.162,9.847,0.062,-0.017,0.002,31.487,-24.419,-50.294,3
8357.013,0.439,0.046,9.744,0.031,-0.055,-0.038,30.354,-24.984,-49.096,3
8493.009,0.485,-0.028,9.884,0.033,-0.056,0.001,30.925,-24.523,-49.427,3
8627.995,0.458,0.194,9.768,-0.011,-0.064,-0.046,31.272,-24.385,-50.089,3
8764.004,0.451,0.004,9.949,-0.04,-0.072,-0.025,30.267,-24.606,-49.119,3
8899.986,0.526,-0.084,10.111,-0.036,-0.015,0.027,30.447,-24.519,-48.799,3
9040.995,0.464,0.062,9.814,0.033,-0.029,-0.013,31.098,-24.152,-49.287,3
9175.999,0.476,-0.417,9.876,0.038,-0.027,0.068,31.016,-23.827,-49.669,3
9312.003,0.442,-0.261,9.953,0.013,-0.061,0.005,31.407,-24.691,-52.369,3
9447.998,0.478,-0.065,10.192,0.003,-0.067,0.037,30.483,-24.639,-50.184,3
9583.01,0.463,-0.35,9.739,0.02,-0.082,0.032,31.469,-24.558,-50.046,3
9719.033,0.439,-0.153,9.733,0.067,-0.009,0.001,29.961,-24.21,-49.69,3
9855.006,0.592,-0.065,10.087,-0.003,-0.073,-0.003,30.566,-24.146,-49.825,3
9990.997,0.577,-0.071,10.119,0.014,-0.015,-0.038,29.979,-24.344,-49.521,3
10126.042,0.432,-0.06,9.729,-0.021,-0.064,0.048,30.709,-23.732,-49.54,3
10266.989,0.601,-0.259,9.746,0.003,-0.103,-0.002,29.957,-24.162,-50.309,3
10403.003,0.564,-0.245,9.958,-0.042,-0.029,0.005,30.208,-24.335,-50.061,3
10539.0,0.518,-0.371,10.076,-0.081,-0.013,-0.05,30.252,-23.576,-49.917,3
10674.024,0.546,-0.27,9.93,0.022,-0.033,-0.045,30.69,-23.533,-48.999,3
10809.968,0.54,-0.17,9.945,-0.011,-0.036,-0.051,30.499,-23.944,-49.929,3
10945.998,0.496,-0.186,9.874,0.014,-0.035,-0.025,30.441,-23.482,-49.397,3
11082.023,0.56,-0.109,10.116,0.041,-0.057,0.05,31.297,-23.223,-50.777,3
11216.966,0.437,-0.429,9.94,0.041,-0.073,0.003,31.295,-23.358,-49.573,3
11357.98,0.616,-0.205,10.014,0.025,-0.049,-0.045,30.993,-23.797,-49.721,3
11494.027,0.632,-0.101,9.991,0.037,-0.045,-0.018,30.894,-23.871,-50.349,3
11629.016,0.582,-0.01,9.803,0.044,-0.038,0.001,30.381,-23.232,-50.032,3
11765.004,0.559,-0.145,10.056,0.027,-0.025,-0.011,30.452,-23.705,-50.156,3
2739.002,9.7,0.914,0.307,0.015,-0.057,0.032,-23.829,-31.622,2.716,4
2874.961,9.672,1.049,0.692,-0.026,-0.023,-0.003,-23.709,-31.307,3.17,4
3012.035,9.773,1.001,0.522,0.03,-0.047,-0.041,-23.94,-31.342,2.261,4
3148.987,9.678,0.737,0.518,-0.0,-0.002,-0.017,-24.659,-32.047,2.834,4
3285.99,9.684,0.82,0.555,0.038,-0.043,-0.019,-24.395,-32.087,3.02,4
3421.992,9.65,0.805,0.559,0.003,-0.025,-0.001,-23.845,-31.461,3.04,4
3559.017,9.71,0.956,0.593,0.011,-0.054,-0.027,-24.313,-31.509,2.492,4
3695.995,9.716,0.967,0.632,0.004,-0.035,-0.043,-24.253,-31.626,2.707,4
3838.96,9.714,0.971,0.754,0.025,-0.038,-0.026,-23.78,-32.198,1.966,4
3975.977,9.723,0.91,0.752,0.001,-0.006,0.006,-24.375,-31.57,2.941,4
4113.979,9.709,0.892,0.605,0.018,-0.044,0.01,-24.092,-31.983,1.87,4
4249.956,9.683,0.848,0.725,-0.009,-0.042,0.001,-24.074,-31.331,2.331,4
4387.013,9.663,0.822,0.623,0.044,-0.03,0.041,-24.307,-31.822,2.718,4
4524.0,9.703,0.861,0.67,0.001,-0.04,-0.01,-23.931,-31.794,2.201,4
4659.978,9.75,0.949,0.806,-0.005,-0.012,-0.001,-23.353,-31.72,2.18,4
4794.981,9.729,0.822,0.802,0.0,-0.03,0.005,-24.226,-31.87,2.01,4
4931.042,9.699,0.802,0.756,0.029,-0.069,0.007,-24.203,-31.325,1.596,4
5066.988,9.71,0.773,0.824,-0.029,-0.062,-0.042,-24.152,-31.572,2.086,4
5198.981,9.657,0.749,0.582,0.003,-0.054,-0.013,-24.4,-31.299,1.99,4
5334.018,9.631,0.839,0.548,0.016,-0.088,-0.002,-23.677,-31.673,1.805,4
5469.978,9.697,0.851,0.73,0.028,-0.057,-0.003,-24.18,-31.979,1.935,4
5605.975,9.775,0.972,0.752,0.009,-0.056,0.006,-23.861,-31.236,1.782,4
5742.01,9.751,0.927,0.695,0.01,-0.038,-0.021,-24.02,-31.335,3.117,4
5877.031,9.689,0.812,0.643,0.001,-0.028,-0.011,-24.089,-30.992,1.967,4
6012.998,9.631,0.753,0.701,0.026,-0.038,-0.028,-24.026,-31.218,2.019,4
6149.027,9.76,0.822,0.748,0.022,-0.079,-0.028,-24.228,-30.354,1.069,4
6284.985,9.683,0.766,0.842,0.055,-0.039,0.027,-24.67,-31.455,1.728,4
6426.019,9.663,0.937,0.672,-0.009,0.022,-0.016,-24.916,-31.763,1.345,4
6562.015,9.56,0.671,0.559,0.053,-0.054,-0.022,-23.882,-31.951,0.172,4
6697.999,9.792,0.712,0.76,0.002,-0.056,0.042,-24.294,-31.38,1.486,4
6833.007,9.627,0.815,0.813,-0.006,-0.04,0.026,-23.402,-31.412,1.329,4
6968.986,9.69,0.812,0.669,-0.025,-0.051,-0.014,-24.086,-30.588,1.219,4
7104.994,9.671,0.681,0.89,0.014,-0.042,0.013,-23.96,-31.541,1.434,4
7240.999,9.719,0.807,0.842,0.023,-0.037,-0.009,-23.758,-31.105,0.705,4
7375.998,9.68,0.85,0.907,0.025,-0.026,-0.037,-24.038,-31.668,1.507,4
7511.979,9.671,0.884,0.865,0.012,-0.052,-0.054,-23.895,-31.114,1.29,4
7653.013,9.743,0.863,0.905,0.003,-0.072,-0.018,-23.426,-31.64,2.048,4
7789.004,9.669,0.803,0.76,-0.012,-0.039,-0.017,-23.865,-31.708,2.445,4
7924.023,9.715,0.771,0.784,0.013,-0.014,-0.004,-23.338,-32.055,1.031,4
8060.019,9.768,0.897,0.856,0.029,-0.044,-0.037,-23.28,-32.174,0.858,4
8196.036,9.748,0.793,0.939,0.012,0.009,0.032,-22.973,-31.689,1.108,4
8331.994,9.739,0.857,0.82,-0.012,-0.031,-0.034,-23.662,-31.55,0.761,4
8467.024,9.682,0.727,0.821,0.041,-0.081,0.006,-24.203,-31.455,0.417,4
8602.987,9.707,0.784,0.909,0.009,0.029,0.011,-23.589,-31.247,1.537,4
8738.999,9.625,0.702,0.726,-0.031,-0.047,-0.0,-23.737,-31.212,1.358,4
8879.003,9.663,0.774,0.83,0.035,-0.093,0.004,-23.768,-30.82,1.663,4
9014.98,9.671,0.749,0.873,0.019,-0.068,0.012,-23.855,-31.334,0.178,4
9150.987,9.741,0.817,0.894,0.03,-0.084,-0.0,-23.424,-31.367,1.284,4
9286.963,9.74,0.794,0.841,0.003,0.01,-0.026,-24.077,-30.663,0.308,4
9421.995,9.725,0.824,0.901,-0.003,-0.06,-0.039,-23.6,-31.277,0.529,4
9558.015,9.749,0.787,0.919,0.029,-0.043,-0.008,-23.373,-31.062,0.431,4
9694.007,9.755,0.809,0.858,0.028,-0.007,0.018,-23.901,-31.342,1.267,4
9830.027,9.661,0.658,0.878,-0.017,-0.023,-0.006,-24.385,-31.165,0.762,4
9964.988,9.655,0.79,0.901,0.028,-0.058,-0.025,-25.069,-31.377,-0.42,4
10106.005,9.71,0.82,0.969,0.017,-0.024,-0.02,-24.526,-31.124,0.554,4
10241.998,9.688,0.819,0.947,0.026,-0.02,-0.016,-24.568,-31.557,0.51,4
10377.027,9.652,0.686,0.682,-0.009,-0.06,-0.044,-24.724,-31.293,0.593,4
10512.988,9.71,0.707,0.886,-0.016,-0.02,-0.021,-24.449,-30.985,0.689,4
10649.004,9.794,0.843,0.948,0.018,-0.009,-0.012,-24.061,-31.094,1.094,4
10785.02,9.66,0.731,0.949,0.013,-0.022,-0.034,-24.84,-30.462,0.534,4
10920.054,9.723,0.845,0.847,0.036,-0.082,-0.017,-23.992,-31.745,0.451,4
11055.995,9.685,0.938,0.873,0.038,-0.075,-0.0,-24.513,-30.834,0.658,4
11197.013,9.597,0.777,0.925,0.055,-0.012,-0.017,-25.132,-30.906,0.428,4
11332.999,9.715,1.014,0.995,0.014,-0.044,-0.032,-24.737,-30.832,0.502,4
11468.014,9.709,0.916,0.947,0.048,-0.074,-0.003,-24.96,-31.558,0.858,4
11603.984,9.605,0.703,0.892,0.032,-0.035,-0.011,-24.426,-30.57,1.043,4
11740.004,9.672,0.961,0.673,0.021,-0.046,0.01,-24.797,-30.667,0.591,4
11874.993,9.511,0.621,0.654,0.028,-0.064,0.01,-24.656,-30.654,1.102,4
12010.971,9.648,0.738,0.794,0.047,-0.057,-0.012,-24.74,-30.96,1.093,4
12147.024,9.646,0.713,1.008,-0.019,-0.034,-0.035,-25.368,-30.543,1.125,4
12283.015,9.754,0.865,0.932,0.026,-0.03,0.007,-24.915,-30.761,0.966,4
12422.961,9.7,0.883,0.862,0.023,-0.004,0.026,-24.703,-30.89,1.648,4
12559.011,9.555,0.531,0.91,0.01,-0.026,-0.011,-24.761,-30.644,0.639,4
12695.025,9.904,0.958,0.8,-0.048,-0.043,-0.011,-24.643,-31.04,1.14,4
12831.015,9.67,0.702,0.95,-0.013,-0.018,0.053,-24.906,-30.715,1.134,4
12966.019,9.633,0.699,0.862,0.03,-0.048,0.002,-24.218,-30.728,0.709,4
13101.963,9.725,0.839,0.922,0.033,-0.056,-0.03,-24.456,-30.529,1.265,4
13237.974,9.672,0.83,1.038,-0.008,-0.057,-0.0,-24.414,-30.472,0.071,4
13374.017,9.664,0.809,1.016,0.025,-0.059,0.013,-24.297,-30.534,-0.256,4
13508.998,9.622,0.958,0.546,0.261,-0.108,-0.031,-24.492,-30.057,-0.043,4
13650.021,9.689,0.804,0.895,-0.012,-0.09,0.026,-24.75,-30.061,0.739,4
13785.991,9.68,0.785,1.012,0.046,-0.089,-0.008,-25.111,-30.618,1.454,4
13921.029,9.604,0.716,0.778,0.006,-0.09,0.021,-25.151,-30.348,1.085,4
14056.989,9.662,0.708,1.023,0.025,-0.014,0.005,-25.111,-30.286,0.321,4
14193.02,9.7,0.732,0.995,-0.023,-0.065,0.015,-25.063,-29.92,0.905,4
14329.041,9.701,0.806,0.967,-0.005,-0.06,-0.007,-25.708,-29.709,1.046,4
14464.019,9.752,0.786,1.033,-0.012,-0.064,-0.042,-25.864,-30.392,1.486,4
14600.007,9.681,0.712,0.997,0.007,-0.043,-0.016,-25.972,-30.428,0.557,4
14735.984,9.679,0.756,0.909,0.05,-0.052,0.002,-25.147,-30.225,-0.671,4
14877.024,9.65,0.767,1.02,0.044,-0.061,0.015,-26.176,-30.764,0.249,4
15013.008,9.661,0.704,1.085,-0.005,-0.012,-0.032,-24.874,-30.066,1.145,4
15149.017,9.766,0.8,1.092,-0.008,-0.083,-0.007,-25.109,-30.425,-0.24,4
15284.998,9.698,0.772,1.054,-0.009,-0.061,-0.006,-24.998,-30.322,0.32,4
15419.99,9.614,0.698,0.961,0.02,-0.023,-0.001,-24.803,-30.535,-0.029,4
15556.0,9.717,0.773,1.04,-0.017,-0.035,0.027,-25.106,-30.904,0.733,4
15691.979,9.651,0.708,1.047,0.043,-0.068,-0.027,-24.775,-30.161,1.1,4
15828.016,9.818,1.047,0.892,0.249,-0.108,0.029,-25.109,-29.925,0.557,4
15962.995,9.753,0.682,1.154,0.022,-0.022,-0.015,-25.133,-30.249,-0.519,4
16104.028,9.731,0.774,1.131,0.012,-0.044,-0.021,-25.036,-30.384,-0.565,4
16240.027,9.666,0.827,1.014,-0.001,-0.059,-0.01,-24.337,-30.571,0.594,4
16374.999,9.657,0.734,0.904,0.032,-0.053,-0.031,-24.86,-30.55,0.437,4
16511.016,9.715,0.695,1.1,-0.033,-0.043,-0.025,-24.426,-30.441,3.51,4
16646.997,9.676,0.755,0.899,-0.002,-0.041,-0.003,-24.274,-30.176,0.245,4
16782.991,9.614,0.748,0.929,0.075,-0.052,0.015,-24.733,-29.489,0.505,4
16917.988,9.661,0.729,0.924,0.026,-0.095,0.004,-24.727,-30.126,-0.733,4
17054.037,9.689,0.688,1.12,0.025,-0.078,0.039,-24.84,-30.224,-0.8,4
17189.999,9.657,0.704,1.074,-0.028,-0.058,0.002,-25.211,-29.553,-0.374,4
17331.036,9.735,0.836,1.09,0.03,-0.057,-0.026,-24.698,-29.973,0.073,4
17466.02,9.713,0.769,1.055,0.023,-0.005,-0.019,-24.682,-29.671,0.189,4
17602.01,9.614,0.72,1.068,0.026,-0.039,-0.016,-25.2,-29.894,-0.555,4
17738.01,9.659,0.698,1.107,0.029,-0.043,-0.051,-24.966,-29.809,-1.742,4
17873.993,9.695,0.792,1.138,0.026,-0.092,-0.006,-25.106,-30.211,-0.148,4
18009.026,9.702,0.774,1.096,0.026,-0.008,-0.003,-25.373,-29.799,0.426,4
18145.026,9.668,0.755,1.019,0.002,-0.051,0.035,-25.041,-29.775,-0.581,4
18280.998,9.666,0.732,1.095,0.004,-0.06,-0.0,-24.994,-30.288,-0.65,4
18421.002,9.65,0.695,1.031,0.035,-0.052,-0.007,-25.57,-29.942,-0.338,4
18557.007,9.693,0.629,1.132,0.018,-0.045,-0.01,-25.075,-30.227,-1.332,4
18692.992,9.683,0.67,1.113,0.02,-0.079,0.001,-25.527,-30.124,0.196,4
18828.982,9.785,0.717,1.245,0.08,-0.06,-0.033,-25.601,-30.474,-1.486,4
18964.0,9.668,0.773,1.059,-0.016,-0.054,-0.002,-24.817,-31.082,-0.333,4
19105.987,9.62,0.744,0.97,0.024,-0.039,-0.039,-24.755,-31.095,0.217,4
19241.991,9.781,0.873,1.16,-0.015,-0.047,0.024,-24.958,-30.435,-3.566,4
19377.008,9.656,0.826,1.062,0.008,-0.026,0.012,-24.57,-30.73,0.673,4
19513.01,9.565,0.679,0.998,-0.001,-0.01,0.014,-24.723,-31.176,-0.405,4
19654.048,9.688,0.758,1.014,0.006,-0.022,-0.037,-24.695,-30.437,-0.048,4
19790.015,9.697,0.848,1.276,0.056,-0.076,-0.054,-25.121,-30.642,1.209,4
19924.983,9.715,0.824,1.089,0.034,-0.01,-0.008,-25.492,-30.251,3.558,4
20061.031,9.673,0.744,1.085,0.063,-0.08,-0.001,-25.363,-30.543,0.536,4
20204.0,9.684,0.774,1.081,-0.006,-0.052,-0.022,-24.95,-31.053,0.195,4
20338.99,9.728,0.88,1.108,-0.012,-0.057,-0.015,-24.617,-30.746,0.332,4
20474.975,9.668,0.754,1.121,0.029,-0.029,-0.013,-24.474,-30.786,-0.25,4
20611.017,9.734,0.93,1.148,-0.006,-0.011,-0.055,-24.779,-30.639,-0.989,4
20746.956,9.686,0.81,0.991,0.038,-0.018,-0.004,-25.058,-30.984,0.504,4
20888.015,9.662,0.832,1.03,-0.026,-0.018,0.004,-25.258,-30.074,-0.212,4
21023.983,9.595,0.764,1.082,0.0,-0.087,0.024,-25.484,-30.9,0.379,4
21159.999,9.693,0.773,1.079,0.002,-0.057,0.036,-24.767,-30.468,0.669,4
21294.992,9.683,0.751,1.035,0.022,-0.066,0.009,-24.872,-30.227,0.719,4
21430.998,9.728,0.773,1.214,0.02,-0.028,-0.01,-24.605,-29.946,1.084,4
21566.97,9.679,0.797,0.941,0.003,-0.052,0.004,-24.239,-30.791,0.432,4
21703.001,9.606,0.745,0.842,0.056,-0.031,0.02,-24.328,-30.947,1.115,4
21837.997,9.676,0.816,0.985,0.025,-0.033,-0.028,-24.191,-30.502,0.22,4
21974.013,9.708,0.928,1.05,0.013,-0.05,0.016,-24.456,-30.704,1.976,4
22130.01,9.706,0.855,1.12,0.029,-0.049,0.002,-24.638,-30.582,1.342,4
22269.982,9.641,0.807,1.09,0.008,-0.058,-0.001,-24.464,-31.207,-0.273,4
22409.985,9.644,0.816,1.069,0.011,-0.012,-0.022,-24.604,-30.598,0.695,4
22549.001,9.713,0.796,1.045,0.005,-0.077,-0.009,-24.421,-30.382,0.604,4
22689.024,9.716,0.785,1.303,-0.01,-0.022,-0.004,-24.797,-29.468,0.459,4
22829.011,9.743,0.707,1.308,-0.019,-0.013,-0.013,-24.932,-29.939,-0.685,4
22967.975,9.695,0.759,1.042,0.033,-0.026,-0.056,-25.29,-29.975,0.768,4
23108.011,9.71,0.858,1.209,0.001,-0.023,-0.004,-25.663,-29.381,1.051,4
23248.021,9.674,0.747,1.266,0.005,-0.044,0.018,-26.27,-29.723,-0.146,4
23392.958,9.623,0.709,1.098,0.042,-0.047,-0.003,-25.863,-29.958,-0.361,4
23532.986,9.649,0.783,0.97,0.029,-0.065,0.019,-25.998,-29.631,0.247,4
23671.98,9.665,0.758,1.126,0.01,-0.083,-0.017,-25.833,-30.017,-0.808,4
23811.968,9.731,0.768,1.227,0.043,-0.045,-0.044,-26.323,-30.811,-0.208,4
23952.013,9.751,0.827,1.248,-0.018,-0.017,0.008,-26.308,-30.574,0.147,4
24091.002,9.634,0.778,1.181,0.011,-0.068,-0.053,-26.34,-30.437,-0.961,4
24231.012,9.726,0.897,1.088,-0.021,-0.034,0.068,-26.392,-30.807,-0.798,4
24371.005,9.602,0.675,0.918,0.029,-0.04,-0.019,-26.339,-29.854,3.176,4
24515.004,9.683,0.81,0.977,0.057,-0.065,-0.025,-25.444,-29.796,0.423,4
24655.013,9.693,0.827,1.065,0.008,-0.094,-0.031,-25.786,-30.265,0.78,4
24793.982,9.7,0.773,1.238,0.022,-0.044,-0.017,-25.09,-30.342,-0.7,4
24933.994,9.714,0.813,1.15,0.004,-0.038,-0.032,-26.24,-29.836,-0.101,4
25073.981,9.677,0.759,1.118,0.046,-0.058,-0.024,-25.298,-30.577,1.057,4
25212.977,9.643,0.76,1.084,0.012,-0.023,0.005,-25.098,-29.953,0.619,4
25352.972,9.698,0.749,1.238,-0.024,-0.053,0.026,-24.439,-30.415,0.134,4
25493.066,9.716,0.792,1.2,0.034,-0.044,-0.005,-26.153,-29.625,-0.651,4
25631.998,9.723,0.776,1.332,-0.041,-0.046,0.003,-25.805,-30.324,-0.565,4
25777.017,9.659,0.77,1.156,-0.034,-0.027,0.01,-25.061,-30.194,-0.471,4
25915.994,9.741,0.758,1.112,0.033,-0.015,-0.021,-24.582,-30.588,-0.318,4
26056.011,9.726,0.815,1.068,0.024,-0.062,0.049,-24.887,-31.065,-0.057,4
26195.979,9.583,0.564,1.049,0.019,-0.069,0.014,-24.95,-30.329,-0.645,4
26334.994,9.828,0.93,1.173,-0.039,0.057,0.018,-24.217,-30.261,-1.069,4
26474.986,9.541,0.447,0.966,0.016,-0.068,0.052,-25.135,-30.201,-0.035,4
26614.978,9.752,0.587,1.127,0.022,-0.101,-0.012,-25.287,-30.503,1.32,4
26754.023,9.716,0.557,1.329,-0.001,-0.085,0.046,-25.124,-30.579,0.882,4
26894.02,9.794,0.709,1.04,-0.037,-0.039,-0.007,-25.515,-29.635,1.312,4
27040.022,9.626,0.563,0.915,0.009,-0.029,0.027,-25.369,-30.254,1.373,4
27179.007,9.768,0.568,1.127,0.017,-0.02,0.011,-25.321,-30.227,0.317,4
27319.019,9.686,0.51,0.811,0.005,-0.033,-0.003,-25.41,-29.736,-0.419,4
27457.972,9.609,0.453,0.94,0.063,-0.04,-0.004,-25.518,-30.07,-0.092,4
27597.989,9.78,0.784,1.144,0.053,-0.038,-0.054,-25.173,-30.058,0.359,4
27737.975,9.807,0.84,1.117,0.011,-0.034,-0.014,-25.552,-30.039,0.5,4
27876.994,9.665,0.728,1.145,0.014,-0.011,0.028,-25.013,-30.02,0.78,4
28016.996,9.715,0.667,0.997,0.002,-0.05,0.018,-24.906,-30.311,1.042,4
28156.999,9.773,0.601,1.153,-0.069,0.026,0.024,-25.439,-30.44,0.676,4
28302.029,9.659,0.518,1.069,0.001,-0.009,-0.024,-25.444,-29.574,0.758,4
28441.987,9.702,0.652,1.153,0.05,0.015,-0.049,-25.332,-30.439,0.297,4
28582.006,9.75,0.653,1.16,0.046,-0.029,-0.0,-25.14,-30.21,-0.715,4
28720.995,9.618,0.579,1.116,0.028,-0.072,-0.021,-25.232,-30.537,-0.217,4
28861.044,9.705,0.654,1.116,0.049,0.016,-0.016,-26.08,-30.369,-0.694,4
28999.987,9.656,0.574,1.153,-0.013,-0.026,-0.008,-25.59,-30.656,-0.146,4
29140.031,9.715,0.566,1.029,0.015,-0.053,-0.017,-26.567,-30.729,0.666,4
29279.955,9.62,0.555,1.078,0.003,-0.078,0.062,-26.274,-30.278,0.721,4
29419.02,9.687,0.744,1.187,0.007,-0.06,0.026,-26.139,-29.592,0.002,4
29564.992,9.613,0.775,1.043,0.075,-0.056,0.001,-25.922,-30.362,0.623,4
29705.038,9.762,0.668,1.185,-0.042,-0.05,-0.024,-26.052,-30.087,0.581,4
29844.012,9.733,0.689,1.187,0.006,-0.042,0.019,-25.711,-30.242,-0.15,4
29983.992,9.58,0.563,0.905,0.005,-0.05,0.027,-25.516,-29.863,0.489,4
30123.978,9.716,0.618,0.969,0.072,-0.023,-0.003,-26.35,-29.63,-0.409,4
30263.021,9.695,0.673,1.103,0.083,-0.048,0.012,-26.188,-29.966,0.741,4
30402.977,9.769,0.725,1.206,0.033,-0.056,-0.032,-25.638,-29.417,0.159,4
30541.976,9.743,0.802,1.236,0.013,-0.02,-0.023,-25.511,-30.351,1.116,4
30688.006,9.747,0.809,1.08,0.021,-0.003,-0.025,-25.377,-30.177,0.687,4
30828.043,9.742,0.747,1.195,0.028,-0.037,0.007,-25.347,-29.985,0.797,4
30967.021,9.646,0.537,0.704,0.019,-0.119,-0.028,-24.9,-29.75,1.105,4
31108.024,9.613,0.395,0.922,0.028,-0.057,0.007,-25.105,-30.134,1.708,4
31247.946,9.77,0.671,1.123,0.016,-0.003,0.016,-25.543,-29.148,0.638,4
31387.013,9.752,0.919,1.141,0.001,0.001,0.011,-25.159,-29.792,0.079,4
31526.984,9.904,1.016,1.019,-0.026,0.029,0.046,-24.535,-29.829,-0.05,4
31665.979,9.25,-0.022,1.391,0.029,-0.065,0.023,-25.219,-29.761,-0.188,4
31805.987,9.89,0.623,1.235,0.039,-0.037,-0.077,-24.772,-30.591,-0.909,4
31951.006,9.726,0.921,1.24,0.032,-0.018,-0.037,-25.56,-30.03,0.816,4
32089.987,9.61,0.818,1.033,0.037,-0.094,0.003,-25.141,-29.52,-0.465,4
32229.997,9.636,0.665,1.243,0.023,-0.047,-0.025,-24.876,-30.223,0.5,4
32369.962,9.755,0.938,1.188,0.001,-0.041,-0.022,-25.725,-30.104,0.854,4
32509.016,9.737,0.981,1.183,0.015,-0.068,-0.019,-25.157,-30.55,0.009,4
32648.994,9.621,0.61,0.709,0.016,-0.073,-0.004,-24.932,-30.286,0.396,4
2739.059,9.671,0.898,0.279,0.017,-0.012,0.038,-23.814,-31.649,2.679,4
2874.996,9.668,1.07,0.627,0.014,0.026,0.035,-23.69,-31.314,3.158,4
3012.011,9.751,1.008,0.506,0.035,-0.057,-0.008,-23.94,-31.301,2.258,4
3149.0,9.659,0.704,0.544,-0.012,-0.031,0.003,-24.677,-32.038,2.749,4
3285.985,9.686,0.787,0.565,0.071,-0.028,-0.025,-24.412,-32.119,3.081,4
3422.004,9.645,0.793,0.581,0.046,-0.031,-0.025,-23.866,-31.484,3.033,4
3558.956,9.679,0.949,0.626,0.021,-0.06,0.027,-24.363,-31.506,2.488,4
3695.981,9.693,0.924,0.618,0.013,-0.023,-0.019,-24.258,-31.641,2.711,4
3839.023,9.727,0.942,0.795,0.034,-0.03,-0.032,-23.762,-32.205,1.992,4
3975.971,9.713,0.904,0.706,0.009,0.034,0.019,-24.386,-31.521,2.92,4
4114.013,9.672,0.896,0.621,0.051,-0.026,-0.005,-24.081,-32.009,1.894,4
4250.053,9.688,0.861,0.708,0.028,-0.046,0.011,-24.014,-31.323,2.343,4
4386.944,9.68,0.801,0.572,0.035,-0.039,0.006,-24.316,-31.812,2.651,4
4524.0,9.706,0.844,0.66,0.054,-0.059,-0.026,-23.893,-31.76,2.223,4
4660.028,9.746,0.946,0.804,0.003,-0.0,0.036,-23.369,-31.723,2.199,4
4794.998,9.652,0.793,0.823,0.0,-0.03,-0.021,-24.173,-31.881,1.971,4
4930.988,9.681,0.828,0.768,0.005,-0.022,-0.013,-24.2,-31.319,1.615,4
5066.969,9.727,0.748,0.821,0.016,-0.058,-0.016,-24.169,-31.575,2.116,4
5199.035,9.697,0.795,0.669,0.002,-0.046,-0.016,-24.37,-31.294,1.964,4
5333.987,9.642,0.781,0.549,-0.015,-0.055,0.005,-23.691,-31.641,1.789,4
5470.008,9.704,0.874,0.743,0.035,-0.016,0.004,-24.19,-31.986,1.902,4
5606.018,9.725,0.931,0.743,0.005,-0.037,-0.014,-23.84,-31.174,1.798,4
5742.014,9.757,0.931,0.724,0.013,-0.066,-0.006,-23.967,-31.327,3.066,4
5876.989,9.644,0.802,0.648,0.009,-0.029,-0.009,-24.099,-30.977,1.923,4
6013.009,9.646,0.722,0.701,0.003,-0.045,0.008,-23.998,-31.169,1.996,4
6149.008,9.789,0.842,0.772,0.044,-0.064,-0.025,-24.21,-30.341,1.038,4
6285.021,9.704,0.771,0.861,-0.016,-0.045,0.003,-24.681,-31.471,1.736,4
6426.013,9.691,0.973,0.681,0.02,0.015,-0.044,-24.926,-31.753,1.357,4
6561.978,9.604,0.701,0.54,0.039,-0.059,-0.014,-23.909,-31.929,0.22,4
6698.022,9.842,0.715,0.733,0.017,-0.043,-0.015,-24.318,-31.344,1.455,4
6832.987,9.659,0.821,0.764,0.025,-0.052,0.036,-23.409,-31.336,1.356,4
6969.002,9.702,0.858,0.648,0.018,-0.068,-0.04,-24.051,-30.582,1.22,4
7105.001,9.707,0.71,0.87,0.039,-0.07,-0.025,-23.923,-31.522,1.467,4
7240.992,9.733,0.808,0.832,-0.0,-0.048,-0.009,-23.725,-31.1,0.695,4
7375.986,9.69,0.864,0.897,0.01,-0.032,0.017,-24.034,-31.7,1.534,4
7511.953,9.692,0.849,0.91,0.012,-0.067,0.025,-23.917,-31.067,1.311,4
7653.025,9.702,0.864,0.904,-0.025,-0.06,-0.009,-23.386,-31.642,2.07,4
7788.965,9.713,0.777,0.774,0.041,-0.061,0.004,-23.841,-31.784,2.419,4
7923.967,9.642,0.828,0.778,0.025,-0.07,-0.02,-23.32,-32.051,1.048,4
8059.944,9.737,0.852,0.844,0.031,-0.047,-0.021,-23.303,-32.187,0.887,4
8195.976,9.716,0.791,0.991,-0.045,-0.041,-0.023,-23.01,-31.665,1.1,4
8332.016,9.68,0.816,0.783,-0.02,-0.069,-0.013,-23.694,-31.579,0.772,4
8466.977,9.705,0.699,0.743,0.034,-0.1,0.0,-24.193,-31.44,0.447,4
8603.03,9.699,0.778,0.888,-0.004,-0.016,-0.013,-23.615,-31.265,1.542,4
8738.969,9.623,0.721,0.76,-0.013,-0.027,-0.021,-23.726,-31.238,1.365,4
8879.008,9.685,0.733,0.787,0.027,-0.082,0.022,-23.722,-30.819,1.671,4
9014.952,9.705,0.845,0.865,0.037,-0.057,-0.026,-23.805,-31.343,0.157,4
9151.018,9.717,0.777,0.906,0.003,-0.051,-0.014,-23.438,-31.329,1.33,4
9287.015,9.721,0.782,0.851,0.027,-0.042,-0.013,-24.122,-30.685,0.316,4
9422.003,9.705,0.782,0.932,0.009,-0.063,-0.006,-23.586,-31.27,0.522,4
9558.005,9.715,0.777,0.919,0.025,-0.058,-0.003,-23.39,-31.008,0.402,4
9693.961,9.748,0.769,0.837,0.032,-0.045,0.026,-23.848,-31.301,1.265,4
9830.005,9.666,0.651,0.877,0.001,-0.019,0.001,-24.329,-31.108,0.774,4
9965.026,9.666,0.771,0.919,0.024,-0.042,-0.028,-25.097,-31.316,-0.413,4
10105.992,9.709,0.825,0.964,0.047,-0.037,0.04,-24.524,-31.134,0.544,4
10242.01,9.714,0.838,0.94,0.014,-0.031,-0.027,-24.598,-31.55,0.496,4
10377.032,9.66,0.678,0.715,0.025,-0.051,-0.032,-24.722,-31.297,0.609,4
10513.006,9.725,0.709,0.925,0.021,-0.026,0.01,-24.393,-31.029,0.677,4
10648.982,9.746,0.846,0.933,-0.017,-0.045,-0.036,-24.085,-31.077,1.129,4
10785.005,9.623,0.711,0.912,0.037,-0.03,0.022,-24.849,-30.478,0.54,4
10920.005,9.71,0.812,0.844,0.005,-0.061,-0.016,-23.989,-31.716,0.378,4
11055.977,9.704,0.919,0.876,0.034,-0.092,0.007,-24.498,-30.862,0.608,4
11197.006,9.596,0.742,0.962,0.021,-0.034,0.035,-25.108,-30.874,0.437,4
11332.985,9.72,0.967,1.018,-0.003,-0.066,-0.021,-24.771,-30.788,0.495,4
11467.99,9.746,0.902,0.906,0.024,-0.101,-0.003,-24.925,-31.518,0.876,4
11603.97,9.63,0.707,0.871,0.0,-0.078,0.015,-24.441,-30.564,1.037,4
11740.018,9.635,0.957,0.675,0.056,-0.087,-0.021,-24.788,-30.714,0.602,4
11875.025,9.498,0.62,0.665,0.037,-0.088,0.017,-24.674,-30.649,1.122,4
12011.011,9.663,0.743,0.793,0.011,-0.07,-0.007,-24.73,-30.912,1.114,4
12146.968,9.686,0.707,1.026,-0.004,-0.039,-0.042,-25.32,-30.587,1.132,4
12282.996,9.765,0.908,0.951,0.032,-0.054,-0.028,-24.907,-30.736,1.013,4
12422.992,9.705,0.91,0.89,0.017,-0.035,0.004,-24.647,-30.891,1.644,4
12559.043,9.583,0.564,0.934,-0.029,-0.031,0.036,-24.794,-30.565,0.614,4
12694.963,9.871,1.0,0.829,-0.023,-0.076,-0.026,-24.684,-31.042,1.094,4
12830.986,9.653,0.641,0.939,0.03,-0.009,0.032,-24.903,-30.687,1.152,4
12965.983,9.652,0.718,0.894,0.01,-0.027,0.024,-24.242,-30.75,0.679,4
13101.961,9.719,0.834,0.956,0.034,0.009,0.002,-24.448,-30.486,1.246,4
13237.993,9.667,0.846,0.973,0.012,-0.076,0.02,-24.428,-30.498,0.145,4
13373.996,9.724,0.812,1.016,0.002,-0.04,0.013,-24.336,-30.508,-0.267,4
13508.974,9.635,0.949,0.543,0.282,-0.111,0.004,-24.514,-30.092,-0.089,4
13650.011,9.671,0.796,0.884,0.03,-0.121,0.001,-24.731,-30.068,0.692,4
13785.983,9.665,0.749,1.003,0.013,-0.003,-0.004,-25.131,-30.625,1.428,4
13920.973,9.625,0.743,0.795,0.036,-0.088,0.009,-25.094,-30.332,1.11,4
14056.984,9.67,0.723,1.008,0.018,-0.036,0.0,-25.105,-30.295,0.294,4
14192.998,9.691,0.757,0.985,0.023,-0.06,-0.025,-25.053,-29.947,0.897,4
14328.997,9.689,0.786,1.001,0.002,-0.048,0.032,-25.7,-29.686,0.988,4
14464.007,9.72,0.758,1.04,-0.01,-0.039,0.016,-25.893,-30.382,1.513,4
14600.006,9.699,0.731,1.012,-0.026,-0.018,-0.009,-25.963,-30.44,0.586,4
14736.009,9.643,0.749,0.93,0.062,-0.074,0.022,-25.141,-30.236,-0.654,4
14876.982,9.701,0.742,1.031,0.013,-0.033,0.058,-26.136,-30.744,0.249,4
15013.008,9.677,0.768,1.066,0.024,-0.013,0.016,-24.863,-30.006,1.13,4
15148.96,9.748,0.847,1.087,0.004,-0.078,0.013,-25.108,-30.435,-0.169,4
15285.03,9.676,0.774,1.062,0.008,-0.047,0.009,-24.983,-30.312,0.291,4
15419.975,9.667,0.757,0.959,-0.043,-0.052,0.003,-24.801,-30.524,-0.013,4
15555.993,9.73,0.752,1.053,0.014,-0.044,-0.036,-25.149,-30.872,0.731,4
15692.002,9.675,0.711,1.0,0.024,-0.069,0.013,-24.799,-30.164,1.137,4
15828.01,9.797,1.06,0.896,0.228,-0.1,0.004,-25.121,-29.97,0.564,4
15962.998,9.739,0.69,1.165,-0.018,-0.042,-0.003,-25.124,-30.221,-0.525,4
16103.987,9.747,0.776,1.133,0.005,-0.034,0.004,-25.007,-30.378,-0.607,4
16240.001,9.693,0.803,1.023,0.016,-0.055,-0.039,-24.339,-30.578,0.599,4
16374.984,9.682,0.747,0.94,0.045,-0.065,-0.022,-24.869,-30.537,0.424,4
16511.004,9.71,0.699,1.09,-0.02,-0.0,-0.019,-24.461,-30.391,3.472,4
16646.998,9.616,0.778,0.873,0.042,-0.015,0.014,-24.244,-30.203,0.268,4
16783.029,9.582,0.727,0.944,0.018,-0.097,0.018,-24.767,-29.524,0.441,4
16918.025,9.651,0.698,0.934,0.042,-0.051,-0.045,-24.741,-30.112,-0.759,4
17053.99,9.688,0.689,1.108,0.029,-0.019,-0.007,-24.775,-30.208,-0.767,4
17190.009,9.613,0.676,1.01,0.016,-0.073,-0.026,-25.184,-29.528,-0.357,4
17331.028,9.744,0.833,1.079,0.019,-0.03,-0.026,-24.68,-29.982,0.093,4
17465.997,9.705,0.75,1.001,0.019,-0.064,0.061,-24.663,-29.673,0.195,4
17602.022,9.63,0.668,1.042,0.03,-0.082,0.007,-25.167,-29.93,-0.583,4
17738.032,9.682,0.709,1.055,0.044,-0.083,-0.042,-25.008,-29.759,-1.696,4
17874.014,9.739,0.802,1.135,0.045,-0.028,-0.044,-25.12,-30.183,-0.119,4
18009.014,9.719,0.785,1.081,0.025,-0.05,-0.015,-25.411,-29.839,0.423,4
18145.014,9.661,0.77,1.048,0.004,0.024,-0.003,-25.044,-29.79,-0.575,4
18281.032,9.672,0.724,1.095,-0.015,-0.027,-0.063,-24.996,-30.342,-0.649,4
18420.995,9.642,0.744,1.056,0.034,-0.028,-0.002,-25.566,-29.95,-0.35,4
18556.973,9.686,0.641,1.108,0.052,-0.048,-0.005,-25.134,-30.187,-1.361,4
18693.018,9.702,0.662,1.143,0.046,-0.037,0.01,-25.526,-30.1,0.229,4
18829.033,9.729,0.74,1.253,0.036,-0.072,-0.006,-25.619,-30.379,-1.492,4
18963.988,9.695,0.794,1.099,0.005,-0.002,-0.002,-24.861,-31.054,-0.352,4
19106.01,9.663,0.762,1.022,0.024,-0.027,-0.016,-24.788,-31.111,0.214,4
19241.995,9.803,0.829,1.226,0.046,-0.066,0.022,-24.941,-30.447,-3.56,4
19377.007,9.646,0.843,1.05,0.009,-0.059,-0.026,-24.604,-30.721,0.661,4
19513.008,9.558,0.672,0.951,0.027,-0.051,-0.021,-24.743,-31.164,-0.38,4
19654.017,9.641,0.72,1.055,0.008,-0.048,-0.0,-24.697,-30.48,-0.086,4
19789.99,9.731,0.834,1.286,0.05,-0.028,-0.033,-25.116,-30.675,1.194,4
19924.977,9.688,0.808,1.123,-0.003,-0.034,0.002,-25.566,-30.21,3.562,4
20060.977,9.667,0.761,1.11,-0.014,-0.04,0.003,-25.371,-30.539,0.52,4
20203.987,9.716,0.758,1.126,0.031,-0.012,-0.011,-24.945,-30.992,0.151,4
20339.008,9.716,0.886,1.078,-0.019,-0.061,-0.033,-24.589,-30.772,0.334,4
20475.021,9.71,0.786,1.122,0.008,-0.073,-0.034,-24.398,-30.764,-0.273,4
20610.986,9.768,0.893,1.154,0.01,-0.033,-0.004,-24.766,-30.624,-0.995,4
20747.011,9.696,0.822,0.978,0.023,-0.005,-0.029,-25.056,-30.983,0.503,4
20887.984,9.713,0.843,0.999,0.009,-0.029,0.031,-25.248,-29.994,-0.193,4
21024.006,9.62,0.754,1.087,0.043,-0.065,-0.015,-25.482,-30.866,0.418,4
21159.998,9.706,0.819,1.128,0.03,-0.012,-0.01,-24.751,-30.442,0.666,4
21294.993,9.686,0.776,1.024,0.059,-0.06,-0.007,-24.876,-30.239,0.704,4
21431.012,9.67,0.789,1.189,-0.014,-0.055,-0.029,-24.613,-29.903,1.099,4
21567.001,9.681,0.732,0.963,0.01,-0.043,-0.045,-24.25,-30.794,0.418,4
21702.993,9.579,0.741,0.887,0.024,-0.041,0.0,-24.3,-30.926,1.133,4
21837.946,9.626,0.773,1.004,0.001,-0.054,-0.011,-24.147,-30.438,0.204,4
21973.945,9.7,0.892,1.034,0.051,-0.067,-0.023,-24.437,-30.746,1.972,4
22130.024,9.724,0.848,1.121,0.036,0.011,-0.008,-24.607,-30.574,1.339,4
22270.034,9.666,0.763,1.071,0.011,-0.054,-0.033,-24.508,-31.181,-0.311,4
22409.995,9.652,0.811,1.059,-0.017,-0.051,-0.008,-24.599,-30.616,0.74,4
22548.991,9.767,0.839,1.036,-0.004,-0.038,-0.003,-24.442,-30.366,0.628,4
22688.996,9.735,0.787,1.262,0.002,-0.049,0.034,-24.773,-29.454,0.509,4
22828.999,9.708,0.742,1.295,0.0,-0.06,-0.038,-24.928,-29.915,-0.686,4
22968.001,9.636,0.737,1.047,0.072,-0.016,-0.05,-25.319,-30.002,0.726,4
23108.013,9.736,0.862,1.203,0.013,-0.07,0.02,-25.677,-29.408,1.079,4
23248.014,9.67,0.762,1.269,0.011,-0.028,0.034,-26.228,-29.704,-0.142,4
23392.97,9.605,0.703,1.108,0.064,-0.039,0.011,-25.903,-29.954,-0.344,4
23533.036,9.72,0.829,0.918,0.042,-0.062,0.009,-26.004,-29.595,0.291,4
23671.999,9.632,0.734,1.115,0.03,-0.051,-0.019,-25.799,-30.014,-0.773,4
23812.042,9.757,0.787,1.263,0.042,-0.025,-0.016,-26.31,-30.792,-0.179,4
23951.991,9.745,0.819,1.192,-0.015,-0.031,0.006,-26.32,-30.623,0.163,4
24090.975,9.659,0.815,1.189,0.042,-0.019,0.022,-26.356,-30.407,-0.99,4
24230.982,9.728,0.883,1.112,-0.021,-0.054,-0.0,-26.416,-30.783,-0.842,4
24371.042,9.627,0.696,0.932,0.027,-0.066,0.03,-26.305,-29.829,3.144,4
24514.963,9.657,0.754,1.034,0.04,-0.066,0.053,-25.432,-29.769,0.412,4
24655.003,9.657,0.83,1.096,0.013,-0.072,0.044,-25.825,-30.225,0.797,4
24793.975,9.702,0.777,1.24,0.044,-0.064,0.013,-25.1,-30.384,-0.687,4
24934.001,9.748,0.787,1.192,0.007,-0.065,0.001,-26.282,-29.809,-0.046,4
25073.98,9.687,0.78,1.108,0.009,-0.032,0.057,-25.264,-30.535,1.038,4
25213.013,9.674,0.763,1.123,0.012,-0.009,-0.016,-25.071,-29.936,0.598,4
25352.992,9.754,0.75,1.219,0.038,-0.058,0.013,-24.459,-30.411,0.151,4
25493.022,9.754,0.785,1.239,0.035,-0.028,-0.014,-26.123,-29.643,-0.67,4
25631.933,9.678,0.765,1.35,-0.011,-0.061,0.015,-25.785,-30.348,-0.569,4
25777.007,9.69,0.756,1.201,-0.03,-0.046,0.027,-25.048,-30.256,-0.481,4
25915.99,9.698,0.742,1.077,0.003,-0.034,0.028,-24.611,-30.616,-0.339,4
26056.001,9.687,0.81,1.058,0.023,-0.04,0.013,-24.918,-31.048,-0.037,4
26196.017,9.59,0.544,1.039,-0.018,-0.043,0.016,-24.948,-30.351,-0.635,4
26335.019,9.836,0.906,1.153,-0.071,0.01,0.003,-24.293,-30.284,-1.029,4
26475.03,9.549,0.463,0.966,0.022,-0.074,0.04,-25.136,-30.165,-0.089,4
26614.975,9.761,0.614,1.101,0.025,-0.127,-0.033,-25.3,-30.54,1.333,4
26754.028,9.678,0.577,1.335,-0.005,-0.058,0.011,-25.106,-30.59,0.877,4
26893.997,9.767,0.746,1.027,-0.043,-0.024,0.02,-25.484,-29.627,1.281,4
27039.987,9.691,0.587,0.94,0.056,-0.085,0.013,-25.358,-30.288,1.389,4
27178.985,9.752,0.564,1.087,0.024,-0.012,-0.034,-25.335,-30.189,0.348,4
27318.99,9.69,0.538,0.791,0.002,-0.04,0.037,-25.383,-29.733,-0.489,4
27457.996,9.619,0.411,0.933,0.03,-0.056,-0.001,-25.529,-30.065,-0.023,4
27598.01,9.747,0.731,1.256,0.074,-0.078,-0.038,-25.149,-30.094,0.393,4
27738.005,9.811,0.822,1.134,-0.01,-0.038,-0.008,-25.529,-30.016,0.508,4
27877.014,9.652,0.745,1.109,0.015,-0.041,0.034,-24.969,-30.008,0.737,4
28016.999,9.696,0.625,1.021,0.053,-0.083,0.024,-24.901,-30.316,1.01,4
28157.005,9.78,0.605,1.127,-0.028,0.009,0.016,-25.467,-30.427,0.636,4
28302.017,9.658,0.503,1.101,0.008,-0.038,0.015,-25.425,-29.581,0.769,4
28441.991,9.708,0.671,1.196,0.048,0.008,-0.033,-25.315,-30.451,0.297,4
28581.981,9.769,0.717,1.167,0.046,-0.068,0.013,-25.117,-30.233,-0.75,4
28720.999,9.631,0.546,1.151,0.023,-0.052,0.025,-25.161,-30.52,-0.239,4
28860.979,9.668,0.658,1.128,0.037,-0.051,0.026,-26.059,-30.359,-0.735,4
29000.042,9.633,0.54,1.146,0.052,-0.057,0.014,-25.577,-30.649,-0.132,4
29139.997,9.662,0.606,1.007,0.013,-0.061,-0.001,-26.565,-30.745,0.646,4
29279.991,9.599,0.517,1.079,0.02,-0.055,0.005,-26.231,-30.242,0.748,4
29418.982,9.691,0.719,1.208,-0.002,-0.098,0.002,-26.141,-29.578,-0.043,4
29565.001,9.629,0.765,1.021,0.101,-0.072,-0.025,-25.915,-30.324,0.647,4
29705.009,9.77,0.697,1.204,0.004,-0.044,-0.012,-26.091,-30.099,0.569,4
29844.001,9.715,0.684,1.171,0.004,-0.053,0.042,-25.684,-30.233,-0.167,4
29984.011,9.589,0.563,0.907,-0.015,-0.038,0.039,-25.522,-29.835,0.463,4
30124.006,9.673,0.683,0.985,0.036,-0.086,0.003,-26.34,-29.634,-0.436,4
30262.995,9.697,0.626,1.1,0.001,-0.039,-0.002,-26.182,-29.979,0.723,4
30403.0,9.754,0.737,1.236,-0.005,-0.054,0.017,-25.614,-29.449,0.213,4
30541.994,9.722,0.762,1.229,0.005,-0.011,0.029,-25.493,-30.339,1.065,4
30687.991,9.726,0.846,1.093,-0.037,0.002,-0.023,-25.36,-30.173,0.719,4
30828.019,9.722,0.787,1.172,0.002,-0.046,-0.038,-25.338,-29.996,0.729,4
30967.029,9.647,0.543,0.73,0.001,-0.086,0.028,-24.933,-29.745,1.122,4
31108.01,9.636,0.404,0.921,0.055,-0.066,0.018,-25.096,-30.148,1.714,4
31247.978,9.761,0.661,1.124,0.034,-0.043,-0.048,-25.526,-29.132,0.647,4
31387.036,9.758,0.907,1.132,-0.011,0.024,-0.031,-25.12,-29.784,0.068,4
31526.999,9.885,0.997,1.053,-0.008,0.018,0.016,-24.553,-29.814,-0.039,4
31666.001,9.261,-0.06,1.379,0.004,-0.082,0.023,-25.242,-29.78,-0.181,4
31806.001,9.879,0.671,1.216,-0.006,-0.01,-0.088,-24.732,-30.624,-0.874,4
31951.006,9.716,0.933,1.285,-0.013,0.03,-0.027,-25.599,-30.052,0.778,4
32089.985,9.617,0.836,1.002,0.039,-0.059,-0.026,-25.179,-29.495,-0.435,4
32229.982,9.633,0.679,1.231,0.055,-0.043,-0.016,-24.911,-30.197,0.516,4
32370.021,9.757,0.938,1.247,0.007,-0.014,-0.036,-25.736,-30.12,0.838,4
32508.996,9.734,0.95,1.239,-0.011,-0.061,-0.002,-25.19,-30.587,0.034,4
32648.986,9.622,0.631,0.788,-0.007,-0.116,-0.016,-24.948,-30.289,0.399,4
2739.007,9.696,0.896,0.304,-0.017,-0.027,0.06,-23.819,-31.667,2.69,4
2875.026,9.652,1.073,0.652,0.008,-0.009,-0.031,-23.707,-31.285,3.172,4
3011.946,9.773,1.021,0.501,-0.019,-0.014,-0.04,-23.958,-31.306,2.257,4
3148.999,9.684,0.724,0.527,0.008,-0.045,0.022,-24.69,-32.001,2.799,4
3286.006,9.642,0.789,0.555,0.018,-0.006,-0.002,-24.384,-32.117,3.075,4
3422.013,9.58,0.807,0.557,0.011,-0.069,-0.009,-23.853,-31.462,3.032,4
3558.995,9.699,0.941,0.64,0.077,-0.08,-0.026,-24.302,-31.526,2.514,4
3695.999,9.679,0.923,0.602,0.016,-0.06,0.02,-24.257,-31.637,2.726,4
3839.023,9.747,0.955,0.774,-0.014,-0.045,-0.018,-23.777,-32.25,1.998,4
3976.012,9.705,0.949,0.721,-0.005,-0.014,-0.012,-24.415,-31.554,2.912,4
4114.002,9.662,0.922,0.598,-0.03,-0.046,0.002,-24.029,-31.998,1.857,4
4249.992,9.679,0.817,0.671,0.035,-0.059,0.0,-24.051,-31.342,2.37,4
4386.983,9.663,0.814,0.581,-0.004,-0.049,0.039,-24.295,-31.786,2.655,4
4523.988,9.716,0.845,0.707,-0.025,-0.029,0.0,-23.889,-31.774,2.229,4
4660.044,9.745,0.949,0.793,-0.029,-0.061,0.005,-23.365,-31.726,2.206,4
4794.971,9.68,0.793,0.835,-0.005,-0.036,0.021,-24.222,-31.815,1.998,4
4931.021,9.673,0.845,0.751,0.046,-0.02,0.012,-24.201,-31.314,1.589,4
5066.997,9.709,0.743,0.811,0.054,-0.068,-0.019,-24.212,-31.587,2.114,4
5199.018,9.702,0.784,0.571,-0.02,-0.059,-0.02,-24.457,-31.32,1.96,4
5333.993,9.674,0.836,0.55,0.017,-0.06,0.009,-23.669,-31.621,1.77,4
5470.042,9.656,0.866,0.727,0.008,-0.06,0.032,-24.206,-31.983,1.885,4
5605.993,9.733,0.946,0.748,0.008,-0.075,0.005,-23.864,-31.24,1.776,4
5741.995,9.754,0.918,0.731,0.003,-0.038,0.022,-24.02,-31.345,3.098,4
5876.972,9.669,0.81,0.631,0.032,-0.079,-0.006,-24.1,-30.987,1.963,4
6012.985,9.649,0.75,0.682,0.026,-0.072,0.028,-24.006,-31.219,2.032,4
6148.983,9.791,0.798,0.746,0.051,-0.079,0.004,-24.229,-30.368,1.064,4
6284.985,9.68,0.751,0.848,0.02,-0.019,-0.053,-24.7,-31.409,1.743,4
6425.967,9.724,0.97,0.692,-0.006,0.023,-0.022,-24.923,-31.738,1.352,4
6562.025,9.583,0.726,0.577,0.054,-0.024,-0.04,-23.9,-31.891,0.208,4
6697.98,9.811,0.744,0.745,0.003,-0.029,-0.023,-24.356,-31.351,1.475,4
6833.003,9.664,0.818,0.752,0.015,-0.031,0.035,-23.462,-31.345,1.373,4
6968.991,9.699,0.792,0.647,-0.036,-0.061,-0.012,-24.068,-30.598,1.192,4
7105.0,9.686,0.668,0.876,0.002,-0.043,0.05,-23.93,-31.526,1.445,4
7240.986,9.708,0.828,0.782,0.039,-0.026,-0.006,-23.744,-31.091,0.685,4
7376.023,9.738,0.822,0.881,-0.0,-0.043,-0.017,-24.035,-31.702,1.48,4
7512.0,9.745,0.855,0.881,0.024,-0.039,0.005,-23.908,-31.098,1.34,4
7653.02,9.742,0.827,0.871,0.017,-0.007,-0.011,-23.433,-31.641,2.034,4
7789.009,9.671,0.759,0.786,0.005,-0.009,-0.038,-23.836,-31.764,2.431,4
7924.005,9.683,0.775,0.743,0.023,-0.059,-0.029,-23.343,-32.058,1.064,4
8059.997,9.752,0.922,0.882,0.015,-0.046,-0.008,-23.275,-32.212,0.884,4
8196.031,9.749,0.777,0.935,-0.033,-0.04,-0.013,-22.989,-31.702,1.15,4
8331.997,9.741,0.837,0.793,0.003,-0.052,0.035,-23.674,-31.579,0.78,4
8467.013,9.716,0.736,0.767,0.023,-0.075,-0.009,-24.168,-31.393,0.417,4
8603.003,9.718,0.758,0.914,-0.017,-0.036,-0.008,-23.628,-31.294,1.53,4
8738.985,9.617,0.66,0.757,0.005,-0.01,-0.017,-23.754,-31.201,1.363,4
8879.019,9.659,0.738,0.799,0.014,-0.066,-0.001,-23.737,-30.84,1.656,4
9014.997,9.711,0.815,0.878,-0.012,-0.038,0.007,-23.856,-31.366,0.158,4
9150.978,9.692,0.793,0.858,0.037,-0.052,0.0,-23.408,-31.326,1.262,4
9287.008,9.664,0.807,0.847,-0.002,-0.049,-0.0,-24.096,-30.624,0.305,4
9421.981,9.721,0.845,0.945,0.001,-0.064,-0.012,-23.61,-31.242,0.53,4
9557.979,9.742,0.807,0.924,-0.02,-0.039,0.012,-23.419,-31.009,0.407,4
9693.988,9.782,0.802,0.86,0.004,-0.048,-0.041,-23.87,-31.328,1.284,4
9829.979,9.65,0.682,0.844,-0.001,-0.062,0.014,-24.382,-31.151,0.755,4
9964.966,9.718,0.738,0.932,0.009,-0.04,-0.026,-25.084,-31.333,-0.417,4
10106.007,9.718,0.873,0.972,0.001,-0.03,-0.021,-24.543,-31.099,0.566,4
10241.993,9.661,0.809,0.986,0.007,-0.03,-0.005,-24.578,-31.547,0.527,4
10377.0,9.658,0.651,0.674,0.028,-0.025,-0.039,-24.69,-31.282,0.616,4
10512.979,9.742,0.7,0.901,0.035,-0.083,-0.015,-24.387,-31.053,0.703,4
10649.023,9.753,0.857,0.983,0.001,-0.001,-0.003,-24.084,-31.108,1.085,4
10784.991,9.639,0.699,0.906,-0.014,-0.045,-0.069,-24.864,-30.447,0.516,4
10919.999,9.721,0.871,0.838,0.005,-0.062,-0.015,-23.958,-31.769,0.397,4
11055.985,9.702,0.893,0.832,-0.005,-0.111,0.018,-24.467,-30.832,0.657,4
11196.987,9.582,0.721,0.94,0.042,0.032,0.001,-25.148,-30.901,0.438,4
11332.982,9.739,0.971,0.994,-0.018,-0.019,-0.066,-24.735,-30.8,0.51,4
2686.023,0.864,0.372,9.97,0.012,-0.056,-0.012,13.176,-30.045,-45.459,5
2822.051,0.838,0.333,9.791,0.002,-0.058,-0.015,12.42,-29.888,-44.407,5
2957.99,0.884,0.281,9.965,-0.033,-0.066,-0.02,12.479,-30.127,-45.39,5
3092.97,0.903,0.371,9.877,-0.008,-0.07,-0.048,12.255,-29.921,-45.085,5
3228.99,0.871,0.347,9.834,0.024,-0.05,0.019,12.295,-30.026,-45.582,5
3364.997,0.873,0.262,9.916,0.085,-0.065,0.001,12.035,-30.1,-45.092,5
3499.944,0.817,0.352,10.011,0.02,-0.032,0.018,13.227,-30.107,-44.338,5
3636.005,0.935,0.406,9.908,0.031,-0.081,-0.001,12.478,-30.048,-45.287,5
3776.971,0.907,0.345,9.942,0.014,-0.054,0.008,12.296,-30.396,-46.376,5
3913.024,0.903,0.325,9.939,0.036,-0.045,0.023,11.704,-30.022,-44.783,5
4048.001,0.908,0.401,10.015,-0.021,-0.027,0.013,12.198,-30.104,-46.069,5
4184.02,0.932,0.311,9.876,0.007,-0.043,0.006,12.457,-29.204,-44.933,5
4320.007,0.955,0.332,9.818,0.004,-0.01,0.002,11.598,-30.433,-45.766,5
4456.007,0.918,0.278,9.879,0.037,-0.042,0.007,12.691,-26.443,-45.155,5
4590.994,0.881,0.421,9.985,0.038,-0.037,0.029,12.662,-29.841,-45.662,5
4726.994,0.926,0.332,9.917,0.022,-0.048,0.028,12.2,-29.724,-45.817,5
4863.005,0.888,0.251,9.817,0.031,-0.052,-0.018,12.338,-29.252,-45.291,5
5003.972,0.902,0.343,9.861,0.054,-0.076,0.019,12.491,-29.624,-45.283,5
5139.998,1.032,0.25,9.861,0.001,-0.039,0.017,12.095,-29.204,-44.695,5
5275.957,0.929,0.229,9.938,0.0,-0.028,0.022,12.225,-29.775,-45.26,5
5427.024,0.971,0.336,9.992,0.011,-0.035,0.009,12.264,-29.211,-45.22,5
5563.003,0.95,0.222,9.723,0.028,-0.071,0.027,11.936,-29.669,-44.866,5
5699.01,1.005,0.337,10.059,0.065,-0.009,-0.024,12.311,-29.898,-45.937,5
5833.998,0.883,0.311,9.966,0.029,-0.034,-0.011,12.346,-28.604,-45.271,5
5969.993,0.951,0.203,9.789,0.015,-0.056,-0.006,11.905,-29.885,-44.873,5
6105.994,0.99,0.279,9.871,0.033,-0.079,-0.059,12.258,-29.355,-43.514,5
6248.006,0.938,0.232,9.817,0.041,-0.077,-0.034,11.557,-29.697,-45.781,5
6382.98,1.025,0.326,9.869,0.025,-0.083,0.009,11.859,-29.489,-45.375,5
6519.005,0.903,0.301,10.085,0.021,-0.038,0.016,11.592,-29.152,-45.074,5
6654.992,0.921,0.263,9.841,-0.021,-0.012,0.022,11.84,-29.847,-44.849,5
6791.001,0.992,0.36,9.894,-0.007,-0.034,0.02,11.732,-29.302,-45.207,5
6926.027,1.012,0.387,9.948,0.034,-0.067,0.029,12.052,-29.288,-45.83,5
7061.983,0.91,0.41,9.972,0.017,-0.047,0.041,12.204,-29.365,-44.292,5
7198.001,0.938,0.259,9.929,-0.003,-0.01,-0.03,12.679,-29.133,-44.879,5
7333.001,0.899,0.337,9.944,0.015,-0.085,-0.021,11.881,-30.571,-44.546,5
7474.981,0.988,0.41,9.879,-0.005,-0.029,0.002,12.137,-29.026,-44.662,5
7610.981,0.974,0.24,9.805,0.031,-0.058,0.007,11.496,-29.573,-45.248,5
7747.002,0.982,0.321,9.787,-0.008,-0.075,0.049,12.369,-29.167,-44.974,5
7881.996,0.992,0.348,9.896,-0.007,-0.06,-0.004,11.61,-28.749,-45.015,5
8017.977,0.946,0.186,9.861,0.043,-0.038,-0.017,12.043,-28.945,-45.282,5
8154.001,1.026,0.387,9.763,-0.041,-0.07,-0.054,11.079,-29.414,-44.565,5
8289.985,1.058,0.296,9.804,0.029,-0.038,0.02,11.902,-28.933,-44.538,5
8424.962,0.996,0.301,9.904,0.012,-0.098,0.002,12.144,-29.188,-45.861,5
8560.963,0.952,0.292,9.907,0.059,-0.015,-0.024,12.293,-29.499,-43.838,5
8702.959,0.989,0.346,9.86,0.023,-0.043,-0.006,12.563,-29.431,-44.322,5
8838.001,0.96,0.239,9.817,0.026,0.003,0.001,12.347,-29.117,-44.309,5
8974.029,0.954,0.328,9.991,0.006,-0.037,-0.012,11.939,-29.454,-44.416,5
9109.989,0.863,0.241,9.834,0.031,-0.004,0.003,12.138,-29.951,-44.193,5
9246.031,1.011,0.303,9.73,0.045,-0.102,-0.038,11.662,-30.048,-44.321,5
9381.024,1.0,0.317,9.781,0.038,-0.049,-0.014,12.615,-30.159,-44.713,5
9517.02,0.968,0.321,9.932,-0.007,-0.028,0.003,11.602,-30.253,-43.563,5
9652.947,1.022,0.311,9.825,0.006,-0.051,0.019,11.926,-30.11,-43.999,5
9793.987,0.998,0.329,9.852,0.054,-0.088,-0.018,12.66,-30.44,-44.326,5
9930.028,0.987,0.401,9.88,-0.009,-0.036,0.021,12.593,-30.884,-44.333,5
10066.021,1.056,0.281,9.973,-0.028,-0.021,-0.034,12.444,-30.426,-43.329,5
10201.975,0.958,0.282,9.69,0.038,-0.07,-0.036,12.197,-29.862,-44.156,5
10336.99,1.001,0.413,9.915,0.001,-0.019,-0.023,12.384,-29.686,-44.004,5
10472.991,0.97,0.3,9.859,-0.002,-0.056,0.004,12.48,-29.609,-44.148,5
10608.996,0.952,0.359,9.684,0.046,-0.082,-0.006,12.565,-29.977,-45.359,5
10745.036,0.983,0.356,10.086,0.004,-0.033,-0.018,12.227,-29.308,-44.824,5
10880.002,0.936,0.378,9.862,-0.04,-0.002,0.017,11.984,-29.671,-45.182,5
11022.024,0.944,0.315,9.657,0.006,-0.077,0.014,12.144,-30.064,-46.103,5
11157.987,0.993,0.388,9.899,0.029,-0.054,0.013,12.636,-29.104,-45.264,5
11292.985,0.976,0.318,9.92,0.021,-0.071,0.013,11.918,-29.56,-45.409,5
11428.997,0.978,0.391,9.788,-0.005,-0.084,-0.025,12.672,-29.327,-45.644,5
11564.979,0.951,0.319,9.854,-0.048,-0.027,-0.018,12.088,-29.591,-45.918,5
11701.012,0.941,0.369,9.919,0.088,-0.036,-0.002,11.984,-28.988,-44.485,5
11836.001,0.905,0.408,9.815,-0.029,-0.018,0.01,11.799,-29.874,-45.121,5
11971.996,0.912,0.3,9.902,0.003,-0.04,-0.011,12.603,-29.806,-44.015,5
12108.009,0.931,0.486,9.861,0.027,-0.011,0.005,12.218,-26.301,-44.258,5
12249.965,0.935,0.389,9.803,0.022,-0.036,-0.004,12.477,-29.442,-45.682,5
12384.988,0.926,0.376,9.935,0.005,-0.064,-0.001,11.872,-30.103,-44.482,5
12520.989,0.911,0.447,9.921,0.041,-0.07,-0.023,11.095,-29.349,-44.153,5
12656.99,0.982,0.451,9.847,-0.011,-0.01,0.002,12.548,-29.537,-43.341,5
12791.984,0.934,0.374,9.845,0.017,-0.059,-0.006,12.082,-29.407,-45.588,5
12928.028,0.915,0.395,9.873,0.01,-0.075,-0.001,12.389,-29.448,-44.276,5
13063.998,0.946,0.346,9.872,-0.011,-0.042,-0.004,12.348,-29.864,-44.122,5
13200.011,0.961,0.386,9.829,0.046,-0.055,-0.0,12.256,-29.544,-43.507,5
13335.006,0.89,0.333,9.741,-0.008,-0.027,0.022,12.272,-29.25,-43.558,5
13476.987,0.918,0.399,9.866,0.039,-0.051,-0.01,12.146,-29.502,-43.239,5
13612.998,0.936,0.321,9.994,0.045,-0.014,-0.015,12.938,-29.66,-43.487,5
13748.993,0.889,0.377,9.858,0.0,-0.072,0.01,12.547,-29.727,-43.871,5
13883.981,0.927,0.396,9.941,-0.001,-0.034,0.039,12.478,-29.813,-43.805,5
14020.018,0.965,0.354,9.83,-0.003,0.002,0.022,12.195,-30.147,-44.29,5
14155.974,0.934,0.382,9.841,0.047,-0.079,-0.043,11.45,-29.564,-43.751,5
14291.037,1.0,0.393,9.852,0.013,-0.034,-0.016,12.332,-30.136,-45.167,5
14427.008,0.971,0.412,9.763,0.019,-0.015,0.005,11.722,-30.047,-44.144,5
14569.014,0.949,0.451,9.776,0.029,-0.056,-0.032,12.481,-30.809,-44.531,5
14704.949,0.905,0.321,9.931,0.036,-0.071,0.018,11.676,-30.026,-44.35,5
14840.002,0.969,0.461,9.82,-0.002,-0.021,-0.006,11.942,-29.64,-44.481,5
14975.997,0.931,0.415,9.87,0.017,-0.058,0.033,12.542,-30.036,-44.612,5
15111.996,1.038,0.376,10.091,0.077,-0.077,-0.028,12.233,-30.236,-45.056,5
15247.964,1.011,0.524,9.364,0.031,-0.075,0.025,11.593,-29.806,-43.204,5
15382.994,0.84,0.454,9.815,0.049,-0.079,0.024,11.567,-30.213,-43.95,5
15519.031,1.13,0.496,9.678,-0.016,-0.049,-0.022,11.298,-29.591,-43.566,5
15655.005,1.024,0.544,9.671,0.093,-0.094,0.025,11.584,-29.717,-43.848,5
15795.985,1.084,0.5,10.272,0.008,0.001,-0.032,11.609,-29.799,-44.14,5
15932.018,1.108,0.581,9.936,-0.006,-0.062,-0.018,11.502,-30.198,-44.394,5
16067.986,1.093,0.492,9.855,0.008,-0.14,0.141,11.498,-29.669,-44.644,5
16204.022,1.087,0.371,9.415,0.087,-0.087,0.036,11.234,-30.066,-43.333,5
16339.012,0.803,0.545,9.872,-0.019,0.031,0.027,11.474,-29.895,-45.328,5
16474.997,0.956,0.592,10.083,0.086,0.003,-0.022,12.539,-30.453,-43.783,5
16611.02,0.714,0.62,9.837,0.016,0.078,-0.029,12.6,-29.887,-44.119,5
16747.034,0.399,0.781,9.912,-0.043,0.144,0.033,13.442,-30.388,-44.017,5
16882.0,0.59,0.55,9.931,-0.036,0.074,0.021,13.765,-30.068,-43.705,5
17023.034,0.489,0.534,9.72,-0.003,-0.1,-0.007,14.263,-30.469,-44.199,5
17159.045,0.479,0.492,9.752,-0.004,-0.091,0.05,13.877,-30.427,-43.564,5
17294.012,0.694,0.469,10.084,-0.101,-0.042,-0.005,13.434,-30.182,-43.345,5
17429.998,0.468,0.347,9.423,-0.049,0.043,0.105,13.678,-29.034,-44.04,5
17565.961,0.397,0.348,10.172,0.025,-0.036,0.052,13.455,-29.399,-43.579,5
17702.002,0.422,0.302,10.067,0.053,-0.079,0.058,13.113,-29.53,-45.268,5
17837.026,0.429,0.208,9.754,-0.004,-0.021,0.007,13.83,-28.726,-43.183,5
17972.994,0.41,0.441,9.864,-0.005,-0.023,0.045,13.403,-28.806,-44.652,5
18109.018,0.471,0.299,9.986,0.034,-0.077,-0.047,14.301,-29.514,-44.55,5
18249.973,0.462,0.311,9.745,0.018,-0.038,0.017,13.838,-29.038,-44.31,5
18384.99,0.464,0.449,9.82,0.001,-0.083,0.025,13.85,-29.677,-44.611,5
18521.023,0.449,0.355,9.873,0.018,-0.048,0.013,13.978,-29.461,-45.044,5
18656.967,0.515,0.501,9.562,-0.018,-0.059,0.022,12.977,-28.82,-44.49,5
18791.988,0.517,0.203,10.07,0.042,-0.026,0.0,13.551,-28.416,-44.26,5
18928.052,0.554,0.665,9.894,0.011,-0.071,-0.023,13.569,-29.181,-45.277,5
19064.031,0.614,0.332,9.734,0.041,-0.027,-0.022,13.511,-29.633,-44.822,5
19200.026,0.498,0.369,9.892,0.052,-0.041,0.018,13.516,-29.197,-44.695,5
19339.976,0.436,0.361,9.997,0.038,-0.049,-0.036,13.579,-29.894,-43.915,5
19475.985,0.505,0.599,9.981,0.022,-0.057,-0.036,13.323,-29.838,-44.138,5
19611.969,0.54,0.558,9.665,0.008,-0.059,0.028,13.865,-29.599,-43.622,5
19747.971,0.58,0.455,10.077,0.027,-0.022,-0.015,13.532,-29.854,-44.895,5
19883.031,0.541,0.489,9.833,0.021,-0.032,0.016,14.08,-29.697,-43.795,5
20018.991,0.493,0.49,10.064,-0.014,-0.035,-0.026,13.907,-29.494,-44.033,5
20154.998,0.515,0.471,9.999,0.012,-0.047,-0.003,14.09,-29.217,-43.275,5
20291.003,0.463,0.432,9.956,0.072,-0.014,0.059,13.833,-29.404,-43.868,5
20425.997,0.462,0.493,9.915,-0.029,-0.078,0.036,13.683,-29.105,-44.422,5
20567.018,0.456,0.249,9.652,0.012,-0.127,0.012,13.18,-29.243,-43.196,5
20702.993,0.496,0.776,9.885,0.002,-0.023,0.001,13.911,-28.591,-43.928,5
20837.976,0.565,0.753,10.061,-0.008,-0.063,0.039,13.414,-29.526,-44.075,5
20974.035,0.578,0.386,9.889,0.066,-0.014,0.038,13.755,-29.24,-44.691,5
21110.031,0.505,0.538,9.995,0.012,-0.039,0.036,13.62,-29.05,-44.08,5
21245.986,0.488,0.596,10.018,-0.033,-0.05,-0.04,13.745,-29.279,-44.565,5
21381.018,0.516,0.457,9.789,0.036,-0.031,-0.001,13.516,-29.441,-45.125,5
21517.011,0.57,0.361,9.857,0.081,-0.002,-0.096,13.795,-33.41,-44.552,5
21652.98,0.474,0.664,10.127,0.055,-0.047,0.03,13.564,-28.977,-43.888,5
21814.998,0.482,0.535,9.75,-0.017,-0.04,-0.009,13.524,-29.694,-44.146,5
21955.042,0.429,0.444,9.832,-0.028,-0.062,0.017,14.068,-29.962,-44.993,5
22094.003,0.509,0.55,9.794,0.001,-0.048,-0.016,14.106,-29.748,-44.216,5
22234.033,0.473,0.469,9.907,0.026,-0.056,0.0,14.696,-29.637,-44.169,5
22373.983,0.41,0.478,9.829,0.068,-0.066,0.025,14.265,-29.776,-44.372,5
22512.984,0.46,0.481,9.945,0.013,-0.026,0.024,13.959,-29.425,-43.582,5
22652.98,0.465,0.548,9.932,0.05,-0.007,-0.015,14.318,-29.313,-44.18,5
22792.022,0.564,0.535,9.828,0.022,-0.016,-0.018,14.222,-29.802,-43.215,5
22937.986,0.512,0.508,9.816,0.022,-0.032,0.011,14.513,-29.477,-43.794,5
23078.024,0.421,0.51,9.921,-0.004,-0.048,0.023,13.965,-29.818,-44.506,5
23217.0,0.451,0.454,9.851,0.052,-0.047,-0.045,14.477,-29.813,-44.171,5
23356.977,0.45,0.452,9.902,0.034,-0.053,0.026,14.356,-29.605,-44.429,5
23497.015,0.463,0.631,9.96,-0.017,-0.025,0.03,14.213,-33.547,-44.67,5
23635.998,0.414,0.495,9.775,0.043,-0.049,0.016,14.234,-29.991,-44.164,5
23776.011,0.446,0.56,10.02,0.052,-0.06,-0.036,14.338,-30.548,-44.656,5
23915.985,0.45,0.476,9.869,-0.008,-0.004,0.024,14.236,-29.911,-43.953,5
24055.022,0.444,0.435,9.959,0.001,-0.05,-0.022,14.496,-30.129,-44.602,5
24199.945,0.415,0.485,9.871,-0.004,-0.036,-0.007,14.1,-30.237,-43.671,5
24338.993,0.46,0.567,10.0,0.012,-0.036,-0.03,14.031,-30.748,-43.208,5
24479.017,0.41,0.559,9.961,0.027,-0.04,-0.02,14.203,-30.08,-43.379,5
24624.966,0.427,0.445,9.872,0.037,-0.048,0.024,14.392,-30.277,-42.987,5
24764.035,0.447,0.49,9.824,0.007,-0.064,0.013,13.904,-30.447,-43.108,5
24903.986,0.402,0.541,10.029,0.026,-0.073,0.03,14.345,-29.643,-43.43,5
25043.017,0.422,0.5,9.892,-0.028,-0.055,0.018,14.208,-30.246,-42.915,5
25182.987,0.36,0.476,9.983,-0.0,-0.025,0.033,14.245,-30.472,-44.538,5
25323.059,0.382,0.531,9.942,-0.003,-0.047,-0.019,14.412,-30.098,-44.598,5
25467.029,0.369,0.539,9.914,0.04,-0.046,0.023,14.027,-30.683,-44.048,5
25607.014,0.38,0.527,9.936,-0.035,0.006,-0.019,14.257,-30.741,-43.977,5
25747.006,0.318,0.49,9.784,0.022,-0.06,-0.003,14.673,-30.621,-44.926,5
25886.007,0.383,0.692,9.965,0.021,-0.087,-0.015,14.097,-30.823,-43.825,5
26026.002,0.386,0.507,9.907,-0.011,-0.124,0.044,14.043,-30.793,-48.245,5
26166.008,0.47,0.524,9.923,0.034,-0.024,-0.004,13.912,-30.975,-43.576,5
26305.002,0.458,0.526,9.947,-0.02,-0.045,-0.0,14.493,-30.332,-44.748,5
26445.014,0.416,0.617,9.717,0.044,-0.043,0.012,14.262,-29.835,-43.141,5
26584.03,0.451,0.554,9.863,0.017,-0.072,0.004,14.815,-30.652,-44.795,5
26730.02,0.44,0.581,10.087,0.009,-0.058,0.024,14.468,-30.361,-44.754,5
26870.994,0.394,0.489,9.916,0.028,-0.037,-0.013,14.304,-31.533,-43.966,5
27009.992,0.483,0.616,9.827,0.012,0.004,-0.039,14.22,-31.086,-44.864,5
27150.028,0.469,0.605,10.024,0.015,-0.045,-0.0,14.646,-30.82,-44.157,5
27290.007,0.482,0.645,9.795,0.042,-0.088,0.01,14.302,-31.435,-45.513,5
27428.995,0.506,0.598,10.088,0.033,-0.01,-0.017,14.902,-30.758,-43.816,5
27569.033,0.509,0.684,9.873,-0.003,-0.057,-0.016,14.374,-31.189,-44.77,5
27708.01,0.502,0.697,9.968,0.019,-0.08,0.018,14.297,-30.543,-42.603,5
27853.989,0.466,0.586,9.934,-0.008,-0.027,0.004,14.172,-31.032,-44.368,5
27993.986,0.433,0.667,10.046,0.001,-0.007,0.002,14.386,-31.673,-44.773,5
28132.994,0.458,0.56,9.832,0.008,-0.028,0.037,14.204,-31.358,-44.38,5
28273.034,0.457,0.61,9.817,0.01,-0.066,-0.006,14.817,-31.023,-44.281,5
28412.969,0.407,0.569,10.014,0.0,-0.061,0.005,14.535,-31.029,-44.547,5
28552.002,0.407,0.545,9.945,0.015,-0.009,-0.045,15.339,-30.828,-43.944,5
28692.017,0.446,0.6,9.714,0.017,-0.068,0.008,14.421,-30.969,-44.466,5
28832.032,0.45,0.586,9.931,0.005,-0.062,-0.019,14.781,-30.93,-44.698,5
28971.022,0.387,0.541,9.944,0.04,-0.096,-0.037,13.983,-31.361,-44.361,5
29115.985,0.495,0.624,10.209,0.005,-0.024,-0.023,14.258,-30.659,-43.5,5
29255.014,0.402,0.307,9.804,-0.02,-0.072,0.032,14.192,-30.657,-44.023,5
29394.987,0.416,0.485,9.813,-0.001,-0.077,-0.012,13.653,-30.151,-43.998,5
29535.017,0.45,0.583,10.019,0.022,-0.088,-0.038,13.552,-30.214,-44.892,5
29674.017,0.474,0.641,9.82,0.016,-0.051,-0.018,13.783,-30.196,-44.019,5
29814.023,0.451,0.379,9.898,0.046,-0.057,-0.003,13.785,-30.148,-43.529,5
29954.001,0.517,0.296,9.982,0.01,-0.082,0.034,13.327,-29.887,-43.206,5
30093.024,0.501,0.618,9.953,0.018,-0.029,0.014,13.956,-29.329,-43.459,5
30233.004,0.486,0.464,9.852,-0.005,-0.036,-0.042,12.862,-30.211,-43.771,5
30378.018,0.4,0.516,9.833,-0.013,-0.05,0.019,13.275,-29.697,-43.809,5
30517.99,0.45,0.353,9.839,0.076,-0.031,-0.025,13.892,-29.4,-43.511,5
30657.972,0.517,0.695,9.891,0.048,-0.031,-0.007,14.476,-28.886,-43.43,5
30796.982,0.428,0.514,10.062,-0.01,0.013,0.026,13.85,-29.105,-44.051,5
30937.006,0.415,0.471,9.939,-0.038,-0.021,0.006,14.221,-29.869,-44.004,5
31076.976,0.377,0.501,10.011,0.052,-0.053,-0.06,14.952,-29.757,-44.462,5
31215.991,0.363,0.419,9.813,0.023,-0.052,0.031,14.894,-29.737,-44.216,5
31356.012,0.374,0.466,9.992,0.004,-0.016,-0.005,14.481,-29.775,-43.342,5
31500.991,0.321,0.502,9.967,-0.013,-0.077,-0.021,14.655,-29.774,-43.485,5
31640.992,0.463,0.492,9.843,0.031,-0.011,0.002,14.02,-30.405,-44.697,5
31781.007,0.392,0.468,9.957,0.008,-0.035,-0.006,14.23,-29.684,-44.328,5
31920.019,0.389,0.563,9.959,0.037,-0.056,-0.0,13.413,-29.71,-43.833,5
32060.003,0.378,0.518,9.926,0.018,-0.076,0.021,14.066,-29.491,-43.718,5
32200.036,0.319,0.456,9.884,0.019,-0.049,0.011,14.417,-29.882,-44.124,5
32339.008,0.413,0.444,9.815,0.021,-0.055,-0.012,13.967,-29.544,-44.193,5
32478.977,0.432,0.498,10.128,0.014,-0.035,0.006,14.119,-30.122,-43.405,5
32619.041,0.437,0.47,9.873,0.016,0.007,0.006,13.801,-30.156,-43.545,5
2686.002,0.853,0.384,9.97,-0.01,-0.02,-0.017,13.201,-30.049,-45.398,5
2822.006,0.833,0.314,9.799,0.035,-0.006,0.002,12.44,-29.931,-44.421,5
2957.988,0.93,0.298,9.965,-0.021,-0.103,0.027,12.453,-30.113,-45.392,5
3092.976,0.897,0.367,9.923,0.008,-0.042,-0.036,12.244,-29.911,-45.105,5
3228.995,0.838,0.351,9.795,0.021,-0.055,-0.022,12.287,-30.065,-45.598,5
3364.947,0.849,0.253,9.912,0.029,-0.062,-0.011,12.052,-30.042,-45.109,5
3499.991,0.853,0.357,9.994,0.006,-0.016,-0.001,13.197,-30.119,-44.272,5
3635.978,0.913,0.446,9.933,-0.029,-0.066,-0.032,12.445,-30.072,-45.338,5
3777.006,0.899,0.296,9.937,0.021,-0.098,0.056,12.255,-30.394,-46.395,5
3912.968,0.952,0.269,9.966,0.047,-0.056,0.023,11.656,-30.003,-44.784,5
4047.968,0.92,0.387,9.994,0.023,-0.09,-0.024,12.183,-30.114,-46.087,5
4183.987,0.886,0.33,9.895,0.036,-0.034,0.008,12.509,-29.23,-44.965,5
4320.011,0.933,0.333,9.809,0.006,-0.053,-0.016,11.58,-30.444,-45.824,5
4455.988,0.884,0.278,9.882,0.013,0.009,0.039,12.679,-26.43,-45.201,5
4590.992,0.89,0.439,10.026,0.021,-0.019,0.029,12.648,-29.877,-45.634,5
4726.977,0.903,0.297,9.887,0.003,-0.007,0.027,12.236,-29.737,-45.784,5
4863.009,0.881,0.217,9.78,-0.003,-0.087,-0.053,12.352,-29.24,-45.323,5
5003.995,0.94,0.321,9.882,0.04,-0.103,0.007,12.521,-29.659,-45.272,5
5140.008,0.967,0.223,9.877,-0.001,-0.072,-0.006,12.088,-29.21,-44.699,5
5276.002,0.893,0.213,9.907,0.01,-0.065,0.001,12.241,-29.788,-45.252,5
5426.986,0.974,0.318,10.012,-0.005,-0.033,0.035,12.29,-29.243,-45.235,5
5563.002,0.999,0.207,9.682,0.027,-0.076,0.004,11.956,-29.663,-44.871,5
5699.024,1.007,0.302,10.089,0.034,-0.057,0.017,12.311,-29.873,-45.912,5
5833.995,0.909,0.289,9.953,0.01,-0.02,-0.005,12.33,-28.6,-45.213,5
5970.016,0.891,0.211,9.823,0.026,-0.051,0.01,11.89,-29.849,-44.865,5
6105.978,0.948,0.274,9.912,0.036,-0.067,-0.027,12.228,-29.373,-43.487,5
6248.029,0.903,0.267,9.813,0.01,-0.042,-0.016,11.547,-29.718,-45.81,5
6383.002,1.047,0.337,9.896,0.026,-0.122,0.017,11.818,-29.512,-45.381,5
6519.013,0.904,0.292,10.1,0.008,-0.038,0.029,11.562,-29.149,-45.078,5
6654.971,0.909,0.322,9.901,0.007,0.0,0.026,11.81,-29.866,-44.818,5
6790.975,0.992,0.419,9.858,0.013,-0.042,-0.056,11.756,-29.362,-45.247,5
6926.008,1.034,0.332,9.938,0.022,-0.036,-0.001,12.043,-29.294,-45.839,5
7062.019,0.923,0.406,9.964,0.029,-0.042,0.016,12.249,-29.352,-44.289,5
7198.01,0.923,0.281,9.927,0.022,-0.07,0.046,12.697,-29.105,-44.888,5
7332.987,0.885,0.378,9.981,0.016,-0.052,-0.046,11.865,-30.562,-44.566,5
7474.982,0.98,0.421,9.854,-0.044,-0.057,-0.002,12.143,-29.054,-44.654,5
7611.005,0.952,0.271,9.752,0.02,-0.035,-0.002,11.482,-29.56,-45.245,5
7747.001,1.015,0.336,9.824,-0.007,-0.028,0.008,12.372,-29.164,-44.909,5
7882.027,1.012,0.249,9.911,-0.024,-0.089,-0.014,11.607,-28.748,-45.091,5
8017.999,0.962,0.174,9.841,0.022,-0.046,-0.037,12.036,-28.975,-45.252,5
8153.982,1.067,0.407,9.744,-0.047,-0.079,0.006,11.094,-29.455,-44.592,5
8289.97,1.061,0.299,9.784,-0.0,-0.046,0.009,11.937,-28.904,-44.559,5
8425.032,1.022,0.355,9.829,0.003,-0.048,0.015,12.156,-29.219,-45.842,5
8561.012,0.999,0.28,9.9,0.004,-0.03,-0.002,12.306,-29.539,-43.849,5
8703.008,0.985,0.379,9.89,0.039,-0.021,0.002,12.556,-29.424,-44.254,5
8838.019,0.956,0.286,9.849,0.042,-0.034,0.005,12.314,-29.109,-44.352,5
8974.019,0.916,0.353,9.972,0.029,-0.064,-0.009,11.907,-29.426,-44.409,5
9110.021,0.863,0.262,9.853,0.013,-0.05,0.017,12.088,-29.96,-44.225,5
9245.993,0.949,0.334,9.748,-0.002,-0.083,-0.02,11.706,-30.017,-44.337,5
9381.008,1.002,0.313,9.779,0.015,-0.087,0.007,12.64,-30.17,-44.717,5
9517.004,0.949,0.349,9.93,-0.004,-0.026,-0.02,11.661,-30.289,-43.572,5
9653.017,1.006,0.277,9.829,0.028,-0.022,-0.025,11.919,-30.109,-43.964,5
9794.002,0.997,0.314,9.879,0.047,-0.058,-0.019,12.653,-30.426,-44.327,5
9930.008,0.99,0.364,9.923,0.02,-0.057,0.0,12.63,-30.874,-44.321,5
10065.989,1.056,0.329,9.922,-0.011,-0.003,0.002,12.469,-30.461,-43.299,5
10201.985,0.993,0.281,9.692,0.02,-0.078,0.007,12.231,-29.86,-44.109,5
10337.003,0.98,0.406,9.938,0.024,-0.07,-0.024,12.405,-29.647,-44.06,5
10473.007,0.947,0.345,9.882,-0.012,-0.056,0.005,12.471,-29.524,-44.116,5
10608.962,0.963,0.358,9.657,0.052,-0.102,-0.011,12.559,-29.965,-45.381,5
10745.015,0.939,0.37,10.054,0.044,-0.045,0.041,12.202,-29.311,-44.856,5
10880.025,0.942,0.387,9.881,0.014,-0.006,-0.014,11.961,-29.665,-45.169,5
11022.015,1.001,0.28,9.687,0.04,-0.07,0.01,12.142,-30.087,-46.088,5
11158.01,0.991,0.426,9.855,0.029,-0.026,-0.021,12.622,-29.092,-45.232,5
11292.993,0.975,0.349,9.942,0.029,-0.039,0.057,11.927,-29.505,-45.454,5
11428.981,0.99,0.393,9.783,-0.003,-0.059,-0.001,12.677,-29.3,-45.624,5
11564.989,0.92,0.302,9.867,-0.01,-0.08,-0.028,12.055,-29.533,-45.928,5
11700.99,0.899,0.35,9.896,0.033,-0.027,0.03,12.001,-29.011,-44.461,5
11836.026,0.942,0.372,9.808,-0.015,-0.023,-0.04,11.812,-29.851,-45.129,5
11972.012,0.903,0.351,9.898,0.062,-0.054,0.021,12.623,-29.741,-43.978,5
12108.002,0.957,0.452,9.874,0.005,-0.06,0.003,12.215,-26.308,-44.282,5
12250.011,0.971,0.401,9.807,0.007,-0.058,-0.017,12.453,-29.415,-45.683,5
12385.036,0.951,0.361,9.93,-0.046,-0.1,0.03,11.824,-30.107,-44.479,5
12520.97,0.907,0.442,9.941,0.026,-0.102,-0.014,11.09,-29.34,-44.172,5
12656.995,0.975,0.401,9.837,-0.027,-0.016,-0.023,12.555,-29.547,-43.356,5
12791.985,0.939,0.383,9.874,-0.013,-0.076,-0.004,12.092,-29.372,-45.596,5
12927.991,0.953,0.378,9.831,-0.005,-0.05,0.014,12.354,-29.458,-44.284,5
13064.008,0.97,0.359,9.878,0.013,-0.049,-0.016,12.338,-29.899,-44.118,5
13199.999,0.969,0.393,9.834,0.025,-0.072,0.003,12.307,-29.541,-43.563,5
13335.025,0.876,0.294,9.724,0.018,-0.045,-0.001,12.348,-29.239,-43.525,5
13476.988,0.92,0.464,9.873,-0.004,-0.064,0.02,12.128,-29.46,-43.203,5
13612.97,0.913,0.322,9.97,0.014,-0.032,0.007,12.927,-29.653,-43.509,5
13748.985,0.889,0.401,9.797,0.036,-0.054,-0.005,12.557,-29.716,-43.868,5
13884.025,0.921,0.393,9.946,-0.009,-0.003,0.018,12.459,-29.772,-43.76,5
14020.012,0.926,0.344,9.89,0.002,-0.014,-0.014,12.178,-30.155,-44.302,5
14156.005,0.937,0.391,9.832,0.043,-0.014,0.041,11.437,-29.609,-43.76,5
14290.986,1.018,0.391,9.81,0.051,-0.035,-0.01,12.333,-30.107,-45.166,5
14427.001,0.943,0.385,9.782,0.026,-0.063,0.029,11.723,-30.068,-44.132,5
14569.045,0.902,0.439,9.827,-0.003,-0.039,0.018,12.494,-30.806,-44.547,5
14704.977,0.88,0.34,9.922,0.026,-0.041,-0.003,11.693,-30.062,-44.332,5
14840.02,0.975,0.393,9.778,0.026,-0.033,-0.044,11.96,-29.61,-44.526,5
14976.013,0.924,0.425,9.874,0.035,-0.045,-0.016,12.519,-30.044,-44.667,5
15111.996,1.0,0.381,10.06,0.047,-0.089,0.012,12.257,-30.22,-45.089,5
15247.972,1.021,0.511,9.346,0.012,-0.098,0.032,11.553,-29.849,-43.213,5
15383.004,0.803,0.48,9.793,0.037,-0.07,0.012,11.586,-30.219,-43.967,5
15519.007,1.157,0.488,9.67,0.03,-0.059,-0.052,11.253,-29.619,-43.535,5
15655.018,1.056,0.552,9.655,0.059,-0.09,0.046,11.604,-29.704,-43.817,5
15796.014,1.044,0.456,10.24,0.025,-0.006,-0.05,11.586,-29.831,-44.173,5
15931.986,1.083,0.572,9.991,0.037,0.016,0.013,11.509,-30.209,-44.44,5
16068.011,1.111,0.514,9.821,0.067,-0.103,0.157,11.518,-29.687,-44.671,5
16204.03,1.136,0.344,9.389,0.101,-0.07,0.064,11.205,-30.027,-43.33,5
16338.983,0.785,0.553,9.887,0.021,0.057,0.008,11.41,-29.858,-45.314,5
16475.0,0.961,0.6,10.078,0.023,0.015,-0.021,12.531,-30.402,-43.795,5
16610.993,0.704,0.659,9.839,0.007,0.056,0.032,12.593,-29.829,-44.116,5
16746.986,0.393,0.739,9.929,-0.03,0.13,-0.022,13.482,-30.424,-44.003,5
16881.961,0.589,0.544,9.925,-0.032,0.096,0.013,13.76,-30.107,-43.722,5
17022.993,0.496,0.528,9.736,-0.009,-0.043,-0.075,14.289,-30.447,-44.195,5
17158.974,0.477,0.468,9.786,-0.028,-0.085,0.059,13.876,-30.462,-43.522,5
17294.028,0.717,0.481,10.096,-0.13,-0.039,0.013,13.414,-30.195,-43.319,5
17429.998,0.5,0.317,9.44,-0.004,-0.005,0.038,13.653,-29.027,-44.04,5
17565.987,0.395,0.324,10.124,-0.022,-0.007,0.078,13.446,-29.378,-43.539,5
17702.022,0.437,0.304,10.076,0.023,-0.063,0.012,13.108,-29.523,-45.278,5
17836.981,0.438,0.233,9.795,-0.041,-0.01,-0.015,13.874,-28.708,-43.177,5
17973.01,0.458,0.404,9.892,-0.025,-0.093,0.018,13.418,-28.747,-44.648,5
18109.002,0.482,0.319,10.002,0.017,-0.07,-0.007,14.278,-29.463,-44.601,5
18250.018,0.495,0.353,9.747,0.076,-0.018,-0.004,13.859,-29.02,-44.253,5
18384.967,0.466,0.481,9.834,0.039,-0.059,-0.009,13.828,-29.693,-44.603,5
18520.999,0.446,0.365,9.844,0.031,-0.047,-0.031,13.974,-29.432,-45.012,5
18656.971,0.548,0.52,9.586,-0.013,-0.059,0.001,12.989,-28.828,-44.511,5
18792.023,0.492,0.223,10.034,0.053,-0.003,-0.01,13.544,-28.414,-44.265,5
18927.986,0.546,0.705,9.924,0.043,-0.055,0.0,13.566,-29.189,-45.334,5
19063.977,0.617,0.358,9.764,0.011,-0.03,-0.01,13.478,-29.575,-44.786,5
19200.012,0.504,0.364,9.891,0.016,-0.061,-0.005,13.551,-29.187,-44.688,5
19340.018,0.442,0.373,10.004,0.057,-0.023,-0.011,13.593,-29.864,-43.945,5
19476.032,0.503,0.569,9.992,0.031,-0.039,-0.019,13.33,-29.859,-44.128,5
19611.964,0.581,0.571,9.687,0.061,-0.038,-0.003,13.898,-29.592,-43.622,5
19747.973,0.558,0.47,10.105,0.006,-0.044,0.019,13.488,-29.817,-44.908,5
19883.012,0.522,0.52,9.823,0.003,-0.03,0.016,14.116,-29.696,-43.773,5
20019.01,0.469,0.462,10.024,-0.05,-0.006,-0.018,13.884,-29.476,-44.028,5
20155.022,0.549,0.483,9.972,0.021,-0.061,-0.021,14.068,-29.232,-43.292,5
20291.022,0.406,0.389,9.999,0.054,-0.013,-0.011,13.829,-29.434,-43.881,5
20425.978,0.405,0.522,9.925,0.002,0.006,-0.003,13.677,-29.155,-44.414,5
20566.966,0.44,0.292,9.677,0.03,-0.126,-0.044,13.172,-29.202,-43.173,5
20702.993,0.501,0.735,9.849,-0.025,-0.044,0.016,13.918,-28.599,-43.902,5
20838.023,0.516,0.747,10.073,-0.013,-0.063,0.032,13.42,-29.514,-44.097,5
20974.009,0.576,0.383,9.876,0.03,-0.054,0.007,13.744,-29.233,-44.712,5
21109.953,0.488,0.522,10.016,0.034,-0.027,0.024,13.593,-29.082,-44.118,5
21245.998,0.462,0.585,10.032,-0.044,-0.084,-0.042,13.677,-29.298,-44.553,5
21381.03,0.473,0.451,9.831,-0.014,-0.038,-0.017,13.517,-29.439,-45.156,5
21517.036,0.543,0.399,9.878,0.068,-0.013,-0.104,13.826,-33.436,-44.499,5
21653.009,0.514,0.71,10.105,0.027,-0.067,0.034,13.508,-28.967,-43.884,5
21815.002,0.44,0.544,9.686,0.016,-0.052,0.019,13.506,-29.722,-44.103,5
21955.005,0.459,0.43,9.837,-0.011,-0.095,0.035,14.073,-29.972,-44.972,5
22093.987,0.557,0.566,9.835,0.029,-0.027,-0.031,14.096,-29.714,-44.193,5
22233.991,0.48,0.469,9.852,0.015,-0.052,-0.011,14.69,-29.637,-44.123,5
22373.996,0.427,0.439,9.844,0.016,-0.022,-0.001,14.279,-29.788,-44.424,5
22512.991,0.471,0.47,9.952,0.013,-0.026,-0.038,13.982,-29.419,-43.574,5
22652.976,0.468,0.567,9.904,0.007,-0.042,-0.018,14.272,-29.303,-44.169,5
22791.992,0.523,0.492,9.84,-0.005,0.002,-0.024,14.216,-29.836,-43.224,5
22937.996,0.494,0.525,9.77,0.032,-0.034,0.033,14.508,-29.466,-43.82,5
23077.999,0.422,0.47,9.92,0.03,-0.097,0.012,13.934,-29.847,-44.5,5
23216.988,0.448,0.453,9.897,0.022,-0.049,-0.017,14.521,-29.773,-44.199,5
23357.016,0.458,0.427,9.879,0.021,-0.058,-0.007,14.331,-29.65,-44.469,5
23497.009,0.461,0.629,9.912,-0.015,-0.051,0.023,14.197,-33.526,-44.636,5
23635.982,0.408,0.46,9.803,0.012,-0.046,-0.006,14.238,-29.996,-44.117,5
23775.963,0.451,0.57,10.011,0.039,-0.061,-0.024,14.367,-30.573,-44.613,5
23916.009,0.429,0.489,9.881,0.017,-0.045,0.012,14.253,-29.953,-44.01,5
24055.014,0.434,0.427,9.951,0.011,-0.044,0.005,14.462,-30.12,-44.625,5
24200.019,0.446,0.495,9.853,-0.019,-0.069,-0.003,14.136,-30.207,-43.646,5
24339.032,0.416,0.559,9.964,0.035,-0.042,0.017,14.07,-30.716,-43.189,5
24479.004,0.416,0.549,9.988,0.024,-0.049,-0.008,14.21,-30.076,-43.399,5
24625.011,0.438,0.5,9.884,0.02,-0.047,-0.025,14.367,-30.296,-42.971,5
24763.987,0.406,0.487,9.837,0.016,-0.058,0.025,13.938,-30.49,-43.137,5
24903.965,0.369,0.565,10.022,0.012,-0.062,0.009,14.373,-29.649,-43.44,5
25042.998,0.397,0.514,9.899,0.012,-0.041,-0.014,14.271,-30.233,-42.885,5
25182.96,0.388,0.497,9.947,0.018,-0.016,-0.004,14.228,-30.473,-44.546,5
25322.977,0.416,0.485,9.929,0.021,-0.034,-0.004,14.402,-30.087,-44.622,5
25467.051,0.406,0.523,9.903,0.045,-0.045,0.036,14.004,-30.65,-44.056,5
25607.028,0.39,0.536,9.946,-0.037,-0.014,-0.029,14.228,-30.793,-43.937,5
25746.982,0.366,0.489,9.845,0.027,-0.013,-0.015,14.666,-30.654,-44.924,5
25885.971,0.367,0.65,9.952,-0.003,-0.077,-0.016,14.102,-30.867,-43.809,5
26025.999,0.409,0.49,9.858,-0.008,-0.104,0.04,14.015,-30.742,-48.246,5
26166.032,0.457,0.557,9.891,0.03,-0.053,0.014,13.904,-31.012,-43.609,5
26305.006,0.425,0.501,9.96,0.049,-0.047,-0.037,14.505,-30.316,-44.753,5
26445.01,0.456,0.564,9.775,0.058,-0.042,-0.02,14.335,-29.786,-43.102,5
26584.015,0.481,0.542,9.853,-0.004,-0.067,-0.028,14.79,-30.666,-44.753,5
26729.973,0.424,0.556,10.027,0.007,-0.084,-0.012,14.492,-30.37,-44.776,5
26870.988,0.386,0.518,9.906,0.045,-0.003,-0.043,14.32,-31.575,-43.94,5
27009.993,0.436,0.656,9.828,0.001,-0.035,0.006,14.255,-31.113,-44.879,5
27149.98,0.459,0.622,9.971,0.012,-0.036,0.003,14.605,-30.828,-44.137,5
27290.023,0.473,0.63,9.862,-0.002,-0.065,-0.011,14.287,-31.461,-45.504,5
27428.983,0.519,0.561,10.122,-0.013,-0.027,0.012,14.931,-30.735,-43.859,5
27569.049,0.467,0.659,9.87,0.03,-0.046,-0.005,14.354,-31.205,-44.741,5
27708.008,0.513,0.691,9.955,0.032,-0.062,-0.007,14.286,-30.498,-42.618,5
27854.012,0.453,0.602,9.937,0.056,-0.019,-0.016,14.198,-31.01,-44.395,5
27993.992,0.412,0.69,10.073,-0.013,-0.024,0.011,14.415,-31.629,-44.726,5
28133.018,0.425,0.551,9.895,-0.014,-0.048,0.002,14.162,-31.359,-44.379,5
28272.982,0.447,0.642,9.844,0.023,-0.037,-0.009,14.822,-31.041,-44.276,5
28412.989,0.407,0.583,10.001,-0.011,-0.079,0.035,14.543,-30.997,-44.547,5
28552.006,0.405,0.485,9.929,0.015,-0.048,0.011,15.343,-30.801,-43.922,5
28692.021,0.417,0.651,9.733,0.013,-0.041,0.002,14.434,-30.903,-44.421,5
28832.015,0.432,0.58,9.89,0.007,-0.054,0.014,14.772,-30.955,-44.656,5
28971.003,0.378,0.585,9.967,0.044,-0.07,0.019,14.024,-31.37,-44.327,5
29116.025,0.457,0.599,10.179,-0.005,-0.042,-0.007,14.289,-30.637,-43.538,5
29255.023,0.402,0.338,9.768,-0.022,-0.109,0.043,14.223,-30.695,-44.015,5
29395.008,0.419,0.49,9.788,-0.005,-0.085,-0.034,13.72,-30.116,-43.959,5
29535.017,0.457,0.558,10.028,-0.016,-0.086,-0.017,13.564,-30.188,-44.832,5
29674.014,0.519,0.625,9.846,0.016,-0.021,-0.02,13.759,-30.221,-43.993,5
29813.997,0.487,0.396,9.891,0.037,-0.047,-0.022,13.782,-30.184,-43.529,5
29953.99,0.504,0.282,9.961,0.006,-0.048,-0.009,13.33,-29.891,-43.174,5
30092.989,0.534,0.635,9.936,0.031,-0.027,0.012,14.025,-29.302,-43.456,5
30233.0,0.48,0.464,9.856,0.007,-0.037,-0.004,12.847,-30.257,-43.744,5
30377.972,0.445,0.524,9.862,-0.007,-0.052,0.032,13.345,-29.67,-43.84,5
30517.987,0.5,0.34,9.836,0.047,-0.01,-0.056,13.937,-29.396,-43.507,5
30658.024,0.506,0.706,9.871,0.047,-0.056,0.036,14.431,-28.846,-43.372,5
30796.984,0.453,0.515,10.024,-0.004,-0.036,0.027,13.849,-29.061,-44.004,5
30937.019,0.415,0.455,9.987,-0.025,-0.022,0.012,14.18,-29.913,-43.968,5
31077.01,0.372,0.483,9.968,-0.004,-0.054,-0.031,14.926,-29.734,-44.44,5
31216.041,0.38,0.437,9.803,0.027,-0.067,-0.027,14.924,-29.766,-44.28,5
31355.985,0.382,0.515,9.948,0.015,-0.025,0.001,14.505,-29.769,-43.321,5
31501.005,0.35,0.531,9.984,-0.035,-0.053,-0.006,14.642,-29.786,-43.487,5
31640.982,0.401,0.538,9.875,0.011,-0.03,-0.045,14.018,-30.441,-44.71,5
31780.972,0.401,0.458,9.928,0.045,-0.074,-0.033,14.261,-29.657,-44.283,5
31919.993,0.368,0.526,9.983,-0.02,-0.067,0.003,13.363,-29.692,-43.843,5
32059.966,0.386,0.527,9.941,-0.006,-0.028,0.036,14.026,-29.425,-43.745,5
32200.013,0.318,0.467,9.889,0.014,-0.049,-0.009,14.477,-29.875,-44.178,5
32338.992,0.406,0.46,9.796,0.007,-0.048,0.003,14.0,-29.515,-44.207,5
32478.984,0.419,0.488,10.104,0.028,-0.033,-0.033,14.122,-30.17,-43.428,5
32618.999,0.432,0.461,9.871,0.041,-0.025,-0.029,13.837,-30.176,-43.534,5
2685.963,0.843,0.364,10.037,0.025,-0.05,-0.014,13.191,-29.996,-45.41,5
2821.971,0.891,0.315,9.81,-0.011,-0.062,0.015,12.456,-29.889,-44.392,5
2958.021,0.864,0.274,9.985,-0.035,-0.074,-0.02,12.511,-30.147,-45.373,5
3092.95,0.908,0.372,9.907,-0.013,-0.041,-0.023,12.267,-29.896,-45.1,5
3228.968,0.916,0.367,9.788,0.037,-0.048,0.001,12.33,-30.013,-45.622,5
3365.008,0.853,0.252,9.894,0.042,-0.027,-0.01,12.025,-30.056,-45.101,5
3500.013,0.847,0.309,9.994,0.007,-0.05,-0.012,13.237,-30.113,-44.285,5
3636.004,0.909,0.375,9.934,-0.01,-0.08,0.015,12.435,-30.079,-45.241,5
3776.972,0.949,0.346,9.944,0.043,-0.12,0.02,12.255,-30.394,-46.396,5
3913.023,0.902,0.301,9.967,0.044,-0.052,0.016,11.696,-30.024,-44.792,5
4048.01,0.957,0.429,10.013,-0.004,-0.082,-0.02,12.242,-30.069,-46.097,5
4183.976,0.927,0.34,9.912,0.034,-0.096,-0.014,12.457,-29.236,-44.929,5
4320.018,0.937,0.361,9.827,0.051,-0.046,0.022,11.633,-30.487,-45.823,5
4456.017,0.922,0.279,9.874,0.001,-0.062,0.003,12.723,-26.444,-45.204,5
4590.993,0.886,0.443,9.986,-0.033,-0.036,0.0,12.639,-29.898,-45.677,5
4727.008,0.898,0.295,9.851,0.0,-0.05,-0.011,12.219,-29.746,-45.829,5
4863.026,0.829,0.244,9.793,0.012,-0.056,-0.004,12.335,-29.207,-45.32,5
5004.0,0.938,0.401,9.878,0.029,-0.063,-0.015,12.506,-29.618,-45.261,5
5140.016,0.982,0.257,9.874,-0.024,-0.06,-0.03,12.118,-29.195,-44.663,5
5275.947,0.929,0.225,9.911,-0.023,-0.006,-0.027,12.254,-29.786,-45.276,5
5426.967,0.97,0.311,10.014,-0.015,-0.043,-0.034,12.259,-29.241,-45.205,5
5562.987,0.951,0.273,9.707,-0.008,-0.087,-0.036,11.958,-29.673,-44.868,5
5699.022,1.039,0.328,10.052,0.022,-0.021,-0.0,12.34,-29.842,-45.916,5
5833.974,0.911,0.321,9.966,0.044,-0.107,-0.003,12.338,-28.613,-45.258,5
5970.013,0.93,0.189,9.797,-0.012,-0.033,0.013,11.923,-29.841,-44.898,5
6106.014,0.883,0.277,9.915,0.025,-0.031,-0.027,12.258,-29.365,-43.492,5
6247.972,0.891,0.249,9.834,0.024,-0.042,0.007,11.563,-29.645,-45.761,5
6382.98,1.039,0.328,9.902,0.009,-0.081,0.014,11.898,-29.491,-45.409,5
6519.027,0.881,0.268,10.101,0.012,-0.006,0.006,11.574,-29.126,-45.039,5
6654.999,0.905,0.281,9.879,0.024,-0.033,0.008,11.838,-29.834,-44.833,5
6790.974,1.027,0.368,9.853,0.037,-0.056,-0.049,11.711,-29.32,-45.209,5
6926.03,1.009,0.341,9.931,0.008,-0.077,0.02,12.04,-29.314,-45.829,5
7061.985,0.913,0.436,9.976,0.01,0.018,-0.009,12.268,-29.365,-44.29,5
7198.016,0.895,0.277,9.912,0.005,-0.039,0.02,12.72,-29.118,-44.871,5
7332.996,0.897,0.38,9.969,-0.029,-0.067,0.012,11.865,-30.585,-44.559,5
7475.013,1.003,0.429,9.878,-0.043,-0.044,-0.025,12.11,-29.055,-44.646,5
7611.024,0.985,0.258,9.8,0.001,-0.076,-0.015,11.497,-29.578,-45.243,5
7746.984,0.962,0.362,9.787,0.0,-0.085,0.001,12.394,-29.132,-44.978,5
7882.008,0.972,0.319,9.879,0.021,-0.036,0.017,11.596,-28.744,-45.052,5
8017.995,0.936,0.184,9.868,0.024,-0.024,-0.045,12.067,-28.998,-45.282,5
8154.005,1.05,0.398,9.767,0.015,-0.038,-0.044,11.057,-29.454,-44.579,5
8290.003,1.068,0.299,9.804,0.023,-0.059,0.015,11.954,-28.955,-44.515,5
8425.011,0.984,0.348,9.84,-0.006,-0.049,0.023,12.151,-29.213,-45.875,5
8560.981,0.961,0.253,9.927,0.031,-0.09,0.036,12.323,-29.523,-43.846,5
8703.028,0.993,0.374,9.883,0.012,-0.055,-0.039,12.595,-29.453,-44.284,5
8838.024,0.966,0.243,9.82,0.034,-0.032,0.03,12.343,-29.104,-44.339,5
8973.98,0.894,0.345,9.989,0.004,-0.014,-0.018,11.91,-29.43,-44.45,5
9109.995,0.893,0.275,9.812,0.013,-0.041,0.006,12.12,-29.998,-44.232,5
9245.963,0.999,0.327,9.75,-0.026,-0.061,0.001,11.689,-30.045,-44.348,5
9381.006,0.995,0.324,9.787,0.038,0.01,0.016,12.664,-30.197,-44.7,5
9516.999,0.986,0.352,9.941,-0.033,-0.042,-0.024,11.641,-30.26,-43.538,5
9653.046,0.997,0.301,9.802,-0.021,-0.053,-0.039,11.902,-30.104,-43.95,5
9793.994,0.97,0.352,9.849,0.041,-0.059,-0.016,12.656,-30.405,-44.297,5
9929.988,0.985,0.36,9.909,0.02,-0.051,-0.055,12.578,-30.827,-44.317,5
10066.008,0.983,0.298,9.916,0.001,-0.033,0.002,12.466,-30.426,-43.318,5
10201.975,0.961,0.277,9.723,-0.002,-0.079,-0.002,12.202,-29.849,-44.146,5
10336.995,0.987,0.388,9.934,0.051,-0.045,-0.039,12.416,-29.642,-44.075,5
10473.006,0.959,0.319,9.865,0.025,-0.007,0.0,12.479,-29.528,-44.115,5
10609.007,0.984,0.372,9.638,-0.002,-0.097,-0.011,12.572,-29.982,-45.352,5
10744.992,0.992,0.351,10.063,0.007,-0.031,0.011,12.193,-29.29,-44.854,5
10879.978,0.955,0.403,9.914,0.01,-0.032,-0.021,11.984,-29.682,-45.197,5
11022.015,0.965,0.256,9.675,0.037,-0.048,-0.023,12.138,-30.04,-46.066,5
11158.015,0.968,0.374,9.903,0.029,-0.077,-0.049,12.625,-29.068,-45.226,5
11292.979,0.965,0.347,9.903,0.054,-0.091,0.008,11.952,-29.535,-45.474,5
