Timestamp,qw,qx,qy,qz,yaw,pitch,roll
362,0.999799,-0.008376,-0.004647,0.017343,181.991928,-0.515712,-0.968935
484,0.999487,0.004634,-0.018588,0.025513,182.915527,-2.143010,0.476736
606,0.998245,-0.042490,-0.026955,-0.031071,176.569519,-3.236411,-4.777578
728,0.998675,-0.033221,-0.039063,0.003099,180.504944,-4.463052,-3.830129
850,0.996333,-0.052178,-0.045455,-0.050237,174.502472,-5.498496,-5.731484
972,0.998659,-0.021701,-0.039506,0.025291,183.002914,-4.462651,-2.606699
1094,0.997743,-0.048130,-0.038212,-0.026912,177.123672,-4.522023,-5.409850
1220,0.997613,-0.048657,-0.048381,0.007169,181.094391,-5.499303,-5.637166
1342,0.996704,-0.025522,-0.074885,0.017691,182.265274,-8.532677,-3.102602
1464,0.995751,-0.022841,-0.088767,0.008396,181.209473,-10.159925,-2.735565
1586,0.993949,-0.042088,-0.091238,-0.044281,175.310318,-10.666920,-4.411249
1708,0.995828,-0.029458,-0.086110,0.005939,180.982895,-9.854796,-3.473459
1829,0.992103,-0.052277,-0.073182,-0.087372,170.344574,-8.878690,-5.281138
1950,0.997295,-0.011911,-0.071978,-0.008396,179.129715,-8.265828,-1.305624
2072,0.994710,-0.038976,-0.065750,-0.068565,172.385117,-7.825078,-3.966107
2193,0.997009,-0.020436,-0.071262,-0.021665,177.667114,-8.220475,-2.180858
2314,0.996915,-0.016607,-0.076482,-0.005096,179.558182,-8.781212,-1.874747
2435,0.995204,-0.032801,-0.080390,-0.044958,175.103775,-9.378614,-3.373538
2556,0.996224,-0.019850,-0.084469,-0.000301,180.160095,-9.689664,-2.296519
2677,0.995205,-0.017827,-0.096112,-0.001951,179.973343,-11.032899,-2.049849
2798,0.993873,-0.047176,-0.088902,-0.045600,175.202499,-10.429012,-4.997117
2921,0.994546,-0.010958,-0.101075,0.023092,182.816971,-11.568611,-1.547977
3043,0.994667,-0.032466,-0.093611,-0.028512,177.044479,-10.840402,-3.458396
3164,0.994630,-0.015852,-0.101680,0.010635,181.426407,-11.649870,-1.971641
3284,0.993910,-0.007679,-0.109880,0.001221,180.241592,-12.615293,-0.911967
3404,0.993712,-0.021707,-0.107500,-0.022371,177.664886,-12.393167,-2.249225
3525,0.991787,0.007047,-0.122847,0.034772,183.976120,-14.132596,0.321130
3648,0.993177,-0.012578,-0.114320,-0.019041,177.943390,-13.153463,-1.214046
3769,0.990055,0.017281,-0.130492,0.049549,185.562912,-15.076026,1.263207
3890,0.992195,-0.009436,-0.123377,-0.015157,178.359848,-14.188611,-0.885577
4011,0.989486,0.011554,-0.136178,0.047234,185.383865,-15.698970,0.595266
4132,0.992000,-0.006941,-0.126004,-0.001193,179.963486,-14.478004,-0.797082
4253,0.991325,-0.003842,-0.129834,0.019863,182.394882,-14.907665,-0.757439
4374,0.990866,0.002715,-0.134416,0.010011,181.135971,-15.451985,0.159839
4496,0.991763,-0.013732,-0.126408,-0.015189,178.421906,-14.545624,-1.385080
4616,0.990662,0.002511,-0.136216,0.004361,180.473480,-15.658945,0.225342
4736,0.991563,-0.012186,-0.128414,-0.012447,178.722748,-14.771491,-1.242624
4857,0.990707,0.006022,-0.135416,0.010840,181.180649,-15.571747,0.535062
4978,0.991107,-0.011162,-0.129247,-0.029487,176.704010,-14.883425,-0.859803
5099,0.989580,0.012147,-0.140040,0.031050,183.464569,-16.135876,0.915237
5220,0.991310,-0.013145,-0.127364,-0.030010,176.672516,-14.673139,-1.090851
5343,0.989415,0.012792,-0.142280,0.025354,182.780029,-16.391367,1.080994
5464,0.991385,-0.003284,-0.130135,-0.014176,178.383591,-14.958541,-0.167387
5585,0.990672,-0.000392,-0.136133,0.005190,180.618210,-15.647805,-0.130291
5706,0.990062,0.006031,-0.140453,0.002478,180.191666,-16.149437,0.670852
5826,0.989837,-0.005526,-0.142052,0.002220,180.356186,-16.331400,-0.690825
5946,0.988914,0.010118,-0.147704,0.011008,181.125381,-16.999105,1.004181
6067,0.990057,0.008078,-0.140400,0.001440,180.034744,-16.142750,0.930019
6190,0.984884,0.035419,-0.163154,0.046047,184.799973,-18.943569,3.317894
6311,0.986452,0.034456,-0.160358,-0.001262,179.182220,-18.438295,4.133639
6432,0.982020,0.046498,-0.181727,0.021005,181.495209,-21.031008,5.144156
6553,0.975592,0.075837,-0.204294,0.026900,181.346008,-23.746834,8.606754
6674,0.974108,0.086311,-0.208920,0.002757,178.073959,-24.047699,10.537189
6795,0.968570,0.099057,-0.225903,0.031936,181.094162,-26.355066,11.422504
6916,0.966184,0.114990,-0.229749,0.021755,179.307526,-26.677103,13.738290
7038,0.967087,0.113091,-0.226240,0.027568,180.137466,-26.348091,13.307472
7158,0.968187,0.115456,-0.219748,0.031418,180.641556,-25.643425,13.454609
7278,0.970379,0.116635,-0.209495,0.029396,180.514877,-24.420918,13.596105
7399,0.972264,0.113740,-0.202891,0.024328,180.072128,-23.581974,13.329597
7520,0.973447,0.111681,-0.198915,0.018770,179.508881,-23.045273,13.189539
7641,0.973281,0.108728,-0.201821,0.012730,178.807831,-23.305014,12.994204
7762,0.973947,0.105746,-0.200452,0.007472,178.265854,-23.081434,12.747252
7885,0.974603,0.102346,-0.199142,0.002734,177.795990,-22.875452,12.435545
8006,0.974978,0.100136,-0.198438,-0.002082,177.277878,-22.738724,12.275442
8127,0.976951,0.092267,-0.192132,-0.011434,176.428253,-21.919165,11.482230
8248,0.981315,0.072136,-0.176734,-0.023953,175.572144,-20.084677,9.192851
8368,0.986901,0.043035,-0.148579,-0.045721,173.820892,-16.817850,5.907999
8488,0.987970,0.013218,-0.127902,-0.085863,169.703674,-14.504556,2.846791
8609,0.987044,-0.010090,-0.122752,-0.102793,168.070129,-14.146234,0.314259
8732,0.986646,-0.043513,-0.114460,-0.107367,168.010406,-13.603799,-3.615090
8853,0.986977,-0.052866,-0.111446,-0.103213,168.621689,-13.350228,-4.795993
8974,0.987166,-0.063525,-0.109429,-0.097393,169.442230,-13.204286,-6.138482
9095,0.986762,-0.073377,-0.107030,-0.097222,169.582489,-13.031901,-7.312358
9216,0.988046,-0.059783,-0.103736,-0.097060,169.411240,-12.509185,-5.761239
9337,0.988637,-0.050511,-0.100680,-0.099498,169.001572,-12.071019,-4.683101
9458,0.987920,-0.044632,-0.102944,-0.106847,168.073181,-12.294607,-3.884273
9580,0.986797,-0.044692,-0.104802,-0.115076,167.110779,-12.540051,-3.764119
9700,0.985850,-0.044733,-0.106989,-0.121011,166.415756,-12.813439,-3.663610
9820,0.985374,-0.044057,-0.105761,-0.126106,165.807190,-12.682053,-3.534817
9941,0.984590,-0.046491,-0.103185,-0.133289,164.991379,-12.449725,-3.760434
10062,0.983443,-0.040158,-0.107158,-0.140485,164.063812,-12.829573,-2.873436
10183,0.982975,-0.036741,-0.105338,-0.145963,163.376328,-12.580680,-2.435882
10306,0.983706,-0.036140,-0.099587,-0.145223,163.462326,-11.912999,-2.470513
10427,0.983571,-0.036637,-0.095884,-0.148473,163.088791,-11.507566,-2.550080
10548,0.983388,-0.033849,-0.090383,-0.153706,162.447845,-10.845891,-2.263489
10669,0.982310,-0.030098,-0.092383,-0.160055,161.658035,-11.018889,-1.725644
10790,0.981003,-0.031980,-0.091254,-0.168154,160.726257,-10.940871,-1.870927
10910,0.978924,-0.033452,-0.094063,-0.178135,159.558670,-11.307775,-1.869014
11030,0.977845,-0.034310,-0.093381,-0.184154,158.857849,-11.259927,-1.911113
11152,0.977398,-0.036072,-0.091012,-0.187351,158.503555,-11.036074,-2.125987
11273,0.975554,-0.033127,-0.093018,-0.196306,157.406647,-11.215180,-1.642367
11394,0.975069,-0.034889,-0.087347,-0.200960,156.887802,-10.623955,-1.920168
11515,0.972930,-0.032114,-0.089912,-0.210435,155.727905,-10.863663,-1.438184
11636,0.971161,-0.032571,-0.090701,-0.218059,154.823181,-10.974726,-1.383713
11757,0.970126,-0.035416,-0.086422,-0.223885,154.171875,-10.576005,-1.749986
11878,0.967629,-0.032650,-0.091489,-0.232916,153.048615,-11.084970,-1.200950
12001,0.965738,-0.036447,-0.090494,-0.240468,152.188019,-11.087954,-1.569243
12122,0.963952,-0.032719,-0.090565,-0.248023,151.244034,-11.001257,-1.059751
12242,0.961854,-0.035716,-0.087997,-0.256535,150.263000,-10.813061,-1.374317
12362,0.958022,-0.040083,-0.094336,-0.267730,148.930130,-11.666548,-1.538081
12483,0.952170,-0.049179,-0.102097,-0.283762,147.046844,-12.846416,-2.099041
12604,0.948518,-0.043515,-0.102905,-0.296347,145.441086,-12.768078,-1.266607
12727,0.945099,-0.045548,-0.109407,-0.304525,144.417297,-13.564572,-1.147108
12848,0.944858,-0.047485,-0.107861,-0.305527,144.327927,-13.464471,-1.403700
12969,0.944511,-0.059998,-0.102415,-0.306270,144.416229,-13.309826,-2.980823
13090,0.943985,-0.067498,-0.096971,-0.308099,144.302216,-12.983532,-3.982770
13211,0.939157,-0.068714,-0.097098,-0.322220,142.576355,-13.100645,-3.914654
13332,0.936665,-0.066722,-0.097494,-0.329687,141.628677,-13.098886,-3.573475
13452,0.936662,-0.068902,-0.089395,-0.331537,141.458832,-12.307219,-4.096802
13578,0.932002,-0.071431,-0.101149,-0.340633,140.303421,-13.721644,-3.791486
13698,0.933347,-0.066903,-0.093739,-0.339989,140.371384,-12.736855,-3.594192
13818,0.931484,-0.067475,-0.089979,-0.345949,139.654739,-12.375270,-3.724323
13939,0.929101,-0.069447,-0.087500,-0.352538,138.865814,-12.213689,-3.951473
Timestamp,qw,qx,qy,qz,heading,pitch,roll
187,0.999898,-0.003846,-0.013434,-0.000981,179.893433,-1.539892,-0.439336
313,0.999615,-0.007313,-0.026502,-0.002342,179.753555,-3.039153,-0.831725
437,0.999130,-0.011426,-0.039814,-0.003756,179.620895,-4.568106,-1.295235
558,0.998508,-0.015265,-0.052163,-0.004348,179.591492,-5.987031,-1.730334
679,0.997655,-0.019693,-0.065261,-0.005485,179.516022,-7.494532,-2.229942
800,0.996588,-0.024598,-0.078402,-0.007150,179.396988,-9.010790,-2.780227
921,0.995368,-0.029624,-0.090949,-0.009192,179.247772,-10.463026,-3.340534
1042,0.994009,-0.037046,-0.102031,-0.012431,178.996048,-11.756989,-4.165314
1163,0.992865,-0.043294,-0.109468,-0.018797,178.364563,-12.650335,-4.812253
1286,0.992687,-0.045301,-0.108810,-0.025924,177.556137,-12.613702,-4.955549
1406,0.992567,-0.045721,-0.107408,-0.034282,176.580597,-12.495023,-4.900290
1526,0.991928,-0.048203,-0.108684,-0.043989,175.485275,-12.700416,-5.061478
1647,0.991405,-0.048014,-0.109702,-0.052603,174.480804,-12.860063,-4.922887
1768,0.991085,-0.047622,-0.109103,-0.059759,173.637085,-12.823727,-4.786138
1889,0.990619,-0.047711,-0.108216,-0.068405,172.624466,-12.763580,-4.688686
2011,0.990241,-0.048833,-0.106654,-0.075194,171.840103,-12.625081,-4.742240
2142,0.989962,-0.048449,-0.104294,-0.082112,171.019302,-12.383355,-4.627330
2263,0.989311,-0.047198,-0.103971,-0.090653,170.003647,-12.373065,-4.376394
2384,0.988387,-0.050554,-0.105041,-0.097433,169.254608,-12.561840,-4.669848
2505,0.986698,-0.056244,-0.106900,-0.108750,168.005096,-12.896461,-5.164223
2626,0.967504,-0.079185,-0.136478,-0.197564,157.819962,-17.180012,-5.965780
2747,0.973096,-0.076449,-0.137742,-0.168101,161.323318,-17.084042,-6.154320
2870,0.986086,-0.060883,-0.136320,-0.073052,172.374771,-16.125460,-5.984356
2990,0.968343,-0.062778,-0.127579,-0.205148,156.651321,-15.833214,-4.126998
3110,0.985298,-0.049045,-0.127300,-0.102801,168.643341,-15.125832,-4.186491
3231,0.974430,-0.072872,-0.116741,-0.177591,160.111649,-14.678437,-5.966393
3352,0.985111,-0.042991,-0.129417,-0.104646,168.333160,-15.306192,-3.424643
3473,0.971725,-0.064044,-0.131230,-0.185522,159.026398,-16.188742,-4.525481
3594,0.983895,-0.031669,-0.143097,-0.102289,168.420410,-16.742107,-1.977413
3718,0.973894,-0.054032,-0.130263,-0.177862,159.788940,-15.839547,-3.510377
3840,0.985054,-0.021781,-0.143672,-0.092436,169.421799,-16.683023,-0.977983
3962,0.976007,-0.043378,-0.136812,-0.163713,161.298004,-16.335577,-2.381647
4084,0.983572,-0.010785,-0.154121,-0.093314,169.089935,-17.769642,0.454105
4206,0.973998,-0.026495,-0.152416,-0.165488,160.725586,-17.798801,-0.070191
4327,0.980728,-0.003530,-0.166031,-0.102884,167.745453,-19.049746,1.651440
4461,0.974681,0.006383,-0.176677,-0.136866,163.357666,-20.039072,3.711025
4591,0.975551,0.016141,-0.181347,-0.123065,164.778076,-20.478363,4.661160
4713,0.974439,0.014749,-0.190593,-0.117971,165.326767,-21.590067,4.546896
4835,0.977571,0.022983,-0.193414,-0.080061,169.723343,-21.991631,4.695504
4957,0.978142,0.019019,-0.185871,-0.091211,168.530380,-21.109247,4.371789
5078,0.975094,0.028638,-0.205921,-0.077203,169.810455,-23.400858,5.480146
5199,0.976278,0.021660,-0.200290,-0.079294,169.783295,-22.807884,4.607938
5320,0.976739,0.014712,-0.196925,-0.083521,169.465103,-22.471912,3.824389
5443,0.977518,0.012932,-0.190355,-0.089715,168.809067,-21.705111,3.667890
5565,0.977365,0.009323,-0.188745,-0.095068,168.254181,-21.541327,3.334993
5687,0.977937,0.008670,-0.182739,-0.100807,167.622543,-20.834320,3.299993
5809,0.976400,0.005802,-0.186920,-0.107987,166.778503,-21.331511,3.181665
5931,0.976040,0.003756,-0.185155,-0.114201,166.083969,-21.135744,3.049569
6052,0.976124,0.004132,-0.181256,-0.119593,165.455780,-20.662888,3.150333
6173,0.974907,0.004725,-0.181864,-0.128264,164.384659,-20.694736,3.423719
6297,0.973562,0.000264,-0.184330,-0.134876,163.652344,-21.029053,3.085321
6418,0.973051,0.000531,-0.183395,-0.139747,163.062637,-20.901127,3.208774
6539,0.971296,-0.000565,-0.187388,-0.146499,162.221069,-21.357323,3.312096
6659,0.970946,0.001160,-0.184625,-0.152207,161.516525,-20.987774,3.589605
6779,0.970884,0.001043,-0.179915,-0.158131,160.848923,-20.427597,3.605174
6900,0.968374,0.001349,-0.186143,-0.166112,159.794708,-21.104099,3.961574
7021,0.968448,0.001044,-0.181128,-0.171151,159.246109,-20.516018,3.919650
7145,0.967190,-0.001099,-0.179633,-0.179627,158.272354,-20.357321,3.816805
7266,0.965264,0.000351,-0.181873,-0.187562,157.242569,-20.547234,4.219889
7387,0.964075,-0.001892,-0.181173,-0.194226,156.480453,-20.491272,4.084962
7508,0.962654,-0.003564,-0.181726,-0.200626,155.720901,-20.567413,4.045760
7629,0.960548,-0.003745,-0.184116,-0.208390,154.735245,-20.809685,4.266417
7750,0.958949,-0.004332,-0.183345,-0.216273,153.786133,-20.702204,4.352824
7870,0.957092,-0.005796,-0.184182,-0.223630,152.894012,-20.802673,4.373287
7990,0.955474,-0.008066,-0.184343,-0.230249,152.117813,-20.853775,4.263668
8110,0.953871,-0.008197,-0.184144,-0.236949,151.292404,-20.804760,4.394496
8231,0.952208,-0.009614,-0.183582,-0.243920,150.463608,-20.750923,4.369750
8352,0.951307,-0.007543,-0.181410,-0.249077,149.817398,-20.420658,4.652789
8474,0.948723,-0.003080,-0.180105,-0.259748,148.427536,-20.080442,5.359009
8596,0.942039,0.008398,-0.188941,-0.277099,145.874023,-20.568441,7.396822
8720,0.936201,0.015426,-0.198383,-0.289698,143.942947,-21.254749,8.877613
8842,0.930752,0.019448,-0.207926,-0.300136,142.301010,-22.047823,10.004130
8964,0.922164,0.029826,-0.218324,-0.317883,139.535294,-22.562986,12.115089
9086,0.913974,0.034347,-0.227741,-0.334062,137.061890,-23.163134,13.520313
9208,0.907289,0.040337,-0.239878,-0.343002,135.348755,-24.054514,15.091559
9329,0.905889,0.043933,-0.240843,-0.345575,134.905975,-23.953142,15.619270
9450,0.906361,0.044888,-0.239396,-0.345218,134.989029,-23.763699,15.634960
9573,0.905957,0.045838,-0.236068,-0.348432,134.680725,-23.315327,15.639009
9694,0.902842,0.045656,-0.236077,-0.356442,133.644821,-23.186975,15.829071
9816,0.900026,0.043157,-0.237097,-0.363137,132.780914,-23.293612,15.786705
9938,0.897832,0.043514,-0.238880,-0.367331,132.156784,-23.389509,16.041960
10060,0.896152,0.042059,-0.237592,-0.372405,131.571320,-23.235512,15.939236
10182,0.893266,0.042339,-0.238247,-0.378831,130.698242,-23.176016,16.178848
10304,0.890831,0.038457,-0.242593,-0.382207,130.147675,-23.754610,16.109083
10428,0.891508,0.035899,-0.242401,-0.380997,130.362030,-23.881668,15.783637
10550,0.891796,0.035821,-0.238084,-0.383045,130.267914,-23.403358,15.566867
10686,0.886888,0.035575,-0.240678,-0.392721,128.889618,-23.513594,15.960399
10808,0.881940,0.037275,-0.240462,-0.403686,127.415825,-23.206743,16.425655
10930,0.876630,0.035282,-0.242944,-0.413818,125.994041,-23.374708,16.644648
11052,0.872894,0.032758,-0.247149,-0.419395,125.104576,-23.828049,16.806545
11174,0.870675,0.031450,-0.246567,-0.424421,124.476212,-23.744747,16.767115
11298,0.868391,0.029393,-0.247392,-0.428745,123.889778,-23.857338,16.724781
11420,0.864987,0.027551,-0.249194,-0.434664,123.036629,-24.025856,16.819849
11542,0.862300,0.025463,-0.248530,-0.440470,122.311340,-23.965353,16.717482
11664,0.859402,0.025437,-0.249904,-0.445332,121.585709,-24.009050,16.949211
11784,0.856732,0.023867,-0.249237,-0.450903,120.879494,-23.924700,16.895697
11904,0.853393,0.024738,-0.249618,-0.456936,120.021675,-23.793217,17.184639
12027,0.851241,0.022037,-0.249043,-0.461381,119.477600,-23.806963,16.988914
12148,0.849120,0.022883,-0.248241,-0.465661,118.913948,-23.594488,17.138823
12269,0.847464,0.019099,-0.245549,-0.470253,118.460617,-23.467237,16.681774
12390,0.844445,0.018297,-0.245296,-0.475816,117.713654,-23.382370,16.737251
12511,0.840940,0.015654,-0.244899,-0.482277,116.870224,-23.377748,16.620247
12632,0.837645,0.012826,-0.245575,-0.487720,116.115669,-23.509377,16.538486
12753,0.836910,0.005498,-0.223655,-0.499522,115.552086,-21.645618,14.494924
12882,0.798116,-0.025025,-0.207345,-0.565141,107.153870,-21.054520,12.023996
13003,0.763911,-0.070790,-0.190814,-0.612381,101.033264,-22.224129,7.794588
13124,0.763516,-0.083148,-0.182208,-0.613939,101.207710,-22.354338,6.005390
13244,0.773869,-0.076872,-0.173405,-0.604267,102.989182,-21.179342,5.575156
13364,0.766328,-0.101699,-0.166257,-0.612167,102.180420,-22.292091,2.954173
13485,0.757465,-0.122164,-0.157279,-0.621754,101.106873,-22.965605,0.653916
13606,0.758733,-0.121905,-0.147715,-0.622604,101.269737,-22.083012,-0.065009
13730,0.774651,-0.121056,-0.138133,-0.605122,104.243362,-21.131905,-1.251810
13851,0.778268,-0.077477,-0.120963,-0.611274,103.470665,-16.439556,1.630330
13972,0.775121,-0.093935,-0.120079,-0.613137,103.295891,-17.538221,0.097824
14093,0.768901,-0.100096,-0.129051,-0.618150,102.349815,-18.796272,0.340073
14214,0.771288,-0.091348,-0.120493,-0.618258,102.495544,-17.386919,0.485082
14335,0.767155,-0.102804,-0.115106,-0.622613,102.010963,-17.735479,-0.866268
14456,0.766017,-0.097250,-0.108825,-0.626027,101.598030,-16.767385,-0.762129
14579,0.769441,-0.070628,-0.118158,-0.623701,101.627953,-15.660231,2.303576
14705,0.766021,-0.054848,-0.137848,-0.625455,100.782562,-16.248232,5.283548
Timestamp,qw,qx,qy,qz,heading,pitch,roll
188,0.999824,-0.007495,-0.016641,0.003059,180.364929,-1.904270,-0.865074
309,0.999505,-0.006128,-0.030575,0.002841,180.347565,-3.502111,-0.713118
430,0.998943,-0.000770,-0.045841,0.001213,180.143509,-5.254668,-0.094948
551,0.998242,0.006347,-0.058748,0.003607,180.372513,-6.738341,0.706605
674,0.997216,0.009859,-0.073608,0.006107,180.621414,-8.448858,1.086917
795,0.995933,0.010938,-0.089067,0.007456,180.751282,-10.228393,1.191231
916,0.994486,0.015518,-0.103311,0.008637,180.818085,-11.873416,1.702824
1036,0.992685,0.018634,-0.118874,0.009519,180.853149,-13.672066,2.048433
1156,0.990647,0.021230,-0.134466,0.008827,180.700287,-15.473421,2.360245
1276,0.988525,0.024654,-0.148641,0.010421,180.795761,-17.120668,2.737506
1397,0.986029,0.028161,-0.163777,0.011044,180.760254,-18.880814,3.145354
1521,0.983595,0.031166,-0.177249,0.011988,180.766495,-20.452393,3.491352
1642,0.980784,0.034298,-0.191601,0.012893,180.751419,-22.130873,3.858588
1763,0.977848,0.037817,-0.205443,0.012936,180.610962,-23.751032,4.300939
1890,0.974806,0.040909,-0.218875,0.012868,180.455170,-25.326426,4.703856
2017,0.971554,0.044127,-0.232318,0.012459,180.238159,-26.905361,5.144021
2138,0.967620,0.046336,-0.247797,0.012349,180.061096,-28.730579,5.467506
2259,0.964011,0.050799,-0.260504,0.015233,180.192566,-30.252110,5.980731
2382,0.960377,0.055581,-0.272625,0.015964,180.024063,-31.696491,6.617566
2503,0.956868,0.057822,-0.284208,0.016654,179.931870,-33.081070,6.936372
2624,0.952855,0.060612,-0.296812,0.016933,179.741699,-34.589355,7.359845
2744,0.948754,0.066038,-0.308493,0.018152,179.553757,-35.998520,8.108232
2864,0.945104,0.071035,-0.318275,0.020623,179.551453,-37.195488,8.747503
2985,0.941032,0.073455,-0.329548,0.021284,179.387665,-38.561707,9.140765
3106,0.936674,0.075892,-0.341149,0.022168,179.233505,-39.975201,9.542946
3229,0.932111,0.080741,-0.352295,0.023000,178.930679,-41.335781,10.304689
3350,0.927271,0.085992,-0.363591,0.023807,178.566422,-42.717957,11.157117
3471,0.923154,0.088837,-0.373243,0.023996,178.249451,-43.898666,11.698886
3592,0.918297,0.092181,-0.384242,0.024149,177.843842,-45.247066,12.363168
3713,0.913239,0.096993,-0.394957,0.024243,177.304535,-46.558979,13.284844
3834,0.908217,0.101790,-0.405189,0.024386,176.739624,-47.813549,14.235101
3955,0.903649,0.105131,-0.414413,0.024873,176.316742,-48.955402,14.949157
4078,0.899059,0.108837,-0.423353,0.024716,175.738708,-50.051292,15.794888
4198,0.893664,0.114036,-0.433280,0.024902,175.020126,-51.269115,16.934555
4318,0.889260,0.118969,-0.440877,0.026112,174.524704,-52.215607,17.924688
4439,0.884549,0.123281,-0.449049,0.026857,173.938919,-53.228867,18.907663
4561,0.880565,0.126444,-0.455889,0.027818,173.509995,-54.087589,19.658415
4682,0.875505,0.125643,-0.465821,0.026602,172.885223,-55.319874,20.065680
4803,0.868357,0.126480,-0.478759,0.027219,172.215454,-56.966496,20.802355
4926,0.863763,0.123664,-0.487503,0.030896,172.675140,-58.191490,20.375065
5047,0.858129,0.120544,-0.498099,0.031177,172.443008,-59.585300,20.323114
5168,0.859970,0.095115,-0.500168,0.035037,175.986526,-60.103222,14.945335
5289,0.876398,0.043876,-0.477034,0.049318,184.719604,-57.189831,3.158323
5409,0.882673,0.006743,-0.466256,0.058650,189.880661,-55.476540,-4.329915
5529,0.880135,-0.007821,-0.470546,0.062289,192.022308,-55.823761,-7.403807
5650,0.874578,-0.010329,-0.480424,0.064742,193.082886,-57.034538,-8.483702
5773,0.867608,-0.006832,-0.492999,0.064449,193.198105,-58.713207,-8.348571
5894,0.854760,-0.005760,-0.515268,0.061990,193.635834,-61.660133,-8.935417
6015,0.842253,0.003687,-0.536727,0.050129,190.877853,-64.754501,-6.408109
6136,0.834622,0.010514,-0.549412,0.037854,187.476776,-66.620934,-3.473862
6257,0.846009,0.006594,-0.532166,0.031878,186.204849,-64.270729,-3.006880
6378,0.839577,0.019876,-0.541225,0.042220,186.857788,-65.571602,-1.708068
6499,0.831624,0.029944,-0.550879,0.063476,190.676666,-66.933334,-2.945335
6622,0.838848,0.007392,-0.539228,0.074197,195.957397,-64.925415,-9.181027
6742,0.849847,-0.001063,-0.515261,0.110711,203.064697,-61.110153,-13.880354
6862,0.848108,0.007809,-0.505157,0.159559,210.918457,-59.243443,-16.817934
6983,0.837939,0.033234,-0.496670,0.223753,220.071884,-57.911610,-18.273670
7104,0.820344,0.065947,-0.497970,0.273321,227.183243,-58.546341,-18.319769
7225,0.807492,0.061861,-0.493794,0.316685,235.306854,-56.788124,-22.867615
7346,0.799572,0.054874,-0.483260,0.352314,240.848221,-54.239632,-25.628391
7470,0.805221,0.065642,-0.467737,0.358502,239.377747,-53.161610,-22.522430
7591,0.812162,0.102756,-0.402862,0.409303,239.683426,-47.603336,-13.978935
7712,0.805656,0.127008,-0.362657,0.450843,242.483658,-44.336754,-9.849853
7833,0.774175,0.166054,-0.348104,0.501890,249.004852,-44.883640,-7.485921
7953,0.753676,0.144046,-0.325300,0.552625,256.493713,-40.507530,-10.795408
8082,0.703614,0.140731,-0.294416,0.631216,267.882996,-36.297153,-12.441620
8205,0.679847,0.134706,-0.262341,0.671440,272.672058,-32.520226,-11.571150
8325,0.669407,0.095994,-0.261880,0.688542,275.592590,-28.868427,-15.369952
8445,0.640249,0.069077,-0.255571,0.721100,280.874512,-25.269762,-18.045696
8566,0.600458,0.039984,-0.250027,0.758505,287.194458,-21.156530,-20.806862
8687,0.574370,0.008820,-0.230690,0.785363,290.736755,-16.191956,-21.516476
8808,0.554612,-0.014122,-0.238077,0.797193,293.336548,-13.978909,-24.036249
8929,0.563660,0.005095,-0.234932,0.791871,292.265137,-15.837657,-22.382286
9053,0.576425,0.030187,-0.231788,0.783000,290.576996,-18.330048,-20.225756
9174,0.570503,0.045094,-0.234525,0.785801,291.506775,-19.783354,-19.695354
9295,0.558943,0.026512,-0.237346,0.794065,293.126953,-17.904438,-21.406038
9416,0.565001,0.030084,-0.199771,0.799970,291.964172,-15.894892,-17.276381
9536,0.567682,0.028485,-0.191370,0.800185,291.514526,-15.239904,-16.493525
9656,0.566100,0.016742,-0.189488,0.802082,291.679474,-13.968962,-17.079662
9776,0.574479,0.005391,-0.198668,0.794020,290.476868,-13.699082,-18.563469
9899,0.601585,0.020097,-0.198314,0.773534,286.616577,-15.646249,-17.067686
10020,0.560892,0.038615,-0.197068,0.803159,292.550293,-16.445101,-16.552301
10141,0.599964,0.033232,-0.200325,0.773822,286.888336,-16.966118,-16.406412
10262,0.574144,0.059371,-0.200739,0.791536,290.655121,-18.934912,-15.300960
10383,0.595582,0.053243,-0.199582,0.776276,287.501678,-18.687025,-15.079288
10504,0.565694,0.073585,-0.191785,0.798615,291.745331,-19.543058,-13.692381
10625,0.586821,0.069772,-0.192500,0.783395,288.666199,-19.587416,-13.486523
10748,0.576618,0.067195,-0.196748,0.790113,290.225922,-19.455860,-14.332624
10868,0.565859,0.061361,-0.199086,0.797744,291.841064,-18.857136,-15.204993
10988,0.557890,0.057051,-0.201436,0.803069,293.022156,-18.444712,-15.899475
11109,0.551969,0.059879,-0.195865,0.808315,293.814056,-18.241581,-15.295422
11230,0.547753,0.070436,-0.189185,0.811915,294.323212,-18.761532,-14.060732
11351,0.540457,0.073159,-0.187957,0.816834,295.340118,-18.825226,-13.937672
11472,0.533820,0.074002,-0.187949,0.821113,296.277283,-18.795355,-14.039046
11600,0.528685,0.074995,-0.186473,0.824674,296.982239,-18.715202,-13.945848
11721,0.524842,0.075355,-0.184374,0.827563,297.498230,-18.557554,-13.795784
11842,0.522733,0.081622,-0.183046,0.828597,297.756073,-19.064528,-13.336013
11963,0.519761,0.083011,-0.175119,0.832035,298.078613,-18.673578,-12.504485
12084,0.512462,0.080446,-0.175771,0.836664,299.113556,-18.346590,-12.885794
12205,0.503850,0.075906,-0.170777,0.843327,300.263000,-17.464790,-12.813293
12327,0.496276,0.078985,-0.173507,0.846970,301.323761,-17.818970,-13.083728
12447,0.489601,0.079381,-0.173032,0.850906,302.228607,-17.729553,-13.152648
12568,0.482072,0.085015,-0.177411,0.853754,303.292633,-18.434080,-13.468732
12689,0.475534,0.087871,-0.174565,0.857709,304.137512,-18.467060,-13.155898
12810,0.468801,0.088478,-0.169295,0.862397,304.979156,-18.139891,-12.707558
12931,0.464591,0.087854,-0.170981,0.864404,305.567566,-18.104736,-13.009167
13052,0.462075,0.096030,-0.168109,0.865446,305.847412,-18.758217,-12.332105
13176,0.455495,0.091395,-0.170856,0.868891,306.777527,-18.328972,-13.006893
13297,0.452599,0.092239,-0.167024,0.871057,307.112305,-18.172678,-12.613495
13418,0.446824,0.092950,-0.163098,0.874700,307.828186,-17.960388,-12.275949
13539,0.440682,0.091308,-0.161692,0.878242,308.626434,-17.631281,-12.331432
13659,0.433593,0.091206,-0.161277,0.881851,309.555603,-17.500633,-12.434177
13779,0.429579,0.088421,-0.164830,0.883440,310.130615,-17.328197,-13.032443
13900,0.430120,0.093809,-0.167154,0.882184,310.088135,-18.017443,-13.018785
14055,0.428241,0.093443,-0.164063,0.883715,310.293335,-17.798616,-12.737904
14176,0.426671,0.096645,-0.163785,0.884182,310.492401,-18.099478,-12.588419
14297,0.419174,0.099983,-0.158135,0.888415,311.391998,-18.072870,-11.969501
14418,0.414435,0.098472,-0.160260,0.890424,312.042786,-17.950724,-12.368904
14539,0.423620,0.101948,-0.161181,0.885531,310.848114,-18.488544,-12.117743
14659,0.435704,0.107201,-0.158692,0.879476,309.201263,-19.077530,-11.332861
14781,0.448971,0.130177,-0.149937,0.871200,307.140503,-21.189613,-8.906707
14901,0.448090,0.150571,-0.140617,0.869921,306.876190,-22.829365,-6.836614
15022,0.441709,0.163179,-0.130448,0.872491,307.388214,-23.577187,-5.225598
15143,0.436281,0.168231,-0.129206,0.874446,308.026550,-24.013893,-4.972494
15264,0.434215,0.175423,-0.126803,0.874413,308.140533,-24.639282,-4.379726
15385,0.428480,0.176886,-0.127908,0.876783,308.922211,-24.821489,-4.594982
15506,0.424883,0.176417,-0.127914,0.878625,309.423126,-24.752943,-4.728740
15630,0.420925,0.178463,-0.127117,0.880231,309.913361,-24.909729,-4.651186
15751,0.416931,0.176998,-0.125117,0.882710,310.444305,-24.633146,-4.624706
15872,0.411720,0.176009,-0.123897,0.885522,311.144867,-24.440084,-4.693565
15992,0.407128,0.176583,-0.122730,0.887690,311.734497,-24.420835,-4.668556
16112,0.402149,0.178221,-0.121930,0.889740,312.364960,-24.532486,-4.642284
16233,0.396544,0.177815,-0.121137,0.892442,313.110687,-24.421869,-4.736909
16354,0.392088,0.173788,-0.119410,0.895431,313.734467,-23.882950,-4.866299
16477,0.393623,0.175269,-0.119995,0.894391,313.518768,-24.078203,-4.816961
16598,0.394482,0.178385,-0.119468,0.893466,313.345673,-24.394529,-4.581246
16719,0.391925,0.172641,-0.126765,0.894714,313.917511,-24.097673,-5.753489
16840,0.388137,0.153643,-0.124960,0.900067,314.614288,-21.936674,-6.541556
16961,0.384286,0.123238,-0.122717,0.906680,315.327118,-18.529402,-7.747147
17082,0.387727,0.116826,-0.128561,0.905253,315.003357,-18.132002,-8.603568
17202,0.383738,0.129405,-0.139286,0.903654,315.624786,-19.923969,-9.330080
17325,0.371532,0.142162,-0.156853,0.903960,317.463684,-21.935911,-11.059656
17445,0.358528,0.140489,-0.175839,0.905976,319.526001,-22.373743,-13.627619
17566,0.342512,0.115062,-0.166870,0.917384,321.390991,-18.991142,-13.912258
17687,0.330841,0.102570,-0.160919,0.924186,322.722992,-17.221399,-13.906881
17808,0.323126,0.095817,-0.164993,0.926918,323.713165,-16.514389,-14.740653
17929,0.309828,0.087394,-0.169259,0.931511,325.362274,-15.527414,-15.728037
18056,0.302372,0.081596,-0.174232,0.933567,326.296997,-14.934611,-16.595797
18180,0.293790,0.084534,-0.177577,0.935414,327.418457,-15.217831,-17.026409
18301,0.281425,0.082655,-0.178814,0.939141,328.920105,-14.826618,-17.415970
18422,0.271182,0.075687,-0.167249,0.944855,329.932220,-13.517128,-16.429602
18543,0.273524,0.079834,-0.165909,0.944075,329.674133,-13.975078,-16.129606
18664,0.271206,0.078765,-0.165016,0.944989,329.931915,-13.790401,-16.089693
18784,0.265928,0.072132,-0.163622,0.947259,330.482391,-12.925169,-16.181629
18907,0.260512,0.068423,-0.154281,0.950600,330.984589,-12.149950,-15.282193
19027,0.254438,0.068005,-0.149642,0.953014,331.654968,-11.874522,-14.838568
19148,0.247082,0.066716,-0.150876,0.954844,332.533539,-11.651798,-15.101326
19269,0.239378,0.066767,-0.150502,0.956860,333.446838,-11.526864,-15.148680
19390,0.233082,0.070286,-0.149668,0.958292,334.222504,-11.798977,-15.044617
19511,0.224656,0.071024,-0.148147,0.960484,335.212799,-11.712447,-14.954222
19632,0.217534,0.070791,-0.147286,0.962271,336.043884,-11.555678,-14.944649
19755,0.211924,0.071896,-0.145924,0.963648,336.703613,-11.561163,-14.830426
19876,0.205083,0.072850,-0.146063,0.965034,337.522919,-11.567141,-14.907266
19997,0.199516,0.072859,-0.143846,0.966532,338.154297,-11.434055,-14.716311
20146,0.193902,0.074958,-0.139602,0.968136,338.790466,-11.494678,-14.251308
20273,0.186203,0.078535,-0.136396,0.969819,339.697174,-11.719702,-13.905549
20394,0.182114,0.079223,-0.135300,0.970693,340.172516,-11.717291,-13.815115
20515,0.177394,0.078424,-0.131808,0.972111,340.679077,-11.492382,-13.480436
20639,0.170929,0.077862,-0.128413,0.973767,341.394104,-11.276182,-13.171731
20760,0.165207,0.077467,-0.123440,0.975428,342.006012,-11.064434,-12.667612
20881,0.158056,0.080318,-0.121192,0.976664,342.845673,-11.256237,-12.443839
21002,0.151690,0.082042,-0.119355,0.977755,343.586395,-11.340808,-12.278431
21123,0.144958,0.081484,-0.118771,0.978894,344.361633,-11.184130,-12.295278
21243,0.140300,0.082012,-0.116604,0.979788,344.886566,-11.152881,-12.089439
21363,0.135550,0.083291,-0.116053,0.980414,345.447083,-11.231997,-12.062746
21486,0.129991,0.084050,-0.115225,0.981200,346.093567,-11.238609,-12.020403
21607,0.125291,0.084482,-0.113060,0.982026,346.621277,-11.201374,-11.817015
21728,0.120493,0.084552,-0.111582,0.982789,347.164490,-11.132796,-11.698560
21849,0.115237,0.084357,-0.110284,0.983582,347.760162,-11.032237,-11.608483
21970,0.110458,0.084697,-0.107816,0.984374,348.292053,-10.985841,-11.371254
22091,0.130858,0.077304,-0.109480,0.982296,345.867126,-10.400261,-11.426283
22214,0.168784,0.080603,-0.112657,0.975866,341.495392,-11.264832,-11.329605
22335,0.048694,0.076710,-0.082317,0.992451,355.116730,-9.223039,-9.088709
22456,0.124033,0.084486,-0.099178,0.983683,346.613525,-11.000506,-10.219623
22576,0.072982,0.093626,-0.079469,0.989739,352.404694,-11.357549,-8.424767
Timestamp,qw,qx,qy,qz,heading,pitch,roll
188,0.999894,-0.000935,-0.014130,-0.001754,179.800400,-1.619395,-0.104320
309,0.999591,-0.004258,-0.027891,-0.003603,179.600250,-3.198201,-0.476962
430,0.999119,-0.008565,-0.040677,-0.004890,179.478287,-4.667046,-0.961057
553,0.998422,-0.012058,-0.054355,-0.006757,179.297806,-6.240457,-1.345606
674,0.997537,-0.014727,-0.068041,-0.008069,179.184891,-7.815562,-1.635909
795,0.996535,-0.018991,-0.080421,-0.008982,179.138107,-9.243201,-2.113806
916,0.995289,-0.022854,-0.093658,-0.009841,179.107132,-10.771001,-2.546660
1036,0.993809,-0.028201,-0.106865,-0.010983,179.073227,-12.299768,-3.150928
1156,0.992318,-0.033297,-0.118322,-0.013682,178.863602,-13.635123,-3.707729
1276,0.990578,-0.037877,-0.130706,-0.015101,178.812241,-15.075583,-4.222278
1399,0.988719,-0.043147,-0.142550,-0.015642,178.886948,-16.453337,-4.836514
1520,0.986654,-0.048928,-0.154413,-0.016351,178.967331,-17.836655,-5.515798
1641,0.984524,-0.055896,-0.165185,-0.017149,179.072189,-19.097368,-6.342742
1762,0.981745,-0.063658,-0.178069,-0.020191,178.960861,-20.622377,-7.230851
1884,0.979018,-0.069597,-0.189973,-0.024127,178.714233,-22.044846,-7.881990
2005,0.976913,-0.078067,-0.197185,-0.025613,178.802109,-22.908760,-8.894975
2134,0.975537,-0.084804,-0.200894,-0.027709,178.752243,-23.369534,-9.678352
2256,0.977039,-0.068419,-0.199965,-0.026808,178.439651,-23.229588,-7.690580
2377,0.977612,-0.060208,-0.201593,0.001620,181.710922,-23.201344,-7.399626
2498,0.977053,-0.068720,-0.201319,0.010347,182.983887,-23.077488,-8.655705
2619,0.978578,-0.069307,-0.193794,0.004198,182.172104,-22.253334,-8.529499
2740,0.979463,-0.074104,-0.187467,0.003062,182.081070,-21.517130,-9.048647
2861,0.979584,-0.069491,-0.188496,-0.006907,180.781219,-21.731369,-8.265314
2985,0.975912,-0.059418,-0.203938,-0.049657,175.442627,-23.825453,-6.006215
3107,0.967322,-0.044540,-0.217784,-0.121926,166.109711,-25.607031,-2.101071
3229,0.961858,-0.033178,-0.215707,-0.164896,160.440826,-25.207649,0.463055
3351,0.965437,-0.025312,-0.208959,-0.153680,161.703384,-24.283615,0.964977
3473,0.975889,-0.043976,-0.192421,-0.093123,169.717651,-22.566374,-3.103458
3630,0.979661,-0.061723,-0.181876,-0.058022,174.379898,-21.316265,-6.151691
3751,0.981651,-0.065771,-0.172358,-0.048157,175.608734,-20.165075,-6.884922
3874,0.982989,-0.059820,-0.158773,-0.070266,172.773956,-18.696247,-5.773701
3994,0.982398,-0.058443,-0.158643,-0.079393,171.655396,-18.722279,-5.431018
4114,0.983537,-0.067641,-0.157439,-0.057304,174.467560,-18.508619,-6.966291
4235,0.983611,-0.059931,-0.158593,-0.061305,173.845856,-18.622734,-5.963342
4356,0.984219,-0.063489,-0.153184,-0.061712,173.840988,-18.021261,-6.404039
4477,0.984437,-0.048800,-0.157664,-0.060300,173.746490,-18.439692,-4.659662
4598,0.984297,-0.059382,-0.148658,-0.074334,172.243835,-17.546213,-5.706069
4721,0.986091,-0.061614,-0.142499,-0.059279,174.044556,-16.758537,-6.272674
4842,0.986232,-0.080669,-0.132823,-0.056467,174.637985,-15.729717,-8.610888
4963,0.986348,-0.071592,-0.133329,-0.064867,173.503189,-15.801534,-7.400215
5084,0.987193,-0.073954,-0.128703,-0.058377,174.276550,-15.232895,-7.802428
5205,0.983722,-0.075593,-0.145776,-0.072916,172.692688,-17.327307,-7.673361
5331,0.984624,-0.081153,-0.139124,-0.067573,173.381012,-16.555107,-8.459324
5453,0.983324,-0.068426,-0.131934,-0.104772,168.728119,-15.890816,-6.382905
5573,0.986137,-0.066837,-0.131860,-0.075309,172.185913,-15.672109,-6.677591
5693,0.986255,-0.059698,-0.139576,-0.065171,173.300705,-16.445051,-5.958512
5814,0.987543,-0.061716,-0.131231,-0.060990,173.789551,-15.469185,-6.307666
5935,0.986845,-0.051908,-0.141602,-0.058153,174.006134,-16.589636,-5.147309
6056,0.986818,-0.058199,-0.134941,-0.067715,172.955582,-15.914669,-5.764367
6177,0.989044,-0.049024,-0.134547,-0.035743,176.576111,-15.643432,-5.204774
6300,0.989017,-0.060951,-0.128237,-0.040961,176.118515,-14.989985,-6.542248
6421,0.988393,-0.051285,-0.140237,-0.027821,177.575378,-16.264544,-5.593970
6542,0.988793,-0.060393,-0.133092,-0.030299,177.392517,-15.477598,-6.635811
6663,0.988260,-0.054928,-0.140966,-0.021084,178.436447,-16.316172,-6.138249
6783,0.987752,-0.061578,-0.137698,-0.039812,176.319031,-16.076830,-6.614545
6903,0.986519,-0.057040,-0.149035,-0.036154,176.736877,-17.348101,-6.120269
7024,0.986771,-0.066878,-0.144499,-0.030372,177.568405,-16.812286,-7.395028
7147,0.986862,-0.063349,-0.143168,-0.039809,176.382278,-16.715382,-6.814136
7268,0.984076,-0.085658,-0.142880,-0.061917,174.156204,-16.966747,-9.077010
7389,0.985380,-0.077811,-0.141945,-0.053053,175.059921,-16.737968,-8.302698
7510,0.983957,-0.082529,-0.142729,-0.068101,173.367722,-16.984852,-8.597353
7631,0.984630,-0.076714,-0.146898,-0.055064,174.837662,-17.321245,-8.123039
7752,0.982841,-0.083161,-0.146092,-0.075874,172.480423,-17.444990,-8.517476
7875,0.984156,-0.076016,-0.148861,-0.059075,174.362625,-17.576927,-7.961217
7995,0.983389,-0.078573,-0.150175,-0.064892,173.727661,-17.791771,-8.153619
8115,0.985417,-0.068604,-0.152450,-0.031586,177.512726,-17.745365,-7.576472
8235,0.979778,-0.062955,-0.170532,-0.083558,171.283127,-20.162746,-5.800097
8356,0.978238,-0.049380,-0.181016,-0.088529,170.404526,-21.278170,-3.972847
8477,0.972462,-0.053593,-0.188823,-0.125627,165.974915,-22.377834,-3.521088
8598,0.968977,-0.026192,-0.201606,-0.140512,163.421738,-23.457155,0.368262
8721,0.924797,0.046897,-0.289760,-0.242038,146.407684,-30.879715,15.337252
8842,0.873968,0.128316,-0.331093,-0.331790,130.133972,-29.576220,30.698261
8963,0.821064,0.174220,-0.365355,-0.402503,117.423767,-27.368458,40.793613
9084,0.764944,0.200110,-0.403149,-0.460737,106.122070,-25.618486,48.722267
9205,0.709667,0.234040,-0.440061,-0.497931,97.293762,-23.049282,56.852459
9325,0.644301,0.276021,-0.474481,-0.532492,88.951042,-18.509375,65.226135
9445,0.577140,0.324779,-0.494425,-0.562995,82.790009,-11.829895,72.143166
9568,0.528031,0.366024,-0.497051,-0.583216,79.906982,-5.622541,76.167503
9689,0.478058,0.403615,-0.499730,-0.599014,77.461143,0.329021,79.936783
9810,0.437920,0.435958,-0.500042,-0.606726,76.272446,5.224469,83.090714
9931,0.402385,0.473778,-0.496182,-0.606148,76.656433,10.081431,86.583359
10052,0.381409,0.494334,-0.479253,-0.616822,76.868401,14.137514,86.931961
10173,0.351988,0.515992,-0.474920,-0.619919,76.660332,17.783119,89.012779
10294,0.309079,0.564726,-0.457165,-0.613633,79.185547,24.234285,93.510300
10417,0.242726,0.601408,-0.422477,-0.633165,78.983368,33.813332,95.550110
10538,0.152720,0.655962,-0.415261,-0.611507,82.773376,42.486271,106.177444
10658,0.027193,0.697817,-0.393622,-0.597801,87.578384,54.380573,119.160927
10778,-0.003804,0.709422,-0.351574,-0.610813,90.765739,60.380157,120.895248
10899,-0.028371,0.722832,-0.316169,-0.613790,96.297546,64.860184,125.204361
11020,-0.065637,0.733589,-0.307607,-0.602419,102.853989,67.553497,134.069763
11141,-0.103200,0.740493,-0.302007,-0.591442,109.940155,69.759895,143.780121
11264,-0.138696,0.744647,-0.277980,-0.590748,120.525742,73.118393,155.182083
11385,-0.194245,0.743572,-0.267414,-0.581249,136.525314,75.532509,174.947571
11506,-0.224344,0.745130,-0.253616,-0.574562,150.353821,75.939850,-169.828506
11627,-0.231072,0.742802,-0.216973,-0.589716,166.678055,77.516296,-156.152267
11748,-0.240570,0.740510,-0.197825,-0.595506,178.258072,77.724976,-145.407639
11868,-0.243087,0.741156,-0.201239,-0.592529,177.299515,77.461555,-145.847733
11990,-0.213223,0.728557,-0.239195,-0.605407,149.358078,79.785522,-173.174011
12110,-0.195127,0.723223,-0.254493,-0.611636,133.373398,79.741920,170.601105
12231,-0.200714,0.739797,-0.244621,-0.593773,144.799698,77.618164,-178.268890
12352,-0.137751,0.705109,-0.327805,-0.613499,96.290222,72.838783,135.180206
12473,-0.152448,0.716359,-0.307242,-0.607605,105.945259,74.623260,144.237305
12594,-0.157550,0.712742,-0.299265,-0.614499,105.740669,75.990761,143.722992
12715,-0.162568,0.721786,-0.289098,-0.607462,113.333748,76.146606,150.865417
12838,-0.170769,0.730116,-0.277338,-0.600703,121.921478,76.381996,159.137344
12959,-0.163131,0.731222,-0.283077,-0.598800,119.285820,75.482048,156.375565
13080,-0.141636,0.723173,-0.296775,-0.607352,108.508308,74.261314,144.979874
13200,-0.129328,0.716088,-0.305239,-0.614258,101.977280,73.471313,138.154465
13320,-0.126515,0.717066,-0.301412,-0.615592,102.321266,73.557854,137.923019
13441,-0.130356,0.721011,-0.295892,-0.612854,105.439331,73.923264,140.880081
13562,-0.096502,0.705174,-0.327226,-0.621556,92.210289,70.012253,127.632317
13685,-0.110218,0.721936,-0.301638,-0.612916,102.517418,72.075806,136.809021
13806,-0.104178,0.722676,-0.307318,-0.610273,101.802185,71.101006,136.111740
13927,-0.097433,0.722811,-0.309369,-0.610192,101.015785,70.457176,134.955399
14048,-0.102222,0.728613,-0.301336,-0.606517,104.699951,70.985786,138.333572
14169,-0.082940,0.720402,-0.324366,-0.607388,98.032433,68.269119,132.137436
14290,-0.083918,0.727500,-0.309734,-0.606431,101.757179,69.121872,134.638245
14412,-0.066642,0.712159,-0.338308,-0.611496,93.322319,66.356133,127.341423
14532,-0.091064,0.734826,-0.306904,-0.597946,105.757378,69.174683,139.006607
14652,-0.084904,0.731472,-0.318366,-0.596971,103.061760,68.032608,136.832626
14773,-0.066448,0.717115,-0.340662,-0.604377,95.227737,65.795586,129.470520
14894,-0.077883,0.726624,-0.326598,-0.599398,100.128967,67.212318,134.053772
15015,-0.041773,0.703891,-0.366760,-0.606854,89.314713,62.246460,123.935249
15136,-0.073659,0.727079,-0.337723,-0.593182,99.582420,65.829849,134.193649
15263,-0.061359,0.720099,-0.349365,-0.596345,95.926300,64.386307,130.579636
15384,-0.066423,0.723072,-0.340031,-0.597600,97.530029,65.420753,131.740921
15505,-0.075694,0.743056,-0.322185,-0.581658,106.499504,65.949196,139.932953
15626,-0.079505,0.747368,-0.331176,-0.570468,107.795746,64.871719,142.411484
15747,-0.079783,0.738169,-0.335750,-0.579659,104.268272,65.415329,139.268356
15867,-0.092302,0.738985,-0.336713,-0.576192,105.600708,66.029289,141.731857
15987,-0.087743,0.722116,-0.347966,-0.591406,98.320312,66.232895,135.020767
16110,-0.093399,0.727571,-0.341099,-0.587843,101.149567,66.796692,137.705734
16231,-0.083309,0.713744,-0.352226,-0.599631,94.648483,66.156624,131.339050
16352,-0.095630,0.727404,-0.334728,-0.591343,101.570190,67.564789,137.715134
16473,-0.114101,0.728746,-0.328465,-0.589926,104.375450,69.190796,141.478394
16594,-0.115533,0.727979,-0.328386,-0.590638,104.226799,69.361481,141.436829
16715,-0.109898,0.728189,-0.327557,-0.591914,103.717606,69.074486,140.383774
16838,-0.128030,0.743966,-0.307683,-0.579177,114.303574,70.145981,150.755127
16959,-0.126614,0.740654,-0.311724,-0.581567,112.336624,70.121689,149.016968
17080,-0.112482,0.729001,-0.325055,-0.591808,104.510887,69.387459,141.165161
17200,-0.129980,0.733416,-0.328461,-0.580785,108.330734,69.603142,146.789948
17320,-0.145223,0.730775,-0.335817,-0.576279,108.824402,70.017479,149.233032
17441,-0.149693,0.728898,-0.342973,-0.573290,108.114914,69.788101,149.559982
17562,-0.168408,0.732500,-0.321675,-0.575847,115.092232,72.168442,156.160339
17685,-0.158551,0.720647,-0.323124,-0.592547,107.754875,73.037849,148.038132
17806,-0.151491,0.715691,-0.332899,-0.594985,103.357643,72.272087,143.921097
17927,-0.155062,0.719102,-0.336145,-0.588087,105.292793,71.811699,146.480255
18048,-0.153768,0.727128,-0.334902,-0.579200,108.729218,70.961571,149.746735
18169,-0.157207,0.735490,-0.337956,-0.565790,112.362823,69.804955,154.026443
18290,-0.146246,0.725927,-0.351770,-0.572618,105.739433,69.106979,147.702881
18410,-0.113734,0.701652,-0.381794,-0.590740,91.501053,66.324417,133.454590
18532,-0.146149,0.725620,-0.352460,-0.572608,105.553902,69.069511,147.572311
18652,-0.134082,0.707038,-0.381525,-0.580128,95.324135,67.317703,138.981735
18773,-0.157627,0.724020,-0.345754,-0.575668,107.087906,70.491440,149.429459
18894,-0.168525,0.736289,-0.337585,-0.561699,114.621330,70.208153,157.223083
19015,-0.155746,0.722869,-0.363761,-0.566458,104.995766,68.789490,148.885681
19136,-0.179341,0.741618,-0.337925,-0.551033,118.428482,69.804428,162.045319
19259,-0.148263,0.710674,-0.380650,-0.572764,98.291359,67.967125,143.083145
19380,-0.181055,0.740720,-0.338400,-0.551389,118.371651,69.948921,162.172256
19501,-0.164680,0.722793,-0.372043,-0.558593,105.648193,68.439529,151.100128
19628,-0.158431,0.713891,-0.382637,-0.564659,100.711609,68.041183,146.584732
19749,-0.171312,0.731110,-0.364301,-0.550823,110.376289,68.472801,155.726471
19869,-0.139299,0.700728,-0.408216,-0.568267,92.886490,65.523247,139.560730
19989,-0.187602,0.735213,-0.355970,-0.545476,115.417992,69.332428,161.412598
20111,-0.160472,0.708438,-0.401310,-0.557948,98.078377,66.829979,145.921600
20232,-0.169283,0.716479,-0.381484,-0.558984,103.228416,68.459442,149.937622
20353,-0.190556,0.729545,-0.360707,-0.548940,113.383438,69.788239,160.031647
20474,-0.165238,0.704244,-0.394440,-0.566698,97.202690,68.208267,144.734695
20595,-0.178754,0.717862,-0.371666,-0.560872,105.850563,69.739975,152.426666
20716,-0.155744,0.696218,-0.405538,-0.571450,92.660446,67.224327,140.422791
20837,-0.176099,0.711227,-0.377974,-0.565926,102.293053,69.739120,149.196747
20960,-0.191953,0.724589,-0.369070,-0.549457,110.912270,69.710045,158.442825
21081,-0.170153,0.705246,-0.400395,-0.559778,98.009850,67.792152,146.560318
21201,-0.202000,0.739268,-0.355695,-0.534931,119.414017,69.166153,166.688873
21321,-0.159517,0.706070,-0.414239,-0.551740,96.691406,65.684280,145.730255
21442,-0.186267,0.723343,-0.380008,-0.545587,108.488121,68.569107,156.585114
21563,-0.194881,0.727383,-0.380105,-0.537073,111.324364,68.351631,160.228119
21684,-0.170854,0.716586,-0.392910,-0.550388,102.826675,67.377754,150.799973
21804,-0.189659,0.738549,-0.360993,-0.536889,116.297691,68.430031,162.999237
21925,-0.195231,0.741553,-0.355333,-0.534522,118.947639,68.669388,165.621796
22046,-0.165844,0.717808,-0.388526,-0.553431,102.873360,67.426003,149.994278
22167,-0.180587,0.735607,-0.361786,-0.543483,113.698952,68.473328,159.654190
22288,-0.192271,0.742258,-0.360246,-0.531318,118.017540,68.014748,164.921478
22408,-0.178151,0.727060,-0.387190,-0.538258,108.014122,67.020958,156.162445
22530,-0.177676,0.722187,-0.399064,-0.536300,105.398323,66.408875,154.638809
22651,-0.189546,0.712556,-0.392373,-0.549883,103.984749,68.810524,153.477432
22772,-0.223027,0.694439,-0.388689,-0.562962,102.496109,72.796814,154.378967
22893,-0.251323,0.656685,-0.395726,-0.590757,87.125648,77.108185,141.953888
23014,-0.275886,0.617967,-0.411425,-0.610512,63.924282,78.981430,122.372406
23135,-0.291308,0.582989,-0.420030,-0.631530,38.982887,78.832764,99.693527
23256,-0.310710,0.551758,-0.431949,-0.642210,21.393703,77.717682,85.154610
23379,-0.335017,0.525280,-0.436355,-0.649177,5.984086,77.000412,72.574883
23500,-0.369702,0.487025,-0.449445,-0.651244,350.159851,75.164467,61.639336
23620,-0.408165,0.437614,-0.480771,-0.640895,340.158356,72.439102,59.150055
23740,-0.430242,0.390264,-0.500665,-0.641804,333.590118,68.710884,57.689358
23860,-0.444458,0.342468,-0.510392,-0.651663,328.191803,64.163757,55.882244
23981,-0.453939,0.306283,-0.515646,-0.658962,324.795258,60.668652,55.052052
24102,-0.463686,0.273725,-0.512423,-0.668943,321.030914,57.290337,53.027702
24225,-0.470283,0.240011,-0.504587,-0.683090,317.864105,53.369080,50.988892
24346,-0.476235,0.204460,-0.492751,-0.698988,314.907593,49.039375,48.916801
24467,-0.477408,0.154972,-0.493385,-0.710372,313.360382,43.730545,49.934124
24588,-0.482372,0.100705,-0.480197,-0.725657,310.446075,37.547741,49.154106
24709,-0.501558,0.079086,-0.435995,-0.743025,305.606506,33.702377,43.113483
24830,-0.514382,0.069490,-0.390623,-0.760255,302.357849,30.498701,37.326347
24952,-0.518008,0.061556,-0.350466,-0.777846,300.859406,27.312952,32.809929
25072,-0.535621,0.061758,-0.311652,-0.782407,297.629547,25.498909,27.840414
25193,-0.556973,0.047319,-0.308261,-0.769746,294.362213,24.596947,27.642620
25314,-0.568078,0.066014,-0.289626,-0.767488,292.528931,25.492300,24.168968
25435,-0.574103,0.074338,-0.252613,-0.775279,291.143372,23.910982,19.578381
25556,-0.570430,0.075034,-0.225131,-0.786313,291.378387,22.014597,16.831381
25677,-0.575915,0.077221,-0.184420,-0.792679,290.157196,19.562996,12.467628
25800,-0.580197,0.074336,-0.174158,-0.792153,289.462067,18.654610,11.547378
25921,-0.584763,0.079802,-0.171478,-0.788841,288.719574,19.053406,10.805642
26042,-0.584336,0.081734,-0.180416,-0.786964,288.838745,19.845858,11.556882
26163,-0.585211,0.082567,-0.191043,-0.783712,288.792999,20.672016,12.519026
26289,-0.587347,0.080632,-0.198660,-0.780415,288.558594,21.052168,13.341749
26409,-0.594723,0.079601,-0.195438,-0.775734,287.430084,20.852337,12.894156
26529,-0.600683,0.069978,-0.198084,-0.771387,286.632050,20.238695,13.656861
26651,-0.604754,0.070887,-0.192845,-0.769448,285.968140,20.019255,12.979415
26772,-0.611464,0.084036,-0.192246,-0.762944,284.806213,21.304977,11.803548
26893,-0.617677,0.071628,-0.197074,-0.757956,284.015076,20.612097,12.981804
27014,-0.619795,0.084157,-0.209651,-0.751538,283.641388,22.729134,13.211757
27135,-0.634184,0.098211,-0.219056,-0.734963,281.215576,24.973982,12.579345
27256,-0.620929,0.094526,-0.229607,-0.743495,283.485260,25.194887,14.334991
27377,-0.627304,0.080033,-0.225215,-0.741184,282.621582,23.652927,14.764786
27500,-0.630919,0.075528,-0.227989,-0.737733,282.116699,23.523430,15.244381
27620,-0.638798,0.071505,-0.231794,-0.730128,280.923615,23.612829,15.646758
27740,-0.642838,0.066145,-0.239142,-0.724697,280.372498,23.786495,16.609797
27860,-0.648010,0.061516,-0.246060,-0.718153,279.617126,24.032501,17.437710
27981,-0.654033,0.037680,-0.268934,-0.706036,278.910828,23.890589,21.188272
28102,-0.651072,-0.001363,-0.314982,-0.690566,279.597198,24.096153,28.587666
28229,-0.655634,-0.019811,-0.333908,-0.676941,278.801392,24.268974,31.627396
28367,-0.638353,-0.060063,-0.382644,-0.665186,281.232117,24.118048,39.923615
28498,-0.626488,-0.085478,-0.426361,-0.646849,282.781281,25.064468,46.649010
28618,-0.622320,-0.106878,-0.455785,-0.627333,282.988647,25.670332,51.450905
28738,-0.624549,-0.123453,-0.458954,-0.619718,282.046631,24.851408,52.829407
28859,-0.608331,-0.170088,-0.490401,-0.600418,282.685913,23.104246,59.909367
28980,-0.597657,-0.216171,-0.520143,-0.570543,281.962311,22.028288,66.782463
29103,-0.574551,-0.256788,-0.559323,-0.539538,282.906128,21.446115,74.901978
29224,-0.551718,-0.284698,-0.596172,-0.509043,284.263611,21.591789,82.146439
29345,-0.546296,-0.298775,-0.605943,-0.495096,283.965637,21.481655,84.626999
29466,-0.544606,-0.307915,-0.611314,-0.484644,283.503265,21.554899,86.117874
29587,-0.547979,-0.309453,-0.606928,-0.485375,282.902130,21.393200,85.580055
29708,-0.557544,-0.300054,-0.588050,-0.503291,282.234222,20.713684,82.114212
29828,-0.580984,-0.266882,-0.542891,-0.544512,281.187561,19.887871,73.435692
29950,-0.611637,-0.214453,-0.477065,-0.593558,279.742920,19.208103,61.344894
30070,-0.634600,-0.164445,-0.430761,-0.620224,278.599274,20.043680,52.275257
30191,-0.659556,-0.121173,-0.369375,-0.643318,276.120178,19.350216,42.308067
30312,-0.677934,-0.080720,-0.304853,-0.664038,274.081848,17.826632,32.700848
30433,-0.694521,-0.043506,-0.245661,-0.674826,271.880554,16.410374,24.119165
30554,-0.712241,0.000009,-0.172870,-0.680309,269.137329,14.256497,14.044253
30677,-0.726808,0.042793,-0.103757,-0.677602,266.471985,12.052952,4.598624
30798,-0.732556,0.083120,-0.048174,-0.673887,264.916840,10.521678,-3.314986
30919,-0.732284,0.143813,0.037730,-0.664564,263.400513,7.810008,-15.260842
31040,-0.729468,0.191132,0.094297,-0.649957,262.057343,6.366147,-23.823441
31160,-0.728619,0.214143,0.113815,-0.640542,261.117065,6.227671,-27.424719
31280,-0.727971,0.222424,0.117319,-0.637819,260.800720,6.483819,-28.459768
31401,-0.739296,0.195588,0.082827,-0.638998,260.151672,7.324749,-23.471827
31524,-0.750423,0.159743,0.038535,-0.640198,259.673126,8.435684,-16.992872
31645,-0.759760,0.125970,0.002354,-0.637873,259.130737,9.040286,-11.353571
31766,-0.761802,0.086613,-0.058677,-0.639299,259.668884,11.545360,-3.331720
31887,-0.767501,0.042152,-0.120295,-0.628240,259.219604,13.745904,5.105760
32008,-0.772787,0.007213,-0.159544,-0.614236,258.393066,14.800144,11.022261
32129,-0.771579,-0.023074,-0.194166,-0.605330,258.507111,15.765110,16.335176
32250,-0.755523,-0.084403,-0.268740,-0.591466,260.574677,17.832518,27.899307
32372,-0.737864,-0.147610,-0.328434,-0.570869,261.972839,18.430046,38.672577
32492,-0.732949,-0.191657,-0.352541,-0.549328,261.061523,17.831804,44.587379
32612,-0.722686,-0.229581,-0.381161,-0.528892,260.929535,17.943117,50.587418
32733,-0.693630,-0.286184,-0.428596,-0.503263,262.389343,17.849754,60.493744
32854,-0.640999,-0.352328,-0.485744,-0.478571,265.808563,16.588432,73.022820
32975,-0.604221,-0.412547,-0.504133,-0.458873,265.840851,13.332543,81.054070
33098,-0.565853,-0.469014,-0.528026,-0.425460,265.297821,11.447936,89.858047
33219,-0.550574,-0.489735,-0.536383,-0.411477,264.979401,10.813239,93.215477
33340,-0.558363,-0.485499,-0.531936,-0.411774,264.444122,11.197634,92.180916
33461,-0.568192,-0.473490,-0.526944,-0.418673,264.486786,11.673584,90.217918
33582,-0.579508,-0.459089,-0.526450,-0.419821,264.511383,12.984873,88.578339
33702,-0.590191,-0.440983,-0.526905,-0.423758,264.930420,14.371562,86.697197
33822,-0.592909,-0.430779,-0.529252,-0.427519,265.591431,15.026428,85.924294
33944,-0.590921,-0.430789,-0.528813,-0.430792,265.876526,14.703208,85.876213
34070,-0.587146,-0.437567,-0.521932,-0.437463,265.731873,13.300756,85.742638
34191,-0.583301,-0.441625,-0.521208,-0.439387,265.851868,12.706340,86.084137
34312,-0.596563,-0.429039,-0.526770,-0.427251,265.248657,15.182178,85.431076
34433,-0.592777,-0.435327,-0.525554,-0.427657,265.152466,14.520890,85.938354
34554,-0.592978,-0.437352,-0.522590,-0.428943,264.922485,14.156446,85.786247
34675,-0.592805,-0.439487,-0.521747,-0.428024,264.727600,14.026278,85.906166
34798,-0.600173,-0.439264,-0.519711,-0.420395,263.687134,14.744183,85.617706
34919,-0.599111,-0.444336,-0.520785,-0.415219,263.303589,14.774981,86.282272
35040,-0.598894,-0.448093,-0.518635,-0.414184,262.943878,14.479255,86.419846
35160,-0.597543,-0.451895,-0.517419,-0.413525,262.738953,14.159385,86.681000
35280,-0.598409,-0.454122,-0.516153,-0.411411,262.376190,14.127471,86.765297
35401,-0.598612,-0.457227,-0.514390,-0.409880,262.015900,13.946997,86.887665
35524,-0.593341,-0.460898,-0.513232,-0.414855,262.390320,13.098829,87.155617
35645,-0.582510,-0.466444,-0.513740,-0.423290,263.325470,11.749651,87.834053
35766,-0.574551,-0.469257,-0.511819,-0.433269,264.126099,10.457351,87.920837
35887,-0.572476,-0.472778,-0.509104,-0.435381,264.027588,9.858912,87.988113
36008,-0.569178,-0.476084,-0.507377,-0.438111,264.112030,9.231329,88.152237
36129,-0.572216,-0.478246,-0.505895,-0.433488,263.461761,9.458631,88.216347
36250,-0.577366,-0.479704,-0.504010,-0.427199,262.595428,9.912184,88.154922
36372,-0.582212,-0.481049,-0.501015,-0.422606,261.776794,10.183739,87.953293
36492,-0.586760,-0.483698,-0.492868,-0.422873,260.861969,9.747431,87.311142
36612,-0.593107,-0.486748,-0.490561,-0.413088,259.609558,10.356441,87.386696
36733,-0.586092,-0.488546,-0.491279,-0.420067,260.405365,9.521943,87.679214
36854,-0.555578,-0.498239,-0.500870,-0.438420,263.416046,6.873028,89.897614
36975,-0.503258,-0.517485,-0.509626,-0.468203,267.584167,1.625710,93.155281
37096,-0.446979,-0.541813,-0.507577,-0.499004,270.763794,-4.989968,95.899467
37219,-0.386812,-0.564862,-0.496239,-0.533897,273.678680,-12.665212,97.695297
37340,-0.324340,-0.582238,-0.477917,-0.572180,276.858948,-20.871592,98.295631
37461,-0.259544,-0.595300,-0.448636,-0.613980,280.397644,-29.875914,97.375778
37582,-0.190581,-0.610958,-0.428354,-0.637898,283.271423,-38.038155,98.286743
37702,-0.137498,-0.618493,-0.404163,-0.659700,286.134155,-44.821239,97.433319
37822,-0.087049,-0.612566,-0.393295,-0.680071,291.327484,-49.880665,95.328194
37944,-0.019148,-0.598331,-0.385191,-0.702320,300.140350,-55.658314,91.294617
38065,0.046540,-0.579975,-0.357527,-0.730499,312.963623,-61.717339,81.307556
38186,0.107279,-0.581786,-0.355279,-0.723729,319.293640,-66.684532,79.723953
38307,0.159748,-0.587103,-0.363700,-0.705340,322.149475,-70.806854,81.944839
38428,0.213854,-0.584106,-0.371182,-0.689422,328.470825,-74.611504,80.873039
38549,0.251600,-0.587511,-0.359462,-0.679932,336.330109,-78.468864,75.146149
38670,0.254848,-0.607194,-0.338388,-0.672200,332.762909,-81.411781,76.985405
38793,0.291052,-0.588958,-0.377411,-0.652664,334.711853,-81.292992,81.877861
38914,0.290028,-0.609748,-0.367272,-0.639683,318.928406,-83.279732,96.560944
39034,0.324383,-0.608863,-0.372321,-0.620831,313.546967,-85.988876,105.510635
39154,0.358333,-0.605310,-0.359195,-0.613326,24.373905,-89.307045,36.597374
39275,0.375637,-0.601561,-0.334695,-0.620477,95.377953,-86.337669,-35.030178
39396,0.381259,-0.599673,-0.311086,-0.631071,95.258537,-83.763351,-36.532509
39517,0.391820,-0.605659,-0.295091,-0.626552,106.952965,-81.971458,-48.671158
39640,0.394602,-0.607063,-0.273882,-0.633043,106.184387,-79.978813,-49.525661
39761,0.394480,-0.614690,-0.271455,-0.626774,112.602570,-79.967987,-56.178608
39882,0.351686,-0.629618,-0.295076,-0.626754,120.140099,-85.400024,-65.652115
40003,0.351336,-0.643529,-0.250373,-0.632249,121.628258,-81.757759,-71.121254
40124,0.329365,-0.655711,-0.237425,-0.636540,125.463455,-82.380890,-78.091957
40244,0.346664,-0.657054,-0.227179,-0.629671,126.945610,-80.052147,-78.869850
40366,0.330116,-0.660096,-0.235612,-0.632278,130.046051,-82.007797,-82.757965
40486,0.324417,-0.658540,-0.241987,-0.634439,129.956848,-83.032997,-82.637276
40607,0.333187,-0.648046,-0.252626,-0.636549,122.639473,-83.398415,-73.603264
40728,0.322040,-0.652638,-0.241059,-0.642056,120.953728,-83.374748,-73.935310
40849,0.318004,-0.653302,-0.232513,-0.646528,117.487854,-83.042999,-71.572609
40970,0.315316,-0.656184,-0.231833,-0.645170,120.323151,-83.168839,-74.707748
41091,0.290302,-0.669474,-0.202168,-0.653184,120.896812,-82.729134,-80.045990
41218,0.281561,-0.680335,-0.198032,-0.647026,131.608688,-82.704880,-91.871376
41339,0.281202,-0.680971,-0.200875,-0.645635,133.717819,-82.880981,-93.770027
41460,0.283932,-0.682175,-0.203292,-0.642404,136.449890,-82.705742,-96.053108
41581,0.285773,-0.680830,-0.202441,-0.643283,134.497086,-82.585213,-94.012054
41701,0.287634,-0.681935,-0.199297,-0.642264,134.376205,-82.143921,-93.991608
41821,0.278669,-0.679880,-0.208822,-0.645362,136.497116,-83.679535,-96.097748
41943,0.293002,-0.684178,-0.193641,-0.639176,134.559143,-81.149872,-94.173553
42064,0.276413,-0.681645,-0.212425,-0.643291,141.193253,-83.947800,-100.682678
42185,0.286896,-0.686393,-0.197321,-0.638445,138.238617,-81.757042,-98.079315
42306,0.276289,-0.684936,-0.212749,-0.639732,145.694580,-83.673958,-105.161926
42427,0.284778,-0.689014,-0.200293,-0.635638,142.397797,-81.892380,-102.168236
42548,0.283217,-0.693577,-0.206122,-0.629479,150.039505,-81.865875,-109.440414
42669,0.282627,-0.697211,-0.202119,-0.627024,151.189102,-81.334282,-110.973686
42792,0.288804,-0.699835,-0.192937,-0.624172,148.277618,-80.089104,-108.285675
42913,0.282845,-0.698473,-0.202190,-0.625495,152.260757,-81.174675,-112.015915
43033,0.294305,-0.700199,-0.190354,-0.621983,147.091278,-79.441429,-106.825523
43153,0.281835,-0.698282,-0.206713,-0.624687,154.681244,-81.467606,-114.140472
43274,0.295026,-0.705814,-0.183257,-0.617410,148.215927,-78.431076,-108.467377
43395,0.281102,-0.702696,-0.201000,-0.621925,155.238739,-80.769669,-115.236382
43518,0.293415,-0.704034,-0.187837,-0.618832,148.896423,-78.987526,-108.910461
43639,0.285126,-0.702810,-0.199436,-0.620467,153.972305,-80.356415,-113.744789
43760,0.295180,-0.703544,-0.187829,-0.618553,148.439331,-78.885574,-108.297661
43881,0.292048,-0.702405,-0.196214,-0.618730,151.409485,-79.674728,-110.839439
44002,0.295967,-0.703665,-0.188675,-0.617780,148.818756,-78.843979,-108.533981
44123,0.297755,-0.704368,-0.185594,-0.617054,147.992416,-78.460815,-107.806046
44243,0.291938,-0.704198,-0.188762,-0.619062,149.493652,-79.142464,-109.560959
44365,0.296070,-0.705292,-0.184681,-0.617082,148.356430,-78.465134,-108.395271
44485,0.288152,-0.703231,-0.194136,-0.620272,151.448212,-79.824188,-111.400696
44606,0.298438,-0.704940,-0.184562,-0.616378,147.953110,-78.288040,-107.790459
44727,0.289657,-0.701907,-0.199036,-0.619517,152.572708,-80.060806,-111.977829
44848,0.299558,-0.703511,-0.189317,-0.616026,148.765350,-78.575089,-108.103554
44969,0.291458,-0.702408,-0.195446,-0.619248,151.122803,-79.691315,-110.671082
45092,0.295545,-0.704276,-0.185659,-0.618200,148.068512,-78.668739,-108.075539
45213,0.289085,-0.703697,-0.189530,-0.620734,149.675354,-79.482025,-109.934540
45334,0.296418,-0.705128,-0.180139,-0.618443,146.507248,-78.224998,-106.900444
45455,0.289766,-0.704265,-0.187617,-0.620353,149.221680,-79.270264,-109.580444
45575,0.293056,-0.704597,-0.182055,-0.620088,147.015427,-78.674950,-107.550117
45695,0.292315,-0.703432,-0.191665,-0.618863,150.142654,-79.329887,-109.932312
45816,0.295588,-0.702967,-0.187043,-0.619252,147.695145,-78.872894,-107.585724
45939,0.296264,-0.703715,-0.190119,-0.617138,149.419235,-78.881233,-108.984894
46060,0.285702,-0.702551,-0.190017,-0.623444,149.319504,-79.924538,-109.843193
46181,0.292303,-0.703676,-0.191682,-0.618587,150.324142,-79.304398,-110.112480
46302,0.287226,-0.702137,-0.199130,-0.620358,153.062897,-80.245583,-112.676468
46423,0.296476,-0.701816,-0.188791,-0.619602,147.526810,-79.002808,-107.193321
46544,0.284939,-0.699827,-0.200454,-0.623588,152.206299,-80.766052,-111.918747
46667,0.300280,-0.700917,-0.187522,-0.619173,146.221680,-78.694275,-105.657227
46788,0.289547,-0.700411,-0.200319,-0.620847,152.066940,-80.298767,-111.377831
46908,0.296729,-0.700115,-0.194337,-0.619690,148.558548,-79.432526,-107.736778
47028,0.293830,-0.701724,-0.193916,-0.619384,149.757462,-79.491905,-109.226097
47149,0.291513,-0.700487,-0.200504,-0.619780,152.006393,-80.128822,-111.125328
47270,0.298675,-0.700987,-0.196171,-0.617186,149.844604,-79.253578,-108.688354
47391,0.295687,-0.700237,-0.200086,-0.618219,151.236023,-79.777184,-110.017113
47514,0.298980,-0.701574,-0.194810,-0.616802,149.672546,-79.098587,-108.602585
47635,0.297489,-0.699607,-0.201129,-0.617729,151.087982,-79.737778,-109.620552
47756,0.301625,-0.699042,-0.204471,-0.615261,151.834274,-79.587997,-109.710510
47877,0.302480,-0.698356,-0.201380,-0.616639,149.914520,-79.449249,-107.980614
47998,0.302804,-0.700979,-0.193078,-0.616159,148.336273,-78.741837,-107.071518
48118,0.289779,-0.699946,-0.204886,-0.619772,153.910797,-80.524849,-112.812218
48240,0.301729,-0.701635,-0.194965,-0.615344,149.611649,-78.856750,-108.280556
48366,0.292059,-0.699821,-0.210786,-0.616858,156.493149,-80.576019,-114.685295
48486,0.304589,-0.701489,-0.197386,-0.613326,150.330887,-78.732742,-108.535378
48607,0.299013,-0.699573,-0.209946,-0.614087,155.004272,-79.981293,-112.644287
48728,0.303038,-0.700456,-0.203019,-0.613436,152.090317,-79.239319,-109.957558
48849,0.306314,-0.700557,-0.201529,-0.612184,151.293991,-78.873070,-108.991867
48970,0.299797,-0.698931,-0.211542,-0.613888,155.220291,-80.053787,-112.654976
49093,0.307253,-0.699980,-0.203697,-0.611656,151.745865,-78.951988,-109.175407
49214,0.307882,-0.699705,-0.207122,-0.610503,152.977783,-79.076843,-110.057587
49335,0.303348,-0.697842,-0.216383,-0.611692,156.378860,-80.065979,-113.080864
49456,0.311631,-0.699587,-0.209426,-0.607944,153.610168,-78.856804,-110.151642
49576,0.302936,-0.698272,-0.217785,-0.610907,157.426208,-80.099686,-114.042702
49696,0.313237,-0.700313,-0.204818,-0.607853,152.063156,-78.432220,-108.851028
49818,0.304600,-0.697663,-0.218702,-0.610447,157.240891,-80.065872,-113.630165
49939,0.318073,-0.697599,-0.213488,-0.605475,153.568512,-78.686089,-109.181267
50060,0.311768,-0.698033,-0.218011,-0.606642,156.369339,-79.373177,-112.165474
50181,0.314629,-0.699190,-0.215165,-0.604845,155.598389,-78.871758,-111.374039
50302,0.318212,-0.700008,-0.212601,-0.602928,154.756744,-78.353951,-110.421822
50423,0.313078,-0.698813,-0.218730,-0.604806,157.090256,-79.189499,-112.701180
50544,0.320240,-0.700139,-0.212440,-0.601758,154.637512,-78.151024,-110.129898
50667,0.309143,-0.699303,-0.220319,-0.605687,158.589035,-79.526230,-114.418922
50788,0.316835,-0.699220,-0.217819,-0.602705,156.594193,-78.775734,-111.938583
50908,0.313175,-0.698916,-0.220377,-0.604040,157.904068,-79.228119,-113.363297
51028,0.314550,-0.697947,-0.222948,-0.603501,158.317123,-79.321068,-113.432709
51149,0.315595,-0.697495,-0.225114,-0.602674,158.924179,-79.362236,-113.758408
51270,0.315180,-0.696827,-0.225425,-0.603547,158.678299,-79.493721,-113.526726
51393,0.314741,-0.696834,-0.224445,-0.604133,158.265579,-79.496849,-113.239227
51514,0.290178,-0.709409,-0.191729,-0.612998,154.424286,-78.814491,-114.375832
51635,0.258960,-0.724627,-0.141422,-0.622774,147.461441,-77.370094,-114.359581
51756,0.182699,-0.747395,-0.029208,-0.638092,134.152390,-74.684349,-116.757820
51877,0.124616,-0.750579,0.068506,-0.645291,120.901978,-72.102959,-116.295486
51998,0.066674,-0.746185,0.156631,-0.643600,110.971710,-69.984917,-118.376030
52118,-0.004027,-0.735721,0.245514,-0.631199,103.059654,-68.552216,-123.749084
52240,-0.066425,-0.721805,0.308027,-0.616195,97.977676,-68.507690,-129.244949
52360,-0.101418,-0.712848,0.327202,-0.611959,96.150139,-69.856827,-132.004105
52481,-0.112369,-0.708442,0.336057,-0.610361,94.897919,-70.108002,-132.454224
52602,-0.111399,-0.704262,0.338580,-0.613971,92.829071,-70.089989,-130.521393
52723,-0.103683,-0.706255,0.334045,-0.615515,93.177795,-69.832870,-129.821823
52844,-0.093335,-0.708144,0.326887,-0.618835,93.356331,-69.630753,-128.497406
52967,-0.092728,-0.707647,0.327500,-0.619171,93.076866,-69.561203,-128.222412
53088,-0.094556,-0.705866,0.333405,-0.617775,92.328918,-69.257751,-128.160782
53209,-0.092720,-0.705678,0.334764,-0.617533,92.107605,-69.009048,-127.913025
53330,-0.088532,-0.705243,0.333332,-0.619415,91.657066,-68.859398,-126.985023
53450,-0.089199,-0.704612,0.332265,-0.620611,91.423508,-69.043922,-126.705894
53570,-0.095416,-0.701481,0.337091,-0.620630,90.383835,-69.235931,-126.610809
53691,-0.093865,-0.701790,0.337228,-0.620443,90.426292,-69.091042,-126.539421
53818,-0.090493,-0.702897,0.335755,-0.620490,90.720161,-68.915039,-126.424156
53939,-0.080779,-0.705966,0.324601,-0.624270,91.577271,-69.046104,-125.471313
54060,-0.060990,-0.715896,0.293895,-0.630390,95.393562,-69.790504,-124.925896
54181,-0.036811,-0.726992,0.254221,-0.636781,100.490242,-70.836655,-124.580383
54302,0.004574,-0.740658,0.184961,-0.645899,109.152184,-72.763298,-123.974167
54423,0.056278,-0.751126,0.113299,-0.647918,118.992859,-73.859619,-123.657814
54546,0.108830,-0.755364,0.043600,-0.644726,128.641998,-74.691055,-123.304245
54667,0.173692,-0.752908,-0.036399,-0.633741,139.573792,-75.226593,-122.340408
54788,0.229122,-0.740439,-0.127110,-0.618941,154.667557,-77.116005,-125.296089
54908,0.267722,-0.724076,-0.202967,-0.602358,171.524292,-78.808243,-132.447403
55028,0.312163,-0.700992,-0.274929,-0.579284,187.624115,-79.670441,-138.353455
55149,0.365518,-0.667082,-0.349395,-0.547095,202.835541,-80.175545,-141.855331
55270,0.415621,-0.625554,-0.417944,-0.511131,217.414688,-80.713547,-144.907379
55393,0.459518,-0.589855,-0.473435,-0.465581,227.862717,-79.851402,-144.912949
55514,0.512172,-0.544723,-0.520838,-0.411917,230.929657,-79.197662,-136.533585
55635,0.532184,-0.528402,-0.527766,-0.398781,226.868683,-79.473610,-129.223709
55756,0.519731,-0.537722,-0.518022,-0.415185,226.639603,-80.054832,-131.758362
55877,0.485672,-0.561585,-0.487990,-0.458915,224.945862,-81.668175,-137.637009
55998,0.393095,-0.612328,-0.399292,-0.557753,220.580582,-85.542404,-152.369385
56120,0.334672,-0.621214,-0.374286,-0.601656,273.820068,-86.412315,146.374496
56240,0.282655,-0.598708,-0.406858,-0.629376,313.180298,-79.616982,105.439735
56360,0.209762,-0.581598,-0.387422,-0.683842,325.183350,-73.330414,85.341049
56481,0.098316,-0.558426,-0.271067,-0.777823,337.235382,-67.222328,53.668270
56602,0.013978,-0.510386,-0.162609,-0.844311,343.432556,-60.042431,31.420155
56723,-0.031395,-0.452083,-0.100221,-0.885767,346.062683,-52.616348,19.826893
56850,-0.073838,-0.367924,-0.064860,-0.924643,345.612396,-42.130264,13.591401
56973,-0.117795,-0.257486,-0.048719,-0.957833,343.372467,-28.801634,10.121105
57094,-0.150173,-0.159402,-0.046775,-0.974599,341.207916,-17.256912,8.372256
57215,-0.171227,-0.062632,-0.057786,-0.981535,339.804932,-5.921256,7.793857
57336,-0.180162,0.033911,-0.069358,-0.980598,339.506317,5.249753,7.141919
57457,-0.191859,0.073803,-0.068681,-0.976226,338.291962,9.813993,6.162493
57577,-0.201050,0.074171,-0.059560,-0.974947,337.122589,9.704977,5.023471
57697,-0.203777,0.070584,-0.044880,-0.975433,336.667786,8.974303,3.412071
57819,-0.211018,0.067771,-0.034741,-0.974506,335.730774,8.438552,2.265917
57940,-0.221099,0.064994,-0.025348,-0.972749,334.471313,7.912195,1.190239
58061,-0.227624,0.061274,-0.016413,-0.971676,333.645844,7.270230,0.231089
58182,-0.236054,0.063559,-0.006352,-0.969634,332.570404,7.253380,-1.021692
58303,-0.242319,0.067169,0.000356,-0.967864,331.762665,7.460886,-1.921244
58424,-0.246757,0.063136,-0.007653,-0.966984,331.309387,7.231522,-0.944747
58545,-0.252833,0.057947,-0.001695,-0.965767,330.573883,6.475804,-1.501018
58668,-0.260968,0.054465,-0.011350,-0.963738,329.675476,6.367370,-0.377686
58789,-0.260308,0.051518,-0.006502,-0.964124,329.738800,5.896120,-0.822812
58909,-0.276380,0.040097,-0.014218,-0.960102,327.893799,4.867635,0.295468
59029,-0.265944,0.032508,-0.003627,-0.963429,329.117523,3.702015,-0.591463
59150,-0.284469,0.023325,0.001379,-0.958396,326.916077,2.517503,-0.912718
59271,-0.266868,0.024170,0.007965,-0.963393,328.999054,2.425447,-1.620112
59394,-0.281313,0.019788,0.000668,-0.959407,327.302490,2.154492,-0.711886
59515,-0.270829,0.016461,0.005607,-0.962466,328.551300,1.641697,-1.129855
59636,-0.282060,0.013359,-0.006212,-0.959279,327.233185,1.669490,0.251174
59757,-0.276086,0.009316,0.003520,-0.961077,327.939056,0.914681,-0.682474
59878,-0.281853,0.011045,-0.007646,-0.959359,327.261078,1.461372,0.483957
59999,-0.284174,0.007023,0.006927,-0.958717,326.974213,0.546015,-0.989838
60119,-0.272867,0.008033,0.003621,-0.962007,328.324036,0.772357,-0.650432
60241,-0.285594,0.005021,0.007041,-0.958307,326.806946,0.320966,-0.937597
60361,-0.274757,0.007925,0.008624,-0.961438,328.095947,0.601605,-1.199767
60482,-0.288520,0.004032,0.003509,-0.957455,326.458893,0.326382,-0.518284
60603,-0.275793,0.003811,0.004673,-0.961194,327.978973,0.272093,-0.635163
60724,-0.288783,0.005811,-0.000860,-0.957372,326.428162,0.665920,-0.097993
60845,-0.285924,0.004671,0.007385,-0.958208,326.767822,0.270960,-0.964012
60966,-0.288098,0.004157,-0.001280,-0.957587,326.511017,0.498378,0.003276
61089,-0.284977,-0.000036,0.013116,-0.958440,326.887115,-0.432330,-1.439553
61210,-0.282991,0.002020,0.000440,-0.959116,327.121704,0.207793,-0.113857
61331,-0.291895,-0.003337,0.004160,-0.956431,326.057709,-0.504864,-0.344276
61451,-0.279432,-0.004494,0.002808,-0.960146,327.547333,-0.584433,-0.165062
61571,-0.293096,-0.006118,-0.000193,-0.956059,325.910767,-0.663760,0.226623
61692,-0.284501,-0.007579,0.003650,-0.958634,326.941589,-0.951541,-0.153860
61813,-0.290497,-0.006190,-0.007610,-0.956821,326.218628,-0.425420,1.040536
61936,-0.289363,-0.002285,-0.000334,-0.957212,326.359558,-0.239514,0.112445
62057,-0.295763,0.000865,-0.007353,-0.955228,325.594330,0.343896,0.775605
62178,-0.302977,0.003060,-0.003411,-0.952982,324.727203,0.452528,0.266226
62299,-0.309205,0.003693,-0.008968,-0.950942,323.980499,0.720221,0.846516
62420,-0.315156,0.002216,-0.006661,-0.949009,323.260803,0.481586,0.644394
62541,-0.322653,0.005296,-0.006342,-0.946477,322.354828,0.808883,0.492110
62667,-0.330214,0.003274,-0.006755,-0.943872,321.438080,0.609693,0.606778
62790,-0.338118,0.001168,-0.013641,-0.941000,320.479309,0.654479,1.425847
62910,-0.340366,-0.031393,-0.085649,-0.935853,320.025116,-0.026025,10.467607
63030,-0.338248,-0.076107,-0.171460,-0.922165,319.447601,-1.396696,21.581493
63151,-0.338963,-0.107705,-0.229391,-0.906022,318.382050,-2.272742,29.279371
63272,-0.329794,-0.159340,-0.310935,-0.877017,317.199280,-4.266656,40.715034
63393,-0.315879,-0.206109,-0.392804,-0.838711,315.964020,-5.599552,52.456886
63514,-0.298346,-0.248721,-0.473732,-0.790378,314.631897,-6.343849,64.528229
63637,-0.278881,-0.285854,-0.549404,-0.733935,313.268829,-6.497498,76.444145
63758,-0.249126,-0.314396,-0.636277,-0.658965,312.954071,-5.585180,90.425255
63879,-0.230641,-0.329873,-0.679605,-0.613284,312.749451,-5.228141,98.160774
64000,-0.232041,-0.333088,-0.678005,-0.612789,312.327393,-5.369383,98.157822
64120,-0.233432,-0.335372,-0.671900,-0.617719,312.025574,-5.776338,97.383018
64240,-0.236447,-0.336881,-0.664961,-0.623236,311.675354,-6.053500,96.427666
64362,-0.249546,-0.329364,-0.641099,-0.646708,311.469330,-6.086948,92.246445
64483,-0.291790,-0.283728,-0.533459,-0.741465,312.279419,-6.282577,74.248199
64604,-0.332452,-0.195685,-0.374363,-0.843224,314.803741,-4.651678,49.815811
64725,-0.360333,-0.123665,-0.231750,-0.895070,315.298279,-3.116338,30.313610
64846,-0.378745,-0.060351,-0.124764,-0.915060,314.902588,-0.913412,15.907424
64967,-0.393118,0.004605,-0.016312,-0.919327,313.711212,1.220097,1.511530
65088,-0.394881,0.052176,0.095813,-0.912227,313.064117,1.118698,-12.477436
65211,-0.395266,0.092629,0.187201,-0.894501,312.103119,1.015592,-24.091333
65332,-0.390763,0.140205,0.268953,-0.869082,310.969299,1.920035,-35.266689
65452,-0.377836,0.189079,0.349585,-0.836225,310.079041,2.983826,-46.763626
65572,-0.350372,0.246953,0.437285,-0.790587,309.401093,4.821448,-60.174946
65693,-0.316930,0.296062,0.513422,-0.740468,308.889435,6.488937,-72.577797
65814,-0.271837,0.349149,0.597006,-0.669160,307.928802,8.203907,-87.489258
65935,-0.249895,0.376827,0.627382,-0.633985,306.815308,9.453472,-94.140129
66058,-0.244307,0.377385,0.632167,-0.631071,307.179291,9.638287,-94.894112
66179,-0.248405,0.372140,0.627299,-0.637413,307.424042,9.367443,-93.718185
66300,-0.248379,0.364934,0.627557,-0.641323,308.159393,8.994431,-93.134598
66421,-0.247821,0.361117,0.623519,-0.647608,308.627930,9.130451,-92.226791
66542,-0.244625,0.357629,0.619058,-0.654995,309.290894,9.533004,-91.293556
66663,-0.253393,0.342006,0.595700,-0.681144,310.270325,9.440193,-86.725395
66783,-0.302314,0.289740,0.515915,-0.747316,310.853149,6.956610,-72.422836
66909,-0.338179,0.218264,0.425186,-0.810682,312.646729,3.801901,-57.019337
67035,-0.364429,0.159524,0.354796,-0.846082,313.119598,0.650050,-45.782001
67155,-0.380576,0.113885,0.276452,-0.875076,313.190033,-0.636350,-34.788784
67276,-0.394273,0.060163,0.182091,-0.898757,313.022095,-2.031143,-22.023540
67397,-0.399582,0.021797,0.086884,-0.912306,312.844421,-1.699826,-10.138434
67518,-0.403911,-0.006917,0.030841,-0.914247,312.383087,-2.152670,-2.914243
67641,-0.406576,-0.018585,0.022836,-0.913138,312.037537,-3.010072,-1.525917
67762,-0.411469,-0.009865,0.026599,-0.910978,311.430511,-2.284614,-2.313939
67883,-0.415922,-0.003445,0.030184,-0.908888,310.867310,-1.797652,-2.982341
68004,-0.418292,-0.006194,0.031586,-0.907737,310.574829,-2.158837,-2.992156
68125,-0.420755,-0.002722,0.032358,-0.906588,310.258850,-1.843261,-3.233679
68245,-0.423706,-0.003219,0.028724,-0.905334,309.882019,-1.728905,-2.826102
68365,-0.425429,-0.002431,0.025973,-0.904611,309.659576,-1.518401,-2.575583
68487,-0.427912,0.002652,0.026619,-0.903420,309.335724,-1.030775,-2.887502
68608,-0.432181,0.004859,0.027929,-0.901337,308.789337,-0.881308,-3.127177
68729,-0.436863,0.002000,0.026753,-0.899123,308.199860,-1.133239,-2.858258
68850,-0.441742,-0.000624,0.027480,-0.896716,307.583435,-1.455366,-2.794176
68971,-0.445862,-0.000365,0.029109,-0.894623,307.057678,-1.524807,-2.967924
69092,-0.450865,0.001179,0.029206,-0.892109,306.413239,-1.388522,-3.048926
69213,-0.456074,0.001656,0.031473,-0.889379,305.744537,-1.476240,-3.297021
69336,-0.460853,0.000840,0.030828,-0.886936,305.129517,-1.542806,-3.180371
69457,-0.464666,0.000198,0.030818,-0.884945,304.637939,-1.621114,-3.138505
69577,-0.468628,-0.002178,0.030127,-0.882875,304.128204,-1.838483,-2.933767
69697,-0.472232,-0.002464,0.030772,-0.880929,303.661285,-1.914288,-2.976018
69818,-0.475435,-0.004121,0.031242,-0.879182,303.247314,-2.117723,-2.926255
69939,-0.476647,-0.004981,0.031668,-0.878505,303.090942,-2.231735,-2.919451
70060,-0.476902,-0.007040,0.035066,-0.878224,303.065155,-2.625778,-3.149132
70183,-0.479319,-0.020544,0.045521,-0.876214,302.777161,-4.567928,-3.455310
70304,-0.468959,-0.038576,0.020198,-0.882141,304.006683,-4.991197,0.031425
70425,-0.440676,-0.073899,-0.025238,-0.894258,307.181366,-6.311007,6.369617
70546,-0.368106,-0.126796,-0.096809,-0.915991,314.914215,-9.265912,15.919104
70667,-0.276204,-0.192028,-0.153881,-0.929058,323.507507,-15.771714,24.038063
70788,-0.209498,-0.161573,-0.186158,-0.946225,332.033539,-13.165822,25.552023
70910,-0.154599,-0.141155,-0.193085,-0.958585,338.962250,-12.176052,25.045910
71030,-0.101142,-0.134869,-0.184600,-0.968243,345.401001,-12.934072,23.251846
71151,-0.047797,-0.133620,-0.159410,-0.976955,351.934845,-14.231605,19.542925
71272,0.006762,-0.131729,-0.135545,-0.981948,358.668762,-15.101864,15.894827
71393,0.060566,-0.117433,-0.128871,-0.982815,5.256247,-14.266973,14.282100
71514,0.110282,-0.096729,-0.121224,-0.981722,11.407297,-12.512890,12.823760
71635,0.162235,-0.088569,-0.127570,-0.974450,17.490673,-12.357101,13.008607
71758,0.215936,-0.080404,-0.132420,-0.964035,23.844757,-12.252032,13.045959
71879,0.255298,-0.083320,-0.136358,-0.953561,28.475666,-13.210290,12.910016
72000,0.287025,-0.090524,-0.156741,-0.940663,31.997490,-15.086790,14.571422
72120,0.307466,-0.105557,-0.189298,-0.926542,33.892975,-18.180502,17.511509
72240,0.329830,-0.112889,-0.210518,-0.913314,36.247437,-20.186432,19.290863
72360,0.351287,-0.116122,-0.209470,-0.905112,38.961166,-20.939137,18.581148
72481,0.363321,-0.117364,-0.225214,-0.896378,40.191177,-21.965979,20.084248
72604,0.362252,-0.114882,-0.231942,-0.895416,39.939785,-21.948812,20.983082
72725,0.363570,-0.119080,-0.232584,-0.894166,40.063316,-22.462286,20.878548
72846,0.367811,-0.119038,-0.230248,-0.893041,40.657967,-22.456831,20.501673
72967,0.373788,-0.118866,-0.232641,-0.889957,41.384560,-22.673988,20.637875
73088,0.387895,-0.119127,-0.226727,-0.885400,43.338596,-22.758125,19.582569
73209,0.362711,-0.122676,-0.228358,-0.895118,40.012512,-22.660837,20.278221
73330,0.388665,-0.116935,-0.229125,-0.884737,43.403252,-22.644905,19.926115
73452,0.376747,-0.117701,-0.229157,-0.889768,41.845760,-22.465143,20.200872
73572,0.386199,-0.119418,-0.228442,-0.885661,43.081249,-22.828568,19.813332
73693,0.397378,-0.115239,-0.231274,-0.880519,44.511940,-22.752213,20.019165
73814,0.394085,-0.113358,-0.232851,-0.881827,44.059494,-22.547607,20.360023
73935,0.406710,-0.105091,-0.237303,-0.875912,45.679710,-22.155895,20.889029
74056,0.417039,-0.098344,-0.245566,-0.869538,46.931263,-22.076826,21.859402
74179,0.400587,-0.109424,-0.254125,-0.873481,44.519260,-23.250828,22.815935
74300,0.408814,-0.123411,-0.269496,-0.863136,45.177254,-25.682812,23.844578
74421,0.388556,-0.128559,-0.280767,-0.868135,42.175606,-26.193323,25.590649
74542,0.408917,-0.121088,-0.279882,-0.860106,44.973537,-25.924963,25.164398
74663,0.395384,-0.107125,-0.287062,-0.865900,43.169437,-24.363073,26.919630
74783,0.415788,-0.101117,-0.277181,-0.860266,46.131802,-23.858036,25.436739
74903,0.401994,-0.082431,-0.292937,-0.863589,44.248432,-22.203127,28.352507
75026,0.383113,-0.066345,-0.282264,-0.877007,42.288235,-19.429596,28.105005
75147,0.370592,-0.045987,-0.303113,-0.876733,40.778313,-17.776134,31.490276
75268,0.344810,-0.014920,-0.306760,-0.887002,38.343830,-13.769483,33.346710
75389,0.335829,0.000968,-0.304872,-0.891214,37.729752,-11.715080,33.754665
75510,0.335874,0.003023,-0.287359,-0.896993,37.968128,-10.813376,31.796627
75631,0.322864,-0.018025,-0.225688,-0.918962,36.502968,-10.303495,24.190123
75752,0.295956,-0.041646,-0.086985,-0.950316,34.060478,-7.506626,8.157322
75875,0.264881,-0.071585,0.093436,-0.957066,31.493858,-5.021204,-12.568568
75995,0.232089,-0.085716,0.267984,-0.931109,28.583883,-2.018930,-32.626926
76115,0.195408,-0.081379,0.411902,-0.886297,24.423834,0.958351,-49.645054
76235,0.190407,-0.058671,0.510152,-0.836684,22.349123,5.514410,-61.653347
76356,0.218645,-0.044225,0.566540,-0.793260,23.791796,10.228761,-68.907562
76477,0.237399,-0.032441,0.588220,-0.772385,24.580328,13.248348,-71.684151
76598,0.239163,-0.026418,0.589492,-0.771099,24.340738,13.958992,-71.769417
76721,0.238684,-0.029107,0.574454,-0.782417,24.710020,13.219296,-69.664200
76842,0.246126,-0.027204,0.510547,-0.823417,26.273504,11.918332,-60.809162
76969,0.242233,-0.010929,0.412552,-0.878064,26.211458,10.409099,-47.902214
77090,0.247773,0.006991,0.278296,-0.927956,27.467257,8.678068,-31.263205
77211,0.249841,0.010402,0.184382,-0.950508,28.300869,6.425299,-20.334417
77332,0.263825,0.019533,0.085241,-0.960594,30.348450,4.732549,-8.857793
77452,0.272786,0.036506,-0.055976,-0.959746,31.878468,2.265723,7.322968
77574,0.286697,0.044105,-0.173182,-0.941201,33.713341,-0.932734,20.568962
77694,0.294095,0.049802,-0.259271,-0.918585,34.554646,-3.497528,30.435064
77815,0.285922,0.064017,-0.397182,-0.869706,33.498043,-6.648223,47.087811
77936,0.271974,0.088067,-0.507100,-0.813090,32.434990,-7.621175,61.681076
78057,0.252791,0.104472,-0.562643,-0.780133,31.051495,-6.976267,69.658653
78178,0.238660,0.130235,-0.595612,-0.755856,31.192553,-5.015202,75.074844
78299,0.231119,0.141570,-0.624509,-0.732477,31.139303,-4.661990,79.601570
78422,0.222965,0.138892,-0.625905,-0.734323,30.182217,-4.308512,79.722847
78543,0.223115,0.143164,-0.619703,-0.738704,30.540842,-3.727913,78.968414
78664,0.218390,0.146590,-0.614180,-0.744037,30.377165,-2.873119,78.296669
78784,0.216047,0.150393,-0.613978,-0.744129,30.441231,-2.376851,78.404510
78904,0.216983,0.150473,-0.609645,-0.747396,30.545473,-2.271741,77.786827
79025,0.215910,0.155795,-0.602158,-0.752667,30.851711,-1.461218,76.918190
79148,0.215168,0.154522,-0.595023,-0.758792,30.700438,-1.235422,75.865509
79269,0.215551,0.150021,-0.593136,-0.761061,30.414839,-1.567302,75.435898
79390,0.218522,0.147115,-0.586817,-0.765665,30.500353,-1.786976,74.446548
79511,0.220584,0.143303,-0.579729,-0.771176,30.443295,-1.990581,73.325661
79632,0.221013,0.139914,-0.576813,-0.773858,30.255285,-2.201767,72.804008
79753,0.219847,0.138505,-0.574867,-0.775889,30.050571,-2.168438,72.487907
79874,0.221410,0.136031,-0.571380,-0.778454,30.039616,-2.363035,71.922241
80000,0.218854,0.135391,-0.570003,-0.780295,29.752748,-2.189506,71.713829
80126,0.216565,0.133651,-0.559237,-0.788976,29.436769,-1.795242,70.186996
80247,0.220130,0.121751,-0.487113,-0.836321,29.133551,-0.619462,60.275749
80367,0.226647,0.099110,-0.362448,-0.898572,28.634153,0.791865,44.136150
80487,0.220999,0.079410,-0.278098,-0.931400,27.128971,1.432917,33.594715
80608,0.219797,0.050578,-0.180916,-0.957284,26.052124,0.991550,21.633257
80729,0.224939,0.026803,-0.108028,-0.967991,26.185450,0.188503,12.779467
80852,0.225246,0.011413,-0.027920,-0.973831,26.063530,0.552935,3.412471
80973,0.220277,-0.010827,0.097593,-0.970478,25.453117,1.259512,-11.200361
81094,0.222261,-0.016570,0.131434,-0.965941,25.715069,1.513579,-15.151435
81215,0.221512,-0.023282,0.148694,-0.963469,25.713182,1.204034,-17.271708
81336,0.221399,-0.025520,0.148269,-0.963504,25.738836,0.944057,-17.280834
81457,0.223093,-0.028973,0.147094,-0.963195,25.996500,0.562515,-17.235638
81577,0.224179,-0.029207,0.138529,-0.964206,26.130411,0.331586,-16.274588
81699,0.225933,-0.029923,0.135750,-0.964170,26.347134,0.208523,-15.979542
81819,0.227985,-0.031612,0.136945,-0.963463,26.613853,0.087645,-16.158613
81940,0.226542,-0.031137,0.145968,-0.962494,26.435831,0.355144,-17.163567
82061,0.229005,-0.027101,0.135123,-0.963616,26.660189,0.553354,-15.833255
82182,0.232550,-0.025464,0.118645,-0.964981,27.056517,0.345938,-13.935420
82303,0.237234,-0.018668,0.041106,-0.970399,27.518143,-0.958456,-5.085830
82424,0.245817,-0.006491,-0.108227,-0.963229,28.241022,-3.767773,11.873287
82547,0.261848,0.016060,-0.275441,-0.924825,29.765385,-6.577152,31.420280
82668,0.254300,0.036959,-0.452810,-0.853768,28.319118,-9.624469,53.446114
82789,0.249608,0.059531,-0.555701,-0.790784,27.961859,-10.559896,67.556480
82909,0.245008,0.101769,-0.621664,-0.736980,29.578045,-8.894904,77.944054
83029,0.229604,0.132513,-0.656968,-0.705768,30.100706,-6.582745,84.125870
83150,0.229004,0.141609,-0.663211,-0.698317,30.700586,-6.083675,85.374031
83271,0.225873,0.140231,-0.660599,-0.702080,30.334845,-5.826490,84.931602
83394,0.222703,0.139098,-0.657649,-0.706077,29.985863,-5.537298,84.447792
83515,0.220818,0.138483,-0.652261,-0.711765,29.805832,-5.216993,83.614479
83636,0.219826,0.134736,-0.649180,-0.715597,29.450361,-5.312081,83.030312
83757,0.216448,0.129744,-0.647933,-0.718673,28.775579,-5.393816,82.688560
83878,0.216510,0.120761,-0.619961,-0.744433,28.291784,-5.086464,78.291672
83999,0.217188,0.099399,-0.514097,-0.823799,27.442915,-3.413523,63.098820
84119,0.221727,0.073671,-0.385511,-0.892627,26.936361,-2.259992,46.175808
84241,0.219269,0.043626,-0.251036,-0.941802,25.791348,-1.599575,29.483725
84361,0.222068,0.019017,-0.139397,-0.964823,25.719126,-1.444828,16.112329
84482,0.212869,0.012655,-0.045636,-0.975928,24.623755,0.302046,5.420411
84603,0.183113,0.001325,0.088321,-0.979111,21.012140,2.002358,-9.937431
84724,0.169940,0.003265,0.153258,-0.973454,19.294704,3.350652,-17.324238
84845,0.172558,-0.002999,0.164446,-0.971166,19.669504,2.919252,-18.715008
84966,0.176228,-0.000315,0.146388,-0.973399,20.097853,2.922340,-16.586946
85089,0.178412,-0.001629,0.141170,-0.973771,20.384487,2.705439,-16.011093
85210,0.177152,-0.008161,0.121336,-0.976637,20.373531,1.549937,-13.885463
85331,0.172654,-0.021981,0.097368,-0.979907,20.039755,-0.541834,-11.444767
85451,0.164837,-0.025269,0.068707,-0.983596,19.139139,-1.550482,-8.252963
85571,0.176341,-0.024878,0.017120,-0.983862,20.375267,-2.459611,-2.435803
85692,0.182065,-0.025456,-0.085104,-0.979261,20.695986,-4.637101,9.086509
85813,0.148619,-0.062654,-0.162015,-0.973514,15.845868,-9.796268,17.530712
85936,0.071495,-0.108843,-0.232403,-0.963858,5.159532,-14.066628,26.475275
86057,-0.032477,-0.154667,-0.280916,-0.946626,351.122803,-15.936767,34.301796
86178,-0.115171,-0.197173,-0.339513,-0.912459,338.986847,-16.356979,43.872257
86299,-0.187534,-0.222441,-0.395637,-0.871100,328.817596,-13.836154,52.731098
86420,-0.255605,-0.246819,-0.445667,-0.821656,319.427795,-10.239937,60.744282
86586,-0.310832,-0.259493,-0.491503,-0.771015,312.463043,-5.428059,67.424461
86707,-0.323103,-0.288309,-0.559211,-0.706935,308.728271,-2.651806,77.962822
86875,-0.324604,-0.305796,-0.586246,-0.676335,307.053680,-1.893673,82.780060
86995,-0.348150,-0.285634,-0.594391,-0.666255,306.493408,1.906196,82.513184
87161,-0.396257,-0.239926,-0.584454,-0.666199,305.225281,8.251131,78.240227
87281,-0.446404,-0.179908,-0.591970,-0.646468,304.184937,17.211870,75.794434
87448,-0.487246,-0.153605,-0.629592,-0.585322,302.037537,25.703695,79.769157
87568,-0.513121,-0.136264,-0.666635,-0.523191,301.262024,32.788910,84.945839
87736,-0.535657,-0.136210,-0.692296,-0.463935,299.570679,37.972439,89.684151
87862,-0.546911,-0.145750,-0.715183,-0.410060,298.671173,41.510025,95.015053
88029,-0.551794,-0.132613,-0.738577,-0.363915,300.777100,45.936077,100.452087
88150,-0.548093,-0.122002,-0.769465,-0.304342,305.318481,50.283653,109.559891
88317,-0.564674,-0.076283,-0.785128,-0.242672,311.678009,58.174702,117.623238
88438,-0.575640,-0.035827,-0.801733,-0.156748,324.593842,65.753723,134.559311
88606,-0.596175,0.029917,-0.791446,-0.131477,339.154938,72.091125,145.886169
88729,-0.621726,0.067803,-0.772652,-0.108903,351.988770,77.297241,157.543350
88896,-0.635835,0.071294,-0.761952,-0.100264,354.060089,79.497551,160.064972
89017,-0.651651,0.054702,-0.753467,-0.068105,357.495728,81.668243,167.505219
89184,-0.661549,0.065082,-0.743880,-0.068933,2.768733,83.313759,171.873962
89305,-0.674355,0.085516,-0.729118,-0.079445,13.031257,85.528358,179.622559
89472,-0.682194,0.098806,-0.719098,-0.087972,23.955938,86.874382,-171.230652
89595,-0.688342,0.107613,-0.711094,-0.094557,38.077206,87.861923,-158.366684
89762,-0.688962,0.071752,-0.705307,-0.150719,290.755981,83.458122,92.624260
89883,-0.690417,0.111286,-0.700893,-0.140288,300.098755,87.490410,99.598686
90051,-0.689360,0.122291,-0.699376,-0.143850,305.758118,88.060028,104.058388
90172,-0.691615,0.082144,-0.703216,-0.142826,289.980194,84.987022,91.655434
90338,-0.694193,0.088032,-0.699399,-0.145535,284.681854,85.314667,85.652962
90459,-0.695707,0.059570,-0.695178,-0.170774,279.127838,80.976852,80.321098
90629,-0.702569,0.071882,-0.686895,-0.171456,270.984833,81.822144,71.117973
90750,-0.699449,0.055173,-0.688331,-0.184170,274.856598,79.491531,75.286224
90916,-0.700181,0.063082,-0.693428,-0.157848,274.928833,82.292534,76.912460
91036,-0.703148,0.054388,-0.693468,-0.147372,272.273438,82.415840,75.832924
91202,-0.701581,0.076639,-0.696935,-0.127214,273.037292,85.877213,76.451042
91322,-0.700087,0.068527,-0.699024,-0.128607,277.000793,85.124084,80.960518
91488,-0.697053,0.051233,-0.700648,-0.143447,280.158508,82.513580,84.299515
91610,-0.695933,0.049025,-0.702716,-0.139484,281.960449,82.640991,86.608315
91776,-0.695498,0.046357,-0.704033,-0.135877,282.860809,82.704727,88.023193
91897,-0.690623,0.034377,-0.707238,-0.147188,285.776001,80.747574,90.974724
92064,-0.691570,0.035322,-0.707991,-0.138650,286.112549,81.511406,91.940887
92185,-0.692539,0.035996,-0.708747,-0.129470,286.568115,82.303642,93.099144
92358,-0.698776,0.031683,-0.702674,-0.130190,278.851868,82.002060,85.674469
92479,-0.701668,0.041915,-0.701300,-0.118641,276.249176,83.775528,83.192116
92648,-0.702258,0.037150,-0.700401,-0.121999,275.216034,83.115105,82.269524
92769,-0.704574,0.038326,-0.697442,-0.125192,271.954895,82.929344,78.650169
92936,-0.707125,0.043642,-0.693685,-0.129855,268.195496,82.921661,74.074799
93057,-0.713697,0.092659,-0.676620,-0.155655,249.642609,84.069778,49.390629
93224,-0.719394,0.190371,-0.622228,-0.243014,226.347824,81.033409,10.545341
93345,-0.702284,0.310509,-0.537792,-0.348071,220.833374,76.293732,-15.108640
93513,-0.668324,0.406551,-0.469492,-0.409423,216.472519,73.831985,-34.817154
93634,-0.643798,0.480085,-0.417365,-0.425254,206.856415,71.034294,-54.080620
93802,-0.622415,0.515019,-0.393789,-0.438494,204.670166,70.367325,-61.682087
93923,-0.609131,0.535119,-0.365531,-0.457150,207.763809,69.159050,-63.260174
94092,-0.618207,0.529576,-0.362396,-0.453905,208.604736,68.252548,-61.561501
94213,-0.625612,0.519833,-0.371799,-0.447372,208.185013,68.484787,-60.051579
94382,-0.626301,0.514065,-0.381783,-0.444655,207.714249,69.290359,-59.408447
94509,-0.628958,0.508461,-0.388667,-0.441371,207.425827,69.677223,-58.625420
94678,-0.628662,0.501314,-0.399758,-0.440062,207.488556,70.707314,-57.449200
94846,-0.639018,0.481029,-0.419344,-0.429429,207.484421,71.635727,-53.921410
94967,-0.675322,0.392833,-0.490749,-0.385719,211.521469,74.988472,-35.936268
95137,-0.704601,0.294528,-0.554596,-0.330463,219.867203,77.474304,-12.925090
95258,-0.723710,0.216301,-0.594698,-0.275287,225.017487,78.483788,4.121554
95426,-0.731855,0.150616,-0.626280,-0.222416,229.575577,79.637947,18.859938
95549,-0.729895,0.077886,-0.659513,-0.161932,239.846771,81.105522,40.261391
95718,-0.729468,0.020288,-0.674384,-0.112531,244.558060,81.282959,53.748962
95839,-0.720215,-0.054828,-0.690092,-0.045268,252.859436,81.519203,73.636185
96010,-0.699691,-0.117294,-0.704420,0.021414,267.178162,82.212151,98.461723
96131,-0.679987,-0.170823,-0.708459,0.080711,277.262939,82.333412,117.800217
96299,-0.652505,-0.246015,-0.702598,0.141642,279.671204,80.605873,131.600601
96422,-0.619617,-0.305411,-0.694196,0.202192,284.722168,79.665016,146.972198
96591,-0.600672,-0.338453,-0.684212,0.237673,285.503082,79.375435,153.806137
96712,-0.578762,-0.363148,-0.677739,0.271697,290.455658,79.061668,164.067612
96882,-0.582324,-0.361464,-0.674072,0.275428,289.956543,79.792358,163.720978
97003,-0.574799,-0.364524,-0.675397,0.283830,293.851501,79.533096,168.676086
97171,-0.570407,-0.362967,-0.679568,0.284728,296.975861,79.098724,171.761124
97292,-0.565857,-0.366995,-0.680106,0.287348,297.408997,78.694283,172.825089
97466,-0.562581,-0.366032,-0.683975,0.285820,298.936951,78.187134,174.150787
97587,-0.561201,-0.363732,-0.687443,0.283134,300.055664,77.838753,174.830688
97800,-0.568982,-0.350028,-0.693696,0.269292,300.953247,77.937401,173.209122
97921,-0.587794,-0.321428,-0.701020,0.244429,302.076508,78.885269,169.486084
98042,-0.642187,-0.239306,-0.706241,0.177608,298.888794,82.785225,153.251999
98163,-0.678910,-0.159515,-0.706206,0.122073,294.594879,86.237762,137.579330
98283,-0.697504,-0.096980,-0.705581,0.078935,286.950592,88.381172,121.244873
98405,-0.727316,0.000437,-0.686242,-0.008654,191.680496,86.597687,10.943624
98526,-0.734348,0.079370,-0.669345,-0.080021,187.051346,84.725670,-5.904027
98647,-0.733794,0.149347,-0.650942,-0.124531,174.514328,82.983757,-27.859774
98768,-0.730312,0.234202,-0.614232,-0.185755,174.692490,79.791763,-39.997654
98889,-0.709045,0.308922,-0.578693,-0.258705,182.718750,78.660263,-44.854675
99010,-0.709137,0.329482,-0.558292,-0.277252,186.482574,77.035652,-44.677776
99133,-0.705434,0.332969,-0.560133,-0.278815,185.358612,77.407837,-46.238567
99254,-0.714462,0.282958,-0.602001,-0.216943,170.380737,79.415962,-51.204311
99375,-0.710170,0.253261,-0.636459,-0.162572,146.265656,80.516846,-68.054230
99495,-0.702067,0.243410,-0.656120,-0.131727,127.804886,80.199936,-83.075302
99615,-0.688923,0.170117,-0.701980,-0.060501,92.624504,81.043121,-106.204094
99735,-0.673784,0.109587,-0.730751,-0.001028,66.816765,80.050865,-122.189529
99856,-0.662846,0.046123,-0.744313,0.067070,53.406063,78.678894,-124.888275
99979,-0.649188,0.013970,-0.754945,0.091710,41.811680,77.860657,-131.850189
100100,-0.632183,-0.006978,-0.766518,0.112864,33.349922,76.104179,-136.855377
100221,-0.614927,-0.005355,-0.779247,0.120834,29.927315,73.669411,-139.728760
100342,-0.603508,-0.009810,-0.786196,0.132547,28.046499,72.092224,-140.255615
100463,-0.580953,-0.008547,-0.800412,0.147489,25.894375,68.831810,-141.215973
100584,-0.567235,-0.012408,-0.806093,0.168219,25.624649,66.731239,-139.389465
100705,-0.564196,-0.010765,-0.803153,0.191059,28.638826,65.558685,-134.568085
100827,-0.558001,-0.008454,-0.800745,0.217628,31.305414,63.807117,-129.800552
100947,-0.546757,-0.008627,-0.802770,0.237768,31.483162,61.877689,-127.822487
101068,-0.534401,0.004483,-0.814772,0.224798,30.001654,60.321171,-131.449478
101189,-0.535591,0.012785,-0.818393,0.207856,29.763512,60.613857,-133.839691
101310,-0.525987,0.050180,-0.838750,0.131563,26.748148,60.358902,-146.426453
101431,-0.521310,0.080713,-0.847949,0.051919,23.304571,61.128792,-159.104843
101554,-0.520666,0.099838,-0.847426,-0.028300,17.700293,62.635731,-173.001556
101675,-0.548859,0.114151,-0.825298,-0.067817,17.058527,67.135574,-178.028412
101796,-0.571599,0.114497,-0.806149,-0.101397,12.103006,70.875069,174.290863
101917,-0.571491,0.127336,-0.802556,-0.114361,13.190619,71.161461,173.237427
102038,-0.561052,0.106516,-0.813127,-0.112660,7.665992,69.457520,169.541382
102158,-0.570821,0.049119,-0.807023,-0.143028,346.256805,69.289848,150.378494
102278,-0.578151,0.056628,-0.794100,-0.178694,340.252777,69.794174,140.790863
102401,-0.614376,0.087591,-0.753866,-0.215748,329.924011,74.603233,124.922920
102522,-0.616272,0.129962,-0.737424,-0.243959,332.183167,76.487396,121.299706
102643,-0.621640,0.158629,-0.726519,-0.246093,336.882324,78.914734,123.461342
102764,-0.633688,0.194189,-0.700198,-0.265414,332.049805,82.094063,114.024490
102885,-0.645178,0.221118,-0.669939,-0.293301,310.293549,83.809227,87.565773
103006,-0.666097,0.199980,-0.655536,-0.294257,284.109100,82.303818,63.101864
103129,-0.688357,0.165835,-0.642440,-0.293132,269.191162,79.015465,51.134975
103250,-0.706258,0.131994,-0.631187,-0.292184,262.485291,75.625885,47.292320
103370,-0.725235,0.112555,-0.615879,-0.286445,254.402161,73.294647,41.265648
103490,-0.750932,0.092266,-0.590995,-0.279830,245.042221,69.922928,34.046951
103610,-0.781485,0.056486,-0.562609,-0.263731,236.835953,65.386116,30.035637
103731,-0.813366,0.009868,-0.522981,-0.254599,231.317261,58.845509,28.928755
103852,-0.840969,-0.031614,-0.479381,-0.248912,227.150101,52.236980,28.458796
103975,-0.861216,-0.069523,-0.437676,-0.248806,224.786514,45.994400,29.069166
104096,-0.873596,-0.103191,-0.402306,-0.253620,223.852783,40.584068,30.404615
104217,-0.883891,-0.122702,-0.357361,-0.275619,224.130371,34.339706,30.084044
104338,-0.892587,-0.141187,-0.309223,-0.296189,224.209351,27.929230,29.511274
104459,-0.895762,-0.179277,-0.275494,-0.299273,223.500137,22.721273,31.801125
104580,-0.893400,-0.213854,-0.233488,-0.318715,224.220490,16.312704,33.588032
104700,-0.893231,-0.234207,-0.192032,-0.332267,224.096161,10.802212,33.770313
104822,-0.893789,-0.245426,-0.162769,-0.338238,223.624542,7.177146,33.584209
104943,-0.895271,-0.248163,-0.143123,-0.341192,223.200043,4.986761,32.961273
105064,-0.897059,-0.245730,-0.130124,-0.343455,222.967087,3.707568,32.097702
105185,-0.903262,-0.228638,-0.118383,-0.343249,222.478745,3.262005,29.677094
105306,-0.907595,-0.218765,-0.115463,-0.339226,221.876678,3.506663,28.445850
105427,-0.910114,-0.214804,-0.114939,-0.335159,221.365021,3.739938,27.971886
105550,-0.918210,-0.188196,-0.107602,-0.331490,220.616013,4.176706,24.711868
105671,-0.939762,-0.087324,-0.075052,-0.321840,218.334564,4.867616,12.310281
105792,-0.948863,0.024688,-0.037822,-0.312426,216.390991,5.002700,-1.335504
105913,-0.949726,0.081808,-0.025817,-0.301086,214.780823,5.641344,-8.078144
106033,-0.947155,0.143310,-0.018449,-0.286377,212.746002,6.720649,-15.231072
106153,-0.929398,0.261603,0.021265,-0.259465,209.717178,5.521870,-29.974968
106274,-0.891384,0.386487,0.076335,-0.224114,207.313873,2.128870,-46.363640
106397,-0.853027,0.468473,0.113851,-0.199771,206.583694,-0.404604,-57.645382
106518,-0.788656,0.571497,0.161200,-0.159433,205.903748,-4.130713,-72.807564
106639,-0.741511,0.630226,0.182191,-0.140626,206.110291,-5.332808,-81.960831
106760,-0.720771,0.651784,0.189767,-0.140172,206.827377,-5.211587,-85.488533
106881,-0.712736,0.659688,0.191460,-0.141960,207.170883,-4.911820,-86.760117
107002,-0.719151,0.653765,0.181834,-0.149473,206.983429,-3.789576,-85.455673
107123,-0.722006,0.653448,0.170552,-0.150390,206.142456,-2.850796,-84.954590
107245,-0.724724,0.648008,0.169808,-0.161301,207.012390,-2.124947,-84.112648
107365,-0.725511,0.644684,0.167774,-0.172802,207.850143,-1.182572,-83.540901
107485,-0.727116,0.640150,0.169824,-0.180725,208.705032,-0.892765,-82.949081
107611,-0.730452,0.634575,0.172809,-0.184076,209.230469,-1.079352,-82.245483
107732,-0.750925,0.605034,0.179512,-0.194453,210.634705,-1.965579,-78.255966
107853,-0.779945,0.563554,0.175956,-0.207662,211.512161,-2.316168,-72.353584
107980,-0.830067,0.481756,0.144432,-0.240895,212.622208,-0.439566,-60.388359
108101,-0.878922,0.373170,0.109284,-0.276204,214.551208,0.804370,-45.759415
108222,-0.909818,0.272564,0.076372,-0.303479,216.445816,1.516572,-32.854820
108343,-0.922732,0.208616,0.058018,-0.318858,217.796341,1.487975,-24.969448
108464,-0.937153,0.108729,0.023621,-0.330689,218.696030,1.583708,-12.679501
108585,-0.941479,0.004603,-0.005648,-0.336980,219.385010,0.787087,-0.278477
108706,-0.939975,-0.070514,-0.014978,-0.333530,218.994476,-1.081731,8.197138
108828,-0.934755,-0.143908,-0.031258,-0.323325,217.866547,-1.984047,16.823467
108948,-0.920414,-0.227229,-0.056617,-0.313037,217.042999,-2.180088,27.004713
109068,-0.893505,-0.317667,-0.084112,-0.306028,216.934464,-2.528809,38.298656
109189,-0.874740,-0.366682,-0.098176,-0.301209,216.847244,-2.816652,44.547123
109310,-0.845817,-0.431635,-0.116056,-0.291218,216.421661,-3.157212,53.032734
109431,-0.804119,-0.509589,-0.127675,-0.278214,215.403671,-4.486100,63.293827
109552,-0.775543,-0.556751,-0.137439,-0.263939,214.351761,-4.629760,69.915855
109675,-0.739754,-0.605684,-0.151994,-0.250602,213.821960,-4.513547,77.245377
109796,-0.711171,-0.641747,-0.167518,-0.233079,213.198669,-3.490776,83.083641
109917,-0.711681,-0.642137,-0.168819,-0.229485,212.973938,-3.120178,83.194572
110038,-0.709907,-0.644901,-0.166878,-0.228645,212.736923,-3.323326,83.529083
110158,-0.709509,-0.646080,-0.163152,-0.229239,212.495865,-3.709524,83.560181
110278,-0.712506,-0.642894,-0.157436,-0.232870,212.397141,-4.305366,82.868065
110401,-0.709813,-0.646634,-0.155016,-0.232361,212.145279,-4.613898,83.336060
110522,-0.714203,-0.642592,-0.149425,-0.233783,211.868973,-4.991914,82.530983
110643,-0.717809,-0.639733,-0.146384,-0.232497,211.538361,-5.009495,82.000854
110764,-0.723051,-0.634038,-0.142562,-0.234225,211.443008,-5.212900,81.025795
110885,-0.726667,-0.630847,-0.139403,-0.233551,211.165375,-5.282765,80.450279
111006,-0.727596,-0.631101,-0.137415,-0.231139,210.794373,-5.265995,80.423637
111127,-0.727762,-0.631732,-0.135443,-0.230052,210.544083,-5.366252,80.452370
111250,-0.729665,-0.630524,-0.132184,-0.229233,210.235245,-5.518854,80.170006
111370,-0.732202,-0.628379,-0.129152,-0.228764,209.982773,-5.645316,79.759315
111490,-0.733953,-0.625731,-0.126160,-0.232056,210.086243,-6.039719,79.273399
111610,-0.737630,-0.620806,-0.123983,-0.234781,210.217194,-6.234605,78.484146
111731,-0.738001,-0.619486,-0.124164,-0.236998,210.446960,-6.336514,78.294403
111852,-0.741268,-0.615127,-0.118374,-0.241080,210.448898,-6.955294,77.478310
111975,-0.742126,-0.614387,-0.115159,-0.241883,210.302261,-7.255509,77.273346
112096,-0.741858,-0.615270,-0.112497,-0.241716,210.089981,-7.500152,77.323051
112217,-0.743040,-0.614354,-0.112498,-0.240410,209.974838,-7.366320,77.193535
112338,-0.752509,-0.601702,-0.109985,-0.244090,210.256760,-7.366171,75.296783
112459,-0.751754,-0.603541,-0.107979,-0.242768,209.975464,-7.509678,75.504318
112580,-0.750788,-0.605526,-0.102705,-0.243101,209.623535,-8.058767,75.639015
112700,-0.751976,-0.605793,-0.100006,-0.239869,209.125702,-8.060439,75.612190
112822,-0.756613,-0.600969,-0.097130,-0.238601,208.851471,-8.036525,74.848465
112943,-0.779795,-0.570323,-0.086900,-0.243089,208.889343,-8.149138,70.258759
113064,-0.837191,-0.477151,-0.077358,-0.255826,210.364807,-6.581028,57.573215
113185,-0.898367,-0.340968,-0.063526,-0.269508,211.927124,-3.993755,40.424480
113306,-0.933888,-0.222211,-0.048249,-0.275932,212.486847,-1.863168,26.225296
113427,-0.951263,-0.139903,-0.048938,-0.270412,211.886658,0.999463,17.018549
113550,-0.961752,-0.064706,-0.027941,-0.264683,210.852676,1.116849,8.006122
113671,-0.965626,0.004255,-0.010162,-0.259684,210.102539,1.251142,-0.168456
113792,-0.960387,0.116148,0.026770,-0.251874,209.342255,0.406225,-13.685071
113913,-0.932515,0.256374,0.079546,-0.241561,209.436172,-1.403666,-31.113230
114033,-0.902290,0.350209,0.112714,-0.224752,209.015350,-2.635448,-43.107498
114153,-0.849738,0.462834,0.155293,-0.199011,208.914459,-4.571211,-58.331059
114274,-0.794870,0.545845,0.191081,-0.183615,210.211639,-5.930284,-70.557182
114397,-0.778483,0.566031,0.195993,-0.187489,211.065826,-5.330833,-73.523628
114518,-0.778795,0.563388,0.193232,-0.196790,211.728943,-4.544789,-73.056488
114639,-0.785785,0.552046,0.183206,-0.210271,212.246475,-3.196618,-71.103088
114760,-0.790535,0.542742,0.177771,-0.221077,212.885757,-2.355094,-69.637871
114881,-0.795077,0.531105,0.176752,-0.233518,214.013199,-1.892147,-68.063583
115002,-0.801751,0.519116,0.173521,-0.239994,214.417908,-1.665895,-66.359863
115123,-0.809995,0.504340,0.169852,-0.246357,214.793900,-1.527849,-64.294846
115245,-0.815815,0.494936,0.167756,-0.247656,214.776291,-1.637052,-63.000690
115365,-0.824622,0.483748,0.169674,-0.239144,214.002060,-2.777815,-61.643436
115485,-0.837845,0.459400,0.166185,-0.243602,214.175705,-3.132908,-58.435902
115606,-0.850174,0.436398,0.153867,-0.251150,214.183411,-2.431534,-55.090603
115727,-0.854168,0.425919,0.149693,-0.258019,214.657196,-2.059409,-53.647263
115848,-0.877269,0.369434,0.130741,-0.277156,215.665939,-1.410079,-46.126999
115971,-0.923735,0.214488,0.063369,-0.310943,216.993286,0.934824,-25.831470
116092,-0.935318,0.148996,0.043790,-0.317890,217.427460,0.734128,-17.853474
116213,-0.939032,0.117848,0.057604,-0.317812,217.646484,-1.906995,-14.956413
116334,-0.942342,0.068280,0.055530,-0.322857,218.112045,-3.472359,-9.488310
116455,-0.947001,-0.010148,0.026930,-0.319925,217.329407,-3.296284,0.114163
116575,-0.947900,-0.046120,0.014068,-0.314884,216.625854,-3.193954,4.513698
116695,-0.948631,-0.046843,0.012603,-0.312630,216.356033,-3.049629,4.652299
116818,-0.947998,-0.045534,0.011332,-0.314785,216.623276,-2.874736,4.548199
116939,-0.947535,-0.034511,0.016717,-0.317332,216.947021,-3.071572,3.145320
117060,-0.947554,-0.034411,0.013383,-0.317444,216.965942,-2.705900,3.254995
117181,-0.947485,-0.027257,0.016534,-0.318195,217.069550,-2.790082,2.359951
117302,-0.947993,-0.026161,0.019955,-0.316574,216.874588,-3.118297,2.121713
117423,-0.948117,-0.022986,0.020601,-0.316407,216.862610,-3.073150,1.753182
117544,-0.947803,-0.024431,0.020568,-0.317239,216.959503,-3.123583,1.908926
117667,-0.946914,-0.021639,0.021079,-0.320051,217.307159,-3.082309,1.577441
117788,-0.946496,-0.025290,0.017974,-0.321207,217.438095,-2.881561,2.084416
117908,-0.944797,-0.044636,0.016127,-0.324188,217.750732,-3.406153,4.244843
118028,-0.937503,-0.107390,0.019577,-0.330401,218.235703,-6.180990,10.924874
118149,-0.914616,-0.187787,0.036068,-0.356237,220.633789,-11.523555,18.926022
118270,-0.869228,-0.296169,0.059151,-0.391433,223.232208,-19.553789,29.818136
118391,-0.771544,-0.465345,0.076625,-0.426959,223.290558,-31.037992,49.613853
118514,-0.667532,-0.586011,0.106143,-0.446899,219.247971,-41.719376,67.082840
118635,-0.585218,-0.660184,0.104337,-0.459112,215.672684,-46.745373,81.055077
118756,-0.474901,-0.690533,0.154962,-0.523080,214.943115,-60.411049,90.196968
118877,-0.404583,-0.707558,0.158861,-0.557162,214.516754,-66.490433,97.454636
118998,-0.337688,-0.706354,0.139396,-0.606293,223.248856,-71.926575,96.800964
119118,-0.230596,-0.722781,0.112082,-0.641750,221.539734,-78.344688,110.262032
119240,-0.173220,-0.718611,0.114908,-0.663612,214.897690,-83.497353,121.546822
119360,-0.121759,-0.713017,0.120758,-0.679846,171.852325,-87.300858,168.393082
119481,-0.041024,-0.715336,0.108214,-0.689124,105.250572,-84.148941,-117.372993
119602,0.045558,-0.722747,0.080583,-0.684880,105.286781,-79.310417,-108.132652
119723,0.118478,-0.729555,0.045478,-0.672039,112.314392,-75.883636,-106.347893
119844,0.183158,-0.733731,0.015003,-0.654110,118.800018,-72.627632,-104.980247
119965,0.216217,-0.732683,-0.007713,-0.645258,121.979736,-71.599770,-103.515999
120088,0.212357,-0.734226,-0.015899,-0.644636,123.915001,-72.433998,-105.113312
120215,0.203343,-0.734591,-0.013947,-0.647167,123.715996,-73.034050,-105.839325
120336,0.199957,-0.732029,-0.011692,-0.651157,121.947716,-73.336945,-104.545288
120457,0.199899,-0.730662,-0.010104,-0.652735,120.955643,-73.314888,-103.689209
120577,0.165604,-0.741025,0.022331,-0.650346,121.637749,-73.028412,-109.876579
120697,0.064390,-0.751334,0.136979,-0.642324,115.448219,-71.362511,-121.408852
120823,-0.029050,-0.739806,0.234017,-0.630136,107.281082,-71.076614,-129.018738
120943,-0.113203,-0.711014,0.318635,-0.616529,96.681480,-71.597557,-132.717407
121064,-0.198533,-0.657688,0.430053,-0.585728,80.449455,-70.256187,-134.083176
121185,-0.259281,-0.608662,0.499639,-0.559158,68.620903,-70.012894,-134.655243
121306,-0.323461,-0.555737,0.563771,-0.518347,59.286896,-70.194023,-138.400650
121427,-0.353514,-0.512729,0.602457,-0.499173,49.746063,-69.691177,-136.488098
121550,-0.362459,-0.512536,0.596125,-0.500557,49.519329,-70.952461,-136.350052
121671,-0.360980,-0.513077,0.593182,-0.504551,48.947559,-71.085136,-135.258423
121809,-0.359164,-0.515297,0.591610,-0.505430,49.464046,-71.060730,-135.397736
121941,-0.355235,-0.515361,0.592046,-0.507627,49.072048,-70.708885,-134.669098
122062,-0.354593,-0.513150,0.595301,-0.506507,48.610546,-70.391479,-134.551361
122183,-0.350697,-0.513038,0.593387,-0.511553,47.693428,-70.235626,-133.007828
122304,-0.347266,-0.517171,0.589030,-0.514758,48.354507,-70.311195,-132.788986
122427,-0.339856,-0.521564,0.582245,-0.522925,48.240486,-70.260406,-131.116104
122548,-0.332405,-0.527596,0.574383,-0.530306,48.757557,-70.293350,-129.959000
122669,-0.313072,-0.547302,0.548049,-0.549618,51.303158,-70.869049,-127.567223
122790,-0.251816,-0.610380,0.450019,-0.601248,62.557861,-73.868050,-122.718010
122910,-0.202543,-0.643260,0.391727,-0.625887,70.157433,-74.557762,-120.336365
123030,-0.156571,-0.668273,0.346653,-0.639313,77.615265,-74.370049,-119.710403
123152,-0.100552,-0.686920,0.304601,-0.652105,82.849770,-73.165237,-116.515556
123273,-0.014376,-0.708020,0.216217,-0.672119,90.601830,-73.328056,-109.569420
123394,0.051867,-0.719445,0.136137,-0.679093,98.667427,-74.369202,-105.560547
123515,0.096494,-0.723656,0.069774,-0.679805,105.867157,-76.030426,-103.682007
123636,0.167469,-0.714363,-0.027564,-0.678876,112.203674,-78.282036,-96.261703
123757,0.240025,-0.693777,-0.124367,-0.667522,117.777786,-80.375839,-87.801247
123878,0.321325,-0.661404,-0.217503,-0.641856,123.127914,-81.428421,-78.197166
124001,0.369063,-0.633888,-0.279955,-0.619350,126.647369,-82.675659,-71.884109
124122,0.413058,-0.612665,-0.324765,-0.590377,135.690643,-82.612656,-72.643410
124242,0.453323,-0.578988,-0.377619,-0.562732,138.169205,-83.718559,-66.068260
124362,0.478919,-0.546528,-0.421559,-0.542425,133.683517,-85.333260,-54.498508
124483,0.504519,-0.512996,-0.464942,-0.515865,129.156525,-86.775963,-42.549732
124604,0.530576,-0.483619,-0.491157,-0.493314,122.473488,-86.702179,-29.894438
124727,0.550776,-0.452518,-0.519957,-0.470649,108.773438,-87.093231,-10.297764
124848,0.558248,-0.428898,-0.541559,-0.459468,79.710625,-87.168068,22.436277
124969,0.555601,-0.426794,-0.544978,-0.460592,68.577393,-87.119682,33.668354
125090,0.553779,-0.424114,-0.548579,-0.460988,59.273468,-86.973343,43.204895
125211,0.543881,-0.438509,-0.534803,-0.475269,63.611416,-86.922791,35.853985
125332,0.538547,-0.442530,-0.532879,-0.479756,57.942604,-86.939766,40.615173
125452,0.522488,-0.462635,-0.514252,-0.498510,60.103008,-87.008209,34.233532
125574,0.481419,-0.505615,-0.470697,-0.539468,59.918526,-87.113029,24.755404
125694,0.407709,-0.557576,-0.415596,-0.591738,22.618889,-87.149406,48.609158
125815,0.334052,-0.607902,-0.331561,-0.639471,32.602943,-87.423286,23.568375
125936,0.277616,-0.645541,-0.260789,-0.661956,68.104851,-88.081024,-23.323923
126057,0.211037,-0.679084,-0.189425,-0.677066,111.801910,-88.225906,-78.869606
126178,0.109258,-0.701300,-0.058740,-0.701984,96.057487,-85.898735,-82.390747
126299,0.020321,-0.708360,0.067832,-0.702284,92.017624,-82.831635,-95.868050
126422,-0.080510,-0.689764,0.220718,-0.684849,79.649811,-78.611046,-104.365555
126543,-0.144364,-0.662643,0.326548,-0.658347,71.732147,-75.190781,-110.969391
126664,-0.194109,-0.640409,0.384085,-0.636136,66.922707,-74.554207,-115.654587
126784,-0.243905,-0.616313,0.434791,-0.609604,63.044510,-74.474060,-120.981354
126904,-0.284176,-0.590071,0.472102,-0.590061,57.351250,-74.725761,-122.655212
127025,-0.309663,-0.577525,0.488902,-0.575795,55.855587,-75.434837,-125.250427
127148,-0.311904,-0.582026,0.471094,-0.584829,55.129963,-77.069618,-122.852348
127269,-0.304888,-0.591298,0.454092,-0.592623,56.830296,-77.885056,-122.152252
127390,-0.300313,-0.592269,0.455597,-0.592834,57.261581,-77.389870,-122.320946
127511,-0.296416,-0.590469,0.454332,-0.597543,55.146175,-77.162514,-119.723221
127632,-0.294422,-0.591882,0.447759,-0.602076,54.332508,-77.521088,-118.060150
127753,-0.288497,-0.594005,0.442700,-0.606578,53.997421,-77.436447,-116.679497
127874,-0.287223,-0.595325,0.438746,-0.608756,53.849438,-77.648140,-116.019264
127996,-0.291416,-0.593243,0.439926,-0.607944,53.013504,-77.882912,-115.679977
128116,-0.293075,-0.592656,0.444135,-0.604650,53.840515,-77.695473,-117.080048
128236,-0.291656,-0.592524,0.444938,-0.604875,53.796707,-77.512611,-116.989502
128357,-0.289551,-0.592464,0.444207,-0.606480,53.356339,-77.389465,-116.286240
128478,-0.287645,-0.594175,0.443916,-0.605926,54.335461,-77.273544,-117.063377
128599,-0.284815,-0.595809,0.440693,-0.608007,54.451096,-77.302719,-116.599960
128722,-0.281479,-0.597012,0.437378,-0.610769,54.198009,-77.290489,-115.715591
128843,-0.275057,-0.600180,0.431110,-0.615031,54.404350,-77.269844,-114.722961
128964,-0.268200,-0.612864,0.414372,-0.617052,59.331661,-78.127609,-117.386093
129085,-0.251535,-0.630698,0.385211,-0.624944,65.576828,-79.139671,-119.352295
129206,-0.232006,-0.638795,0.355401,-0.641713,64.005440,-79.983315,-113.285202
129326,-0.234664,-0.611337,0.338270,-0.675844,34.100014,-80.095810,-82.084251
129446,-0.254379,-0.533544,0.310052,-0.744636,350.948578,-72.238098,-38.599339
129568,-0.274817,-0.418013,0.261449,-0.825456,334.791504,-56.491417,-21.449419
129689,-0.297583,-0.311367,0.217711,-0.875836,328.482941,-42.453125,-15.408726
129810,-0.323333,-0.233461,0.173523,-0.900463,323.679260,-32.185101,-11.002987
129931,-0.337221,-0.157726,0.134126,-0.918371,321.396057,-22.343796,-8.704630
130052,-0.357552,-0.106788,0.107773,-0.921482,318.606323,-15.895003,-7.303050
130173,-0.387231,-0.056068,0.074572,-0.917245,314.663055,-9.242280,-5.428725
130296,-0.408141,-0.008422,0.052983,-0.911336,311.900543,-3.359462,-5.154948
130417,-0.420136,0.023275,0.044813,-0.906051,310.232239,0.259089,-5.783226
130538,-0.428945,0.030737,0.027741,-0.902377,309.081909,1.815101,-4.385844
130658,-0.432030,0.032775,0.029311,-0.900782,308.674744,1.932417,-4.655913
130778,-0.436431,0.029527,0.021402,-0.898994,308.146149,1.971804,-3.686129
130899,-0.450726,0.024142,-0.007947,-0.892295,306.389130,2.880247,-0.434884
131020,-0.459106,0.014356,-0.027328,-0.887840,305.363586,2.899512,2.028131
131143,-0.463594,0.012275,-0.031955,-0.885381,304.792328,2.944284,2.594314
131264,-0.468210,0.004887,-0.041745,-0.882612,304.204102,2.734995,3.967588
131385,-0.472216,-0.004765,-0.043404,-0.880396,303.660065,1.868315,4.644194
131506,-0.475880,-0.016360,-0.045822,-0.878159,303.133514,0.852443,5.512312
131627,-0.480325,-0.027960,-0.049880,-0.875220,302.479828,-0.058724,6.555895
131748,-0.481141,-0.040651,-0.066531,-0.873164,302.256073,-0.399264,8.934512
131868,-0.477160,-0.077351,-0.108533,-0.868647,302.202515,-1.765356,15.218287
131990,-0.475254,-0.082306,-0.102283,-0.869994,302.362549,-2.635936,14.861001
132110,-0.473175,-0.036809,-0.024242,-0.879861,303.365204,-2.397509,4.448339
132231,-0.459417,-0.028412,-0.011570,-0.887686,305.219086,-2.281639,2.675806
132352,-0.475373,-0.020506,0.015963,-0.879396,303.223724,-2.937298,-0.492245
132473,-0.434014,-0.034588,-0.004251,-0.900227,308.457306,-3.358540,2.163021
132594,-0.470507,-0.023998,0.013350,-0.881964,303.843445,-3.146682,-0.055431
132717,-0.429446,-0.039968,-0.008592,-0.902162,308.996216,-3.711720,2.862303
132838,-0.439169,-0.048302,-0.008878,-0.897056,307.697327,-4.523055,3.355807
132959,-0.433473,-0.050455,-0.010655,-0.899685,308.401672,-4.677646,3.619215
133080,-0.420931,-0.071922,-0.035054,-0.903552,309.680847,-5.765703,7.153327
133200,-0.469850,-0.062095,-0.018894,-0.880352,303.578949,-5.254362,5.278882
133320,-0.473125,-0.057162,-0.031624,-0.878565,303.169800,-4.043599,6.311343
133441,-0.469154,-0.063101,-0.039372,-0.879974,303.596313,-4.250186,7.403485
133568,-0.480416,-0.060603,-0.019987,-0.874711,302.212372,-4.980445,5.367795
133694,-0.454949,-0.057321,-0.032996,-0.888053,305.518219,-4.116570,6.375725
133815,-0.462998,-0.055963,-0.030541,-0.884058,304.500153,-4.052352,6.089768
133936,-0.458043,-0.055423,-0.028831,-0.886727,305.150726,-4.121830,5.864001
134057,-0.464350,-0.058338,-0.025490,-0.883356,304.313599,-4.553707,5.711920
134178,-0.453788,-0.066212,-0.026431,-0.888249,305.586609,-5.372871,6.172269
134299,-0.465553,-0.083686,-0.045942,-0.879851,303.748352,-5.997526,9.185927
134422,-0.476863,-0.109342,-0.072884,-0.869095,301.675751,-6.923635,13.454090
134543,-0.480478,-0.134041,-0.100383,-0.860865,300.459656,-7.719215,17.721937
134664,-0.465139,-0.196770,-0.183212,-0.843417,299.759338,-9.292840,29.910328
134784,-0.433560,-0.272029,-0.281758,-0.811560,299.050323,-11.374283,44.999294
134904,-0.400896,-0.337177,-0.354369,-0.774602,297.681213,-13.781912,57.525166
135025,-0.349904,-0.434897,-0.463063,-0.688474,293.075104,-15.948654,78.428108
135148,-0.280411,-0.514682,-0.556372,-0.588994,289.112793,-17.113384,98.962814
135269,-0.207541,-0.563858,-0.633946,-0.486925,286.862976,-16.617010,117.310509
135390,-0.144423,-0.594787,-0.678552,-0.406116,285.173798,-16.684843,130.998306
135511,-0.135045,-0.606361,-0.685933,-0.378917,283.725067,-15.917775,134.694962
135633,-0.133188,-0.611475,-0.686762,-0.369741,283.003601,-15.618934,135.856522
135754,-0.136425,-0.610462,-0.683688,-0.375882,283.060455,-15.805917,134.985245
135875,-0.140671,-0.609897,-0.681238,-0.379663,282.997345,-15.750536,134.294846
135995,-0.146273,-0.609674,-0.676709,-0.385953,282.838837,-15.821571,133.254745
136121,-0.163887,-0.603346,-0.669473,-0.401139,283.078217,-15.344149,130.355713
136241,-0.216873,-0.584848,-0.635461,-0.455083,283.268402,-14.873197,120.581757
136361,-0.289642,-0.535350,-0.571998,-0.549835,285.547150,-14.913370,103.620888
136482,-0.365785,-0.465443,-0.497288,-0.634241,287.884918,-13.097312,85.752563
136603,-0.422380,-0.391680,-0.435950,-0.691463,289.969849,-9.985095,71.464920
136726,-0.486801,-0.299180,-0.343989,-0.745103,290.436859,-6.369048,53.987938
136847,-0.528403,-0.214543,-0.271379,-0.775311,290.479950,-2.629677,40.407566
136968,-0.550516,-0.148799,-0.196599,-0.797579,290.465698,-1.197401,28.525055
137089,-0.567120,-0.078481,-0.100883,-0.813653,290.148224,-0.761320,14.667290
137210,-0.573156,-0.010172,-0.018824,-0.819162,290.045685,0.281495,2.435892
137331,-0.576229,0.044094,0.047632,-0.814702,289.394257,0.971391,-7.379821
137451,-0.569847,0.118450,0.136057,-0.801701,288.824463,1.997753,-20.693336
137573,-0.557798,0.192531,0.218392,-0.777232,287.700623,3.189914,-33.719727
137693,-0.538162,0.265041,0.287482,-0.746646,286.338257,4.954262,-45.827553
137814,-0.498387,0.343305,0.371968,-0.703835,285.616669,6.459014,-60.614738
137935,-0.448761,0.415741,0.451912,-0.649262,284.704315,7.715179,-75.633766
138056,-0.398383,0.475120,0.511401,-0.594990,283.534302,9.085994,-88.522560
138177,-0.344855,0.520468,0.542552,-0.561976,283.027863,12.167927,-97.671875
138300,-0.321234,0.538657,0.553855,-0.547626,282.673828,13.540389,-101.499344
138421,-0.327490,0.532554,0.549875,-0.553864,282.959290,13.283339,-100.176559
138542,-0.331220,0.526294,0.543985,-0.563365,283.473419,13.452200,-98.622581
138663,-0.340580,0.520049,0.532536,-0.574414,283.510315,13.574208,-96.384331
138783,-0.341140,0.513931,0.530045,-0.581845,284.238342,13.675138,-95.323303
138903,-0.342848,0.508821,0.526254,-0.588731,284.739563,13.784307,-94.232986
139024,-0.344387,0.503761,0.524566,-0.593671,285.230652,13.699471,-93.415947
139147,-0.344091,0.496607,0.523214,-0.601017,286.132568,13.702002,-92.403503
139268,-0.347319,0.490250,0.516453,-0.610158,286.640839,13.857759,-90.834358
139389,-0.375297,0.455002,0.470240,-0.656499,288.285828,14.149755,-81.477837
139510,-0.416303,0.405116,0.398725,-0.709635,289.583313,14.062976,-68.608948
139631,-0.459047,0.340118,0.311800,-0.759189,290.901184,13.306815,-53.839737
139752,-0.493388,0.264062,0.230000,-0.796198,292.387390,11.159056,-39.709969
139873,-0.512789,0.203962,0.173333,-0.815717,293.307251,8.915872,-29.866392
139995,-0.523268,0.148063,0.128215,-0.829349,294.272858,6.396582,-21.711029
140115,-0.526696,0.107567,0.097491,-0.837561,295.043304,4.444379,-16.108234
140235,-0.527910,0.078558,0.064352,-0.843202,295.541626,3.700281,-11.061706
140356,-0.525879,0.057152,0.039167,-0.847728,296.170410,3.193345,-7.279679
140477,-0.525362,0.019244,0.004269,-0.850645,296.577972,1.619047,-1.575515
140598,-0.521352,-0.034245,-0.054045,-0.850935,297.002441,-0.110476,7.335900
140721,-0.508748,-0.142608,-0.180071,-0.829702,296.250610,-3.062294,26.394478
140842,-0.479745,-0.236149,-0.293670,-0.792356,295.466736,-5.304840,44.022724
140963,-0.446229,-0.303936,-0.381381,-0.750362,294.822968,-6.647303,58.136803
141084,-0.435639,-0.324325,-0.407749,-0.734006,294.398499,-6.941228,62.581623
141205,-0.437560,-0.322939,-0.400849,-0.737267,294.314178,-7.203537,61.718552
141325,-0.431801,-0.325000,-0.398339,-0.741107,294.824066,-7.915548,61.579491
141445,-0.429645,-0.330359,-0.404537,-0.736620,294.618439,-7.994802,62.684677
141568,-0.425063,-0.340027,-0.417884,-0.727371,294.293579,-8.013009,64.934914
141689,-0.420675,-0.350864,-0.426666,-0.719635,293.839294,-8.395950,66.801071
141810,-0.416899,-0.355392,-0.431535,-0.716701,293.848602,-8.604131,67.714813
141931,-0.415125,-0.355479,-0.433975,-0.716215,294.025238,-8.562715,67.989250
142052,-0.412953,-0.358453,-0.436617,-0.714380,293.994446,-8.716115,68.531845
142173,-0.412684,-0.362831,-0.439739,-0.710399,293.626343,-8.775513,69.260895
142296,-0.413221,-0.365327,-0.442276,-0.707226,293.335388,-8.697805,69.767227
142417,-0.415709,-0.364417,-0.440231,-0.707513,293.153015,-8.606245,69.467148
142538,-0.415688,-0.363627,-0.440048,-0.708046,293.225647,-8.573837,69.377792
142658,-0.417988,-0.367452,-0.442542,-0.703146,292.624237,-8.440961,70.002548
142778,-0.418770,-0.369740,-0.443273,-0.701018,292.331970,-8.460650,70.288963
142899,-0.419186,-0.372929,-0.443163,-0.699146,292.001831,-8.622787,70.559753
143020,-0.419184,-0.373409,-0.441335,-0.700047,291.967651,-8.789590,70.395828
143143,-0.418655,-0.375715,-0.439885,-0.700042,291.824921,-9.074195,70.435265
143264,-0.418999,-0.377751,-0.438461,-0.699635,291.610199,-9.273465,70.458717
143385,-0.421157,-0.380034,-0.438618,-0.696999,291.165222,-9.225029,70.691422
143506,-0.420870,-0.382388,-0.437289,-0.696719,290.988342,-9.482760,70.754257
143627,-0.422195,-0.383662,-0.435590,-0.696281,290.734436,-9.582407,70.686005
143748,-0.423178,-0.382827,-0.434404,-0.696885,290.708649,-9.550174,70.481842
143868,-0.426659,-0.384220,-0.433356,-0.694645,290.202332,-9.439337,70.508011
143990,-0.426070,-0.390210,-0.436297,-0.689810,289.700073,-9.587557,71.384033
144110,-0.420294,-0.400162,-0.451687,-0.677639,289.319763,-9.360635,74.016121
144231,-0.398414,-0.430743,-0.493479,-0.642026,288.391022,-9.199893,81.736328
144352,-0.362385,-0.476616,-0.547749,-0.584361,286.661194,-9.209140,93.158195
144473,-0.313004,-0.527408,-0.585752,-0.529864,284.621490,-11.082627,104.308372
144594,-0.289601,-0.549426,-0.595391,-0.509669,283.532166,-12.427195,108.676651
144717,-0.298194,-0.548584,-0.590456,-0.511361,283.016296,-12.058359,107.813423
144838,-0.321457,-0.536102,-0.575033,-0.527815,282.875793,-11.316478,103.935036
144959,-0.366107,-0.500028,-0.538316,-0.571091,283.625732,-10.192713,94.640457
145080,-0.422520,-0.424404,-0.478036,-0.642519,286.593048,-8.129795,79.363251
145200,-0.498582,-0.335351,-0.377748,-0.704453,286.211395,-5.497464,60.530632
145320,-0.571344,-0.217900,-0.260896,-0.747001,284.610840,-1.571308,39.718246
145441,-0.600213,-0.134066,-0.182244,-0.767170,284.096100,0.748735,26.142080
145564,-0.624269,-0.020170,-0.069119,-0.777878,282.713684,3.148108,7.638132
145685,-0.630622,0.078484,0.032740,-0.771412,281.122864,4.576663,-8.625646
145806,-0.628631,0.135084,0.102008,-0.759053,280.000092,4.405889,-19.005436
145927,-0.627301,0.215326,0.200104,-0.721165,276.918335,3.412324,-34.039028
146048,-0.606573,0.280612,0.275454,-0.690973,276.130432,3.073966,-46.230251
146169,-0.570829,0.348633,0.355372,-0.652925,276.046326,2.840141,-59.671791
146296,-0.511992,0.421408,0.441211,-0.604652,276.935211,3.314513,-75.171555
146423,-0.463403,0.467286,0.495871,-0.566573,277.707428,4.009829,-85.889099
146544,-0.433387,0.496166,0.519460,-0.544195,277.614655,5.150287,-91.843407
146665,-0.422821,0.505369,0.522796,-0.540833,277.605896,6.000780,-93.310417
146785,-0.421090,0.502510,0.518534,-0.548890,278.120453,6.600575,-92.468773
146905,-0.421101,0.494204,0.511581,-0.562772,279.096893,7.203485,-90.687630
147026,-0.429468,0.486415,0.499704,-0.573799,279.162231,7.411465,-88.417130
147149,-0.454050,0.464814,0.462793,-0.602993,279.039337,8.065004,-81.897972
147270,-0.476978,0.445377,0.424572,-0.627584,278.629059,8.858738,-75.777512
147391,-0.495688,0.412511,0.399169,-0.651754,279.785614,8.162696,-69.849388
147512,-0.533589,0.351030,0.319556,-0.699955,280.732544,8.649403,-56.244858
147633,-0.570781,0.279120,0.230021,-0.737145,281.230652,8.564419,-41.695358
147754,-0.592611,0.215237,0.167088,-0.757996,281.926788,7.369177,-30.840015
147875,-0.599395,0.174798,0.126492,-0.770819,282.819061,6.767326,-24.040970
147997,-0.600205,0.105450,0.068132,-0.789927,284.962433,4.865062,-13.595655
148117,-0.588383,0.036835,0.011257,-0.807659,287.770813,2.651053,-3.531461
148237,-0.572107,-0.011859,-0.028490,-0.819593,290.189270,0.753971,3.455621
148358,-0.568444,-0.016681,-0.026055,-0.822135,290.681549,0.125621,3.543473
148479,-0.565559,-0.011627,-0.020991,-0.824354,291.100586,0.262072,2.737494
148600,-0.564808,-0.013434,-0.024706,-0.824738,291.199524,0.329381,3.206100
148721,-0.564743,-0.030745,-0.028332,-0.824203,291.118134,-1.070361,4.671468
148844,-0.564713,-0.052274,-0.033347,-0.822950,290.924622,-2.772745,6.549327
148965,-0.565092,-0.079091,-0.042731,-0.820110,290.486145,-4.670856,9.207329
149086,-0.552594,-0.127006,-0.069355,-0.820787,291.109406,-7.575897,14.859876
149207,-0.516452,-0.137954,-0.093046,-0.839988,295.624939,-7.796279,17.553530
149327,-0.471939,-0.155626,-0.092675,-0.862820,300.971161,-10.432633,18.178198
149447,-0.395285,-0.178267,-0.100075,-0.895515,309.996857,-13.896329,19.258106
149569,-0.297307,-0.210518,-0.095036,-0.926418,321.187225,-19.484140,18.636528
149690,-0.177211,-0.241513,-0.090139,-0.949807,335.140167,-25.266838,16.499001
149811,-0.095842,-0.199681,-0.053234,-0.973704,347.018616,-22.250433,8.821980
149932,-0.012792,-0.129798,0.016166,-0.991322,358.744751,-14.937050,-1.704005
150053,0.062790,-0.087259,0.044673,-0.993197,7.725538,-9.655269,-5.804107
150174,0.117096,-0.056188,0.062367,-0.989562,13.879511,-5.543209,-7.887723
150295,0.164044,-0.037321,0.084600,-0.982106,19.200706,-2.610727,-10.288357
150424,0.195282,-0.028935,0.085402,-0.976589,22.735193,-1.327081,-10.262202
150545,0.209834,-0.025941,0.088156,-0.973405,24.401321,-0.773879,-10.516907
150672,0.216807,-0.030075,0.086739,-0.971884,25.260778,-1.194503,-10.467728
150793,0.220757,-0.031508,0.084806,-0.971119,25.736774,-1.361107,-10.292603
150914,0.226659,-0.029269,0.071080,-0.970932,26.387678,-1.410400,-8.704712
151034,0.234217,-0.024325,0.055658,-0.970281,27.214924,-1.210867,-6.859185
151154,0.232563,-0.029953,0.027784,-0.971719,27.007572,-2.595730,-3.898959
151276,0.245701,-0.030513,-0.129609,-0.960153,27.867424,-7.024006,13.630702
151397,0.247763,-0.029918,-0.332098,-0.909627,26.205872,-12.649764,37.157494
151518,0.250268,-0.009191,-0.472744,-0.844859,25.342577,-14.605111,55.157669
151639,0.242756,0.009491,-0.544255,-0.802968,24.406212,-14.418424,65.124779
151760,0.260744,0.014492,-0.601006,-0.755372,25.469004,-16.949223,73.156937
151881,0.248274,0.019098,-0.604815,-0.756430,24.472876,-15.749207,73.852554
152004,0.242127,0.017421,-0.595474,-0.765816,23.937567,-15.169688,72.500725
152125,0.240095,0.019712,-0.592017,-0.769073,23.951048,-14.712031,72.039230
152245,0.238678,0.017378,-0.588023,-0.772626,23.730953,-14.705027,71.441017
152365,0.236265,0.013218,-0.571653,-0.785627,23.512659,-14.439317,69.061417
152485,0.231096,0.007337,-0.514935,-0.825454,23.540951,-13.054967,61.181488
152606,0.208691,0.006504,-0.336501,-0.918240,23.009357,-7.383194,38.746983
152727,0.191096,0.002256,-0.203969,-0.960138,21.646898,-4.222158,23.179174
152850,0.172334,-0.009341,0.028590,-0.984575,19.871008,-0.489309,-3.412253
152971,0.170284,-0.017211,0.193424,-0.966067,19.624479,1.869345,-22.320379
153092,0.161593,-0.011783,0.268571,-0.949531,18.292154,3.693598,-30.991491
153213,0.161076,-0.003956,0.269026,-0.949555,17.999262,4.539957,-30.917097
153334,0.157646,-0.006241,0.277066,-0.947806,17.647768,4.331438,-31.916784
153455,0.145733,-0.012307,0.342934,-0.927900,16.244041,4.422737,-39.934845
153575,0.106825,-0.039692,0.489128,-0.864730,12.928011,2.054877,-58.755482
153697,0.099756,-0.062085,0.563357,-0.817811,13.481570,0.621562,-69.048851
153818,0.112957,-0.056291,0.598667,-0.790988,14.262302,2.647784,-73.909409
153939,0.112006,-0.054036,0.634106,-0.763175,13.881724,3.415120,-79.028633
154060,0.108127,-0.045854,0.665845,-0.736783,12.770384,4.382953,-83.718300
154181,0.105444,-0.045990,0.681050,-0.723138,12.461851,4.422527,-86.082825
154302,0.107084,-0.045048,0.670662,-0.732603,12.590695,4.452324,-84.453239
154423,0.108991,-0.051148,0.653875,-0.746956,13.309982,3.791325,-81.953926
154546,0.108428,-0.051606,0.644503,-0.755108,13.339148,3.544768,-80.548096
154667,0.111418,-0.047368,0.641044,-0.757890,13.308849,4.074195,-79.974945
154788,0.113694,-0.046410,0.636737,-0.761234,13.464440,4.251182,-79.319344
154908,0.113469,-0.046817,0.620570,-0.774479,13.557249,3.917117,-76.942413
155028,0.106756,-0.045368,0.608404,-0.785100,12.898232,3.363134,-75.166245
155149,0.111331,-0.049356,0.585165,-0.801713,13.685220,2.932302,-71.898491
155272,0.117946,-0.048931,0.550231,-0.825186,14.406816,2.810976,-67.034676
155393,0.125126,-0.034379,0.411074,-0.902314,14.731318,2.340043,-48.683029
155514,0.131240,-0.027087,0.331783,-0.933785,15.263185,2.091747,-38.840618
155635,0.141106,-0.027559,0.280398,-0.949052,16.462879,1.536982,-32.696972
155756,0.152598,-0.033252,0.231642,-0.960178,17.966492,0.391913,-27.064631
155877,0.166785,-0.035366,0.181494,-0.968496,19.628153,-0.456249,-21.306740
155998,0.173931,-0.043298,0.150139,-0.972277,20.573246,-1.831893,-17.888956
156120,0.180387,-0.050947,0.138143,-0.972509,21.431036,-2.823193,-16.703510
156240,0.181688,-0.053376,0.136600,-0.972354,21.620588,-3.104833,-16.586464
156360,0.183154,-0.058987,0.129786,-0.972688,21.867567,-3.853736,-15.944777
156481,0.185093,-0.059240,0.121455,-0.973382,22.065056,-4.034950,-15.011673
156602,0.189205,-0.057251,0.112160,-0.973825,22.474157,-3.960101,-13.927061
156723,0.194771,-0.057294,0.096789,-0.974374,23.062155,-4.240806,-12.211134
156844,0.200836,-0.059836,0.088431,-0.973785,23.769339,-4.646903,-11.356188
156967,0.203985,-0.058066,0.076920,-0.974214,24.063816,-4.689560,-10.028879
157088,0.208012,-0.061621,0.058246,-0.974440,24.486782,-5.500792,-8.035915
157209,0.218579,-0.065427,0.014818,-0.973506,25.510872,-6.944624,-3.318011
157330,0.243286,-0.068930,-0.057079,-0.965813,27.916069,-9.260251,4.457997
157450,0.283087,-0.084500,-0.152119,-0.943172,31.624493,-14.212648,14.279775
157570,0.283969,-0.101438,-0.257105,-0.918129,29.838699,-19.407604,26.070276
157691,0.292713,-0.105299,-0.309907,-0.898432,29.738064,-21.754833,32.221382
157814,0.297064,-0.098702,-0.350056,-0.882872,29.529797,-22.473768,37.261303
157935,0.301807,-0.098307,-0.343137,-0.884023,30.275858,-22.391556,36.297432
158056,0.305784,-0.101221,-0.329498,-0.887510,30.994463,-22.406738,34.448853
158177,0.303544,-0.104884,-0.323344,-0.890113,30.768356,-22.520525,33.656719
158298,0.302794,-0.111058,-0.320866,-0.890516,30.581728,-23.085897,33.237637
158419,0.301717,-0.119002,-0.319462,-0.890360,30.291199,-23.871342,32.926456
158542,0.300803,-0.124481,-0.317305,-0.890691,30.102482,-24.370825,32.569508
158663,0.301147,-0.126788,-0.316330,-0.890597,30.116100,-24.604818,32.393219
158783,0.299123,-0.140993,-0.317682,-0.888660,29.501629,-26.144842,32.345036
158903,0.288845,-0.165475,-0.320419,-0.886854,27.563467,-28.594456,32.575367
159024,0.282173,-0.178376,-0.307708,-0.890993,26.829878,-29.440304,30.933712
159145,0.282282,-0.193284,-0.314677,-0.885397,26.281250,-31.327038,31.640356
159266,0.276776,-0.220762,-0.302074,-0.885100,25.448814,-33.918049,29.809675
159393,0.270507,-0.236376,-0.312318,-0.879433,23.859783,-35.783298,31.299393
159514,0.276385,-0.225557,-0.311387,-0.880775,24.923176,-34.712307,31.038368
159635,0.277721,-0.224455,-0.311592,-0.880564,25.116238,-34.636307,31.026169
159756,0.280234,-0.222760,-0.314454,-0.879180,25.370649,-34.606228,31.338511
159877,0.279432,-0.223898,-0.316761,-0.878317,25.144625,-34.773518,31.673595
159998,0.280075,-0.227974,-0.318063,-0.876592,25.084492,-35.298985,31.787766
160118,0.281912,-0.247423,-0.326653,-0.867524,24.500250,-37.840462,32.753235
160240,0.280204,-0.247447,-0.327232,-0.867852,24.239815,-37.797882,32.908966
160360,0.278948,-0.245777,-0.327160,-0.868758,24.113293,-37.557899,32.963215
160481,0.274879,-0.236357,-0.324043,-0.873822,23.936132,-36.243107,32.755909
160602,0.260348,-0.186966,-0.275465,-0.906297,24.905991,-28.837435,27.313316
160723,0.239265,-0.126024,-0.221726,-0.936856,24.686605,-20.013140,22.207918
160844,0.231171,-0.060682,-0.165608,-0.956788,25.488865,-11.109624,17.119417
160967,0.224806,-0.011368,-0.114897,-0.967535,25.695438,-4.224025,12.580742
161088,0.207236,0.030097,-0.064559,-0.975690,24.110437,1.832219,7.962430
161209,0.198077,0.062493,-0.037906,-0.977453,23.218266,6.151075,5.706462
161330,0.202016,0.082160,-0.031176,-0.975428,23.807192,8.492810,5.454613
161450,0.208412,0.086343,-0.022894,-0.973949,24.530918,9.128285,4.681634
161570,0.210735,0.084890,-0.020966,-0.973620,24.776531,9.001757,4.448363
161691,0.210900,0.078836,-0.024030,-0.974023,24.769579,8.247012,4.640402
161814,0.212990,0.057319,-0.030304,-0.974897,24.886826,5.673093,4.813549
161935,0.211903,0.014415,-0.031032,-0.976687,24.511412,0.859799,3.826420
162056,0.205281,-0.050919,-0.050249,-0.976081,23.485229,-6.894011,4.459283
162177,0.203226,-0.081574,-0.058997,-0.973938,23.132874,-10.537342,4.770545
162298,0.204335,-0.082233,-0.057164,-0.973760,23.282442,-10.574427,4.534836
162419,0.202080,-0.090059,-0.055291,-0.973647,23.034246,-11.403530,4.169373
162540,0.189493,-0.122177,-0.064258,-0.972125,21.437307,-15.182585,4.673283
162662,0.148934,-0.193321,-0.104716,-0.964091,15.644583,-23.825346,9.077671
162782,0.088890,-0.240307,-0.178066,-0.950071,5.478925,-29.227261,19.801182
162902,0.016637,-0.267899,-0.262404,-0.926871,352.692657,-30.354385,33.598804
163023,-0.072444,-0.298433,-0.373109,-0.875483,336.693146,-27.936178,52.037926
163144,-0.163617,-0.316004,-0.458148,-0.814533,323.324493,-21.399498,65.879250
163265,-0.252521,-0.315837,-0.517533,-0.754076,313.555786,-12.412798,74.267120
163386,-0.327661,-0.290431,-0.542701,-0.716767,308.148926,-3.479910,75.954048
163509,-0.392652,-0.263294,-0.569843,-0.672139,303.740265,5.368391,77.710922
163630,-0.447460,-0.197090,-0.604311,-0.629075,303.078491,17.028183,78.420387
163751,-0.490789,-0.097355,-0.618473,-0.605913,304.919769,29.281626,75.660110
163872,-0.529793,-0.043469,-0.643186,-0.551121,304.199005,39.316055,77.394096
163992,-0.552969,-0.006178,-0.662384,-0.505397,304.402832,46.577984,79.740868
164112,-0.559719,0.020323,-0.669929,-0.487328,305.710846,50.331573,80.844933
164235,-0.571098,0.037899,-0.676885,-0.462849,305.841339,53.922260,82.115318
164356,-0.585306,0.050642,-0.682605,-0.434620,305.161774,57.467342,83.275383
164477,-0.609747,0.073488,-0.678375,-0.403245,302.064911,62.441917,81.445808
164598,-0.632698,0.110962,-0.665783,-0.379612,297.716522,67.929855,76.322609
164719,-0.643129,0.111936,-0.676172,-0.341525,297.157104,71.118248,79.219925
164846,-0.655026,0.065730,-0.706912,-0.258626,298.449554,73.758377,91.657578
164967,-0.669762,0.047468,-0.720582,-0.172971,301.051483,79.009377,103.032700
165090,-0.678898,0.058653,-0.722788,-0.115004,314.973206,84.205322,120.847549
165211,-0.686705,0.118250,-0.707609,-0.117195,12.478830,88.288109,173.304352
165332,-0.693345,0.139904,-0.698066,-0.111330,90.864304,87.641914,-109.606644
165452,-0.696862,0.158166,-0.690670,-0.111056,108.474106,86.142075,-93.486794
165572,-0.699004,0.158243,-0.689394,-0.105259,111.032585,85.629547,-90.459465
165693,-0.698731,0.160848,-0.689732,-0.100815,109.202538,85.074112,-92.142189
165814,-0.697559,0.160323,-0.690444,-0.104818,108.125153,85.458694,-93.503754
165937,-0.697891,0.156324,-0.690658,-0.107210,109.130829,85.970032,-92.361641
166058,-0.695313,0.147757,-0.694801,-0.109324,101.249596,86.876633,-99.705643
166179,-0.693947,0.137249,-0.698323,-0.109263,91.164864,87.693192,-108.916962
166300,-0.697111,0.133989,-0.697031,-0.101112,99.721527,87.325554,-99.422508
166421,-0.698477,0.137949,-0.694491,-0.103804,106.513145,87.204735,-93.178017
166542,-0.698729,0.137240,-0.694356,-0.103945,107.312553,87.268990,-92.331635
166665,-0.697755,0.129534,-0.696990,-0.102739,101.103531,87.815552,-97.806229
166785,-0.687240,0.084276,-0.716966,-0.080935,13.126237,87.564903,179.703125
166905,-0.663826,-0.025253,-0.746996,-0.026183,328.301361,82.066475,148.225800
167026,-0.645305,-0.126260,-0.753206,0.017671,308.940277,77.569466,140.692612
167147,-0.607071,-0.250961,-0.748288,0.092413,297.473358,72.729225,145.906876
167268,-0.557143,-0.345402,-0.733785,0.178442,294.526031,70.205612,158.700333
167389,-0.505693,-0.414547,-0.713885,0.250570,293.167511,68.397392,170.381531
167512,-0.456757,-0.472566,-0.685541,0.313176,290.612122,67.256447,179.658386
167633,-0.428434,-0.493608,-0.671786,0.348556,291.769257,66.886871,-173.364975
167754,-0.435957,-0.479979,-0.677906,0.346406,294.525177,67.459808,-172.329498
167875,-0.441222,-0.467077,-0.685480,0.342450,297.270050,67.637886,-171.334793
167995,-0.460976,-0.443548,-0.698500,0.320710,299.262268,68.199844,-173.955460
168115,-0.549130,-0.349344,-0.727739,0.216340,299.430542,71.878838,167.220535
168237,-0.620783,-0.236650,-0.738767,0.113317,299.293091,76.134399,148.164444
168358,-0.690281,-0.087180,-0.718150,-0.012797,282.549805,81.579483,108.596176
168479,-0.717629,0.012081,-0.690146,-0.092488,255.373779,83.106651,66.877739
168600,-0.729788,0.121215,-0.649666,-0.175050,226.016769,82.168900,21.775412
168721,-0.727002,0.214220,-0.604534,-0.245169,213.215729,79.748283,-4.852167
168842,-0.718503,0.280553,-0.563277,-0.296233,209.994476,77.330429,-18.458189
168963,-0.697377,0.363185,-0.504013,-0.357386,209.235931,74.273926,-32.671307
169086,-0.652736,0.465452,-0.406592,-0.438139,214.131012,69.827576,-46.794613
169207,-0.606921,0.525634,-0.347377,-0.484436,217.606094,68.580513,-55.644661
169327,-0.573996,0.563921,-0.312375,-0.504912,217.620300,68.135002,-63.040756
169447,-0.547519,0.588865,-0.283324,-0.522666,219.155151,67.790855,-67.288452
169568,-0.538923,0.597252,-0.266646,-0.530795,220.751144,67.137596,-68.183693
169689,-0.549993,0.596631,-0.268578,-0.519035,218.316147,66.174026,-69.146538
169812,-0.556591,0.596927,-0.272072,-0.509757,216.140427,65.705345,-70.207520
169933,-0.556993,0.592458,-0.279224,-0.510665,216.427658,66.368988,-69.243065
170054,-0.570065,0.581351,-0.298186,-0.498130,214.169571,66.801788,-68.207642
170175,-0.582924,0.557756,-0.328079,-0.491389,214.433853,68.534935,-63.626820
170296,-0.588699,0.531522,-0.359391,-0.491678,217.323898,71.053436,-57.038040
170417,-0.592287,0.521942,-0.368033,-0.491239,218.737473,71.578842,-54.329052
170538,-0.606478,0.494815,-0.397705,-0.478712,219.700516,72.968941,-48.521137
170660,-0.630136,0.417466,-0.470571,-0.455197,231.710312,76.682152,-25.103439
170780,-0.654221,0.327589,-0.549336,-0.403610,247.212555,79.486420,4.654735
170901,-0.676410,0.260788,-0.609143,-0.321551,246.458038,82.646164,17.720400
171022,-0.696463,0.233948,-0.632604,-0.244973,209.609085,84.742043,-10.020103
171143,-0.698273,0.209394,-0.651601,-0.209706,197.629074,86.210381,-16.863056
171264,-0.687357,0.165563,-0.680249,-0.193346,270.343292,87.664436,60.934906
171385,-0.681287,0.130957,-0.698553,-0.175253,303.801697,86.140038,98.776329
171508,-0.669913,0.095723,-0.722342,-0.142366,328.044342,84.306801,128.634674
171629,-0.657320,0.052763,-0.744611,-0.103405,336.234955,81.812714,143.521866
171750,-0.627776,-0.002267,-0.777446,-0.038238,346.322693,77.408813,163.389954
171870,-0.593248,-0.061284,-0.802619,0.009808,343.271179,72.459839,169.102570
171990,-0.568304,-0.118902,-0.813871,0.022320,332.695648,68.491081,164.363617
172110,-0.568514,-0.138938,-0.810190,0.032746,329.180664,68.482849,163.377487
172236,-0.569573,-0.135267,-0.809396,0.046476,332.174896,69.162476,167.191452
172362,-0.563885,-0.146883,-0.810134,0.064295,332.721252,68.833092,170.196854
172483,-0.555260,-0.123404,-0.820815,0.052081,337.698242,67.575874,172.233475
172604,-0.555759,-0.106341,-0.823859,0.032750,338.893494,67.323875,170.407761
172725,-0.562079,-0.111344,-0.818914,0.032263,336.948883,68.090401,168.822617
172846,-0.572420,-0.142516,-0.806440,0.040885,328.948334,69.211639,164.101440
172967,-0.576056,-0.166043,-0.799616,0.034575,321.243683,68.864304,157.838257
173090,-0.574350,-0.137481,-0.806945,0.007284,324.777985,68.270187,156.744141
173211,-0.593310,-0.106511,-0.796296,-0.050425,319.978912,69.092758,144.601562
173332,-0.604439,-0.075444,-0.785543,-0.108977,315.861359,68.936401,133.097351
173452,-0.615113,-0.066013,-0.774857,-0.129873,311.826569,69.407028,126.565430
173572,-0.618902,-0.058531,-0.770442,-0.141227,310.589905,69.574074,123.777199
173693,-0.623788,-0.062424,-0.767470,-0.134061,309.123108,70.176361,123.227898
173816,-0.622713,-0.072292,-0.771773,-0.106587,311.211945,71.045227,128.394287
173937,-0.623579,-0.072778,-0.773262,-0.088941,313.448364,72.070068,132.122528
174058,-0.639558,-0.068718,-0.760539,-0.088410,308.399017,73.876762,126.787399
174179,-0.677227,-0.073626,-0.725981,-0.094267,287.033844,75.795731,105.348297
174300,-0.712003,-0.126628,-0.683282,-0.100670,261.731110,71.352379,83.862732
174421,-0.733822,-0.186763,-0.646974,-0.089672,248.535507,66.352837,76.579742
174542,-0.750300,-0.285969,-0.589932,-0.085112,238.103745,56.779987,75.150307
174665,-0.761107,-0.367877,-0.528150,-0.080198,229.950500,48.154961,75.107681
174785,-0.780258,-0.420988,-0.456534,-0.074394,221.180771,40.525803,72.490227
174905,-0.789930,-0.474826,-0.376376,-0.094259,215.922226,30.338533,72.065178
175026,-0.795465,-0.496008,-0.333214,-0.100853,212.947586,25.472128,71.538162
175147,-0.801445,-0.507236,-0.293798,-0.118624,211.417953,20.523092,70.488976
175268,-0.804248,-0.520301,-0.255544,-0.130997,209.716064,15.945634,70.056473
175391,-0.818374,-0.503222,-0.226850,-0.159882,210.080612,12.144859,66.449463
175512,-0.835435,-0.478015,-0.199520,-0.183665,210.261032,9.078198,62.013268
175633,-0.876662,-0.411344,-0.160186,-0.191292,208.085129,7.093267,52.049374
175754,-0.906778,-0.345894,-0.120162,-0.208961,207.602676,4.207242,42.792732
175875,-0.911799,-0.331442,-0.083383,-0.227615,208.057129,0.067330,39.969334
175995,-0.912489,-0.331279,-0.062022,-0.231867,207.685974,-2.317437,39.335407
176115,-0.922098,-0.305885,-0.043232,-0.233006,207.197556,-3.601521,35.832375
176237,-0.931859,-0.282851,-0.028600,-0.225404,205.942932,-4.255769,32.788643
176358,-0.934099,-0.276170,-0.019193,-0.225414,205.685226,-5.085902,31.780602
176479,-0.936856,-0.266543,-0.008079,-0.226234,205.505981,-6.053920,30.391232
176600,-0.948605,-0.229189,-0.010356,-0.217957,204.810043,-4.603496,26.152178
176721,-0.970945,-0.117224,0.010803,-0.208324,203.765442,-4.003634,12.925302
176842,-0.977629,-0.058518,0.013090,-0.201588,203.147568,-2.819335,6.273366
176965,-0.978607,-0.035696,0.009286,-0.202382,203.306717,-1.869457,3.792340
177086,-0.978697,-0.021625,0.007833,-0.203995,203.520432,-1.384073,2.243413
177207,-0.978536,-0.007027,0.013552,-0.205492,203.712372,-1.685306,0.469094
177327,-0.976810,0.003733,0.014698,-0.213550,204.674240,-1.554046,-0.777811
177447,-0.974291,0.028027,0.017392,-0.222846,205.804977,-1.226162,-3.576415
177568,-0.973350,0.045202,0.024289,-0.223490,205.939651,-1.551643,-5.675138
177689,-0.972209,0.049416,0.027858,-0.227121,206.397430,-1.817800,-6.245784
177812,-0.971514,0.052016,0.022763,-0.230060,206.709900,-1.162898,-6.405506
177933,-0.971245,0.050269,0.019044,-0.231916,206.901077,-0.783615,-6.113018
178054,-0.971492,0.040554,0.016622,-0.232967,207.003281,-0.767846,-4.965121
178175,-0.970550,0.033914,0.014393,-0.238047,207.586151,-0.675669,-4.168384
178296,-0.969528,0.024575,0.016549,-0.243167,208.191711,-1.153912,-3.193729
178417,-0.969017,0.018221,0.014223,-0.245894,208.499603,-1.065952,-2.425149
178538,-0.968067,0.008826,0.010401,-0.250302,209.003448,-0.900657,-1.277612
178660,-0.964785,-0.055657,-0.010739,-0.256844,209.789108,-0.450818,6.483379
178780,-0.954647,-0.133731,-0.030312,-0.264270,210.845139,-0.733874,15.746146
178901,-0.934772,-0.230583,-0.056377,-0.264283,211.342987,-0.944223,27.448267
179022,-0.920287,-0.289268,-0.080383,-0.250852,210.545242,0.161736,34.942284
179149,-0.903254,-0.338136,-0.098572,-0.245097,210.628479,0.705825,41.240097
179270,-0.875981,-0.403935,-0.118946,-0.235239,210.551254,1.051224,49.797775
179391,-0.842739,-0.469559,-0.145345,-0.219481,210.451553,2.226886,58.857265
179514,-0.818013,-0.513319,-0.154501,-0.208516,210.008591,2.217751,64.812149
179635,-0.776156,-0.573218,-0.163494,-0.205585,210.440979,1.037287,73.176064
179756,-0.711857,-0.652352,-0.161522,-0.203961,210.095856,-2.071526,84.447388
179877,-0.663267,-0.702351,-0.168253,-0.196117,209.813782,-2.997573,92.480118
179998,-0.658884,-0.707966,-0.174485,-0.184941,209.407593,-1.829975,93.632355
180118,-0.651514,-0.715694,-0.178953,-0.176862,209.124161,-1.144686,95.077454
180240,-0.648214,-0.718809,-0.179066,-0.176240,209.079376,-1.215910,95.596596
180360,-0.647962,-0.719250,-0.176069,-0.178368,208.987778,-1.628084,95.548157
180481,-0.649968,-0.717723,-0.172496,-0.180699,208.868744,-2.014412,95.153229
180602,-0.655649,-0.713208,-0.167466,-0.182772,208.616913,-2.356133,94.214066
180723,-0.657703,-0.712582,-0.164378,-0.180624,208.181122,-2.360925,93.993675
180844,-0.659353,-0.711582,-0.161360,-0.181270,207.980072,-2.590124,93.717606
180965,-0.661653,-0.708740,-0.160928,-0.184383,208.207260,-2.774341,93.238182
181088,-0.664906,-0.706658,-0.159371,-0.182008,207.888855,-2.596481,92.841919
181209,-0.666918,-0.705582,-0.157127,-0.180770,207.602173,-2.608653,92.585907
181330,-0.669358,-0.703670,-0.157003,-0.179309,207.478119,-2.416670,92.271629
181456,-0.668806,-0.704030,-0.154712,-0.181924,207.499954,-2.820991,92.248650
181576,-0.666868,-0.705999,-0.153926,-0.182077,207.439072,-2.969031,92.539856
181696,-0.667883,-0.706342,-0.152824,-0.177905,207.002991,-2.704527,92.556068
181818,-0.667845,-0.707574,-0.149862,-0.175652,206.565445,-2.774448,92.653481
181939,-0.667335,-0.708852,-0.147996,-0.174020,206.270493,-2.819098,92.797493
182060,-0.668092,-0.709026,-0.145993,-0.172086,205.943771,-2.805906,92.758263
182181,-0.667568,-0.710341,-0.144441,-0.169993,205.637878,-2.789002,92.920746
182302,-0.667759,-0.710906,-0.143810,-0.167398,205.371490,-2.633517,92.991745
182423,-0.668242,-0.710730,-0.143290,-0.166660,205.268494,-2.601858,92.945801
182544,-0.670324,-0.708729,-0.141101,-0.168677,205.256592,-2.861714,92.548622
182667,-0.671605,-0.708082,-0.136964,-0.169702,204.997620,-3.230531,92.312164
182788,-0.672015,-0.707273,-0.133371,-0.174254,205.076126,-3.855207,92.070435
182908,-0.674163,-0.704418,-0.127879,-0.181488,205.235840,-4.776224,91.444229
183028,-0.672760,-0.706724,-0.124662,-0.179961,204.829773,-4.969712,91.725594
183149,-0.675085,-0.704327,-0.123072,-0.181741,204.862839,-5.154506,91.291344
183270,-0.676703,-0.703922,-0.127826,-0.173839,204.601578,-4.113822,91.361023
183393,-0.679999,-0.700771,-0.128743,-0.173031,204.626923,-3.865805,90.879135
183514,-0.677717,-0.703009,-0.130134,-0.171857,204.632782,-3.740966,91.281334
183635,-0.677130,-0.702254,-0.128697,-0.178224,205.045837,-4.360285,91.117516
183756,-0.682027,-0.697459,-0.127172,-0.179467,205.052643,-4.408777,90.301414
183877,-0.684878,-0.696111,-0.124723,-0.175517,204.530792,-4.216105,90.014595
183998,-0.684520,-0.697708,-0.120547,-0.173483,204.012054,-4.418826,90.152573
184118,-0.685920,-0.697896,-0.116436,-0.169969,203.383621,-4.445456,90.070808
184240,-0.697573,-0.688470,-0.106749,-0.167326,202.439056,-4.672908,88.319565
184360,-0.778648,-0.598856,-0.074406,-0.171857,200.989838,-5.161458,74.170364
184481,-0.858149,-0.479683,-0.058863,-0.173239,200.766129,-3.736790,57.722790
184602,-0.918950,-0.344565,-0.062035,-0.181522,202.110397,-0.634783,40.983295
184723,-0.955081,-0.225138,-0.042446,-0.187948,202.217606,-0.203361,26.487820
184844,-0.970128,-0.147331,-0.020174,-0.191649,202.200562,-0.992897,17.075762
184965,-0.979314,-0.068619,0.003987,-0.190292,201.862366,-1.944068,7.640630
185092,-0.982432,0.005805,0.017971,-0.185642,201.418091,-1.899973,-1.036474
185219,-0.979201,0.094134,0.037503,-0.175755,200.581848,-2.312916,-11.402237
185340,-0.972955,0.150164,0.041416,-0.170543,200.148117,-1.683165,-17.846249
185461,-0.961566,0.212775,0.058234,-0.163459,199.842819,-2.431828,-25.379930
185582,-0.961148,0.211421,0.056308,-0.168273,200.335632,-2.125415,-25.192308
185702,-0.970152,0.145761,0.053927,-0.186123,202.168732,-2.887596,-17.654732
185824,-0.977786,0.034225,0.020441,-0.205761,203.823120,-1.483563,-4.322336
185944,-0.972910,-0.082702,-0.007391,-0.215737,204.904282,-1.220574,9.447808
186065,-0.967301,-0.144293,-0.011467,-0.208253,203.984375,-2.172867,16.506842
186186,-0.955555,-0.219168,-0.022937,-0.195820,202.620575,-2.407092,25.354315
186307,-0.928511,-0.314437,-0.060184,-0.188061,202.773499,-0.372673,37.341656
186428,-0.889808,-0.401255,-0.084833,-0.200077,205.097443,-0.549676,48.422863
186549,-0.867273,-0.446402,-0.099749,-0.196481,205.458847,-0.137426,54.440037
186672,-0.865744,-0.454399,-0.103437,-0.182488,204.205795,0.759457,55.549381
186793,-0.864734,-0.459517,-0.104309,-0.173756,203.356735,1.186753,56.217052
186914,-0.862711,-0.464047,-0.104261,-0.171789,203.157166,1.172198,56.790901
187034,-0.864305,-0.461195,-0.102492,-0.172523,203.130417,1.033385,56.380001
187154,-0.864295,-0.460877,-0.101310,-0.174110,203.227921,0.838642,56.308662
187275,-0.860797,-0.466138,-0.095473,-0.180611,203.575027,-0.229932,56.824451
187398,-0.842310,-0.493855,-0.073755,-0.202912,204.575211,-4.368400,59.814686
187519,-0.812661,-0.526481,-0.026079,-0.248417,206.229355,-12.661224,62.912594
187640,-0.780522,-0.549951,0.017726,-0.296678,208.316666,-20.731415,65.052132
187761,-0.757905,-0.556803,0.049596,-0.336277,210.587112,-26.721783,65.173927
187882,-0.732662,-0.566862,0.071691,-0.369765,212.740234,-31.618607,65.948593
188003,-0.687592,-0.585905,0.098968,-0.417289,215.916489,-38.688278,67.885780
188124,-0.600140,-0.629754,0.128636,-0.476116,218.566467,-48.944279,74.662155
188246,-0.487054,-0.670260,0.163692,-0.535469,219.014725,-61.313675,84.271172
188366,-0.385938,-0.701020,0.190230,-0.568707,211.530334,-70.766464,99.653030
188486,-0.299676,-0.712626,0.200618,-0.601749,200.938614,-77.928001,117.381691
188607,-0.236911,-0.722522,0.195032,-0.619508,184.281921,-80.977272,140.033585
188728,-0.169997,-0.720263,0.182238,-0.647382,156.024490,-84.004715,175.091812
188849,-0.110620,-0.711690,0.151496,-0.676980,119.652763,-85.647736,-141.021576
188970,-0.061449,-0.713256,0.113872,-0.688850,107.843300,-85.307396,-122.087639
189093,-0.031910,-0.714164,0.094527,-0.692826,103.687378,-84.632790,-113.947914
189214,-0.019611,-0.709580,0.090040,-0.698567,94.439461,-84.216797,-103.335518
189335,-0.014246,-0.707836,0.089155,-0.700577,91.340317,-83.894493,-99.729454
189456,-0.009066,-0.708217,0.085167,-0.700775,91.763565,-83.796791,-99.407440
189576,-0.006085,-0.707799,0.079890,-0.701850,91.123024,-83.993057,-98.094437
189696,-0.006506,-0.707330,0.077394,-0.702598,90.418610,-84.236183,-97.220222
189818,-0.007344,-0.708106,0.078202,-0.701718,91.683769,-84.228134,-98.619377
189939,-0.010181,-0.708904,0.077437,-0.700962,93.183121,-84.505447,-100.285789
190060,-0.019479,-0.710422,0.084948,-0.698353,96.210739,-84.598686,-104.679527
190181,-0.037153,-0.702705,0.115037,-0.701130,84.975006,-83.680504,-97.341156
190302,-0.106719,-0.688468,0.188642,-0.692119,75.376762,-83.347603,-99.520416
190423,-0.178595,-0.657573,0.255587,-0.685835,51.935482,-83.346603,-87.749222
190544,-0.245007,-0.617810,0.336708,-0.667009,37.428650,-81.556923,-86.141838
190667,-0.337978,-0.548408,0.444262,-0.622609,21.337503,-79.479538,-88.819969
190788,-0.379181,-0.503704,0.484516,-0.606415,7.839001,-78.055016,-83.603912
190908,-0.395158,-0.482110,0.502952,-0.598708,3.028581,-77.104134,-82.476433
191028,-0.397192,-0.476609,0.508267,-0.597277,2.493176,-76.678757,-82.763664
191149,-0.391394,-0.481702,0.502054,-0.602252,3.053825,-76.708717,-82.045647
191270,-0.380120,-0.498694,0.486086,-0.608709,5.893763,-77.596649,-81.956139
191393,-0.373022,-0.516489,0.440126,-0.632752,354.710968,-79.103966,-65.271721
191514,-0.360331,-0.516184,0.426607,-0.649396,352.425934,-77.919296,-60.474503
191635,-0.316634,-0.530506,0.409728,-0.671134,2.352037,-76.300034,-64.654015
191756,-0.292791,-0.543528,0.401505,-0.676488,9.627377,-76.047218,-68.912651
191877,-0.267565,-0.558737,0.386293,-0.683367,15.848368,-76.015923,-71.371750
191998,-0.214872,-0.601076,0.325948,-0.697343,26.473343,-78.066071,-71.695763
192118,-0.135048,-0.662735,0.210307,-0.705909,45.999023,-82.961456,-74.316574
192240,-0.098396,-0.694128,0.148792,-0.697393,76.226692,-85.900505,-96.359528
192360,-0.085096,-0.700417,0.127240,-0.697120,85.842461,-86.566414,-103.105492
192481,-0.080973,-0.701906,0.104569,-0.699878,87.385979,-88.067001,-102.438271
192602,-0.084986,-0.699011,0.103360,-0.702474,71.687668,-88.467873,-86.962601
192723,-0.089033,-0.695656,0.104849,-0.705077,51.352238,-88.490524,-67.082756
192844,-0.099183,-0.687529,0.107566,-0.711258,11.051731,-87.947670,-27.858707
192967,-0.099094,-0.683714,0.092453,-0.717049,340.944366,-87.235580,3.478539
193088,-0.094225,-0.685340,0.078168,-0.717853,326.707123,-87.052444,19.276636
193209,-0.081324,-0.681022,0.061031,-0.725164,329.526184,-86.055832,18.906935
193330,-0.069671,-0.675960,0.049894,-0.731934,335.684204,-85.182770,14.603756
193456,-0.060858,-0.675896,0.047777,-0.732919,342.668884,-85.252571,8.509910
193576,-0.035015,-0.677121,0.029921,-0.734423,352.285736,-85.331673,2.445391
193696,-0.029673,-0.686832,0.045934,-0.724751,20.149202,-86.648239,-26.274670
193818,-0.028237,-0.691645,0.054940,-0.719586,40.334267,-86.859383,-47.068649
193939,-0.023453,-0.692064,0.060518,-0.718906,50.688332,-86.283791,-57.487980
194060,-0.012273,-0.684541,0.057482,-0.726595,44.244690,-84.989914,-49.896629
194181,-0.009193,-0.669645,0.056259,-0.740485,30.944998,-83.100502,-36.255676
194302,-0.008471,-0.662006,0.046937,-0.747974,21.857185,-82.359459,-26.355108
194423,0.002580,-0.671495,0.044804,-0.739644,33.099133,-83.266609,-36.522495
194546,0.035018,-0.685765,0.032450,-0.726250,59.141357,-83.616867,-58.925510
194667,0.052211,-0.697752,0.034095,-0.713615,80.324562,-82.881287,-78.846313
194788,-0.072109,-0.700990,0.236522,-0.668926,88.341049,-76.393005,-113.729904
194908,-0.111191,-0.683062,0.300625,-0.656262,80.962517,-74.448158,-115.142509
195028,-0.142786,-0.660332,0.347956,-0.649994,72.354042,-73.293556,-113.414803
195149,-0.192716,-0.623264,0.433368,-0.621761,63.662495,-70.403198,-117.052780
195270,-0.224418,-0.586509,0.480125,-0.612467,53.765263,-69.056328,-114.641815
195393,-0.263228,-0.552155,0.519649,-0.596484,45.915653,-68.792244,-114.467842
195514,-0.287070,-0.529833,0.534731,-0.592387,39.610241,-69.186607,-112.038689
195635,-0.303957,-0.520970,0.540007,-0.587013,37.073044,-70.036552,-111.664871
195756,-0.322865,-0.509269,0.541517,-0.585794,32.426014,-71.142868,-108.995049
195877,-0.314187,-0.519936,0.524288,-0.596714,33.024368,-71.796791,-106.826767
195998,-0.292933,-0.540237,0.495396,-0.613929,35.666218,-72.472076,-104.332230
196120,-0.232342,-0.594091,0.402340,-0.656648,42.893078,-75.279938,-96.700592
196240,-0.160630,-0.639874,0.313158,-0.683142,54.461109,-77.124069,-93.863487
196360,-0.108426,-0.665689,0.262517,-0.690057,65.713562,-77.331192,-96.313759
196481,-0.066259,-0.687244,0.220766,-0.688883,77.612473,-77.452644,-101.171295
196602,0.021527,-0.711131,0.113459,-0.693504,93.697342,-78.949867,-101.181847
196723,0.087122,-0.716496,0.002438,-0.692119,108.670364,-82.469986,-101.782555
196844,0.167786,-0.701025,-0.113344,-0.683782,119.054955,-85.365868,-96.093071
196967,0.271722,-0.658450,-0.242760,-0.658536,111.179199,-87.641830,-68.481850
197088,0.356672,-0.614532,-0.327779,-0.622646,103.278130,-87.557121,-45.353745
197209,0.432480,-0.572839,-0.389271,-0.577301,119.654945,-86.472191,-48.552822
197330,0.461532,-0.546630,-0.408306,-0.566976,107.079208,-85.375854,-31.083925
197450,0.480380,-0.531996,-0.424064,-0.553514,108.895340,-85.108154,-29.285656
197570,0.500362,-0.521915,-0.436811,-0.535192,119.761826,-84.732513,-36.637596
197696,0.510381,-0.509347,-0.458472,-0.519492,122.226326,-85.707230,-35.657482
197822,0.501678,-0.510357,-0.463825,-0.522219,115.684303,-86.776932,-29.517944
197943,0.493870,-0.513592,-0.459224,-0.530491,106.398773,-86.867561,-21.604385
198064,0.485116,-0.519648,-0.447939,-0.542191,100.082085,-86.469025,-17.459921
198185,0.452632,-0.538832,-0.420932,-0.572357,81.576553,-86.253464,-5.223286
198306,0.375820,-0.576156,-0.361151,-0.629576,46.792553,-85.504204,16.078600
198427,0.290150,-0.607940,-0.285507,-0.681688,27.659622,-84.005211,20.450399
198550,0.212521,-0.628762,-0.211877,-0.717351,17.916468,-82.813210,17.081284
198671,0.136973,-0.636760,-0.149404,-0.743939,5.101912,-81.245720,18.333042
198792,0.015063,-0.623192,-0.071059,-0.778683,343.709747,-76.575974,23.319857
198913,-0.123384,-0.546145,0.015784,-0.828399,333.350494,-65.332703,15.086078
199033,-0.245415,-0.436565,0.062379,-0.863298,323.462189,-51.664139,9.893897
199153,-0.333023,-0.328132,0.031737,-0.883408,314.760315,-36.933491,11.728000
199274,-0.399282,-0.235360,0.015771,-0.885958,309.169434,-25.444254,10.206254
199397,-0.432194,-0.130588,-0.003552,-0.892263,307.489288,-13.295098,7.036446
199518,-0.453274,-0.039804,-0.017115,-0.890313,305.930786,-3.173563,3.822254
199639,-0.475771,0.038109,-0.029418,-0.878246,303.150391,5.447282,0.887004
199760,-0.481666,0.054078,-0.023718,-0.874358,302.264526,6.742959,-0.612693
199881,-0.481961,0.058248,-0.005327,-0.874233,302.119232,6.141244,-2.699795
200002,-0.487689,0.060528,0.008583,-0.870869,301.294220,5.569399,-4.263199
